n,WAPE,MAE,sMAPE,MASE,bias,direction_accuracy,crop,horizon,target_type,method,phase,evaluation_role,target_definition,train_rows,max_training_label_end,fallback_n
227,6.581253380602957,0.1776935152936879,6.328421001226145,6.248710214017491,0.0280225743446068,0.0044052863436123,土豆,30,cycle_market_average,last_value,development,development,cycle_market_average,468,2022-12-31,0
227,18.196354105549087,0.4913006595481535,18.83611505477955,17.27691325368884,-0.2564754822795562,0.3436123348017621,土豆,30,cycle_market_average,seasonal_naive,development,development,cycle_market_average,468,2022-12-31,0
227,20.286417560042818,0.5477322692944773,21.43785250955521,19.261368204858503,-0.4113261103861435,0.4405286343612334,土豆,30,cycle_market_average,same_season_mean,development,development,cycle_market_average,468,2022-12-31,0
227,21.052379319707615,0.5684131988658149,22.446976815619017,19.98862679746503,-0.449025883805173,0.4537444933920704,土豆,30,cycle_market_average,same_season_median,development,development,cycle_market_average,468,2022-12-31,0
227,9.130458931727835,0.2465219389068298,8.977027529132668,8.669107339569997,-0.0320904606505977,0.4317180616740088,土豆,30,cycle_market_average,linear,development,development,cycle_market_average,468,2022-12-31,0
227,7.80383476233912,0.2107031520436726,7.700784005939615,7.409515964186383,-0.0737605000830457,0.3524229074889868,土豆,30,cycle_market_average,elasticnet,development,development,cycle_market_average,468,2022-12-31,0
227,13.88996308465868,0.3750283152882395,13.929435016525249,13.188119219849993,-0.2461410535034904,0.3832599118942731,土豆,30,cycle_market_average,extra_trees,development,development,cycle_market_average,468,2022-12-31,0
227,14.4128788642455,0.3891470154360233,14.500927131933947,13.684612666311969,-0.2498870930599772,0.3744493392070485,土豆,30,cycle_market_average,catboost,development,development,cycle_market_average,468,2022-12-31,0
227,17.791790012345327,0.7134174826736406,15.801682835805734,3.841858445671012,0.031684944470098,0.0,尖椒,30,cycle_market_average,last_value,development,development,cycle_market_average,468,2022-12-31,0
227,44.68914009740019,1.7919508834701103,40.55804250149431,9.64992000208189,1.4532062466064493,0.3700440528634361,尖椒,30,cycle_market_average,seasonal_naive,development,development,cycle_market_average,468,2022-12-31,0
227,36.538768817672896,1.465136248337617,33.547138926526,7.889974953570883,1.434778548666117,0.5154185022026432,尖椒,30,cycle_market_average,same_season_mean,development,development,cycle_market_average,468,2022-12-31,0
227,33.587579541645496,1.3467990814344553,30.486639764934736,7.252711843056857,1.341024151518556,0.5814977973568282,尖椒,30,cycle_market_average,same_season_median,development,development,cycle_market_average,468,2022-12-31,0
227,40.996243590601345,1.6438726446966854,31.46852219233726,8.852496829720389,1.0753885045296745,0.3964757709251101,尖椒,30,cycle_market_average,linear,development,development,cycle_market_average,468,2022-12-31,0
227,33.8366599729372,1.3567867405824157,27.83522610723888,7.306496861761856,0.9549256335666926,0.4185022026431718,尖椒,30,cycle_market_average,elasticnet,development,development,cycle_market_average,468,2022-12-31,0
227,24.593380710006368,0.9861485406692012,23.09011054273142,5.310555448483821,0.6386976403601394,0.4493392070484581,尖椒,30,cycle_market_average,extra_trees,development,development,cycle_market_average,468,2022-12-31,0
227,24.28780806841883,0.9738956496119188,24.482026399831295,5.2445718215955495,0.5659291267120884,0.4889867841409692,尖椒,30,cycle_market_average,catboost,development,development,cycle_market_average,468,2022-12-31,0
227,12.512127129410384,0.2098749725135788,12.027707745150073,2.321449838082457,0.0178698476552127,0.0,甘蓝,30,cycle_market_average,last_value,development,development,cycle_market_average,468,2022-12-31,0
227,27.28721996381448,0.4577083081593828,22.80330365513903,5.062761248470673,0.4084459143837118,0.6035242290748899,甘蓝,30,cycle_market_average,seasonal_naive,development,development,cycle_market_average,468,2022-12-31,0
227,41.502879661263066,0.6961578665283606,33.140791649067474,7.700277680453446,0.6090838989098537,0.6167400881057269,甘蓝,30,cycle_market_average,same_season_mean,development,development,cycle_market_average,468,2022-12-31,0
227,40.97074044198123,0.6872319099052332,32.11509104302605,7.601546705962671,0.5820548696816443,0.6255506607929515,甘蓝,30,cycle_market_average,same_season_median,development,development,cycle_market_average,468,2022-12-31,0
227,40.701403561329215,0.6827141272900883,31.374333590376057,7.551575022370235,0.5794929970893059,0.5638766519823789,甘蓝,30,cycle_market_average,linear,development,development,cycle_market_average,468,2022-12-31,0
227,34.39165813612276,0.5768761962983107,28.235512710421112,6.380890186435603,0.5159514359177072,0.6035242290748899,甘蓝,30,cycle_market_average,elasticnet,development,development,cycle_market_average,468,2022-12-31,0
227,24.04961495062839,0.4034016138519797,21.86452208003586,4.462069011579217,0.3072140391001676,0.5506607929515418,甘蓝,30,cycle_market_average,extra_trees,development,development,cycle_market_average,468,2022-12-31,0
227,17.33671248381042,0.2908012377418189,16.81044867858914,3.216584036604203,0.1240636038743664,0.5550660792951542,甘蓝,30,cycle_market_average,catboost,development,development,cycle_market_average,468,2022-12-31,0
227,9.004226622670721,0.780075430744915,8.996318155423202,2.4594600739797152,0.1725990202297503,0.0,芸豆,30,cycle_market_average,last_value,development,development,cycle_market_average,468,2022-12-31,0
227,16.79188781269807,1.454754491133131,14.89196868181915,4.58662130272193,0.5831589977017584,0.5638766519823789,芸豆,30,cycle_market_average,seasonal_naive,development,development,cycle_market_average,468,2022-12-31,0
227,14.413900728083496,1.2487390966886998,13.924947067308644,3.9370858638510864,0.3654752832044882,0.6167400881057269,芸豆,30,cycle_market_average,same_season_mean,development,development,cycle_market_average,468,2022-12-31,0
227,11.843715103477196,1.0260727043123528,11.797076682562944,3.235052342113616,0.0203523241945081,0.6343612334801763,芸豆,30,cycle_market_average,same_season_median,development,development,cycle_market_average,468,2022-12-31,0
227,16.04507381805397,1.3900547370097134,16.84972722652469,4.3826327449604126,0.4892178633259233,0.5859030837004405,芸豆,30,cycle_market_average,linear,development,development,cycle_market_average,468,2022-12-31,0
227,13.25693077333267,1.1485057425504537,13.284006580838442,3.6210652293482446,0.7338858555381557,0.5770925110132159,芸豆,30,cycle_market_average,elasticnet,development,development,cycle_market_average,468,2022-12-31,0
227,15.904781117261438,1.377900568352345,14.103794136743096,4.344312485961014,0.9401002545453194,0.5374449339207048,芸豆,30,cycle_market_average,extra_trees,development,development,cycle_market_average,468,2022-12-31,0
227,9.161021475470555,0.7936592528167032,9.131499858131004,2.5022878143761846,0.2914909324627326,0.6431718061674009,芸豆,30,cycle_market_average,catboost,development,development,cycle_market_average,468,2022-12-31,0
227,12.333707027724085,0.3465460047609739,11.926097906450352,2.7816600932171673,0.0106931916658633,0.0,芹菜,30,cycle_market_average,last_value,development,development,cycle_market_average,468,2022-12-31,0
227,32.17570633559222,0.9040560519151064,26.690992006617027,7.256689175736589,0.7271853142489353,0.5374449339207048,芹菜,30,cycle_market_average,seasonal_naive,development,development,cycle_market_average,468,2022-12-31,0
227,36.83493665731939,1.0349686518030647,31.870972914756106,8.307500178618618,0.8108124556205728,0.5286343612334802,芹菜,30,cycle_market_average,same_season_mean,development,development,cycle_market_average,468,2022-12-31,0
227,40.60828535373048,1.1409902163150107,34.171237605724215,9.158515486749916,0.8875213854984624,0.5198237885462555,芹菜,30,cycle_market_average,same_season_median,development,development,cycle_market_average,468,2022-12-31,0
227,28.942496587831663,0.8132110271287986,24.60372305892262,6.527493119098469,0.5730199219784166,0.6475770925110133,芹菜,30,cycle_market_average,linear,development,development,cycle_market_average,468,2022-12-31,0
227,24.743591610249897,0.695232406339357,21.922295307580352,5.58050075215675,0.492175149852833,0.6475770925110133,芹菜,30,cycle_market_average,elasticnet,development,development,cycle_market_average,468,2022-12-31,0
227,15.67780815217093,0.4405067970506528,15.12068205576336,3.535865834009193,0.2116059253427034,0.6079295154185022,芹菜,30,cycle_market_average,extra_trees,development,development,cycle_market_average,468,2022-12-31,0
227,14.067475380721614,0.3952605148885246,13.695033551991258,3.172682372859075,0.2258283063499182,0.6167400881057269,芹菜,30,cycle_market_average,catboost,development,development,cycle_market_average,468,2022-12-31,0
227,17.85025761425658,0.5739365301017862,18.94345511618284,3.461110014947497,0.0618082136964278,0.0,茄子,30,cycle_market_average,last_value,development,development,cycle_market_average,468,2022-12-31,0
227,47.33690527482072,1.5220160821370332,46.27593320158936,9.178480247391455,1.282083146593938,0.5242290748898678,茄子,30,cycle_market_average,seasonal_naive,development,development,cycle_market_average,468,2022-12-31,0
227,44.233466509862566,1.4222317028504914,45.36007970120806,8.576733022096843,1.1221978705035969,0.5859030837004405,茄子,30,cycle_market_average,same_season_mean,development,development,cycle_market_average,468,2022-12-31,0
227,42.703732924722274,1.373046419096695,44.25072639773543,8.280122387889415,1.0295174647977494,0.6431718061674009,茄子,30,cycle_market_average,same_season_median,development,development,cycle_market_average,468,2022-12-31,0
227,38.95478650999899,1.2525071337092764,38.30775136486261,7.553213215937913,0.5715659938574685,0.7004405286343612,茄子,30,cycle_market_average,linear,development,development,cycle_market_average,468,2022-12-31,0
227,27.832019527452765,0.8948785534923309,31.389323604862753,5.396542929763927,0.7300330781179278,0.6872246696035242,茄子,30,cycle_market_average,elasticnet,development,development,cycle_market_average,468,2022-12-31,0
227,41.78873946055913,1.343626777921982,44.42134520880123,8.102707971197901,1.193376527669067,0.5859030837004405,茄子,30,cycle_market_average,extra_trees,development,development,cycle_market_average,468,2022-12-31,0
227,39.26421834838355,1.2624562470197531,42.92874281064482,7.613211097084514,1.107351086551186,0.6035242290748899,茄子,30,cycle_market_average,catboost,development,development,cycle_market_average,468,2022-12-31,0
227,8.76093359321352,0.3880025909955773,8.874384591137414,2.8643251659015907,-0.0133628242091403,0.0,西红柿,30,cycle_market_average,last_value,development,development,cycle_market_average,468,2022-12-31,0
227,28.059076874954528,1.242675157001513,23.039795216069503,9.173716381911266,1.0881732960135977,0.7048458149779736,西红柿,30,cycle_market_average,seasonal_naive,development,development,cycle_market_average,468,2022-12-31,0
227,16.636911316642145,0.7368124216831361,16.831473777610224,5.439320280209051,0.3924553980132292,0.801762114537445,西红柿,30,cycle_market_average,same_season_mean,development,development,cycle_market_average,468,2022-12-31,0
227,19.30607669994596,0.855023919749943,18.53678222147976,6.3119849908824435,0.4506019335001107,0.7973568281938326,西红柿,30,cycle_market_average,same_season_median,development,development,cycle_market_average,468,2022-12-31,0
227,14.73386761739608,0.6525307776974704,14.541493977350417,4.817133626062578,-0.0896835412250817,0.6784140969162996,西红柿,30,cycle_market_average,linear,development,development,cycle_market_average,468,2022-12-31,0
227,6.679654753906048,0.295827302409768,6.869824931842753,2.183865795532116,0.0757704999916939,0.7973568281938326,西红柿,30,cycle_market_average,elasticnet,development,development,cycle_market_average,468,2022-12-31,0
227,10.95135222318591,0.4850114422500393,11.47815085358486,3.580467017558779,0.1414369987290552,0.748898678414097,西红柿,30,cycle_market_average,extra_trees,development,development,cycle_market_average,468,2022-12-31,0
227,12.904034151713034,0.5714914548648661,12.828799996383625,4.218882539075126,0.3697089699864879,0.6784140969162996,西红柿,30,cycle_market_average,catboost,development,development,cycle_market_average,468,2022-12-31,0
227,15.826765715076345,0.7423702289718028,14.398970201782888,3.718220687793136,0.1049949895154544,0.0,青椒,30,cycle_market_average,last_value,development,development,cycle_market_average,468,2022-12-31,0
227,38.8274452866586,1.8212400415069805,37.87762994430518,9.121826462717287,1.466824735729364,0.4977973568281938,青椒,30,cycle_market_average,seasonal_naive,development,development,cycle_market_average,468,2022-12-31,0
227,28.96595150520714,1.3586768413980428,30.602751583040096,6.805041665946869,1.261987940222399,0.6431718061674009,青椒,30,cycle_market_average,same_season_mean,development,development,cycle_market_average,468,2022-12-31,0
227,27.791317934815705,1.3035794823855953,29.0321002067365,6.52908213507157,1.1078584256388024,0.6123348017621145,青椒,30,cycle_market_average,same_season_median,development,development,cycle_market_average,468,2022-12-31,0
227,23.59248267097796,1.1066289270828895,22.32719318728163,5.542639521103706,0.7538806224270823,0.5814977973568282,青椒,30,cycle_market_average,linear,development,development,cycle_market_average,468,2022-12-31,0
227,23.324899153278384,1.0940776553398268,23.74339171913254,5.4797754723691465,0.7985598670165722,0.5286343612334802,青椒,30,cycle_market_average,elasticnet,development,development,cycle_market_average,468,2022-12-31,0
227,29.468149910973267,1.3822329584335489,29.268589522632244,6.9230243628106765,1.0264053044877783,0.5550660792951542,青椒,30,cycle_market_average,extra_trees,development,development,cycle_market_average,468,2022-12-31,0
227,28.719833437988033,1.3471324280160022,29.256402413128296,6.747220547870797,0.794887590797143,0.5330396475770925,青椒,30,cycle_market_average,catboost,development,development,cycle_market_average,468,2022-12-31,0
227,14.297170685298228,0.6872756442873222,12.81657834482067,4.511635168430975,0.0001501832224715,0.0,韭菜,30,cycle_market_average,last_value,development,development,cycle_market_average,468,2022-12-31,0
227,25.671795929758098,1.234062352335211,23.04690861306493,8.1010278119278,0.7685872610403409,0.5859030837004405,韭菜,30,cycle_market_average,seasonal_naive,development,development,cycle_market_average,468,2022-12-31,0
227,14.212256274706832,0.6831937453205225,13.771308104143111,4.484839458317178,0.2373213337532757,0.7048458149779736,韭菜,30,cycle_market_average,same_season_mean,development,development,cycle_market_average,468,2022-12-31,0
227,17.234625282281137,0.828481274767915,16.429364058476466,5.438582447520613,0.2788285973193877,0.6784140969162996,韭菜,30,cycle_market_average,same_season_median,development,development,cycle_market_average,468,2022-12-31,0
227,18.119804680325423,0.8710325077700033,20.29048945997968,5.717910895819394,-0.2538920849851804,0.7004405286343612,韭菜,30,cycle_market_average,linear,development,development,cycle_market_average,468,2022-12-31,0
227,12.175722897602018,0.5852960689430824,11.819144315361582,3.8421881388307497,-0.0694027224279766,0.7400881057268722,韭菜,30,cycle_market_average,elasticnet,development,development,cycle_market_average,468,2022-12-31,0
227,14.262290879675632,0.6855989460503391,13.08329319177558,4.500628448207878,0.1359204269266982,0.6828193832599119,韭菜,30,cycle_market_average,extra_trees,development,development,cycle_market_average,468,2022-12-31,0
227,14.495215211688812,0.6967957921871183,13.652117252889104,4.5741303760385765,0.1540932758554858,0.5903083700440529,韭菜,30,cycle_market_average,catboost,development,development,cycle_market_average,468,2022-12-31,0
227,15.669109574288564,0.6323295644979883,14.238585492014504,3.1387957761539167,0.0687121777741722,0.0,黄瓜,30,cycle_market_average,last_value,development,development,cycle_market_average,468,2022-12-31,0
227,22.85896759535674,0.9224774998168228,22.734910455685668,4.579049664269305,0.5737248663997071,0.5462555066079295,黄瓜,30,cycle_market_average,seasonal_naive,development,development,cycle_market_average,468,2022-12-31,0
227,20.67580856995148,0.8343757484556872,19.5635857693558,4.141724856811287,0.4910062289168057,0.5991189427312775,黄瓜,30,cycle_market_average,same_season_mean,development,development,cycle_market_average,468,2022-12-31,0
227,17.856772453147084,0.7206130696262515,16.585892892308284,3.5770227839653423,0.2984038077301194,0.6651982378854625,黄瓜,30,cycle_market_average,same_season_median,development,development,cycle_market_average,468,2022-12-31,0
227,22.620838972140863,0.9128677789900772,21.17827810403888,4.531348350216475,0.1757319670059256,0.6255506607929515,黄瓜,30,cycle_market_average,linear,development,development,cycle_market_average,468,2022-12-31,0
227,20.066631507137952,0.809792305152494,19.29305377560698,4.0196960725575535,0.2781222186239629,0.6079295154185022,黄瓜,30,cycle_market_average,elasticnet,development,development,cycle_market_average,468,2022-12-31,0
227,24.349614559994745,0.9826328099511316,23.16481381567741,4.877652234770178,0.7504210096989776,0.5903083700440529,黄瓜,30,cycle_market_average,extra_trees,development,development,cycle_market_average,468,2022-12-31,0
227,19.61104156109119,0.7914068958982167,19.424824360458302,3.928433464970952,0.4403479680945331,0.6211453744493393,黄瓜,30,cycle_market_average,catboost,development,development,cycle_market_average,468,2022-12-31,0
227,6.048588811241067,0.1262200874722083,6.005221644165624,4.242991641014914,0.0014246470721866,0.0,土豆,30,cycle_market_average,last_value,tuning,tuning,cycle_market_average,715,2023-12-31,0
227,29.020289256801384,0.605586453761714,24.692153303781936,20.357284745097168,0.605586453761714,0.5726872246696035,土豆,30,cycle_market_average,seasonal_naive,tuning,tuning,cycle_market_average,715,2023-12-31,0
227,16.135970767167162,0.3367204657548781,15.197886000663775,11.319134300799574,0.3364110589355593,0.5903083700440529,土豆,30,cycle_market_average,same_season_mean,tuning,tuning,cycle_market_average,715,2023-12-31,0
227,13.479590922317591,0.2812879497020091,13.051433474251436,9.455724862864148,0.2717770699796755,0.6079295154185022,土豆,30,cycle_market_average,same_season_median,tuning,tuning,cycle_market_average,715,2023-12-31,0
227,5.650668847144554,0.1179164162783825,5.513042281494935,3.963856931391954,0.0733904947241358,0.8193832599118943,土豆,30,cycle_market_average,linear,tuning,tuning,cycle_market_average,715,2023-12-31,0
227,5.327841584462901,0.1111797564382616,5.229183021636528,3.7373985921336543,0.0560615130690548,0.6828193832599119,土豆,30,cycle_market_average,elasticnet,tuning,tuning,cycle_market_average,715,2023-12-31,0
227,7.520000783132401,0.1569250590937909,7.300449303091468,5.275164415864723,0.0937639373890421,0.6079295154185022,土豆,30,cycle_market_average,extra_trees,tuning,tuning,cycle_market_average,715,2023-12-31,0
227,8.4608093617073,0.1765575626062858,8.347320278581211,5.935127104561587,0.1458799618735732,0.6519823788546255,土豆,30,cycle_market_average,catboost,tuning,tuning,cycle_market_average,715,2023-12-31,0
227,14.360771245146092,0.8693294112992597,13.579734223345511,5.134004960030367,0.0511687402395282,0.0,尖椒,30,cycle_market_average,last_value,tuning,tuning,cycle_market_average,715,2023-12-31,0
227,34.9170842714203,2.1137059978042743,45.28003044864536,12.482928721524,-2.0690140511283936,0.6211453744493393,尖椒,30,cycle_market_average,seasonal_naive,tuning,tuning,cycle_market_average,715,2023-12-31,0
227,23.286796090878653,1.409666402392687,26.28902511869852,8.325077016611898,-1.0860459448719324,0.6960352422907489,尖椒,30,cycle_market_average,same_season_mean,tuning,tuning,cycle_market_average,715,2023-12-31,0
227,27.7796464648759,1.6816411385687005,33.39163270621799,9.93128017318488,-1.476276193681177,0.6519823788546255,尖椒,30,cycle_market_average,same_season_median,tuning,tuning,cycle_market_average,715,2023-12-31,0
227,11.714451248584153,0.7091344074621071,11.961262119277617,4.1879401731012775,-0.1119297363034548,0.5286343612334802,尖椒,30,cycle_market_average,linear,tuning,tuning,cycle_market_average,715,2023-12-31,0
227,11.678661856098032,0.7069678962789955,11.853959879229183,4.175145392416896,-0.2388710379895108,0.6431718061674009,尖椒,30,cycle_market_average,elasticnet,tuning,tuning,cycle_market_average,715,2023-12-31,0
227,14.7907779285997,0.8953598695943057,14.65326555748758,5.287733224899373,-0.347936717964466,0.6563876651982379,尖椒,30,cycle_market_average,extra_trees,tuning,tuning,cycle_market_average,715,2023-12-31,0
227,14.318837629521166,0.8667909595153983,14.137455207543669,5.119013607063643,-0.7298225299499922,0.6607929515418502,尖椒,30,cycle_market_average,catboost,tuning,tuning,cycle_market_average,715,2023-12-31,0
227,16.02117100894345,0.3862509632867613,16.959215339014097,4.9141694188657805,-0.0114071092938436,0.0,甘蓝,30,cycle_market_average,last_value,tuning,tuning,cycle_market_average,715,2023-12-31,0
227,33.243921744966265,0.8014705535728331,37.36559671232039,10.196899060067764,-0.7411565656614857,0.6784140969162996,甘蓝,30,cycle_market_average,seasonal_naive,tuning,tuning,cycle_market_average,715,2023-12-31,0
227,27.321420003723663,0.6586862339157062,26.612726034655132,8.380291714465686,-0.3271892180753861,0.7577092511013216,甘蓝,30,cycle_market_average,same_season_mean,tuning,tuning,cycle_market_average,715,2023-12-31,0
227,30.09449539487812,0.7255417116147023,31.67396345292925,9.230876373715208,-0.5729930123775441,0.73568281938326,甘蓝,30,cycle_market_average,same_season_median,tuning,tuning,cycle_market_average,715,2023-12-31,0
227,17.521289725933062,0.4224170025330991,17.350375339076997,5.374300424245061,-0.0620022368363619,0.5286343612334802,甘蓝,30,cycle_market_average,linear,tuning,tuning,cycle_market_average,715,2023-12-31,0
227,16.83103692884981,0.4057758464255988,16.512370852953868,5.162579371843862,-0.0174282130426898,0.5726872246696035,甘蓝,30,cycle_market_average,elasticnet,tuning,tuning,cycle_market_average,715,2023-12-31,0
227,15.309120880731989,0.3690843000149811,15.42133038264272,4.695762477025954,-0.0062178690196071,0.6431718061674009,甘蓝,30,cycle_market_average,extra_trees,tuning,tuning,cycle_market_average,715,2023-12-31,0
227,17.3761654809407,0.4189182333486697,17.37319099573477,5.329786504115292,-0.1452435266946256,0.5859030837004405,甘蓝,30,cycle_market_average,catboost,tuning,tuning,cycle_market_average,715,2023-12-31,0
227,13.505401910568208,1.1991921247459705,13.483702391892916,4.185273130651202,-0.0056952427929975,0.0,芸豆,30,cycle_market_average,last_value,tuning,tuning,cycle_market_average,715,2023-12-31,0
227,21.524669438389996,1.9112510867284191,21.55765367917853,6.67041390128112,-0.2344932773620938,0.5330396475770925,芸豆,30,cycle_market_average,seasonal_naive,tuning,tuning,cycle_market_average,715,2023-12-31,0
227,16.668485112775272,1.480053404633893,16.040609167321172,5.1655006887701616,-0.0035620329179839,0.6784140969162996,芸豆,30,cycle_market_average,same_season_mean,tuning,tuning,cycle_market_average,715,2023-12-31,0
227,17.732072604689748,1.5744930779385504,17.636856638544778,5.495102442311688,-0.330144582000046,0.6343612334801763,芸豆,30,cycle_market_average,same_season_median,tuning,tuning,cycle_market_average,715,2023-12-31,0
227,14.816083622869655,1.3155721627373265,14.810822929957853,4.591448451434408,-0.0352344722924244,0.5726872246696035,芸豆,30,cycle_market_average,linear,tuning,tuning,cycle_market_average,715,2023-12-31,0
227,12.373718722185234,1.0987059951066658,12.282664482472017,3.834568777525464,0.0773893393087268,0.6167400881057269,芸豆,30,cycle_market_average,elasticnet,tuning,tuning,cycle_market_average,715,2023-12-31,0
227,12.794831804812532,1.1360981064750053,12.885692557209556,3.9650701340461136,0.0928571723446608,0.6123348017621145,芸豆,30,cycle_market_average,extra_trees,tuning,tuning,cycle_market_average,715,2023-12-31,0
227,12.358559410410676,1.097359946509445,12.52698025847353,3.8298709639639448,-0.1443774214040178,0.6563876651982379,芸豆,30,cycle_market_average,catboost,tuning,tuning,cycle_market_average,715,2023-12-31,0
227,15.050568980436646,0.7095102120825004,15.44051001143371,6.353025977262418,-0.0237788687276862,0.0044052863436123,芹菜,30,cycle_market_average,last_value,tuning,tuning,cycle_market_average,715,2023-12-31,0
227,44.689034561947416,2.1067194490137884,52.88842489920872,18.863778362124965,-1.9010265102190644,0.5726872246696035,芹菜,30,cycle_market_average,seasonal_naive,tuning,tuning,cycle_market_average,715,2023-12-31,0
227,30.911207544355644,1.4572085247428084,33.01107321377496,13.047992057516492,-1.3610283274403412,0.6651982378854625,芹菜,30,cycle_market_average,same_season_mean,tuning,tuning,cycle_market_average,715,2023-12-31,0
227,37.52108384586577,1.7688096836504557,42.66388088350148,15.838100252400617,-1.706157723353237,0.6696035242290749,芹菜,30,cycle_market_average,same_season_median,tuning,tuning,cycle_market_average,715,2023-12-31,0
227,20.201501353534752,0.9523341960268886,20.66536559691346,8.527296412881846,-0.3555985712559786,0.4625550660792951,芹菜,30,cycle_market_average,linear,tuning,tuning,cycle_market_average,715,2023-12-31,0
227,18.945943960736813,0.8931450189795787,19.03604030147375,7.997310553692238,-0.3588383517458526,0.5682819383259912,芹菜,30,cycle_market_average,elasticnet,tuning,tuning,cycle_market_average,715,2023-12-31,0
227,21.426388354338755,1.0100775170167593,21.58094863562415,9.044335931150815,-0.861377858940756,0.6211453744493393,芹菜,30,cycle_market_average,extra_trees,tuning,tuning,cycle_market_average,715,2023-12-31,0
227,23.670150478286896,1.115852397853121,23.963991439052265,9.991454879196493,-0.9771045811123114,0.6255506607929515,芹菜,30,cycle_market_average,catboost,tuning,tuning,cycle_market_average,715,2023-12-31,0
227,11.950345658835952,0.5036519352880935,12.598014398856364,3.3912436985637373,0.0405274402751284,0.0044052863436123,茄子,30,cycle_market_average,last_value,tuning,tuning,cycle_market_average,715,2023-12-31,0
227,27.436666231228347,1.156328899574078,39.34993330146654,7.785918844736813,-1.033645499455605,0.5814977973568282,茄子,30,cycle_market_average,seasonal_naive,tuning,tuning,cycle_market_average,715,2023-12-31,0
227,15.71150937817405,0.6621676335164004,16.918388643019913,4.458578746988965,-0.2596371311569972,0.7092511013215859,茄子,30,cycle_market_average,same_season_mean,tuning,tuning,cycle_market_average,715,2023-12-31,0
227,14.192534943989507,0.598149869070857,15.428604771973514,4.027527409624593,-0.3928646302094531,0.748898678414097,茄子,30,cycle_market_average,same_season_median,tuning,tuning,cycle_market_average,715,2023-12-31,0
227,14.117003137515008,0.5949665519022393,14.08624477462626,4.00609315407581,0.1605952368455976,0.6211453744493393,茄子,30,cycle_market_average,linear,tuning,tuning,cycle_market_average,715,2023-12-31,0
227,13.46478905399228,0.5674787373430437,13.556636459312498,3.821009227300388,0.2147575174252534,0.5859030837004405,茄子,30,cycle_market_average,elasticnet,tuning,tuning,cycle_market_average,715,2023-12-31,0
227,15.20384931650478,0.6407721040624761,16.185909329577278,4.314516053381817,0.0409391661268563,0.5638766519823789,茄子,30,cycle_market_average,extra_trees,tuning,tuning,cycle_market_average,715,2023-12-31,0
227,11.183448982757389,0.4713307785534021,12.159281539260324,3.173615389354292,-0.0068474930098711,0.6784140969162996,茄子,30,cycle_market_average,catboost,tuning,tuning,cycle_market_average,715,2023-12-31,0
227,10.617634038164114,0.5857155891704178,10.112351839448548,4.843652196753282,0.0611794685835887,0.0,西红柿,30,cycle_market_average,last_value,tuning,tuning,cycle_market_average,715,2023-12-31,0
227,22.944323331432884,1.265710214712813,25.717012447867138,10.466957300265792,-1.1109283361076097,0.5770925110132159,西红柿,30,cycle_market_average,seasonal_naive,tuning,tuning,cycle_market_average,715,2023-12-31,0
227,18.048648143273898,0.9956431482729012,19.587656138701657,8.233602129567426,-0.8371012109546174,0.6211453744493393,西红柿,30,cycle_market_average,same_season_mean,tuning,tuning,cycle_market_average,715,2023-12-31,0
227,20.528540775906716,1.1324449789991244,22.590001583436823,9.36490288400944,-0.993754452121257,0.5726872246696035,西红柿,30,cycle_market_average,same_season_median,tuning,tuning,cycle_market_average,715,2023-12-31,0
227,10.637720242018846,0.5868236328911454,10.534123045896992,4.852815310218645,-0.0638573427469473,0.5991189427312775,西红柿,30,cycle_market_average,linear,tuning,tuning,cycle_market_average,715,2023-12-31,0
227,9.980876622447362,0.5505892377097623,9.842820902647151,4.553170207606791,-0.0627398265649932,0.5859030837004405,西红柿,30,cycle_market_average,elasticnet,tuning,tuning,cycle_market_average,715,2023-12-31,0
227,12.4635463220067,0.6875442637133122,12.253804015460116,5.68573783056874,-0.1715486994538866,0.5286343612334802,西红柿,30,cycle_market_average,extra_trees,tuning,tuning,cycle_market_average,715,2023-12-31,0
227,10.466287217798376,0.5773666300952645,10.421679967699497,4.774609380217962,-0.3179573848710386,0.6167400881057269,西红柿,30,cycle_market_average,catboost,tuning,tuning,cycle_market_average,715,2023-12-31,0
227,14.721099302699791,0.9909877070136136,13.547947133728028,5.363593259609765,0.1502757204660137,0.0,青椒,30,cycle_market_average,last_value,tuning,tuning,cycle_market_average,715,2023-12-31,0
227,31.019099076849784,2.0881284227298127,41.2524190970202,11.301725999310843,-2.067997998551626,0.6607929515418502,青椒,30,cycle_market_average,seasonal_naive,tuning,tuning,cycle_market_average,715,2023-12-31,0
227,19.96975900067387,1.3443143935631832,22.445403790362935,7.275928418769807,-1.1986907657117365,0.7048458149779736,青椒,30,cycle_market_average,same_season_mean,tuning,tuning,cycle_market_average,715,2023-12-31,0
227,23.64715631520112,1.591867613439435,27.86591949067879,8.61577832016189,-1.4731163500185678,0.7004405286343612,青椒,30,cycle_market_average,same_season_median,tuning,tuning,cycle_market_average,715,2023-12-31,0
227,13.09822872279493,0.8817401052081676,12.973321105936051,4.772304693136991,0.1583660844597845,0.5638766519823789,青椒,30,cycle_market_average,linear,tuning,tuning,cycle_market_average,715,2023-12-31,0
227,12.467262370587225,0.8392650233056643,12.548651715832827,4.54241378593272,-0.1003120644135591,0.5770925110132159,青椒,30,cycle_market_average,elasticnet,tuning,tuning,cycle_market_average,715,2023-12-31,0
227,14.897838525144635,1.0028853508776054,14.16117376022382,5.427987723822092,-0.6574214203028412,0.6563876651982379,青椒,30,cycle_market_average,extra_trees,tuning,tuning,cycle_market_average,715,2023-12-31,0
227,16.60685240818625,1.1179319051046557,15.811154293403074,6.050662372989117,-0.9040623458286804,0.6431718061674009,青椒,30,cycle_market_average,catboost,tuning,tuning,cycle_market_average,715,2023-12-31,0
227,12.493892407698976,0.6621532693032809,12.29914079039073,4.393025778503461,0.0020345367608362,0.0,韭菜,30,cycle_market_average,last_value,tuning,tuning,cycle_market_average,715,2023-12-31,0
227,16.80796153768235,0.8907909816513219,16.392867919191094,5.909912292315961,-0.4801073233627072,0.6960352422907489,韭菜,30,cycle_market_average,seasonal_naive,tuning,tuning,cycle_market_average,715,2023-12-31,0
227,11.632864908969204,0.6165203988863229,11.482818646324764,4.090276573172594,-0.3179508435513373,0.8458149779735683,韭菜,30,cycle_market_average,same_season_mean,tuning,tuning,cycle_market_average,715,2023-12-31,0
227,12.56330264759597,0.6658318840832992,12.532266903374031,4.417431381113878,-0.4917540094946705,0.8281938325991189,韭菜,30,cycle_market_average,same_season_median,tuning,tuning,cycle_market_average,715,2023-12-31,0
227,10.8222989898178,0.5735618991780026,11.026492954551664,3.8052703587910592,-0.2361518812958428,0.7224669603524229,韭菜,30,cycle_market_average,linear,tuning,tuning,cycle_market_average,715,2023-12-31,0
227,9.813927751031397,0.5201200821168623,9.857940400174904,3.450713051769557,-0.0798722595275128,0.7312775330396476,韭菜,30,cycle_market_average,elasticnet,tuning,tuning,cycle_market_average,715,2023-12-31,0
227,8.95287604599538,0.4744859288102895,9.145474239134918,3.1479553351658303,-0.1610447501924704,0.7533039647577092,韭菜,30,cycle_market_average,extra_trees,tuning,tuning,cycle_market_average,715,2023-12-31,0
227,8.45122030748798,0.447899099303679,9.242801803338612,2.971566222847303,-0.0884542794650191,0.762114537444934,韭菜,30,cycle_market_average,catboost,tuning,tuning,cycle_market_average,715,2023-12-31,0
227,19.983188429249108,0.9478315161150774,19.366434670220507,4.824292147891113,0.0071638039459332,0.0,黄瓜,30,cycle_market_average,last_value,tuning,tuning,cycle_market_average,715,2023-12-31,0
227,26.615040282892977,1.262389836942864,28.60235672091531,6.425337493421763,-0.7025447619555376,0.801762114537445,黄瓜,30,cycle_market_average,seasonal_naive,tuning,tuning,cycle_market_average,715,2023-12-31,0
227,22.118364342948595,1.0491059964423506,22.169435098314786,5.3397610597365155,-0.3722292251501687,0.788546255506608,黄瓜,30,cycle_market_average,same_season_mean,tuning,tuning,cycle_market_average,715,2023-12-31,0
227,22.51242331885511,1.0677967833452824,23.568338847781916,5.434893807446048,-0.655787737904287,0.8149779735682819,黄瓜,30,cycle_market_average,same_season_median,tuning,tuning,cycle_market_average,715,2023-12-31,0
227,19.250328835812667,0.913070926131868,19.889357787731456,4.64736698929394,-0.4448216023652801,0.7180616740088106,黄瓜,30,cycle_market_average,linear,tuning,tuning,cycle_market_average,715,2023-12-31,0
227,17.254293440635255,0.8183960817481155,17.67334736216443,4.165489038837714,-0.2961087335239936,0.748898678414097,黄瓜,30,cycle_market_average,elasticnet,tuning,tuning,cycle_market_average,715,2023-12-31,0
227,17.04213571059644,0.8083331339042225,16.308728207328976,4.11427044202748,-0.1348184353391859,0.7929515418502202,黄瓜,30,cycle_market_average,extra_trees,tuning,tuning,cycle_market_average,715,2023-12-31,0
227,15.15157300537053,0.7186610116826221,14.99977151903451,3.657855448684005,-0.3635080185968828,0.7709251101321586,黄瓜,30,cycle_market_average,catboost,tuning,tuning,cycle_market_average,715,2023-12-31,0
217,12.508443573152226,0.33398500475459,11.84274499984536,11.477503259368266,0.0822737912369248,0.0092165898617511,土豆,30,harvest_market_price,last_value,development,development,harvest_post_14,445,2022-12-31,0
217,18.41411361898319,0.4916709092239046,18.880326306718224,16.89643062658001,-0.2069519420671494,0.4147465437788018,土豆,30,harvest_market_price,seasonal_naive,development,development,harvest_post_14,445,2022-12-31,0
217,20.2259870438836,0.5400493146498947,21.195751403849908,18.55897025577038,-0.3761664666606708,0.4792626728110599,土豆,30,harvest_market_price,same_season_mean,development,development,harvest_post_14,445,2022-12-31,0
217,21.269780260948433,0.567919391412479,22.52523904081363,19.516734503648664,-0.4036248262745959,0.4792626728110599,土豆,30,harvest_market_price,same_season_median,development,development,harvest_post_14,445,2022-12-31,0
217,14.842709742723464,0.3963116957760102,14.719276224349333,13.619380257318,-0.1189102410786122,0.4792626728110599,土豆,30,harvest_market_price,linear,development,development,harvest_post_14,445,2022-12-31,0
217,12.916858040403897,0.3448899832188704,12.749174239756757,11.852256389255302,-0.1866468200809991,0.5207373271889401,土豆,30,harvest_market_price,elasticnet,development,development,harvest_post_14,445,2022-12-31,0
217,15.303385656973091,0.4086120948233565,15.447046613809642,14.04208746916179,-0.2352659610858546,0.4654377880184331,土豆,30,harvest_market_price,extra_trees,development,development,harvest_post_14,445,2022-12-31,0
217,14.63400015054845,0.3907389901290411,14.641468952999109,13.427872416199248,-0.2429626436502953,0.4838709677419355,土豆,30,harvest_market_price,catboost,development,development,harvest_post_14,445,2022-12-31,0
217,28.66555877198248,1.0771298003072196,25.171337963385664,5.678528037715572,0.3154206349206349,0.0,尖椒,30,harvest_market_price,last_value,development,development,harvest_post_14,445,2022-12-31,0
217,53.54856470205176,2.012127349864677,45.32840489896993,10.607748080502452,1.493921512691098,0.5253456221198156,尖椒,30,harvest_market_price,seasonal_naive,development,development,harvest_post_14,445,2022-12-31,0
217,40.953515965477784,1.538858977934476,36.08173126072361,8.112721280015524,1.3692024171777455,0.7096774193548387,尖椒,30,harvest_market_price,same_season_mean,development,development,harvest_post_14,445,2022-12-31,0
217,40.79774821802174,1.533005888376856,35.14260812758378,8.08186433672909,1.4450980542754734,0.728110599078341,尖椒,30,harvest_market_price,same_season_median,development,development,harvest_post_14,445,2022-12-31,0
217,55.38123580597504,2.0809913366405803,43.62021966037864,10.97079260826903,1.4983135824984564,0.543778801843318,尖椒,30,harvest_market_price,linear,development,development,harvest_post_14,445,2022-12-31,0
217,48.46031856897951,1.820932697605294,39.51492191787057,9.59978767201081,1.5035159905293924,0.5023041474654378,尖椒,30,harvest_market_price,elasticnet,development,development,harvest_post_14,445,2022-12-31,0
217,30.527457099333155,1.1470920218527405,28.57235911066332,6.047362356953416,1.0831397128596405,0.6543778801843319,尖椒,30,harvest_market_price,extra_trees,development,development,harvest_post_14,445,2022-12-31,0
217,31.17170189688454,1.171300001737428,29.48744192008529,6.174984573396082,0.8164335626656734,0.5806451612903226,尖椒,30,harvest_market_price,catboost,development,development,harvest_post_14,445,2022-12-31,0
217,19.209191396826895,0.3134103576914637,18.259822546676325,3.446116860203316,0.0736889035183965,0.0,甘蓝,30,harvest_market_price,last_value,development,development,harvest_post_14,445,2022-12-31,0
217,28.294182156123004,0.4616378465364641,23.962437820472925,5.075958490891285,0.3784530027064589,0.5668202764976958,甘蓝,30,harvest_market_price,seasonal_naive,development,development,harvest_post_14,445,2022-12-31,0
217,39.933459851312776,0.651540175601824,33.01373643744412,7.164037592055718,0.5390110983229215,0.7235023041474654,甘蓝,30,harvest_market_price,same_season_mean,development,development,harvest_post_14,445,2022-12-31,0
217,43.09806641246792,0.7031727744861385,33.994176114310356,7.731766019609845,0.5793110233340648,0.6820276497695853,甘蓝,30,harvest_market_price,same_season_median,development,development,harvest_post_14,445,2022-12-31,0
217,62.31343929334493,1.0166839870801947,43.026411287999586,11.17899183416559,0.7940112203549475,0.7096774193548387,甘蓝,30,harvest_market_price,linear,development,development,harvest_post_14,445,2022-12-31,0
217,50.55136752075594,0.8247781933751709,37.08486406453088,9.068883552713618,0.7237983209600709,0.7188940092165899,甘蓝,30,harvest_market_price,elasticnet,development,development,harvest_post_14,445,2022-12-31,0
217,31.88291660192371,0.5201903656447839,27.574344435338276,5.719775194311147,0.4702295122520293,0.6728110599078341,甘蓝,30,harvest_market_price,extra_trees,development,development,harvest_post_14,445,2022-12-31,0
217,23.058925922089436,0.3762212615788088,21.385525806822343,4.136756813793738,0.2227991062843138,0.6221198156682027,甘蓝,30,harvest_market_price,catboost,development,development,harvest_post_14,445,2022-12-31,0
217,13.790862889258484,1.151270060712457,13.597309528801798,3.579579180366464,0.5276963645673322,0.0,芸豆,30,harvest_market_price,last_value,development,development,harvest_post_14,445,2022-12-31,0
217,18.015931513399497,1.5039814936727385,15.402445346364017,4.676244980327002,0.8137354253529367,0.7465437788018433,芸豆,30,harvest_market_price,seasonal_naive,development,development,harvest_post_14,445,2022-12-31,0
217,14.553610606447688,1.2149447283331951,13.816251231961974,3.7775592393553135,0.5419565748375009,0.6912442396313364,芸豆,30,harvest_market_price,same_season_mean,development,development,harvest_post_14,445,2022-12-31,0
217,13.244388022005396,1.1056499890278697,12.7502474102805,3.4377352600026203,0.3164060419866871,0.7557603686635944,芸豆,30,harvest_market_price,same_season_median,development,development,harvest_post_14,445,2022-12-31,0
217,24.891958251375605,2.077996606697756,21.55343484652511,6.460997852757729,1.5058256625361794,0.5391705069124424,芸豆,30,harvest_market_price,linear,development,development,harvest_post_14,445,2022-12-31,0
217,19.195909248194596,1.6024867902075184,17.502247879854515,4.982521952746066,1.2274066492665914,0.6129032258064516,芸豆,30,harvest_market_price,elasticnet,development,development,harvest_post_14,445,2022-12-31,0
217,14.3569433906757,1.198526823285475,13.63663395581029,3.7265119715598822,0.8410389216551803,0.6451612903225806,芸豆,30,harvest_market_price,extra_trees,development,development,harvest_post_14,445,2022-12-31,0
217,11.537814691853272,0.963184155149933,11.444428614069627,2.994774263911557,0.3330290738501459,0.7511520737327189,芸豆,30,harvest_market_price,catboost,development,development,harvest_post_14,445,2022-12-31,0
217,17.62448212234464,0.4901314461268378,16.78937113101367,3.839420643618842,0.0658509253163631,0.0,芹菜,30,harvest_market_price,last_value,development,development,harvest_post_14,445,2022-12-31,0
217,33.75319106694843,0.9386658986175116,27.859072737445125,7.35299327780831,0.6981156096847341,0.5944700460829493,芹菜,30,harvest_market_price,seasonal_naive,development,development,harvest_post_14,445,2022-12-31,0
217,36.63505434008712,1.0188096329864496,31.944648384855135,7.980795290154966,0.7528587580128042,0.4976958525345622,芹菜,30,harvest_market_price,same_season_mean,development,development,harvest_post_14,445,2022-12-31,0
217,39.73060629851174,1.1048959842001318,33.58625212041234,8.655148500085717,0.8325329529661328,0.4746543778801843,芹菜,30,harvest_market_price,same_season_median,development,development,harvest_post_14,445,2022-12-31,0
217,46.71353078775243,1.299088974062051,38.89319672104946,10.176349761530531,0.5284011866875785,0.4792626728110599,芹菜,30,harvest_market_price,linear,development,development,harvest_post_14,445,2022-12-31,0
217,40.74192749080866,1.133020516599911,34.3399615525521,8.875460645207488,0.519382601565796,0.4700460829493088,芹菜,30,harvest_market_price,elasticnet,development,development,harvest_post_14,445,2022-12-31,0
217,19.331321011442164,0.5375981125066839,18.303799238793093,4.211248446594347,0.3323925974836306,0.6451612903225806,芹菜,30,harvest_market_price,extra_trees,development,development,harvest_post_14,445,2022-12-31,0
217,19.25425304698723,0.5354548760356128,18.31478377283374,4.194459508818137,0.3720378709131978,0.6682027649769585,芹菜,30,harvest_market_price,catboost,development,development,harvest_post_14,445,2022-12-31,0
217,33.81044276365221,1.022630092897374,35.90714106194339,6.1308096306566835,0.2432357545168605,0.0,茄子,30,harvest_market_price,last_value,development,development,harvest_post_14,445,2022-12-31,0
217,55.95769324566782,1.6924954648526076,50.66787419228174,10.14674569800915,1.3851137809962697,0.631336405529954,茄子,30,harvest_market_price,seasonal_naive,development,development,harvest_post_14,445,2022-12-31,0
217,51.01976933801075,1.5431430999721294,49.16390324822545,9.251357499157782,1.2096009793321365,0.7188940092165899,茄子,30,harvest_market_price,same_season_mean,development,development,harvest_post_14,445,2022-12-31,0
217,51.6972821101328,1.5636351400775363,48.974031055856685,9.374210129549366,1.260747275254188,0.6912442396313364,茄子,30,harvest_market_price,same_season_median,development,development,harvest_post_14,445,2022-12-31,0
217,53.04609523143624,1.6044313194467872,49.70676259268931,9.618788898654786,1.1127714694420694,0.695852534562212,茄子,30,harvest_market_price,linear,development,development,harvest_post_14,445,2022-12-31,0
217,41.413957900134946,1.2526058860191085,43.17447753334661,7.509546494632516,1.0154847965367075,0.695852534562212,茄子,30,harvest_market_price,elasticnet,development,development,harvest_post_14,445,2022-12-31,0
217,50.82909705940055,1.537376029385355,49.73955710091937,9.216783108926512,1.3367566766790415,0.7235023041474654,茄子,30,harvest_market_price,extra_trees,development,development,harvest_post_14,445,2022-12-31,0
217,47.35058978229083,1.432165155786293,48.16024630741635,8.586029289348017,1.1874052412045666,0.7188940092165899,茄子,30,harvest_market_price,catboost,development,development,harvest_post_14,445,2022-12-31,0
217,16.531404446380407,0.7217782166630093,16.559293068065383,5.188949614611014,0.0548182283666155,0.0,西红柿,30,harvest_market_price,last_value,development,development,harvest_post_14,445,2022-12-31,0
217,26.91803096047849,1.1752690732206863,22.691836304291527,8.449149425355973,0.9221456733230928,0.7880184331797235,西红柿,30,harvest_market_price,seasonal_naive,development,development,harvest_post_14,445,2022-12-31,0
217,17.657606518491814,0.770949363969174,17.687845199154676,5.542446852369063,0.3352860627686709,0.8433179723502304,西红柿,30,harvest_market_price,same_season_mean,development,development,harvest_post_14,445,2022-12-31,0
217,21.374035416910992,0.9332124935995904,19.792585725543702,6.7089758283390255,0.5142191500256017,0.8433179723502304,西红柿,30,harvest_market_price,same_season_median,development,development,harvest_post_14,445,2022-12-31,0
217,12.234962682444896,0.5341911254132494,12.304015373262176,3.840363660678154,0.1441243904104878,0.783410138248848,西红柿,30,harvest_market_price,linear,development,development,harvest_post_14,445,2022-12-31,0
217,10.914208169757252,0.4765256173247315,10.894801661098596,3.4257994509744307,-0.0159082762473161,0.8018433179723502,西红柿,30,harvest_market_price,elasticnet,development,development,harvest_post_14,445,2022-12-31,0
217,15.16974037692322,0.6623265550129251,15.550729245640657,4.7615445340955125,0.2922675135072989,0.7926267281105991,西红柿,30,harvest_market_price,extra_trees,development,development,harvest_post_14,445,2022-12-31,0
217,13.465861590839518,0.5879334448801258,13.838291419221733,4.226723599850646,0.1914008143118115,0.7649769585253456,西红柿,30,harvest_market_price,catboost,development,development,harvest_post_14,445,2022-12-31,0
217,30.58903458602188,1.3333392217101894,27.37714683924315,6.53424519248702,0.4743000146295077,0.0,青椒,30,harvest_market_price,last_value,development,development,harvest_post_14,445,2022-12-31,0
217,45.169121600096815,1.9688676761026993,40.95664353714732,9.64875549878144,1.618788823056104,0.6497695852534562,青椒,30,harvest_market_price,seasonal_naive,development,development,harvest_post_14,445,2022-12-31,0
217,34.38269924987818,1.4987005009656988,33.3780817439776,7.344624971619981,1.2866388953387284,0.7327188940092166,青椒,30,harvest_market_price,same_season_mean,development,development,harvest_post_14,445,2022-12-31,0
217,36.02362044344357,1.570226281910614,34.274762915832135,7.695148666316916,1.3119958671640697,0.7511520737327189,青椒,30,harvest_market_price,same_season_median,development,development,harvest_post_14,445,2022-12-31,0
217,38.48746093485022,1.6776221251495302,36.0998805512275,8.2214594212626,1.3273456701817836,0.6912442396313364,青椒,30,harvest_market_price,linear,development,development,harvest_post_14,445,2022-12-31,0
217,39.33827595454024,1.714708128402841,38.50223978867684,8.403205397470876,1.555727191674598,0.6451612903225806,青椒,30,harvest_market_price,elasticnet,development,development,harvest_post_14,445,2022-12-31,0
217,32.73376600472784,1.426825484329983,32.17759030057892,6.992389790756208,1.2800463656452878,0.7465437788018433,青椒,30,harvest_market_price,extra_trees,development,development,harvest_post_14,445,2022-12-31,0
217,31.85547018882587,1.3885416262267531,31.713100302619253,6.804773532501969,0.939555167600803,0.7327188940092166,青椒,30,harvest_market_price,catboost,development,development,harvest_post_14,445,2022-12-31,0
217,26.798678151194725,1.2352694755321485,23.537381098467343,7.909715130318343,0.1091757003876819,0.0,韭菜,30,harvest_market_price,last_value,development,development,harvest_post_14,445,2022-12-31,0
217,26.743841798483206,1.2327418257625633,23.711779331528778,7.893530006325037,0.9298585692341454,0.7557603686635944,韭菜,30,harvest_market_price,seasonal_naive,development,development,harvest_post_14,445,2022-12-31,0
217,14.749711625975488,0.6798793747092674,14.627335207162217,4.353424320318931,0.3886078023565005,0.9493087557603688,韭菜,30,harvest_market_price,same_season_mean,development,development,harvest_post_14,445,2022-12-31,0
217,18.048376500077072,0.8319294126252653,16.94630413445583,5.327035754335416,0.4915259308024284,0.8525345622119815,韭菜,30,harvest_market_price,same_season_median,development,development,harvest_post_14,445,2022-12-31,0
217,25.861773227795048,1.1920833882623996,26.261086137692313,7.633184660924508,0.0951006256237695,0.6221198156682027,韭菜,30,harvest_market_price,linear,development,development,harvest_post_14,445,2022-12-31,0
217,22.2780890897432,1.0268955532240944,22.223845840907476,6.5754488842154295,0.1457472983410186,0.6912442396313364,韭菜,30,harvest_market_price,elasticnet,development,development,harvest_post_14,445,2022-12-31,0
217,20.511957310901636,0.9454867365704636,19.318137962697477,6.054169469819524,0.6836226690499663,0.6912442396313364,韭菜,30,harvest_market_price,extra_trees,development,development,harvest_post_14,445,2022-12-31,0
217,22.777914153216873,1.0499346986823723,22.022769457958592,6.722973842154215,0.6491641326151256,0.6359447004608295,韭菜,30,harvest_market_price,catboost,development,development,harvest_post_14,445,2022-12-31,0
217,29.809930878581493,1.1268154853339185,25.93457221714075,5.581281520395581,0.2270964450296246,0.0,黄瓜,30,harvest_market_price,last_value,development,development,harvest_post_14,445,2022-12-31,0
217,27.1956264664762,1.0279947699509913,25.205774025318178,5.091808097481483,0.670044144539536,0.7972350230414746,黄瓜,30,harvest_market_price,seasonal_naive,development,development,harvest_post_14,445,2022-12-31,0
217,22.08588931241676,0.8348466887081332,20.65624951649593,4.135117467496777,0.6483238238658834,0.8663594470046083,黄瓜,30,harvest_market_price,same_season_mean,development,development,harvest_post_14,445,2022-12-31,0
217,19.505245186028834,0.7372983322361202,18.44461074519587,3.651946223927235,0.4984789335088873,0.8341013824884793,黄瓜,30,harvest_market_price,same_season_median,development,development,harvest_post_14,445,2022-12-31,0
217,33.09865622543501,1.2511293142702786,31.21486826172829,6.197026054618515,0.4048143922207323,0.6682027649769585,黄瓜,30,harvest_market_price,linear,development,development,harvest_post_14,445,2022-12-31,0
217,28.45343706238773,1.075540014616706,26.70851475567666,5.3273066319702975,0.619005134932764,0.7142857142857143,黄瓜,30,harvest_market_price,elasticnet,development,development,harvest_post_14,445,2022-12-31,0
217,26.827538123237144,1.014081029364941,24.226864750311123,5.022891310107472,0.95136104803198,0.8248847926267281,黄瓜,30,harvest_market_price,extra_trees,development,development,harvest_post_14,445,2022-12-31,0
217,21.584521457265264,0.8158949821330845,21.54770730432053,4.041246899454368,0.6478620589280816,0.8248847926267281,黄瓜,30,harvest_market_price,catboost,development,development,harvest_post_14,445,2022-12-31,0
211,12.123085581211669,0.2518276912660799,11.941093987280809,8.179630502297861,0.0197094335364477,0.0,土豆,30,harvest_market_price,last_value,tuning,tuning,harvest_post_14,687,2023-12-30,0
211,28.01558650899084,0.5819558414202964,23.804042214578075,18.902542955223645,0.5819558414202964,0.5734597156398105,土豆,30,harvest_market_price,seasonal_naive,tuning,tuning,harvest_post_14,687,2023-12-30,0
211,16.372297883856472,0.3400947678866439,15.49241821455804,11.046638767530196,0.3355766004300878,0.6729857819905213,土豆,30,harvest_market_price,same_season_mean,tuning,tuning,harvest_post_14,687,2023-12-30,0
211,14.521218416011385,0.3016430828255473,14.073056352511918,9.797687254655562,0.28482791694877,0.6824644549763034,土豆,30,harvest_market_price,same_season_median,tuning,tuning,harvest_post_14,687,2023-12-30,0
211,11.4892895724389,0.2386621168292995,11.852815495724167,7.751998681103195,-0.1003992302601707,0.6445497630331753,土豆,30,harvest_market_price,linear,tuning,tuning,harvest_post_14,687,2023-12-30,0
211,6.435395469276225,0.1336797280325762,6.370212951462408,4.342059348027809,-0.0139009253907977,0.8388625592417062,土豆,30,harvest_market_price,elasticnet,tuning,tuning,harvest_post_14,687,2023-12-30,0
211,12.51101786877918,0.2598860433820708,12.239794006552634,8.44137432576234,0.1324902275575989,0.7677725118483413,土豆,30,harvest_market_price,extra_trees,tuning,tuning,harvest_post_14,687,2023-12-30,0
211,12.78207571042465,0.2655166124318294,12.486078579983412,8.624261180314155,0.1838756354585666,0.7725118483412322,土豆,30,harvest_market_price,catboost,tuning,tuning,harvest_post_14,687,2023-12-30,0
211,26.50860510121135,1.5447697284284962,25.116637443373936,8.966932084125473,0.2852739787858271,0.0,尖椒,30,harvest_market_price,last_value,tuning,tuning,harvest_post_14,687,2023-12-30,0
211,38.86801123200557,2.2650051530880915,49.14593418635544,13.147686029941028,-2.1407839840517564,0.6303317535545023,尖椒,30,harvest_market_price,seasonal_naive,tuning,tuning,harvest_post_14,687,2023-12-30,0
211,25.10290358784291,1.4628534926715848,27.85598654770296,8.491432526423313,-1.2834992267736387,0.7440758293838863,尖椒,30,harvest_market_price,same_season_mean,tuning,tuning,harvest_post_14,687,2023-12-30,0
211,30.994401489218365,1.806176258180998,36.54331573901584,10.48431979279205,-1.6757686752426089,0.6492890995260664,尖椒,30,harvest_market_price,same_season_median,tuning,tuning,harvest_post_14,687,2023-12-30,0
211,23.926616273776975,1.3943062029230011,27.519763817097836,8.093535752286163,-1.2283805413477265,0.6303317535545023,尖椒,30,harvest_market_price,linear,tuning,tuning,harvest_post_14,687,2023-12-30,0
211,21.642771273548924,1.261216792623783,23.823944100442187,7.320991028430488,-1.015423714107862,0.6492890995260664,尖椒,30,harvest_market_price,elasticnet,tuning,tuning,harvest_post_14,687,2023-12-30,0
211,18.074491724143243,1.05327789091822,18.30804443845401,6.113967110931619,-0.7974044274965807,0.8625592417061612,尖椒,30,harvest_market_price,extra_trees,tuning,tuning,harvest_post_14,687,2023-12-30,0
211,22.511920682103785,1.3118658437787123,23.350550437095492,7.614993813100328,-1.136370863908826,0.7914691943127962,尖椒,30,harvest_market_price,catboost,tuning,tuning,harvest_post_14,687,2023-12-30,0
211,31.803455377054583,0.7736433837358008,32.789496757139005,9.716575636081275,0.0101723087339201,0.0,甘蓝,30,harvest_market_price,last_value,tuning,tuning,harvest_post_14,687,2023-12-30,0
211,36.73422971771346,0.8935882419318438,41.550434816122966,11.223023324153148,-0.8211474836380049,0.7251184834123223,甘蓝,30,harvest_market_price,seasonal_naive,tuning,tuning,harvest_post_14,687,2023-12-30,0
211,27.558325451957852,0.6703773505103852,27.65857768376302,8.419605683817727,-0.4798052224507598,0.7156398104265402,甘蓝,30,harvest_market_price,same_season_mean,tuning,tuning,harvest_post_14,687,2023-12-30,0
211,30.511465317418853,0.7422147370796658,32.598648682005056,9.321847485108949,-0.7154201083276911,0.7345971563981043,甘蓝,30,harvest_market_price,same_season_median,tuning,tuning,harvest_post_14,687,2023-12-30,0
211,37.22514270256123,0.9055300758682748,36.69841958532873,11.37300681152758,-0.0780585318354341,0.4928909952606635,甘蓝,30,harvest_market_price,linear,tuning,tuning,harvest_post_14,687,2023-12-30,0
211,34.72115727722587,0.8446187146870862,33.967876302402686,10.60799044810218,-0.025957979308538,0.5213270142180095,甘蓝,30,harvest_market_price,elasticnet,tuning,tuning,harvest_post_14,687,2023-12-30,0
211,29.893589148809507,0.7271844265632329,29.228262910038328,9.133074269908052,-0.1691274837574335,0.6445497630331753,甘蓝,30,harvest_market_price,extra_trees,tuning,tuning,harvest_post_14,687,2023-12-30,0
211,26.662511767961515,0.6485859972920877,27.090930689395982,8.1459171391866,-0.3532536365014841,0.7488151658767772,甘蓝,30,harvest_market_price,catboost,tuning,tuning,harvest_post_14,687,2023-12-30,0
211,24.78708527606012,2.2042693522906793,24.832249206902937,7.499894731035643,0.0744847288046339,0.0,芸豆,30,harvest_market_price,last_value,tuning,tuning,harvest_post_14,687,2023-12-30,0
211,21.197027384011108,1.8850121868652672,21.701976667082793,6.413641306366301,-0.6459116076130295,0.6824644549763034,芸豆,30,harvest_market_price,seasonal_naive,tuning,tuning,harvest_post_14,687,2023-12-30,0
211,16.49423289938281,1.4668014276276848,16.183716474926264,4.990704192801269,-0.3306190615380004,0.8293838862559242,芸豆,30,harvest_market_price,same_season_mean,tuning,tuning,harvest_post_14,687,2023-12-30,0
211,18.29135162385495,1.626615850447604,18.39020047995172,5.534463214993833,-0.6301124275934703,0.8056872037914692,芸豆,30,harvest_market_price,same_season_median,tuning,tuning,harvest_post_14,687,2023-12-30,0
211,20.58788733187527,1.8308424959467229,20.876753526215236,6.229332170516081,-0.3344332355959959,0.7772511848341233,芸豆,30,harvest_market_price,linear,tuning,tuning,harvest_post_14,687,2023-12-30,0
211,19.573118060927005,1.740600953680437,19.660843771711527,5.922290716321694,-0.2540657020194776,0.7914691943127962,芸豆,30,harvest_market_price,elasticnet,tuning,tuning,harvest_post_14,687,2023-12-30,0
211,17.986599107049457,1.5995147764267472,17.480537094357455,5.442253430357845,0.1556706702398316,0.8009478672985783,芸豆,30,harvest_market_price,extra_trees,tuning,tuning,harvest_post_14,687,2023-12-30,0
211,16.619352767340963,1.4779281045738115,16.61554574071635,5.028562046114646,-0.4059897952666697,0.8436018957345972,芸豆,30,harvest_market_price,catboost,tuning,tuning,harvest_post_14,687,2023-12-30,0
211,31.21072898529344,1.4660606710298651,31.00306936746736,12.90043125098111,0.0729398555630782,0.0,芹菜,30,harvest_market_price,last_value,tuning,tuning,harvest_post_14,687,2023-12-30,0
211,46.30366194048204,2.175020574738584,54.48769985983607,19.138841896750495,-1.9115856089671257,0.6066350710900474,芹菜,30,harvest_market_price,seasonal_naive,tuning,tuning,harvest_post_14,687,2023-12-30,0
211,33.090566986824875,1.5543622471721985,35.10478261118906,13.677430753721495,-1.440742480135533,0.7298578199052133,芹菜,30,harvest_market_price,same_season_mean,tuning,tuning,harvest_post_14,687,2023-12-30,0
211,39.42064234686311,1.8517046941999549,44.55810933549632,16.293861213714326,-1.765353983299481,0.7061611374407583,芹菜,30,harvest_market_price,same_season_median,tuning,tuning,harvest_post_14,687,2023-12-30,0
211,34.089035649954624,1.601263286842244,34.687979907699926,14.09013102583093,-0.4611341617932299,0.5355450236966824,芹菜,30,harvest_market_price,linear,tuning,tuning,harvest_post_14,687,2023-12-30,0
211,31.12779327042897,1.4621649340913323,31.521161801355273,12.866151164528654,-0.5360498725628075,0.6208530805687204,芹菜,30,harvest_market_price,elasticnet,tuning,tuning,harvest_post_14,687,2023-12-30,0
211,28.143007980736815,1.3219607009012624,29.01948019312741,11.63244023625277,-1.1050950680417295,0.7203791469194313,芹菜,30,harvest_market_price,extra_trees,tuning,tuning,harvest_post_14,687,2023-12-30,0
211,30.514453658791943,1.4333545502316831,31.830269370631935,12.612637525127433,-1.2258321217271575,0.7014218009478673,芹菜,30,harvest_market_price,catboost,tuning,tuning,harvest_post_14,687,2023-12-30,0
211,21.484770659639853,0.8707310614609193,22.66938333400998,5.725858015358423,0.1489234935680434,0.0,茄子,30,harvest_market_price,last_value,tuning,tuning,harvest_post_14,687,2023-12-30,0
211,33.37886209285283,1.3527727375310312,45.16944385938619,8.895725632153828,-1.1204781463928382,0.6113744075829384,茄子,30,harvest_market_price,seasonal_naive,tuning,tuning,harvest_post_14,687,2023-12-30,0
211,18.66268550294209,0.7563580833662237,19.642203328321088,4.973750433178964,-0.2907373105785964,0.7725118483412322,茄子,30,harvest_market_price,same_season_mean,tuning,tuning,harvest_post_14,687,2023-12-30,0
211,17.023952716022155,0.6899438050101556,17.807262481398457,4.537015435553746,-0.3753419092755584,0.7962085308056872,茄子,30,harvest_market_price,same_season_median,tuning,tuning,harvest_post_14,687,2023-12-30,0
211,24.577177747792536,0.9960595999402588,23.97560322767885,6.55000848887095,0.3877022793904529,0.7203791469194313,茄子,30,harvest_market_price,linear,tuning,tuning,harvest_post_14,687,2023-12-30,0
211,24.04691125561303,0.9745690514532794,23.92570788404767,6.408688355990699,0.271937011342531,0.7298578199052133,茄子,30,harvest_market_price,elasticnet,tuning,tuning,harvest_post_14,687,2023-12-30,0
211,18.48473141821619,0.7491459910642206,19.142941094092787,4.926324289398537,0.0297114698484098,0.7725118483412322,茄子,30,harvest_market_price,extra_trees,tuning,tuning,harvest_post_14,687,2023-12-30,0
211,14.615112413544349,0.5923187427419088,15.840208078985905,3.8950408121256657,-0.1532575122722175,0.7772511848341233,茄子,30,harvest_market_price,catboost,tuning,tuning,harvest_post_14,687,2023-12-30,0
211,20.89977739356117,1.1285187692770633,20.02311851327258,9.073650676559604,0.1211842323027157,0.0,西红柿,30,harvest_market_price,last_value,tuning,tuning,harvest_post_14,687,2023-12-30,0
211,25.371568238969942,1.3699806665162115,28.029614753508685,11.015081308369917,-1.1038737681486497,0.5829383886255924,西红柿,30,harvest_market_price,seasonal_naive,tuning,tuning,harvest_post_14,687,2023-12-30,0
211,20.028577611430176,1.0814768660351746,21.277813253028963,8.695418777544887,-0.8940473190749747,0.6303317535545023,西红柿,30,harvest_market_price,same_season_mean,tuning,tuning,harvest_post_14,687,2023-12-30,0
211,21.75973690360353,1.1749537350485215,23.54144576909592,9.447002604820511,-0.9527494169863836,0.6066350710900474,西红柿,30,harvest_market_price,same_season_median,tuning,tuning,harvest_post_14,687,2023-12-30,0
211,17.779649708656066,0.9600422066491192,18.09749004443189,7.719045402734362,-0.2813711574472668,0.6777251184834123,西红柿,30,harvest_market_price,linear,tuning,tuning,harvest_post_14,687,2023-12-30,0
211,18.84756910007311,1.017706317352057,19.006727221326074,8.182683236093661,-0.2316934336279751,0.6161137440758294,西红柿,30,harvest_market_price,elasticnet,tuning,tuning,harvest_post_14,687,2023-12-30,0
211,21.99788213163627,1.1878127887402377,21.260443422296007,9.550393495965812,-0.2065627629785706,0.4928909952606635,西红柿,30,harvest_market_price,extra_trees,tuning,tuning,harvest_post_14,687,2023-12-30,0
211,17.792202939880276,0.9607200395649836,17.967161924866517,7.724495395470918,-0.5011164528354533,0.6255924170616114,西红柿,30,harvest_market_price,catboost,tuning,tuning,harvest_post_14,687,2023-12-30,0
211,28.761747553422023,1.806085834649816,26.144515853094543,9.565896252082872,0.5877319641916797,0.0,青椒,30,harvest_market_price,last_value,tuning,tuning,harvest_post_14,687,2023-12-30,0
211,35.24107831777355,2.2129535845933948,45.06071346607054,11.72086287083901,-2.052111035883548,0.6682464454976303,青椒,30,harvest_market_price,seasonal_naive,tuning,tuning,harvest_post_14,687,2023-12-30,0
211,23.28943126018732,1.4624532747166257,25.051487893381076,7.745853508767796,-1.206477181517457,0.7251184834123223,青椒,30,harvest_market_price,same_season_mean,tuning,tuning,harvest_post_14,687,2023-12-30,0
211,27.295213798365193,1.7139952606635072,30.994895318360804,9.07814043248275,-1.5409884149552395,0.7203791469194313,青椒,30,harvest_market_price,same_season_median,tuning,tuning,harvest_post_14,687,2023-12-30,0
211,22.89628067799891,1.4377654946693268,23.5069961882675,7.615095192581517,-0.4045924235414881,0.5734597156398105,青椒,30,harvest_market_price,linear,tuning,tuning,harvest_post_14,687,2023-12-30,0
211,22.09873736332,1.3876839869137294,22.83164732130609,7.349839523029789,-0.649290660300017,0.6303317535545023,青椒,30,harvest_market_price,elasticnet,tuning,tuning,harvest_post_14,687,2023-12-30,0
211,19.340442863091127,1.2144776608585122,19.37712274102407,6.432455801026399,-0.7141496609004461,0.7725118483412322,青椒,30,harvest_market_price,extra_trees,tuning,tuning,harvest_post_14,687,2023-12-30,0
211,20.23833366559677,1.27086046084157,20.099131128002437,6.731086134475887,-0.9290583617023233,0.7819905213270142,青椒,30,harvest_market_price,catboost,tuning,tuning,harvest_post_14,687,2023-12-30,0
211,21.55518066937301,1.1201035883547732,21.958127409463927,7.386955024143188,-0.0314235311818248,0.0,韭菜,30,harvest_market_price,last_value,tuning,tuning,harvest_post_14,687,2023-12-30,0
211,16.874546959783196,0.8768769277063118,16.64415241661704,5.7829030225584495,-0.614677048070413,0.943127962085308,韭菜,30,harvest_market_price,seasonal_naive,tuning,tuning,harvest_post_14,687,2023-12-30,0
211,13.196313010054332,0.685739441591263,12.829461001026557,4.522373167963915,-0.374990123373321,0.9478672985781992,韭菜,30,harvest_market_price,same_season_mean,tuning,tuning,harvest_post_14,687,2023-12-30,0
211,14.448765281871417,0.750822462950425,14.015466803131964,4.951588248259869,-0.5229875122244789,0.943127962085308,韭菜,30,harvest_market_price,same_season_median,tuning,tuning,harvest_post_14,687,2023-12-30,0
211,19.27450517847463,1.001589490031404,20.194076270162483,6.605368103841022,-0.5503853625251129,0.8151658767772512,韭菜,30,harvest_market_price,linear,tuning,tuning,harvest_post_14,687,2023-12-30,0
211,14.375599240349874,0.7470204282140409,15.1072121819303,4.926514264130284,-0.2623057596010189,0.8341232227488151,韭菜,30,harvest_market_price,elasticnet,tuning,tuning,harvest_post_14,687,2023-12-30,0
211,13.267319371692476,0.6894292497022156,13.752685751587595,4.546707030337627,-0.2979263545916243,0.924170616113744,韭菜,30,harvest_market_price,extra_trees,tuning,tuning,harvest_post_14,687,2023-12-30,0
211,14.476853823589645,0.7522820691978895,15.416399543264752,4.9612141844813715,-0.306501912799889,0.8672985781990521,韭菜,30,harvest_market_price,catboost,tuning,tuning,harvest_post_14,687,2023-12-30,0
211,36.57984609028443,1.6734953358910705,35.419153473864064,8.312945694578382,0.1350417889114571,0.0,黄瓜,30,harvest_market_price,last_value,tuning,tuning,harvest_post_14,687,2023-12-30,0
211,28.443000226122845,1.3012418942300457,30.658809374432135,6.463808395668439,-0.8540715790265553,0.8199052132701422,黄瓜,30,harvest_market_price,seasonal_naive,tuning,tuning,harvest_post_14,687,2023-12-30,0
211,25.211053424332324,1.1533832103718589,24.793272429093292,5.7293329639036585,-0.4269927514491484,0.8436018957345972,黄瓜,30,harvest_market_price,same_season_mean,tuning,tuning,harvest_post_14,687,2023-12-30,0
211,25.00058394992842,1.1437544196193483,25.44305925891419,5.681502765089595,-0.6714511020838035,0.8909952606635071,黄瓜,30,harvest_market_price,same_season_median,tuning,tuning,harvest_post_14,687,2023-12-30,0
211,26.70736264996488,1.221838023001919,27.85909671122968,6.069376421283972,-0.7454568364053956,0.8056872037914692,黄瓜,30,harvest_market_price,linear,tuning,tuning,harvest_post_14,687,2023-12-30,0
211,23.731151296805873,1.0856790078479297,24.285259481356324,5.3930180983611855,-0.5744522376500671,0.8056872037914692,黄瓜,30,harvest_market_price,elasticnet,tuning,tuning,harvest_post_14,687,2023-12-30,0
211,20.238487294599302,0.9258927445842424,19.297806681781378,4.599293430737077,-0.2812245347742993,0.914691943127962,黄瓜,30,harvest_market_price,extra_trees,tuning,tuning,harvest_post_14,687,2023-12-30,0
211,21.645544542519424,0.9902643588309042,21.58944846202396,4.919053947559742,-0.6302039989138793,0.9004739336492891,黄瓜,30,harvest_market_price,catboost,tuning,tuning,harvest_post_14,687,2023-12-30,0
205,9.498245415006334,0.2587974872144612,9.065872860478878,9.35010276387731,0.0598004978351546,0.0,土豆,60,cycle_market_average,last_value,development,development,cycle_market_average,449,2022-12-31,0
205,17.645333514730837,0.4807801625612569,18.31456548731172,17.370122002213154,-0.2737589262041054,0.4439024390243902,土豆,60,cycle_market_average,seasonal_naive,development,development,cycle_market_average,449,2022-12-31,0
205,20.527954425593812,0.5593225686297046,21.866092800581814,20.207783124686102,-0.444808080020235,0.4878048780487805,土豆,60,cycle_market_average,same_season_mean,development,development,cycle_market_average,449,2022-12-31,0
205,21.359412409371274,0.5819771987770839,22.96088072149957,21.02627298807529,-0.484736087530699,0.4926829268292683,土豆,60,cycle_market_average,same_season_median,development,development,cycle_market_average,449,2022-12-31,0
205,12.215684256326062,0.3328391984005533,12.353239994536274,12.02515813576193,-0.2123388697169289,0.4097560975609756,土豆,60,cycle_market_average,linear,development,development,cycle_market_average,449,2022-12-31,0
205,10.663231128984826,0.2905397050920962,10.629933468517324,10.4969183775209,-0.2211357944609827,0.5463414634146342,土豆,60,cycle_market_average,elasticnet,development,development,cycle_market_average,449,2022-12-31,0
205,15.235745971123734,0.4151264366085075,15.576261610367268,14.998116419404145,-0.2959008267146688,0.4829268292682926,土豆,60,cycle_market_average,extra_trees,development,development,cycle_market_average,449,2022-12-31,0
205,15.20573825309149,0.4143088201241497,15.536706122351074,14.968576727066056,-0.3005484069765807,0.4975609756097561,土豆,60,cycle_market_average,catboost,development,development,cycle_market_average,449,2022-12-31,0
205,22.120179125631857,0.842175091673073,18.843286194878324,4.407645339597392,0.3364366485585622,0.0,尖椒,60,cycle_market_average,last_value,development,development,cycle_market_average,449,2022-12-31,0
205,47.59503320093211,1.8120717387288776,41.39316830734655,9.48373994101095,1.7058382583963727,0.3853658536585366,尖椒,60,cycle_market_average,seasonal_naive,development,development,cycle_market_average,449,2022-12-31,0
205,37.33118983366294,1.4212994407445565,33.95399247006967,7.43857651230796,1.4212994407445565,0.6048780487804878,尖椒,60,cycle_market_average,same_season_mean,development,development,cycle_market_average,449,2022-12-31,0
205,26.2975034752142,1.00121713636344,26.014322620494923,5.2400149192852945,1.00121713636344,0.6536585365853659,尖椒,60,cycle_market_average,same_season_median,development,development,cycle_market_average,449,2022-12-31,0
205,49.08133847963806,1.868659403649634,38.976582528404435,9.77989968265229,1.8386097282340303,0.3707317073170731,尖椒,60,cycle_market_average,linear,development,development,cycle_market_average,449,2022-12-31,0
205,47.93893231312837,1.825164908756808,39.551844003854306,9.552264943026286,1.7984413575995557,0.3609756097560975,尖椒,60,cycle_market_average,elasticnet,development,development,cycle_market_average,449,2022-12-31,0
205,37.287337835616256,1.4196298764853676,34.55699084673935,7.429838605904728,1.347888851230414,0.4634146341463415,尖椒,60,cycle_market_average,extra_trees,development,development,cycle_market_average,449,2022-12-31,0
205,32.70116054100398,1.2450216935415177,30.662361710886515,6.516001386759345,1.069061955086405,0.4292682926829268,尖椒,60,cycle_market_average,catboost,development,development,cycle_market_average,449,2022-12-31,0
205,15.146177610869875,0.2520841984250643,14.145581844584315,2.7571709202741417,0.0727311505763881,0.0,甘蓝,60,cycle_market_average,last_value,development,development,cycle_market_average,449,2022-12-31,0
205,25.57666438808818,0.4256831727650529,21.30167716290728,4.655909702117767,0.4191246490287834,0.5853658536585366,甘蓝,60,cycle_market_average,seasonal_naive,development,development,cycle_market_average,449,2022-12-31,0
205,35.025078118526196,0.5829370927188575,29.01027436630792,6.375874451612505,0.5102748203565411,0.7024390243902439,甘蓝,60,cycle_market_average,same_season_mean,development,development,cycle_market_average,449,2022-12-31,0
205,27.250503417534468,0.4535415790818874,24.130211276882516,4.960611021208145,0.3467311505763882,0.6780487804878049,甘蓝,60,cycle_market_average,same_season_median,development,development,cycle_market_average,449,2022-12-31,0
205,39.96818604964267,0.6652073151180593,30.12821730129827,7.275705009103775,0.6379235009725595,0.7073170731707317,甘蓝,60,cycle_market_average,linear,development,development,cycle_market_average,449,2022-12-31,0
205,38.61767581078912,0.6427302057263197,29.741655953145425,7.029861625131622,0.6285599164072603,0.6341463414634146,甘蓝,60,cycle_market_average,elasticnet,development,development,cycle_market_average,449,2022-12-31,0
205,33.12124835190376,0.5512508539207354,27.816912984211456,6.029306214758044,0.5495035518495442,0.6682926829268293,甘蓝,60,cycle_market_average,extra_trees,development,development,cycle_market_average,449,2022-12-31,0
205,22.058086671301556,0.3671220053127516,20.07919606307214,4.015396933108221,0.2669881330728096,0.6146341463414634,甘蓝,60,cycle_market_average,catboost,development,development,cycle_market_average,449,2022-12-31,0
205,10.88777216935082,0.9251917576372728,10.493593416012857,2.8948589706767582,0.4545670905852026,0.0,芸豆,60,cycle_market_average,last_value,development,development,cycle_market_average,449,2022-12-31,0
205,15.095283634370018,1.2827263264224489,13.422994386743264,4.013559116058508,0.7602192093847077,0.5707317073170731,芸豆,60,cycle_market_average,seasonal_naive,development,development,cycle_market_average,449,2022-12-31,0
205,13.088713381074616,1.1122174077388822,12.759925677480732,3.4800488801998832,0.4360792410619085,0.6341463414634146,芸豆,60,cycle_market_average,same_season_mean,development,development,cycle_market_average,449,2022-12-31,0
205,8.981526278512128,0.7632079322226898,8.75859398725138,2.3880231431468433,0.0784207491217879,0.775609756097561,芸豆,60,cycle_market_average,same_season_median,development,development,cycle_market_average,449,2022-12-31,0
205,25.21622878409961,2.1427567244122208,24.40185840765122,6.7045328435303455,0.5088014407841305,0.5804878048780487,芸豆,60,cycle_market_average,linear,development,development,cycle_market_average,449,2022-12-31,0
205,19.384065960137978,1.6471669113632998,17.417473119041595,5.153867693049017,1.2721218237715608,0.5804878048780487,芸豆,60,cycle_market_average,elasticnet,development,development,cycle_market_average,449,2022-12-31,0
205,13.79110127780014,1.1719030332834677,13.027297949934708,3.666800942247475,0.8558457346428515,0.5902439024390244,芸豆,60,cycle_market_average,extra_trees,development,development,cycle_market_average,449,2022-12-31,0
205,11.50388624722446,0.9775462391369502,11.410311146510905,3.0586724062952486,0.5532891079675321,0.6634146341463415,芸豆,60,cycle_market_average,catboost,development,development,cycle_market_average,449,2022-12-31,0
205,12.785589562129774,0.3603130986191151,12.161475331606573,2.8509408015076576,0.0678324548809343,0.0,芹菜,60,cycle_market_average,last_value,development,development,cycle_market_average,449,2022-12-31,0
205,31.2160694930436,0.8797059119637963,26.19174346613961,6.960583690564831,0.7698351107614144,0.6,芹菜,60,cycle_market_average,seasonal_naive,development,development,cycle_market_average,449,2022-12-31,0
205,33.428489853808266,0.942054545303028,29.3702580693259,7.453910920094605,0.7431530905164428,0.4878048780487805,芹菜,60,cycle_market_average,same_season_mean,development,development,cycle_market_average,449,2022-12-31,0
205,32.997664736078264,0.929913381817534,29.307931713303205,7.357845197002036,0.6449544061004467,0.4536585365853658,芹菜,60,cycle_market_average,same_season_median,development,development,cycle_market_average,449,2022-12-31,0
205,38.173334926449904,1.075769914647824,30.5373970105514,8.511920200675116,0.6925397743899138,0.5317073170731708,芹菜,60,cycle_market_average,linear,development,development,cycle_market_average,449,2022-12-31,0
205,31.987960265138653,0.9014587106546644,26.850189064219215,7.132700501117796,0.5904004439393111,0.5707317073170731,芹菜,60,cycle_market_average,elasticnet,development,development,cycle_market_average,449,2022-12-31,0
205,19.520078003068814,0.5500989810751415,18.283588721082193,4.352602322883493,0.415641457409938,0.6146341463414634,芹菜,60,cycle_market_average,extra_trees,development,development,cycle_market_average,449,2022-12-31,0
205,16.604038617851113,0.4679215279762834,15.77988746005891,3.7023815707060224,0.4330654918680242,0.5853658536585366,芹菜,60,cycle_market_average,catboost,development,development,cycle_market_average,449,2022-12-31,0
205,27.143576565860997,0.8256096559251207,27.9227322763451,5.01590894839238,0.267531565542656,0.0,茄子,60,cycle_market_average,last_value,development,development,cycle_market_average,449,2022-12-31,0
205,50.46745507622513,1.535037879765019,48.30681936653994,9.32596921799198,1.4077704362059322,0.5219512195121951,茄子,60,cycle_market_average,seasonal_naive,development,development,cycle_market_average,449,2022-12-31,0
205,44.67301087100413,1.3587917953574586,45.47437740134605,8.25520374722188,1.168953792126052,0.751219512195122,茄子,60,cycle_market_average,same_season_mean,development,development,cycle_market_average,449,2022-12-31,0
205,40.42602809486522,1.22961390385815,42.18819634657761,7.470396378199772,0.9571413216402171,0.7463414634146341,茄子,60,cycle_market_average,same_season_median,development,development,cycle_market_average,449,2022-12-31,0
205,61.78389652154801,1.87924319498205,57.750396390744015,11.417154208732825,1.1364003848302788,0.7073170731707317,茄子,60,cycle_market_average,linear,development,development,cycle_market_average,449,2022-12-31,0
205,43.35300912092587,1.3186421051330193,44.725533150969845,8.011278317054416,1.1154616412628098,0.6926829268292682,茄子,60,cycle_market_average,elasticnet,development,development,cycle_market_average,449,2022-12-31,0
205,48.061276165831,1.4618505996184772,47.956401107391265,8.881327212219661,1.3324546511114133,0.7268292682926829,茄子,60,cycle_market_average,extra_trees,development,development,cycle_market_average,449,2022-12-31,0
205,44.681627258919946,1.359053874787015,45.963252665798024,8.256795984602421,1.181145703903297,0.7121951219512195,茄子,60,cycle_market_average,catboost,development,development,cycle_market_average,449,2022-12-31,0
205,12.636927864398196,0.5488801653426764,12.57794911737074,4.029798657383137,0.1176111265348162,0.0,西红柿,60,cycle_market_average,last_value,development,development,cycle_market_average,449,2022-12-31,0
205,26.51807619517286,1.151802574388544,21.50120651108852,8.456367638906388,1.0874953571608936,0.7658536585365854,西红柿,60,cycle_market_average,seasonal_naive,development,development,cycle_market_average,449,2022-12-31,0
205,15.304512692080984,0.6647456998298334,15.603294362583112,4.880466626085962,0.3559848177660739,0.8634146341463415,西红柿,60,cycle_market_average,same_season_mean,development,development,cycle_market_average,449,2022-12-31,0
205,18.14161550784878,0.7879741837875488,18.336536879617636,5.785192303127202,0.2309769801933528,0.8439024390243902,西红柿,60,cycle_market_average,same_season_median,development,development,cycle_market_average,449,2022-12-31,0
205,21.08595873993788,0.9158606145242189,19.531410274178867,6.724115950620289,0.2886114004241216,0.7268292682926829,西红柿,60,cycle_market_average,linear,development,development,cycle_market_average,449,2022-12-31,0
205,13.35697517995542,0.5801551471941631,12.648667615398743,4.259415043313423,0.1364637122368817,0.8097560975609757,西红柿,60,cycle_market_average,elasticnet,development,development,cycle_market_average,449,2022-12-31,0
205,14.01113663486106,0.6085684016957558,14.012211735632876,4.468021041620757,0.3430545824772779,0.7463414634146341,西红柿,60,cycle_market_average,extra_trees,development,development,cycle_market_average,449,2022-12-31,0
205,13.76925092375454,0.5980621876435082,13.56673140225942,4.390885940089998,0.4643342506573589,0.775609756097561,西红柿,60,cycle_market_average,catboost,development,development,cycle_market_average,449,2022-12-31,0
205,23.488432348170026,1.03847675093629,20.32384912399649,5.175056556389966,0.4925297869119504,0.0,青椒,60,cycle_market_average,last_value,development,development,cycle_market_average,449,2022-12-31,0
205,41.839156747780265,1.8498038062865485,39.92700263709099,9.218154674264444,1.6800626252619917,0.4780487804878048,青椒,60,cycle_market_average,seasonal_naive,development,development,cycle_market_average,449,2022-12-31,0
205,28.78850680398452,1.2728050372607485,30.57021146738258,6.342788172333874,1.2728050372607485,0.7121951219512195,青椒,60,cycle_market_average,same_season_mean,development,development,cycle_market_average,449,2022-12-31,0
205,23.39538841102979,1.034363067906982,25.997166218964647,5.1545567788913,0.9318956405704868,0.7951219512195122,青椒,60,cycle_market_average,same_season_median,development,development,cycle_market_average,449,2022-12-31,0
205,38.53190425652715,1.7035826889836698,37.212580856915615,8.489488817182247,1.407463974921414,0.6341463414634146,青椒,60,cycle_market_average,linear,development,development,cycle_market_average,449,2022-12-31,0
205,33.506950380988265,1.481418106140367,33.88375894827379,7.382372764748436,1.4058034352088542,0.624390243902439,青椒,60,cycle_market_average,elasticnet,development,development,cycle_market_average,449,2022-12-31,0
205,37.18874108106594,1.64419840527523,36.19607427195877,8.193558237634072,1.4743750654166736,0.551219512195122,青椒,60,cycle_market_average,extra_trees,development,development,cycle_market_average,449,2022-12-31,0
205,34.60294254897894,1.5298744002342235,34.16379415939349,7.623845731979222,1.2471860604054317,0.5902439024390244,青椒,60,cycle_market_average,catboost,development,development,cycle_market_average,449,2022-12-31,0
205,19.8915291910739,0.8934031957994267,17.618940383307933,5.854953652986296,0.2020882809398931,0.0,韭菜,60,cycle_market_average,last_value,development,development,cycle_market_average,449,2022-12-31,0
205,24.00688998893752,1.078239487336475,21.525485967972344,7.066285698167652,0.9857542624872406,0.6439024390243903,韭菜,60,cycle_market_average,seasonal_naive,development,development,cycle_market_average,449,2022-12-31,0
205,12.528109062104418,0.5626843751374542,11.619217022642465,3.687574605932994,0.3394497332051142,0.9707317073170731,韭菜,60,cycle_market_average,same_season_mean,development,development,cycle_market_average,449,2022-12-31,0
205,13.34029342398388,0.5991626216066617,12.607421363024876,3.926636256287075,0.2627712077691614,0.9219512195121952,韭菜,60,cycle_market_average,same_season_median,development,development,cycle_market_average,449,2022-12-31,0
205,19.194855133388486,0.8621129504096452,20.141694705701823,5.649891775651274,0.1207025609912084,0.6195121951219512,韭菜,60,cycle_market_average,linear,development,development,cycle_market_average,449,2022-12-31,0
205,14.359730416302796,0.644949361183354,14.529358926517425,4.226701489323327,0.1195842085512886,0.6634146341463415,韭菜,60,cycle_market_average,elasticnet,development,development,cycle_market_average,449,2022-12-31,0
205,14.457175692089294,0.6493259940689886,13.428694571038688,4.255383928363179,0.4347496123148819,0.7609756097560976,韭菜,60,cycle_market_average,extra_trees,development,development,cycle_market_average,449,2022-12-31,0
205,17.336128502998474,0.7786305647289553,16.63409880634454,5.102786614958631,0.6306529021050121,0.5951219512195122,韭菜,60,cycle_market_average,catboost,development,development,cycle_market_average,449,2022-12-31,0
205,24.96145830231032,0.9289392268635353,21.56798292351139,4.714145600757404,0.2293350526379962,0.0,黄瓜,60,cycle_market_average,last_value,development,development,cycle_market_average,449,2022-12-31,0
205,22.671949029085148,0.8437352716935828,22.391080272432397,4.281755796541969,0.6445778450664151,0.7414634146341463,黄瓜,60,cycle_market_average,seasonal_naive,development,development,cycle_market_average,449,2022-12-31,0
205,20.308064662528363,0.7557634517274066,19.262224677914983,3.83531973690392,0.5876183968677958,0.8292682926829268,黄瓜,60,cycle_market_average,same_season_mean,development,development,cycle_market_average,449,2022-12-31,0
205,14.882119714068176,0.5538372243258529,13.559399916633266,2.8105921669458773,0.330164320930679,0.8926829268292683,黄瓜,60,cycle_market_average,same_season_median,development,development,cycle_market_average,449,2022-12-31,0
205,27.408341342680767,1.019999837674757,24.8356133900345,5.176256539174117,0.4950315262086337,0.6926829268292682,黄瓜,60,cycle_market_average,linear,development,development,cycle_market_average,449,2022-12-31,0
205,26.699029172952244,0.9936028263073752,24.708230879052785,5.042297985791843,0.6109005664105892,0.6682926829268293,黄瓜,60,cycle_market_average,elasticnet,development,development,cycle_market_average,449,2022-12-31,0
205,26.53346735639028,0.9874414528806889,24.929677125691736,5.011030481315682,0.8065630821433796,0.7365853658536585,黄瓜,60,cycle_market_average,extra_trees,development,development,cycle_market_average,449,2022-12-31,0
205,22.203948904409263,0.8263186741245131,22.143798277654085,4.193370706930016,0.6755271757304673,0.6926829268292682,黄瓜,60,cycle_market_average,catboost,development,development,cycle_market_average,449,2022-12-31,0
207,9.075482528832971,0.1899199236788878,8.928895195053526,6.306431915461634,0.0146727368604051,0.0,土豆,60,cycle_market_average,last_value,tuning,tuning,cycle_market_average,695,2023-12-31,0
207,29.655619208660745,0.6205943230969183,25.228026884771165,20.607294747811547,0.6205943230969183,0.5652173913043478,土豆,60,cycle_market_average,seasonal_naive,tuning,tuning,cycle_market_average,695,2023-12-31,0
207,15.779863424727107,0.3302205086909932,14.84816661896483,10.965216891461688,0.3302205086909932,0.6859903381642513,土豆,60,cycle_market_average,same_season_mean,tuning,tuning,cycle_market_average,695,2023-12-31,0
207,13.074679770580438,0.2736099349280379,12.634611504470556,9.085420805744418,0.2736099349280379,0.7004830917874396,土豆,60,cycle_market_average,same_season_median,tuning,tuning,cycle_market_average,695,2023-12-31,0
207,11.944166136733152,0.2499520123463911,11.408596720303825,8.299841941071554,0.1274228961395526,0.7053140096618358,土豆,60,cycle_market_average,linear,tuning,tuning,cycle_market_average,695,2023-12-31,0
207,5.017913601536413,0.1050083855269782,5.00698776445823,3.486881318455642,0.0292649167354671,0.8405797101449275,土豆,60,cycle_market_average,elasticnet,tuning,tuning,cycle_market_average,695,2023-12-31,0
207,9.127265901936996,0.1910035789265847,8.993135257111822,6.342415491629178,0.0983989290806311,0.7439613526570048,土豆,60,cycle_market_average,extra_trees,tuning,tuning,cycle_market_average,695,2023-12-31,0
207,10.360237038953878,0.2168055992044673,10.120063496736558,7.199190710425853,0.1744033257480325,0.6908212560386473,土豆,60,cycle_market_average,catboost,tuning,tuning,cycle_market_average,695,2023-12-31,0
207,21.33069277805788,1.2722283980037024,20.59503031742058,7.42329332616924,0.1869954937208027,0.0,尖椒,60,cycle_market_average,last_value,tuning,tuning,cycle_market_average,695,2023-12-31,0
207,36.122849755157546,2.1544783263020104,47.09417567016074,12.57111113547667,-2.1544783263020104,0.6231884057971014,尖椒,60,cycle_market_average,seasonal_naive,tuning,tuning,cycle_market_average,695,2023-12-31,0
207,21.29711296732359,1.2702255943788854,25.213475007867576,7.411607217916146,-1.2063995716410023,0.7246376811594203,尖椒,60,cycle_market_average,same_season_mean,tuning,tuning,cycle_market_average,695,2023-12-31,0
207,27.661797318486354,1.6498350266711397,34.04458485685042,9.626580700435268,-1.648028660868569,0.6473429951690821,尖椒,60,cycle_market_average,same_season_median,tuning,tuning,cycle_market_average,695,2023-12-31,0
207,16.141755872748135,0.9627441747263766,17.4036927302074,5.617491653439594,-0.6018077178524868,0.6038647342995169,尖椒,60,cycle_market_average,linear,tuning,tuning,cycle_market_average,695,2023-12-31,0
207,15.52883133036587,0.926187461976087,16.69406387733458,5.404187814119761,-0.6453243078379811,0.6231884057971014,尖椒,60,cycle_market_average,elasticnet,tuning,tuning,cycle_market_average,695,2023-12-31,0
207,15.237431640237808,0.9088074844569436,15.642239613569023,5.302777822541775,-0.6097443400430965,0.7971014492753623,尖椒,60,cycle_market_average,extra_trees,tuning,tuning,cycle_market_average,695,2023-12-31,0
207,17.661072733212315,1.053360924756956,18.32357676712788,6.146229038013514,-0.9247633609839075,0.8067632850241546,尖椒,60,cycle_market_average,catboost,tuning,tuning,cycle_market_average,695,2023-12-31,0
207,25.938878186601222,0.635050192679467,27.76217695534209,7.958194902844893,-0.014439772047783,0.0,甘蓝,60,cycle_market_average,last_value,tuning,tuning,cycle_market_average,695,2023-12-31,0
207,33.00179701556197,0.8079685406104834,37.775421831398894,10.12513844679804,-0.7868681043344324,0.7584541062801933,甘蓝,60,cycle_market_average,seasonal_naive,tuning,tuning,cycle_market_average,695,2023-12-31,0
207,24.474649687953008,0.5992021277206041,25.19376719699978,7.508961297184891,-0.4396500596506568,0.8067632850241546,甘蓝,60,cycle_market_average,same_season_mean,tuning,tuning,cycle_market_average,695,2023-12-31,0
207,28.02871724021967,0.6862148068205294,30.8070101421557,8.599369374023969,-0.6471450860574449,0.8019323671497585,甘蓝,60,cycle_market_average,same_season_median,tuning,tuning,cycle_market_average,695,2023-12-31,0
207,26.882573166905832,0.6581542635171433,26.64182349051021,8.247725873616783,-0.081384449434859,0.6038647342995169,甘蓝,60,cycle_market_average,linear,tuning,tuning,cycle_market_average,695,2023-12-31,0
207,25.761721815743236,0.6307129508512576,25.469443455423473,7.903842323777045,-0.0157331166233508,0.5748792270531401,甘蓝,60,cycle_market_average,elasticnet,tuning,tuning,cycle_market_average,695,2023-12-31,0
207,21.884631126797924,0.535791837789309,21.70727082050326,6.7143289170419,-0.1437482343359657,0.7053140096618358,甘蓝,60,cycle_market_average,extra_trees,tuning,tuning,cycle_market_average,695,2023-12-31,0
207,20.06825102703479,0.4913221994327215,21.10377575278559,6.1570532034364165,-0.3529074009518066,0.7681159420289855,甘蓝,60,cycle_market_average,catboost,tuning,tuning,cycle_market_average,695,2023-12-31,0
207,19.459597673557337,1.7402752966411876,19.851228067452993,5.969508975232229,0.0227792352270991,0.0,芸豆,60,cycle_market_average,last_value,tuning,tuning,cycle_market_average,695,2023-12-31,0
207,18.222787257144084,1.6296671201300537,18.79906417771673,5.590099749754139,-0.455938344929048,0.7198067632850241,芸豆,60,cycle_market_average,seasonal_naive,tuning,tuning,cycle_market_average,695,2023-12-31,0
207,14.158051796920487,1.266157101707589,13.825271841690268,4.343184206134178,-0.1785124588887619,0.8454106280193237,芸豆,60,cycle_market_average,same_season_mean,tuning,tuning,cycle_market_average,695,2023-12-31,0
207,15.838692072306843,1.4164570618023165,15.95274763593803,4.858744567471371,-0.4424381560772489,0.821256038647343,芸豆,60,cycle_market_average,same_season_median,tuning,tuning,cycle_market_average,695,2023-12-31,0
207,15.884609814932492,1.4205634937290943,16.294242765840337,4.87283048956105,-0.166131976772943,0.782608695652174,芸豆,60,cycle_market_average,linear,tuning,tuning,cycle_market_average,695,2023-12-31,0
207,14.5462560168697,1.3008742744550754,14.56128575571379,4.462271384301219,-0.0080818735887048,0.8260869565217391,芸豆,60,cycle_market_average,elasticnet,tuning,tuning,cycle_market_average,695,2023-12-31,0
207,14.069118014621797,1.2582037376675097,13.765530908258864,4.315902500698161,0.2001967305251821,0.7777777777777778,芸豆,60,cycle_market_average,extra_trees,tuning,tuning,cycle_market_average,695,2023-12-31,0
207,11.794412184397515,1.0547763888665551,12.280524480265628,3.618104062244906,-0.1844763329986194,0.8115942028985508,芸豆,60,cycle_market_average,catboost,tuning,tuning,cycle_market_average,695,2023-12-31,0
207,25.131145332141394,1.1946359785213183,25.79832597304352,10.599301573686972,-0.0334141406354023,0.0,芹菜,60,cycle_market_average,last_value,tuning,tuning,cycle_market_average,695,2023-12-31,0
207,43.06586331747093,2.047182055778929,51.31110705716975,18.163440893768556,-1.936578265129563,0.6763285024154589,芹菜,60,cycle_market_average,seasonal_naive,tuning,tuning,cycle_market_average,695,2023-12-31,0
207,30.99070000899186,1.4731762019199612,33.71726179213962,13.070624956947748,-1.4379218352500889,0.8164251207729468,芹菜,60,cycle_market_average,same_season_mean,tuning,tuning,cycle_market_average,695,2023-12-31,0
207,36.89567873853315,1.7538757064384067,42.261961058223456,15.561106370087623,-1.7352981986064169,0.8115942028985508,芹菜,60,cycle_market_average,same_season_median,tuning,tuning,cycle_market_average,695,2023-12-31,0
207,27.37173436387657,1.3011447840299852,29.547412392454437,11.544291487046914,-0.7643410628201197,0.6328502415458938,芹菜,60,cycle_market_average,linear,tuning,tuning,cycle_market_average,695,2023-12-31,0
207,24.78056087522972,1.1779705699137213,26.17038161041354,10.451439216570218,-0.6149006411804235,0.6521739130434783,芹菜,60,cycle_market_average,elasticnet,tuning,tuning,cycle_market_average,695,2023-12-31,0
207,25.96084665798977,1.234076721956821,27.429195173040128,10.949236065431265,-1.1267021588988508,0.7777777777777778,芹菜,60,cycle_market_average,extra_trees,tuning,tuning,cycle_market_average,695,2023-12-31,0
207,26.780073185118212,1.27301953458761,28.342088361751777,11.294752710352864,-1.186179543205839,0.8019323671497585,芹菜,60,cycle_market_average,catboost,tuning,tuning,cycle_market_average,695,2023-12-31,0
207,16.997889322778143,0.7008722355597186,18.374334149445836,4.709579119659612,0.1546812209740393,0.0,茄子,60,cycle_market_average,last_value,tuning,tuning,cycle_market_average,695,2023-12-31,0
207,28.746208287591784,1.1852894723459029,40.89217454962109,7.964667833153142,-1.090159973287106,0.6280193236714976,茄子,60,cycle_market_average,seasonal_naive,tuning,tuning,cycle_market_average,695,2023-12-31,0
207,13.588461832072197,0.5602916598180191,14.87538006254554,3.764934274919687,-0.3041119629854855,0.7729468599033816,茄子,60,cycle_market_average,same_season_mean,tuning,tuning,cycle_market_average,695,2023-12-31,0
207,12.282017042291567,0.5064231551430374,13.598996977464752,3.4029596211199453,-0.4176859287844148,0.8019323671497585,茄子,60,cycle_market_average,same_season_median,tuning,tuning,cycle_market_average,695,2023-12-31,0
207,24.27675176294873,1.0010008276395397,22.44467413682508,6.726322370079788,0.576114370606109,0.6570048309178744,茄子,60,cycle_market_average,linear,tuning,tuning,cycle_market_average,695,2023-12-31,0
207,21.138364714471713,0.8715960347885735,20.414382774724015,5.8567742848883615,0.3853122781588523,0.7246376811594203,茄子,60,cycle_market_average,elasticnet,tuning,tuning,cycle_market_average,695,2023-12-31,0
207,16.602395353655186,0.6845648730968896,18.049355196910785,4.6000002123280535,0.0083802200314314,0.6570048309178744,茄子,60,cycle_market_average,extra_trees,tuning,tuning,cycle_market_average,695,2023-12-31,0
207,11.872590837164394,0.4895413262150376,13.248920751653598,3.289520530530946,-0.0604427905947844,0.7391304347826086,茄子,60,cycle_market_average,catboost,tuning,tuning,cycle_market_average,695,2023-12-31,0
207,16.03451798702326,0.8737520939189037,15.713733400807053,7.1625791776484675,0.0626894228342958,0.0,西红柿,60,cycle_market_average,last_value,tuning,tuning,cycle_market_average,695,2023-12-31,0
207,22.721131074239196,1.2381186555398245,25.69748607156322,10.14947256017763,-1.120964366106199,0.5652173913043478,西红柿,60,cycle_market_average,seasonal_naive,tuning,tuning,cycle_market_average,695,2023-12-31,0
207,17.86692365451316,0.9736034452457044,19.71342787835893,7.981110217346076,-0.8742207570573156,0.5845410628019324,西红柿,60,cycle_market_average,same_season_mean,tuning,tuning,cycle_market_average,695,2023-12-31,0
207,20.914475586496593,1.1396704816263512,23.478495644307348,9.34244406152478,-1.0572139588082166,0.5700483091787439,西红柿,60,cycle_market_average,same_season_median,tuning,tuning,cycle_market_average,695,2023-12-31,0
207,14.290327757160592,0.7787077734866484,15.049100246069589,6.383453753835743,-0.4358869241371587,0.6328502415458938,西红柿,60,cycle_market_average,linear,tuning,tuning,cycle_market_average,695,2023-12-31,0
207,13.816208588244503,0.7528720971699181,14.284663506334402,6.171665904038781,-0.285386191085769,0.6328502415458938,西红柿,60,cycle_market_average,elasticnet,tuning,tuning,cycle_market_average,695,2023-12-31,0
207,15.01872996773044,0.8183998276672378,15.21800474027416,6.708829203886879,-0.3083043538897828,0.5555555555555556,西红柿,60,cycle_market_average,extra_trees,tuning,tuning,cycle_market_average,695,2023-12-31,0
207,12.682470322795908,0.6910924924326012,13.43038039832852,5.665227849612866,-0.4683883063124547,0.6521739130434783,西红柿,60,cycle_market_average,catboost,tuning,tuning,cycle_market_average,695,2023-12-31,0
207,23.18757795662507,1.5233220379007697,21.486537149662695,8.215616213111083,0.4652217828504006,0.0,青椒,60,cycle_market_average,last_value,tuning,tuning,cycle_market_average,695,2023-12-31,0
207,32.62000373121996,2.142990986515486,43.36591154185484,11.557629349096576,-2.142990986515486,0.642512077294686,青椒,60,cycle_market_average,seasonal_naive,tuning,tuning,cycle_market_average,695,2023-12-31,0
207,19.928276107147283,1.3092002204014273,22.77274126962761,7.060809395077639,-1.2913042492089692,0.6908212560386473,青椒,60,cycle_market_average,same_season_mean,tuning,tuning,cycle_market_average,695,2023-12-31,0
207,25.03397703603068,1.644622348510168,29.745333460029627,8.869815898865843,-1.6344400528983918,0.6280193236714976,青椒,60,cycle_market_average,same_season_median,tuning,tuning,cycle_market_average,695,2023-12-31,0
207,18.09514829551692,1.1887717738008845,17.410437758795254,6.411311866784378,0.1627125089030518,0.6376811594202898,青椒,60,cycle_market_average,linear,tuning,tuning,cycle_market_average,695,2023-12-31,0
207,17.012496477178367,1.1176463040630136,17.239377531665635,6.0277163119345,-0.2384607655171838,0.5603864734299517,青椒,60,cycle_market_average,elasticnet,tuning,tuning,cycle_market_average,695,2023-12-31,0
207,16.150288573911247,1.0610030314126349,16.11219684104204,5.7222264827507665,-0.7649745415863031,0.714975845410628,青椒,60,cycle_market_average,extra_trees,tuning,tuning,cycle_market_average,695,2023-12-31,0
207,17.945259904075634,1.178924764754268,17.714710505145497,6.3582047461879245,-0.9339692022461108,0.7198067632850241,青椒,60,cycle_market_average,catboost,tuning,tuning,cycle_market_average,695,2023-12-31,0
207,18.337985962215924,0.9452553192119147,18.93322872810645,6.338233734619023,0.0564811470597465,0.0,韭菜,60,cycle_market_average,last_value,tuning,tuning,cycle_market_average,695,2023-12-31,0
207,15.359156281295425,0.7917076719011313,15.527947474724046,5.308648543955412,-0.6183718309732605,0.8743961352657005,韭菜,60,cycle_market_average,seasonal_naive,tuning,tuning,cycle_market_average,695,2023-12-31,0
207,10.35422339518616,0.5337219016730823,10.23828986523328,3.5787729445518752,-0.3983852955322804,0.893719806763285,韭菜,60,cycle_market_average,same_season_mean,tuning,tuning,cycle_market_average,695,2023-12-31,0
207,13.48914885495154,0.6953157087728237,13.55152104068467,4.662310163172363,-0.5311517031817993,0.8888888888888888,韭菜,60,cycle_market_average,same_season_median,tuning,tuning,cycle_market_average,695,2023-12-31,0
207,13.036074184449348,0.6719613860475906,13.941566008258269,4.505712095816694,-0.3554570254965587,0.821256038647343,韭菜,60,cycle_market_average,linear,tuning,tuning,cycle_market_average,695,2023-12-31,0
207,11.629964024846055,0.5994816104331088,12.537206408654914,4.019712440971763,-0.1695413610761333,0.855072463768116,韭菜,60,cycle_market_average,elasticnet,tuning,tuning,cycle_market_average,695,2023-12-31,0
207,11.280935572476888,0.5814904852442231,11.93231594889013,3.899076297193148,-0.2061090054783991,0.8454106280193237,韭菜,60,cycle_market_average,extra_trees,tuning,tuning,cycle_market_average,695,2023-12-31,0
207,11.01264498390723,0.5676610981750816,11.91199712423253,3.8063459143333978,-0.199757748338009,0.8067632850241546,韭菜,60,cycle_market_average,catboost,tuning,tuning,cycle_market_average,695,2023-12-31,0
207,28.852796461191097,1.3416007817476037,28.61879062120335,6.8430908608910554,0.1022653308711675,0.0,黄瓜,60,cycle_market_average,last_value,tuning,tuning,cycle_market_average,695,2023-12-31,0
207,25.243419295146783,1.1737715304616745,28.533309005904268,5.98704573085699,-0.8915583326809499,0.8115942028985508,黄瓜,60,cycle_market_average,seasonal_naive,tuning,tuning,cycle_market_average,695,2023-12-31,0
207,19.3678908087509,0.9005705039638907,20.127503892074195,4.593531748867707,-0.5035908267174677,0.8502415458937198,黄瓜,60,cycle_market_average,same_season_mean,tuning,tuning,cycle_market_average,695,2023-12-31,0
207,23.09868198212612,1.074045278288439,25.04806561794276,5.478372946730684,-0.7384593068099919,0.8599033816425121,黄瓜,60,cycle_market_average,same_season_median,tuning,tuning,cycle_market_average,695,2023-12-31,0
207,19.751859159806113,0.9184243102885188,21.100026393011134,4.684598495812376,-0.6394978758162861,0.821256038647343,黄瓜,60,cycle_market_average,linear,tuning,tuning,cycle_market_average,695,2023-12-31,0
207,18.961198647683272,0.8816600832026712,20.169619036118927,4.497075538311435,-0.5022978742820333,0.7681159420289855,黄瓜,60,cycle_market_average,elasticnet,tuning,tuning,cycle_market_average,695,2023-12-31,0
207,14.600022960188149,0.6788736143225395,14.57417773413822,3.46272444759549,-0.3371811810901239,0.8985507246376812,黄瓜,60,cycle_market_average,extra_trees,tuning,tuning,cycle_market_average,695,2023-12-31,0
207,16.26645842707038,0.756359730030883,16.612005360593965,3.8579571706705336,-0.5397301654660127,0.893719806763285,黄瓜,60,cycle_market_average,catboost,tuning,tuning,cycle_market_average,695,2023-12-31,0
196,14.93758318064492,0.395099165856819,13.970099035708818,13.668999148258976,0.1767340864917395,0.0,土豆,60,harvest_market_price,last_value,development,development,harvest_post_14,421,2022-12-31,0
196,18.212346470545775,0.4817166747651442,18.55019743575942,16.665651021528877,-0.1739499919015225,0.3622448979591837,土豆,60,harvest_market_price,seasonal_naive,development,development,harvest_post_14,421,2022-12-31,0
196,20.319338369489035,0.5374466232897632,21.20150394546028,18.59370525384683,-0.3595394546386128,0.5663265306122449,土豆,60,harvest_market_price,same_season_mean,development,development,harvest_post_14,421,2022-12-31,0
196,21.45994235998,0.567615605766116,22.626635030722703,19.63744270360533,-0.3906638726919339,0.5153061224489796,土豆,60,harvest_market_price,same_season_median,development,development,harvest_post_14,421,2022-12-31,0
196,24.36464649900603,0.6444450478861156,25.86541010794364,22.29546294169428,-0.435771370222342,0.5459183673469388,土豆,60,harvest_market_price,linear,development,development,harvest_post_14,421,2022-12-31,0
196,17.939374305964712,0.4744965593539809,18.094962521804007,16.41586119676046,-0.2315545598026551,0.4489795918367347,土豆,60,harvest_market_price,elasticnet,development,development,harvest_post_14,421,2022-12-31,0
196,17.160965692228945,0.4539076467927264,17.354745871055993,15.703559444229414,-0.2588504891004164,0.5204081632653061,土豆,60,harvest_market_price,extra_trees,development,development,harvest_post_14,421,2022-12-31,0
196,16.88604395263864,0.4466359651107272,17.003661244989136,15.45198561338595,-0.2644197353559724,0.5255102040816326,土豆,60,harvest_market_price,catboost,development,development,harvest_post_14,421,2022-12-31,0
196,44.73713796836381,1.5445593618399742,34.84920047934318,7.829048177320652,0.7760498056365404,0.0,尖椒,60,harvest_market_price,last_value,development,development,harvest_post_14,421,2022-12-31,0
196,57.66053585853188,1.9907424684159376,46.55208932290582,10.090656972419673,1.481681243926142,0.3979591836734694,尖椒,60,harvest_market_price,seasonal_naive,development,development,harvest_post_14,421,2022-12-31,0
196,41.83053160339594,1.4442081485958569,36.79182167073075,7.32038887774873,1.2621329606259315,0.6071428571428571,尖椒,60,harvest_market_price,same_season_mean,development,development,harvest_post_14,421,2022-12-31,0
196,42.765512932302066,1.4764885811467447,36.23224770257049,7.484011635066773,1.3742640913508262,0.6275510204081632,尖椒,60,harvest_market_price,same_season_median,development,development,harvest_post_14,421,2022-12-31,0
196,76.64116862821072,2.646052918958965,52.138683916279646,13.41228851029164,2.355961195561016,0.5561224489795918,尖椒,60,harvest_market_price,linear,development,development,harvest_post_14,421,2022-12-31,0
196,80.91700618686711,2.793677135233148,56.83568672717867,14.16056476946563,2.7898430169060284,0.3520408163265306,尖椒,60,harvest_market_price,elasticnet,development,development,harvest_post_14,421,2022-12-31,0
196,51.991889200391945,1.7950312168158806,41.79457437432959,9.098637594287592,1.7151885395225304,0.6071428571428571,尖椒,60,harvest_market_price,extra_trees,development,development,harvest_post_14,421,2022-12-31,0
196,40.58654457859277,1.401259227578023,35.58281908462701,7.102689784971876,1.2525124184380094,0.6785714285714286,尖椒,60,harvest_market_price,catboost,development,development,harvest_post_14,421,2022-12-31,0
196,25.536825787715212,0.3971913670229997,22.59590902033436,4.153893778626989,0.2108574667962423,0.0,甘蓝,60,harvest_market_price,last_value,development,development,harvest_post_14,421,2022-12-31,0
196,29.73908437049222,0.4625519112406867,24.68712701483433,4.837445286879692,0.3744952218982831,0.6071428571428571,甘蓝,60,harvest_market_price,seasonal_naive,development,development,harvest_post_14,421,2022-12-31,0
196,40.20851654657516,0.6253900068027982,33.16553162126963,6.540433338077073,0.5096256712440133,0.5867346938775511,甘蓝,60,harvest_market_price,same_season_mean,development,development,harvest_post_14,421,2022-12-31,0
196,45.252261935953086,0.703838759313249,35.009253502906496,7.3608635187142575,0.5738676708778749,0.5561224489795918,甘蓝,60,harvest_market_price,same_season_median,development,development,harvest_post_14,421,2022-12-31,0
196,74.62603822401404,1.1607087891074477,51.96930042790909,12.138886738673504,0.7755816893995026,0.5357142857142857,甘蓝,60,harvest_market_price,linear,development,development,harvest_post_14,421,2022-12-31,0
196,55.9736693117684,0.8705959940381356,42.64144369837413,9.104838583068153,0.769956910054006,0.5,甘蓝,60,harvest_market_price,elasticnet,development,development,harvest_post_14,421,2022-12-31,0
196,37.488775144643256,0.5830880459262804,31.538668507136812,6.098032352814686,0.5798127908989618,0.5255102040816326,甘蓝,60,harvest_market_price,extra_trees,development,development,harvest_post_14,421,2022-12-31,0
196,31.36814238385066,0.4878897423659976,27.58650134788092,5.102432564584637,0.445755066990873,0.5357142857142857,甘蓝,60,harvest_market_price,catboost,development,development,harvest_post_14,421,2022-12-31,0
196,19.621618746896463,1.5710526401036604,17.759477288670666,4.728017403579374,1.0361138645934562,0.0,芸豆,60,harvest_market_price,last_value,development,development,harvest_post_14,421,2022-12-31,0
196,18.78454998442053,1.5040306932296732,15.851801135013362,4.526317649444416,0.7108833009394232,0.7704081632653061,芸豆,60,harvest_market_price,seasonal_naive,development,development,harvest_post_14,421,2022-12-31,0
196,15.26692818307017,1.222383746095315,14.306466405976314,3.678712907423562,0.4638889007887712,0.8571428571428571,芸豆,60,harvest_market_price,same_season_mean,development,development,harvest_post_14,421,2022-12-31,0
196,14.004607955882994,1.121313006154843,13.407280359934246,3.374544730474592,0.2171852931648849,0.8571428571428571,芸豆,60,harvest_market_price,same_season_median,development,development,harvest_post_14,421,2022-12-31,0
196,13.659623555864576,1.09369099089531,12.615041655665287,3.2914174274579406,1.007832696641474,0.7653061224489796,芸豆,60,harvest_market_price,linear,development,development,harvest_post_14,421,2022-12-31,0
196,13.175161121506854,1.0549013274966603,12.60688204631939,3.1746815530853927,0.7826535004019742,0.8163265306122449,芸豆,60,harvest_market_price,elasticnet,development,development,harvest_post_14,421,2022-12-31,0
196,15.802206734742592,1.265242125551334,14.511875931007998,3.807693413095158,0.6916167085088665,0.8112244897959183,芸豆,60,harvest_market_price,extra_trees,development,development,harvest_post_14,421,2022-12-31,0
196,11.042666284402834,0.8841579404675144,11.131183603213996,2.660836450246174,0.2482947428063051,0.8367346938775511,芸豆,60,harvest_market_price,catboost,development,development,harvest_post_14,421,2022-12-31,0
196,18.97186274870035,0.5333498947197927,17.865518652289474,4.1854812365903005,0.0991402251376742,0.0,芹菜,60,harvest_market_price,last_value,development,development,harvest_post_14,421,2022-12-31,0
196,30.076465991876105,0.8455300453514738,25.09832450823542,6.635325468004838,0.5894076773566569,0.5816326530612245,芹菜,60,harvest_market_price,seasonal_naive,development,development,harvest_post_14,421,2022-12-31,0
196,33.3414527780345,0.9373175720548484,29.669794791215136,7.355631170834012,0.6537202927922663,0.5306122448979592,芹菜,60,harvest_market_price,same_season_mean,development,development,harvest_post_14,421,2022-12-31,0
196,36.44566291884435,1.0245852364755428,31.32337585093028,8.040467102386545,0.7341912455458375,0.5408163265306123,芹菜,60,harvest_market_price,same_season_median,development,development,harvest_post_14,421,2022-12-31,0
196,38.34338586703413,1.0779353132724925,35.46848925380674,8.459133624335701,0.4526477031177783,0.4693877551020408,芹菜,60,harvest_market_price,linear,development,development,harvest_post_14,421,2022-12-31,0
196,34.421750334928916,0.9676876309081976,30.06158867357096,7.593961229100204,0.4851548848465896,0.576530612244898,芹菜,60,harvest_market_price,elasticnet,development,development,harvest_post_14,421,2022-12-31,0
196,30.63680817767048,0.8612827655645147,27.581231164993152,6.758945469676684,0.7726062785391999,0.5255102040816326,芹菜,60,harvest_market_price,extra_trees,development,development,harvest_post_14,421,2022-12-31,0
196,24.098747440769657,0.6774803602927106,22.472261422808185,5.316549912610957,0.5179692691886957,0.5204081632653061,芹菜,60,harvest_market_price,catboost,development,development,harvest_post_14,421,2022-12-31,0
196,55.56380963740288,1.5121013119533528,48.384263265970525,9.010819395862772,0.6598464528668613,0.0,茄子,60,harvest_market_price,last_value,development,development,harvest_post_14,421,2022-12-31,0
196,59.96883784035366,1.6319787819889862,51.6966512237969,9.725185704247648,1.545977648202138,0.6530612244897959,茄子,60,harvest_market_price,seasonal_naive,development,development,harvest_post_14,421,2022-12-31,0
196,55.82528416858912,1.5192170224172183,50.872367662542686,9.053222891816567,1.4280008271671885,0.7704081632653061,茄子,60,harvest_market_price,same_season_mean,development,development,harvest_post_14,421,2022-12-31,0
196,56.25274524354194,1.5308498542274054,50.68322027222551,9.12254453427228,1.4573464528668612,0.7397959183673469,茄子,60,harvest_market_price,same_season_median,development,development,harvest_post_14,421,2022-12-31,0
196,74.7220901809461,2.03347055091859,60.47466111388371,12.117730297755504,1.909168129069417,0.6173469387755102,茄子,60,harvest_market_price,linear,development,development,harvest_post_14,421,2022-12-31,0
196,74.49474726222779,2.0272836906600773,60.535322965955096,12.08086194774734,1.9648902135059376,0.6020408163265306,茄子,60,harvest_market_price,elasticnet,development,development,harvest_post_14,421,2022-12-31,0
196,69.50853315522595,1.8915899550778708,59.10206721577471,11.272244340702407,1.8909599810351423,0.6836734693877551,茄子,60,harvest_market_price,extra_trees,development,development,harvest_post_14,421,2022-12-31,0
196,54.58975773050941,1.4855936772908656,51.79820741816088,8.852856760246361,1.435906510143517,0.7244897959183674,茄子,60,harvest_market_price,catboost,development,development,harvest_post_14,421,2022-12-31,0
196,24.82570595388467,1.0409891075477808,23.81760441987159,7.385395695440338,0.3090545432458699,0.0,西红柿,60,harvest_market_price,last_value,development,development,harvest_post_14,421,2022-12-31,0
196,24.604227574500506,1.031702097505669,21.443717209498224,7.319508124195625,0.7500167233560092,0.8469387755102041,西红柿,60,harvest_market_price,seasonal_naive,development,development,harvest_post_14,421,2022-12-31,0
196,19.534449130207488,0.8191166367742393,19.21778190431954,5.811300463601023,0.3250414751306345,0.9132653061224488,西红柿,60,harvest_market_price,same_season_mean,development,development,harvest_post_14,421,2022-12-31,0
196,21.483747544506016,0.9008544298671848,20.066541886686956,6.391196968652326,0.4343606656948495,0.8979591836734694,西红柿,60,harvest_market_price,same_season_median,development,development,harvest_post_14,421,2022-12-31,0
196,36.4544334615089,1.5286037877733745,29.831959237211052,10.844824170013808,1.4499349108708768,0.6887755102040817,西红柿,60,harvest_market_price,linear,development,development,harvest_post_14,421,2022-12-31,0
196,24.042810024065595,1.0081607909311645,21.686815254465937,7.152492097822451,0.8307714392875756,0.7448979591836735,西红柿,60,harvest_market_price,elasticnet,development,development,harvest_post_14,421,2022-12-31,0
196,20.93517368638578,0.8778516837600084,19.98213279107011,6.22800181045952,0.6946035958213894,0.8418367346938775,西红柿,60,harvest_market_price,extra_trees,development,development,harvest_post_14,421,2022-12-31,0
196,16.078623270803394,0.6742072801620184,16.15420067794193,4.78322732547378,0.2673777044732319,0.8826530612244898,西红柿,60,harvest_market_price,catboost,development,development,harvest_post_14,421,2022-12-31,0
196,53.093838635062134,2.06489407191448,40.90274895668883,9.873127393033716,1.12392055393586,0.0,青椒,60,harvest_market_price,last_value,development,development,harvest_post_14,421,2022-12-31,0
196,50.82231972944527,1.9765515063168129,43.11518506954553,9.45072441544924,1.781984612892776,0.7142857142857143,青椒,60,harvest_market_price,seasonal_naive,development,development,harvest_post_14,421,2022-12-31,0
196,38.09066146222824,1.4813994066105332,35.16785113554575,7.083193884066757,1.3390965065031215,0.7908163265306123,青椒,60,harvest_market_price,same_season_mean,development,development,harvest_post_14,421,2022-12-31,0
196,39.816049810519345,1.5485021865889212,35.948225479406744,7.404040509646482,1.3996858600583093,0.8010204081632653,青椒,60,harvest_market_price,same_season_median,development,development,harvest_post_14,421,2022-12-31,0
196,49.62379194063448,1.9299390746342815,39.822172316348606,9.227850766693969,1.436341697179896,0.8163265306122449,青椒,60,harvest_market_price,linear,development,development,harvest_post_14,421,2022-12-31,0
196,53.232277189689555,2.0702781420462224,45.295044370456495,9.898870897761991,2.0119893886429283,0.7704081632653061,青椒,60,harvest_market_price,elasticnet,development,development,harvest_post_14,421,2022-12-31,0
196,41.09786709775789,1.5983538640291064,35.969083437666164,7.642402355330427,1.5152853647270952,0.8673469387755102,青椒,60,harvest_market_price,extra_trees,development,development,harvest_post_14,421,2022-12-31,0
196,36.60496657939843,1.42361864268206,34.17348087542964,6.806919739600015,1.276208534127535,0.8061224489795918,青椒,60,harvest_market_price,catboost,development,development,harvest_post_14,421,2022-12-31,0
196,37.259900956038734,1.6578197278911566,32.49437206415127,10.702186992226956,0.2521904761904762,0.0,韭菜,60,harvest_market_price,last_value,development,development,harvest_post_14,421,2022-12-31,0
196,26.29508581400094,1.169957806932297,23.16679348648455,7.552755593476246,0.8590961289277614,0.8061224489795918,韭菜,60,harvest_market_price,seasonal_naive,development,development,harvest_post_14,421,2022-12-31,0
196,16.116619789922172,0.7170832328882971,15.660090606613863,4.629187793007759,0.398803375331239,0.826530612244898,韭菜,60,harvest_market_price,same_season_mean,development,development,harvest_post_14,421,2022-12-31,0
196,18.709212658097535,0.832436507936508,17.358599419289956,5.373860026642075,0.4590782312925168,0.8520408163265306,韭菜,60,harvest_market_price,same_season_median,development,development,harvest_post_14,421,2022-12-31,0
196,34.46250196233768,1.5333539316988332,33.196642172126026,9.898688154219334,0.5969089412402975,0.7040816326530612,韭菜,60,harvest_market_price,linear,development,development,harvest_post_14,421,2022-12-31,0
196,26.71752925290159,1.1887537524114316,26.339816674038723,7.67409431313866,0.4036890726853984,0.7244897959183674,韭菜,60,harvest_market_price,elasticnet,development,development,harvest_post_14,421,2022-12-31,0
196,24.455101893135417,1.0880906638442789,22.96396323575085,7.024255745690088,0.9215805409745452,0.6989795918367347,韭菜,60,harvest_market_price,extra_trees,development,development,harvest_post_14,421,2022-12-31,0
196,18.43485962080824,0.820229608133911,17.120708187407832,5.295057414943784,0.6187684595288327,0.8622448979591837,韭菜,60,harvest_market_price,catboost,development,development,harvest_post_14,421,2022-12-31,0
196,50.328235569843976,1.7734201085195982,41.29520475158262,8.773103010344302,0.4450674198250729,0.0,黄瓜,60,harvest_market_price,last_value,development,development,harvest_post_14,421,2022-12-31,0
196,29.12899048677571,1.0264205944282474,26.085962834696936,5.077699053708645,0.6728435779073535,0.8316326530612245,黄瓜,60,harvest_market_price,seasonal_naive,development,development,harvest_post_14,421,2022-12-31,0
196,23.52910991107504,0.8290971495307203,21.252804573836418,4.101540669056567,0.7406857444828713,0.8622448979591837,黄瓜,60,harvest_market_price,same_season_mean,development,development,harvest_post_14,421,2022-12-31,0
196,21.32495540325985,0.7514291788143829,19.431512120793307,3.717317492367972,0.5855776239067055,0.8877551020408163,黄瓜,60,harvest_market_price,same_season_median,development,development,harvest_post_14,421,2022-12-31,0
196,29.9166372583798,1.0541749674428698,30.26336549402402,5.214999838939992,0.5155964729404995,0.7755102040816326,黄瓜,60,harvest_market_price,linear,development,development,harvest_post_14,421,2022-12-31,0
196,26.73043201653078,0.941902395559756,26.5237433225594,4.6595878225570955,0.6607755244371815,0.7959183673469388,黄瓜,60,harvest_market_price,elasticnet,development,development,harvest_post_14,421,2022-12-31,0
196,27.64883606152691,0.9742642731956526,24.03195740892296,4.819681916868952,0.9585534875090084,0.826530612244898,黄瓜,60,harvest_market_price,extra_trees,development,development,harvest_post_14,421,2022-12-31,0
196,20.993968709452,0.7397661739065976,20.39226186183615,3.6596206483011895,0.6899120954975844,0.8418367346938775,黄瓜,60,harvest_market_price,catboost,development,development,harvest_post_14,421,2022-12-31,0
197,14.090706790704209,0.2907989283699943,13.61957727516367,9.441708594970924,0.0591802030456852,0.0,土豆,60,harvest_market_price,last_value,tuning,tuning,harvest_post_14,664,2023-12-31,0
197,27.633613837177133,0.5702925630489082,23.50714598856537,18.516355009864157,0.5702925630489082,0.6954314720812182,土豆,60,harvest_market_price,seasonal_naive,tuning,tuning,harvest_post_14,664,2023-12-31,0
197,16.600115411664504,0.3425871990832202,15.724834908181414,11.123178892858716,0.3381269621965873,0.7360406091370558,土豆,60,harvest_market_price,same_season_mean,tuning,tuning,harvest_post_14,664,2023-12-31,0
197,15.170767522256783,0.3130888324873096,14.66013516118825,10.165420956860247,0.2957284263959391,0.7411167512690355,土豆,60,harvest_market_price,same_season_median,tuning,tuning,harvest_post_14,664,2023-12-31,0
197,9.49095652240258,0.1958709401108008,9.559941580786695,6.359570680384962,-0.0147244127188442,0.868020304568528,土豆,60,harvest_market_price,linear,tuning,tuning,harvest_post_14,664,2023-12-31,0
197,8.037760172292387,0.1658803975780432,7.925400966427554,5.385832693155859,-0.0057609947214135,0.868020304568528,土豆,60,harvest_market_price,elasticnet,tuning,tuning,harvest_post_14,664,2023-12-31,0
197,12.167582222235032,0.2511101766317364,11.88413257673358,8.153087517475084,0.2138446868483474,0.7563451776649747,土豆,60,harvest_market_price,extra_trees,tuning,tuning,harvest_post_14,664,2023-12-31,0
197,15.968699993352043,0.3295562752460506,15.412491604040548,10.700088662494196,0.2749439575706225,0.7157360406091371,土豆,60,harvest_market_price,catboost,tuning,tuning,harvest_post_14,664,2023-12-31,0
197,37.10401008987411,2.0858649182177103,35.10626762761897,11.878787500243444,0.4902084038353075,0.0,尖椒,60,harvest_market_price,last_value,tuning,tuning,harvest_post_14,664,2023-12-31,0
197,40.72956017606485,2.289681371364112,50.877394687320034,13.03950136758638,-2.132095358955765,0.6345177664974619,尖椒,60,harvest_market_price,seasonal_naive,tuning,tuning,harvest_post_14,664,2023-12-31,0
197,26.9360743095413,1.514257146348468,29.25357583832725,8.623539666973322,-1.2814711713559466,0.6548223350253807,尖椒,60,harvest_market_price,same_season_mean,tuning,tuning,harvest_post_14,664,2023-12-31,0
197,32.56049668009251,1.8304435984207557,37.7315737920108,10.424189192174548,-1.6687763677382963,0.6345177664974619,尖椒,60,harvest_market_price,same_season_median,tuning,tuning,harvest_post_14,664,2023-12-31,0
197,40.5000634982362,2.2767798260063254,50.6259030107037,12.966028385519614,-2.1238189784308017,0.6598984771573604,尖椒,60,harvest_market_price,linear,tuning,tuning,harvest_post_14,664,2023-12-31,0
197,27.135169132169978,1.5254495998033375,31.0491271591085,8.687279545349705,-1.4729047848232906,0.6598984771573604,尖椒,60,harvest_market_price,elasticnet,tuning,tuning,harvest_post_14,664,2023-12-31,0
197,21.19777003765886,1.1916686298569608,21.885785519165108,6.786431039298788,-0.9621748375777096,0.8781725888324873,尖椒,60,harvest_market_price,extra_trees,tuning,tuning,harvest_post_14,664,2023-12-31,0
197,22.509481763025533,1.2654087313750944,23.55782187435402,7.20637338001793,-1.138974974011911,0.8730964467005076,尖椒,60,harvest_market_price,catboost,tuning,tuning,harvest_post_14,664,2023-12-31,0
197,48.335905774808815,1.1631082910321489,48.83589232179405,14.14418189571377,0.0177580372250422,0.0,甘蓝,60,harvest_market_price,last_value,tuning,tuning,harvest_post_14,664,2023-12-31,0
197,38.61308655307071,0.929147812424462,43.411058344041656,11.299064556812514,-0.8458612924019014,0.8020304568527918,甘蓝,60,harvest_market_price,seasonal_naive,tuning,tuning,harvest_post_14,664,2023-12-31,0
197,28.626287665101103,0.6888351835149223,28.573520792928218,8.376700782655787,-0.5017954329043682,0.8984771573604061,甘蓝,60,harvest_market_price,same_season_mean,tuning,tuning,harvest_post_14,664,2023-12-31,0
197,32.05751955700096,0.7714010152284263,34.01792499187333,9.380757026713988,-0.7383333333333333,0.8984771573604061,甘蓝,60,harvest_market_price,same_season_median,tuning,tuning,harvest_post_14,664,2023-12-31,0
197,38.28114281400464,0.9211602406830178,40.29667101576593,11.201930292972136,-0.4568382424325525,0.7969543147208121,甘蓝,60,harvest_market_price,linear,tuning,tuning,harvest_post_14,664,2023-12-31,0
197,37.48000915151905,0.9018825383181732,37.13210711741176,10.967500420120118,-0.2333516036803856,0.8223350253807107,甘蓝,60,harvest_market_price,elasticnet,tuning,tuning,harvest_post_14,664,2023-12-31,0
197,31.04833450666439,0.7471169663331658,31.61734935351696,9.085446600860031,-0.3964376612852851,0.9086294416243654,甘蓝,60,harvest_market_price,extra_trees,tuning,tuning,harvest_post_14,664,2023-12-31,0
197,28.474685506512692,0.6851871764120029,29.072140076607884,8.332338553946403,-0.5667518737270173,0.8730964467005076,甘蓝,60,harvest_market_price,catboost,tuning,tuning,harvest_post_14,664,2023-12-31,0
197,35.92688702596783,3.1568604060913703,35.496513880741745,10.475467713906802,0.1706613085166383,0.0,芸豆,60,harvest_market_price,last_value,tuning,tuning,harvest_post_14,664,2023-12-31,0
197,21.289978700278446,1.8707295947143667,21.9534946982585,6.207676282760888,-0.7798175811779873,0.8324873096446701,芸豆,60,harvest_market_price,seasonal_naive,tuning,tuning,harvest_post_14,664,2023-12-31,0
197,16.649754410905476,1.462997627179382,16.31692073884533,4.854691825925578,-0.4141824391324414,0.8578680203045685,芸豆,60,harvest_market_price,same_season_mean,tuning,tuning,harvest_post_14,664,2023-12-31,0
197,18.50526126940912,1.6260391990975749,18.710039203720772,5.395715660669131,-0.7660391990975748,0.8578680203045685,芸豆,60,harvest_market_price,same_season_median,tuning,tuning,harvest_post_14,664,2023-12-31,0
197,20.361875693906065,1.7891780917557714,20.841091921832273,5.937062436606991,-0.5244491667660864,0.8375634517766497,芸豆,60,harvest_market_price,linear,tuning,tuning,harvest_post_14,664,2023-12-31,0
197,19.16373066987731,1.6838982609600253,19.50775585879892,5.587710445528013,-0.4384524998494831,0.8477157360406091,芸豆,60,harvest_market_price,elasticnet,tuning,tuning,harvest_post_14,664,2023-12-31,0
197,15.858161440026915,1.3934411274553578,15.70349655434104,4.623881218733246,-0.1200210100598163,0.9289340101522844,芸豆,60,harvest_market_price,extra_trees,tuning,tuning,harvest_post_14,664,2023-12-31,0
197,16.24395449190458,1.4273403853993447,16.34373363572368,4.736369747346175,-0.3900774880426734,0.9289340101522844,芸豆,60,harvest_market_price,catboost,tuning,tuning,harvest_post_14,664,2023-12-31,0
197,47.13327575707648,2.2023880428652,46.00577035159427,19.314593550524172,0.0435617597292725,0.0,芹菜,60,harvest_market_price,last_value,tuning,tuning,harvest_post_14,664,2023-12-31,0
197,45.938696029695485,2.1465691322214164,53.76241503851901,18.82507056432274,-1.8689272822496172,0.6446700507614214,芹菜,60,harvest_market_price,seasonal_naive,tuning,tuning,harvest_post_14,664,2023-12-31,0
197,33.122474041597286,1.5477078477486157,35.053686957364526,13.573152156843015,-1.4221376074075016,0.868020304568528,芹菜,60,harvest_market_price,same_season_mean,tuning,tuning,harvest_post_14,664,2023-12-31,0
197,39.698877383696285,1.8550022560631705,44.78587396343562,16.268075340871455,-1.759737732656515,0.8020304568527918,芹菜,60,harvest_market_price,same_season_median,tuning,tuning,harvest_post_14,664,2023-12-31,0
197,35.782867303808054,1.6720195620502138,38.00532278233983,14.663346159249892,-0.997001975621675,0.8578680203045685,芹菜,60,harvest_market_price,linear,tuning,tuning,harvest_post_14,664,2023-12-31,0
197,31.795449478722283,1.4857002112557174,32.64275817398312,13.029355027282284,-0.8895939238602525,0.8578680203045685,芹菜,60,harvest_market_price,elasticnet,tuning,tuning,harvest_post_14,664,2023-12-31,0
197,30.67394959331447,1.4332960891567772,32.29836999225539,12.569779194589197,-1.1691525856909997,0.9035532994923858,芹菜,60,harvest_market_price,extra_trees,tuning,tuning,harvest_post_14,664,2023-12-31,0
197,35.63457277460733,1.6650902304328377,38.73936268618907,14.60257702085941,-1.4798741910595097,0.8223350253807107,芹菜,60,harvest_market_price,catboost,tuning,tuning,harvest_post_14,664,2023-12-31,0
197,33.37926826415757,1.3119300620417371,34.11653453472826,8.618803320785494,0.3576463620981389,0.0,茄子,60,harvest_market_price,last_value,tuning,tuning,harvest_post_14,664,2023-12-31,0
197,34.593119362697784,1.3596389493191523,46.764581277245235,8.932229720556858,-1.1949440818628636,0.6598984771573604,茄子,60,harvest_market_price,seasonal_naive,tuning,tuning,harvest_post_14,664,2023-12-31,0
197,19.42416871369247,0.7634424656644546,20.1452769424604,5.015481121041751,-0.222353287265981,0.7461928934010152,茄子,60,harvest_market_price,same_season_mean,tuning,tuning,harvest_post_14,664,2023-12-31,0
197,16.76637890247803,0.6589813874788494,17.591257050242607,4.3292177952683035,-0.3150947546531301,0.8934010152284264,茄子,60,harvest_market_price,same_season_median,tuning,tuning,harvest_post_14,664,2023-12-31,0
197,28.45505932073576,1.11839023685669,27.156731237467007,7.34733181763759,0.2523546990611138,0.7258883248730964,茄子,60,harvest_market_price,linear,tuning,tuning,harvest_post_14,664,2023-12-31,0
197,27.01014293705643,1.061599619822072,27.433732537908824,6.974242448890546,0.0588842401706369,0.700507614213198,茄子,60,harvest_market_price,elasticnet,tuning,tuning,harvest_post_14,664,2023-12-31,0
197,20.047089994852133,0.7879256013812566,21.207605092216983,5.1763245512859015,-0.2091257812027092,0.7208121827411168,茄子,60,harvest_market_price,extra_trees,tuning,tuning,harvest_post_14,664,2023-12-31,0
197,20.395749214757085,0.8016292125084215,22.966936385073765,5.266351247454256,-0.330022782664127,0.7918781725888325,茄子,60,harvest_market_price,catboost,tuning,tuning,harvest_post_14,664,2023-12-31,0
197,29.913587298230595,1.590854765933446,28.97196800069845,12.75685425512669,0.1118829667230682,0.0,西红柿,60,harvest_market_price,last_value,tuning,tuning,harvest_post_14,664,2023-12-31,0
197,26.398691662820745,1.4039267182338249,29.075723819428763,11.257902929233502,-1.1251173555716705,0.5532994923857868,西红柿,60,harvest_market_price,seasonal_naive,tuning,tuning,harvest_post_14,664,2023-12-31,0
197,21.009534916630763,1.117322319752141,22.151432563850864,8.959660111219998,-0.8880670354613236,0.649746192893401,西红柿,60,harvest_market_price,same_season_mean,tuning,tuning,harvest_post_14,664,2023-12-31,0
197,22.142505155443335,1.1775755781161872,23.85105081171475,9.442823032063766,-0.9441576424139876,0.6446700507614214,西红柿,60,harvest_market_price,same_season_median,tuning,tuning,harvest_post_14,664,2023-12-31,0
197,27.21488529280714,1.44733326500614,27.543780434184555,11.60597429486056,-0.642800004828163,0.5888324873096447,西红柿,60,harvest_market_price,linear,tuning,tuning,harvest_post_14,664,2023-12-31,0
197,24.975949400735544,1.3282628974500486,25.54804206972254,10.65116474370322,-0.6468390564300125,0.6091370558375635,西红柿,60,harvest_market_price,elasticnet,tuning,tuning,harvest_post_14,664,2023-12-31,0
197,27.374468333786727,1.4558201588973163,27.399204008816664,11.674029576063386,-0.478122099308245,0.5736040609137056,西红柿,60,harvest_market_price,extra_trees,tuning,tuning,harvest_post_14,664,2023-12-31,0
197,22.89593739489887,1.217644368829785,23.95773987207969,9.764129372691675,-0.7866463650153798,0.5939086294416244,西红柿,60,harvest_market_price,catboost,tuning,tuning,harvest_post_14,664,2023-12-31,0
197,45.10021349686446,2.660523406655386,39.651359135978225,13.948497695813067,1.1598477157360405,0.0,青椒,60,harvest_market_price,last_value,tuning,tuning,harvest_post_14,664,2023-12-31,0
197,36.793534149595864,2.1705010071710578,46.23604995087122,11.37942565043817,-1.9611721859640645,0.6142131979695431,青椒,60,harvest_market_price,seasonal_naive,tuning,tuning,harvest_post_14,664,2023-12-31,0
197,22.99677715460436,1.356611402775653,24.763264164563815,7.112394117035093,-1.0607693901746702,0.7157360406091371,青椒,60,harvest_market_price,same_season_mean,tuning,tuning,harvest_post_14,664,2023-12-31,0
197,26.8283047316374,1.5826384658770445,30.45305424020235,8.29740078187949,-1.3731472081218274,0.6954314720812182,青椒,60,harvest_market_price,same_season_median,tuning,tuning,harvest_post_14,664,2023-12-31,0
197,28.834762468721777,1.7010021577551089,29.27865215198536,8.917953744991593,-0.2405252333227384,0.6345177664974619,青椒,60,harvest_market_price,linear,tuning,tuning,harvest_post_14,664,2023-12-31,0
197,25.9939716862462,1.533420016027274,26.674960507848823,8.039360039744444,-0.3459859527138691,0.6345177664974619,青椒,60,harvest_market_price,elasticnet,tuning,tuning,harvest_post_14,664,2023-12-31,0
197,16.448325506731845,0.9703092650324,16.83933501024196,5.087102978937856,-0.5252447421149464,0.8883248730964467,青椒,60,harvest_market_price,extra_trees,tuning,tuning,harvest_post_14,664,2023-12-31,0
197,16.579203386548556,0.9780299305385622,16.89643130690886,5.127580610051136,-0.7117819177848559,0.8730964467005076,青椒,60,harvest_market_price,catboost,tuning,tuning,harvest_post_14,664,2023-12-31,0
197,34.88349940803751,1.7907901861252111,35.57263411533499,11.877690010014158,0.0383485617597295,0.0,韭菜,60,harvest_market_price,last_value,tuning,tuning,harvest_post_14,664,2023-12-31,0
197,18.057571350346244,0.9270091048263636,17.700729551125963,6.148529776909555,-0.6479899282894206,0.9187817258883249,韭菜,60,harvest_market_price,seasonal_naive,tuning,tuning,harvest_post_14,664,2023-12-31,0
197,13.780971309238812,0.707464233653454,13.27801768448863,4.692364815048419,-0.3688251863065476,0.949238578680203,韭菜,60,harvest_market_price,same_season_mean,tuning,tuning,harvest_post_14,664,2023-12-31,0
197,14.881901944291366,0.7639819514946419,14.360950645505952,5.067227229301197,-0.5413468697123518,0.9187817258883249,韭菜,60,harvest_market_price,same_season_median,tuning,tuning,harvest_post_14,664,2023-12-31,0
197,22.935672587603364,1.1774328286742215,25.307415535124196,7.809503455492286,-0.7674873725560186,0.934010152284264,韭菜,60,harvest_market_price,linear,tuning,tuning,harvest_post_14,664,2023-12-31,0
197,17.376774395664345,0.8920595004037245,18.176399283490564,5.916721176147153,-0.4530481520390715,0.964467005076142,韭菜,60,harvest_market_price,elasticnet,tuning,tuning,harvest_post_14,664,2023-12-31,0
197,14.27908791815864,0.7330357029709521,14.437644094302929,4.861971499297131,-0.3653346088618027,0.9137055837563453,韭菜,60,harvest_market_price,extra_trees,tuning,tuning,harvest_post_14,664,2023-12-31,0
197,15.602979259819184,0.8009994010624224,16.037457438793083,5.312751129495659,-0.4741908417964861,0.868020304568528,韭菜,60,harvest_market_price,catboost,tuning,tuning,harvest_post_14,664,2023-12-31,0
197,44.7956251808798,1.9812851099830795,42.3915254648047,9.897468564788896,0.3737064297800339,0.0,黄瓜,60,harvest_market_price,last_value,tuning,tuning,harvest_post_14,664,2023-12-31,0
197,29.933363542931705,1.3239357021996616,31.670649840669956,6.613693268221638,-0.8764798162919991,0.7614213197969543,黄瓜,60,harvest_market_price,seasonal_naive,tuning,tuning,harvest_post_14,664,2023-12-31,0
197,26.10235312824709,1.1544922831122877,25.31207673055024,5.7672421918584,-0.3623436256780099,0.8730964467005076,黄瓜,60,harvest_market_price,same_season_mean,tuning,tuning,harvest_post_14,664,2023-12-31,0
197,25.752420163102496,1.1390149464184995,25.815731843552207,5.689925478266014,-0.6479686971235195,0.8274111675126904,黄瓜,60,harvest_market_price,same_season_median,tuning,tuning,harvest_post_14,664,2023-12-31,0
197,28.03367466300121,1.2399135398521377,27.787696304703864,6.193962303510905,-0.6938439487180331,0.8527918781725888,黄瓜,60,harvest_market_price,linear,tuning,tuning,harvest_post_14,664,2023-12-31,0
197,27.292935926684688,1.2071510854221448,26.991400150653288,6.0302981437227405,-0.5265896287129932,0.8223350253807107,黄瓜,60,harvest_market_price,elasticnet,tuning,tuning,harvest_post_14,664,2023-12-31,0
197,25.672543666424136,1.1354820542472794,24.305623611735836,5.6722769888935085,-0.2175095954910779,0.8578680203045685,黄瓜,60,harvest_market_price,extra_trees,tuning,tuning,harvest_post_14,664,2023-12-31,0
197,22.701631883189595,1.0040803100941853,22.372965283654743,5.015862308562726,-0.5281506905190734,0.8781725888324873,黄瓜,60,harvest_market_price,catboost,tuning,tuning,harvest_post_14,664,2023-12-31,0
185,10.34972943356649,0.2840319803549034,9.923090271126776,10.540633180990795,0.1196579166821098,0.0,土豆,90,cycle_market_average,last_value,development,development,cycle_market_average,430,2022-12-29,0
185,16.5802417222003,0.4550185510981736,17.20056256429645,16.88606906757063,-0.2977361448241584,0.4108108108108108,土豆,90,cycle_market_average,seasonal_naive,development,development,cycle_market_average,430,2022-12-29,0
185,19.92488646743676,0.5468070443791782,21.296557293710396,20.29240675074978,-0.4794381152826645,0.5027027027027027,土豆,90,cycle_market_average,same_season_mean,development,development,cycle_market_average,430,2022-12-29,0
185,20.824332630970137,0.5714909239618129,22.40912780406344,21.20844345844444,-0.5063961373719443,0.4972972972972973,土豆,90,cycle_market_average,same_season_median,development,development,cycle_market_average,430,2022-12-29,0
185,29.243206281490096,0.8025336164943933,34.09881635344089,29.782605664022036,-0.7957153410890722,0.5891891891891892,土豆,90,cycle_market_average,linear,development,development,cycle_market_average,430,2022-12-29,0
185,14.84566341224951,0.4074157885700898,15.25682938232177,15.119495959910775,-0.3527556811577286,0.5891891891891892,土豆,90,cycle_market_average,elasticnet,development,development,cycle_market_average,430,2022-12-29,0
185,16.26872816174659,0.4464695533634005,16.893651421189915,16.568809549558726,-0.3744342438202253,0.5027027027027027,土豆,90,cycle_market_average,extra_trees,development,development,cycle_market_average,430,2022-12-29,0
185,15.668511234961988,0.4299975476504534,16.169680631656323,15.95752144827375,-0.3582801336539541,0.5405405405405406,土豆,90,cycle_market_average,catboost,development,development,cycle_market_average,430,2022-12-29,0
185,28.609574289759824,1.0464450777804128,22.671605999415657,5.404827093279522,0.6685958596623315,0.0,尖椒,90,cycle_market_average,last_value,development,development,cycle_market_average,430,2022-12-29,0
185,51.1183140651328,1.8697414926945612,42.83554929790638,9.657104507175136,1.856698046692293,0.4162162162162162,尖椒,90,cycle_market_average,seasonal_naive,development,development,cycle_market_average,430,2022-12-29,0
185,38.333367642351575,1.4021097789785573,34.32830750889814,7.241814293062859,1.4021097789785573,0.5243243243243243,尖椒,90,cycle_market_average,same_season_mean,development,development,cycle_market_average,430,2022-12-29,0
185,27.342766493248856,1.000109373175845,26.26462998055076,5.165505912502257,1.000109373175845,0.6108108108108108,尖椒,90,cycle_market_average,same_season_median,development,development,cycle_market_average,430,2022-12-29,0
185,52.29056237277789,1.9126185190720804,42.752816059497455,9.878561818949224,1.9126185190720804,0.4702702702702703,尖椒,90,cycle_market_average,linear,development,development,cycle_market_average,430,2022-12-29,0
185,49.85946055347752,1.8236967299317064,42.15322156536235,9.419286023846643,1.8236967299317064,0.4594594594594595,尖椒,90,cycle_market_average,elasticnet,development,development,cycle_market_average,430,2022-12-29,0
185,39.54853145502376,1.4465565148016355,34.79851055236372,7.471379061520607,1.4465565148016355,0.5081081081081081,尖椒,90,cycle_market_average,extra_trees,development,development,cycle_market_average,430,2022-12-29,0
185,36.66884230812512,1.34122686177047,34.239938459671535,6.927357617379383,1.3235395157083087,0.518918918918919,尖椒,90,cycle_market_average,catboost,development,development,cycle_market_average,430,2022-12-29,0
185,16.359179340404395,0.2694465486917601,14.558578712182142,2.8898142347191285,0.153366017393672,0.0054054054054054,甘蓝,90,cycle_market_average,last_value,development,development,cycle_market_average,430,2022-12-29,0
185,26.351174528743293,0.434021345631179,22.20132209901259,4.654878931894396,0.434021345631179,0.5459459459459459,甘蓝,90,cycle_market_average,seasonal_naive,development,development,cycle_market_average,430,2022-12-29,0
185,29.051044827663063,0.4784900025742932,24.274083882582932,5.1318052776092955,0.4393355804960502,0.5891891891891892,甘蓝,90,cycle_market_average,same_season_mean,development,development,cycle_market_average,430,2022-12-29,0
185,19.368929104945423,0.3190191262402235,17.916321436759137,3.4214801289263983,0.2325011525288071,0.5567567567567567,甘蓝,90,cycle_market_average,same_season_median,development,development,cycle_market_average,430,2022-12-29,0
185,56.92123727844312,0.9375305822377594,40.803788530228125,10.055015494499973,0.937100701866044,0.4378378378378378,甘蓝,90,cycle_market_average,linear,development,development,cycle_market_average,430,2022-12-29,0
185,49.1379131677254,0.8093340648365136,36.81927970424657,8.68010784537161,0.8092790469868892,0.4324324324324324,甘蓝,90,cycle_market_average,elasticnet,development,development,cycle_market_average,430,2022-12-29,0
185,35.85989638301905,0.5906363097924058,29.488895514830265,6.334574422523553,0.5906363097924058,0.5243243243243243,甘蓝,90,cycle_market_average,extra_trees,development,development,cycle_market_average,430,2022-12-29,0
185,26.703693959705397,0.4398275747850416,23.55711161138568,4.717150739569572,0.4398275747850416,0.572972972972973,甘蓝,90,cycle_market_average,catboost,development,development,cycle_market_average,430,2022-12-29,0
185,13.272064837768257,1.1083048993153275,12.066928498330922,3.4279942451786267,0.8578813713551323,0.0,芸豆,90,cycle_market_average,last_value,development,development,cycle_market_average,430,2022-12-29,0
185,12.633941909845362,1.05501742852406,11.225668216123282,3.263175752248174,0.8510956181071048,0.7189189189189189,芸豆,90,cycle_market_average,seasonal_naive,development,development,cycle_market_average,430,2022-12-29,0
185,10.450847656041365,0.8727146680468164,10.30227711088216,2.699312131161386,0.4086636185954769,0.7351351351351352,芸豆,90,cycle_market_average,same_season_mean,development,development,cycle_market_average,430,2022-12-29,0
185,7.838131849744297,0.6545356760035139,7.845592546217589,2.024483093046197,0.0193408308145917,0.8486486486486486,芸豆,90,cycle_market_average,same_season_median,development,development,cycle_market_average,430,2022-12-29,0
185,20.337486143562145,1.698314151429184,17.97004806011509,5.252896690433453,0.7164303382277152,0.6162162162162163,芸豆,90,cycle_market_average,linear,development,development,cycle_market_average,430,2022-12-29,0
185,15.50571378797292,1.2948293101830066,13.884268624046092,4.004915458316582,0.9652138705639324,0.6270270270270271,芸豆,90,cycle_market_average,elasticnet,development,development,cycle_market_average,430,2022-12-29,0
185,11.471341982301956,0.9579326710737136,10.79829955421416,2.9628919674882703,0.7920893942029497,0.6918918918918919,芸豆,90,cycle_market_average,extra_trees,development,development,cycle_market_average,430,2022-12-29,0
185,8.612142699878934,0.719170684030772,8.790835638125504,2.2243995922797493,0.5326902152606527,0.7243243243243244,芸豆,90,cycle_market_average,catboost,development,development,cycle_market_average,430,2022-12-29,0
185,14.631484547148125,0.4161743474223804,13.920938035830204,3.3309476687350967,0.0799489222158725,0.0,芹菜,90,cycle_market_average,last_value,development,development,cycle_market_average,430,2022-12-29,0
185,27.576528376133417,0.7843799898861963,23.583507140396055,6.2779667100966074,0.7626390059620287,0.5945945945945946,芹菜,90,cycle_market_average,seasonal_naive,development,development,cycle_market_average,430,2022-12-29,0
185,27.508150484646695,0.7824350659602675,24.528424156753488,6.262400061510348,0.6605175926135352,0.5837837837837838,芹菜,90,cycle_market_average,same_season_mean,development,development,cycle_market_average,430,2022-12-29,0
185,25.77333480783533,0.7330903955771237,23.498810642717565,5.867458576540784,0.4770840573510077,0.5351351351351351,芹菜,90,cycle_market_average,same_season_median,development,development,cycle_market_average,430,2022-12-29,0
185,30.622799711501212,0.8710273824308784,25.635136512391416,6.971469161620275,0.7850847726682347,0.6162162162162163,芹菜,90,cycle_market_average,linear,development,development,cycle_market_average,430,2022-12-29,0
185,30.71555025102144,0.8736655559623147,25.81388649901699,6.9925843938028525,0.7939563152710477,0.6,芹菜,90,cycle_market_average,elasticnet,development,development,cycle_market_average,430,2022-12-29,0
185,27.652871170196033,0.7865514655417954,24.22450749209222,6.295346617862504,0.762836862473893,0.5621621621621622,芹菜,90,cycle_market_average,extra_trees,development,development,cycle_market_average,430,2022-12-29,0
185,24.29704773009223,0.6910992490732933,22.08058277320701,5.5313727211276635,0.6906141691777097,0.5621621621621622,芹菜,90,cycle_market_average,catboost,development,development,cycle_market_average,430,2022-12-29,0
185,34.981774181052145,1.0132660387193024,32.51916589041519,6.2045551043474285,0.5934998842311375,0.0,茄子,90,cycle_market_average,last_value,development,development,cycle_market_average,430,2022-12-29,0
185,53.39100594179495,1.5464994089174628,49.529550185533004,9.46971519305726,1.5464994089174628,0.6432432432432432,茄子,90,cycle_market_average,seasonal_naive,development,development,cycle_market_average,430,2022-12-29,0
185,43.8448691925291,1.2699903868496052,44.334695164256885,7.776561175542117,1.23693885585497,0.8054054054054054,茄子,90,cycle_market_average,same_season_mean,development,development,cycle_market_average,430,2022-12-29,0
185,38.91132968618938,1.127087742558861,40.715755509971586,6.90152214612834,0.9654458301770836,0.7621621621621621,茄子,90,cycle_market_average,same_season_median,development,development,cycle_market_average,430,2022-12-29,0
185,56.81862864268452,1.6457823571858767,52.23567640979445,10.077656740404528,1.3652205536658852,0.6216216216216216,茄子,90,cycle_market_average,linear,development,development,cycle_market_average,430,2022-12-29,0
185,52.433736545747365,1.5187715823098078,49.562613519021816,9.299928758362942,1.408654892528351,0.6054054054054054,茄子,90,cycle_market_average,elasticnet,development,development,cycle_market_average,430,2022-12-29,0
185,50.46377923159462,1.4617107015829849,48.315460898221026,8.95052656264774,1.4617107015829849,0.772972972972973,茄子,90,cycle_market_average,extra_trees,development,development,cycle_market_average,430,2022-12-29,0
185,48.5669777927972,1.406768820414237,47.506179815324415,8.614099685379786,1.3681240907418115,0.7027027027027027,茄子,90,cycle_market_average,catboost,development,development,cycle_market_average,430,2022-12-29,0
185,15.93382200561812,0.6811709842549665,15.172831346295585,5.038316418023805,0.310512926618594,0.0,西红柿,90,cycle_market_average,last_value,development,development,cycle_market_average,430,2022-12-29,0
185,24.29586417323704,1.0386483359970762,19.82192020511693,7.682416140392168,1.030657847147571,0.7675675675675676,西红柿,90,cycle_market_average,seasonal_naive,development,development,cycle_market_average,430,2022-12-29,0
185,13.08492108864112,0.5593804533341449,13.350464858680583,4.137486456557728,0.2988423802248046,0.9513513513513514,西红柿,90,cycle_market_average,same_season_mean,development,development,cycle_market_average,430,2022-12-29,0
185,17.115665206461266,0.7316947880271886,17.6545153185013,5.41201834592524,-0.0214870733814061,0.9135135135135136,西红柿,90,cycle_market_average,same_season_median,development,development,cycle_market_average,430,2022-12-29,0
185,36.41719368121813,1.5568352436027346,28.975050609034312,11.515212405268503,1.4997518022654048,0.5567567567567567,西红柿,90,cycle_market_average,linear,development,development,cycle_market_average,430,2022-12-29,0
185,29.1361009946811,1.2455684885209133,24.41609575026746,9.21291175130124,1.2359398325717608,0.6108108108108108,西红柿,90,cycle_market_average,elasticnet,development,development,cycle_market_average,430,2022-12-29,0
185,15.511128115622771,0.6631008179768962,14.730358122607552,4.9046594984842855,0.545241198455775,0.8,西红柿,90,cycle_market_average,extra_trees,development,development,cycle_market_average,430,2022-12-29,0
185,13.171302435010029,0.5630732563983836,13.160468858255946,4.164800465429424,0.4095005553703318,0.8324324324324325,西红柿,90,cycle_market_average,catboost,development,development,cycle_market_average,430,2022-12-29,0
185,32.53144036974071,1.367123868710019,25.20391517113171,6.658675518580814,0.94617912018087,0.0,青椒,90,cycle_market_average,last_value,development,development,cycle_market_average,430,2022-12-29,0
185,44.132615842556234,1.8546597328991692,41.17551146281634,9.0332541486574,1.846168360170508,0.6270270270270271,青椒,90,cycle_market_average,seasonal_naive,development,development,cycle_market_average,430,2022-12-29,0
185,30.99923771374947,1.3027335189776132,31.36553028635583,6.345057670769711,1.3027335189776132,0.772972972972973,青椒,90,cycle_market_average,same_season_mean,development,development,cycle_market_average,430,2022-12-29,0
185,23.573197809140748,0.990656454814574,25.65030784991316,4.8250637955886955,0.962341282343032,0.8216216216216217,青椒,90,cycle_market_average,same_season_median,development,development,cycle_market_average,430,2022-12-29,0
185,42.79070556816262,1.7982663625183992,40.109917057197094,8.758586166216999,1.6500635646389792,0.6432432432432432,青椒,90,cycle_market_average,linear,development,development,cycle_market_average,430,2022-12-29,0
185,38.59929773681002,1.622123725591994,37.01784825260331,7.90067073432068,1.5763135946713496,0.6702702702702703,青椒,90,cycle_market_average,elasticnet,development,development,cycle_market_average,430,2022-12-29,0
185,31.054558636346556,1.305058363892623,30.63273694969587,6.356380995798538,1.2959352758260778,0.7837837837837838,青椒,90,cycle_market_average,extra_trees,development,development,cycle_market_average,430,2022-12-29,0
185,34.35115876284829,1.443596979684289,33.82230833242673,7.031143327481379,1.355756734030218,0.6594594594594595,青椒,90,cycle_market_average,catboost,development,development,cycle_market_average,430,2022-12-29,0
185,25.79436150798063,1.1176575217097908,22.24805355949362,7.531810820193218,0.3655336379967343,0.0,韭菜,90,cycle_market_average,last_value,development,development,cycle_market_average,430,2022-12-29,0
185,24.359913829949107,1.0555035801844288,21.895105865033585,7.112960036115614,1.047453500207258,0.6270270270270271,韭菜,90,cycle_market_average,seasonal_naive,development,development,cycle_market_average,430,2022-12-29,0
185,9.175813514634635,0.397583673054469,8.185542155190653,2.679286769405705,0.3341298026736677,0.945945945945946,韭菜,90,cycle_market_average,same_season_mean,development,development,cycle_market_average,430,2022-12-29,0
185,13.62250428457951,0.5902566874343264,13.229484062014125,3.977695867253,0.1694255298886262,0.9135135135135136,韭菜,90,cycle_market_average,same_season_median,development,development,cycle_market_average,430,2022-12-29,0
185,20.696471128283136,0.8967683352898032,19.319821387161387,6.043255039888871,0.5807104977597882,0.6378378378378379,韭菜,90,cycle_market_average,linear,development,development,cycle_market_average,430,2022-12-29,0
185,16.420339832763002,0.7114855825154018,15.836851096906098,4.794648364736214,0.3856860842745698,0.6594594594594595,韭菜,90,cycle_market_average,elasticnet,development,development,cycle_market_average,430,2022-12-29,0
185,19.038527846511094,0.8249304346359171,17.536601870520037,5.559144776292938,0.8242261102140147,0.6972972972972973,韭菜,90,cycle_market_average,extra_trees,development,development,cycle_market_average,430,2022-12-29,0
185,27.364834951331854,1.1857053955082528,25.356707560021064,7.99038037500849,1.1759147877848968,0.6378378378378379,韭菜,90,cycle_market_average,catboost,development,development,cycle_market_average,430,2022-12-29,0
185,33.404325185776386,1.1734878292341049,27.539087269959357,5.866071763475074,0.4615047911287314,0.0,黄瓜,90,cycle_market_average,last_value,development,development,cycle_market_average,430,2022-12-29,0
185,22.600620422108825,0.7939556584659696,22.11114275813141,3.968853151735037,0.7329471180555954,0.8108108108108109,黄瓜,90,cycle_market_average,seasonal_naive,development,development,cycle_market_average,430,2022-12-29,0
185,19.3696818093745,0.6804533764123669,18.783953790043636,3.4014739976800903,0.6346295772820871,0.8594594594594595,黄瓜,90,cycle_market_average,same_season_mean,development,development,cycle_market_average,430,2022-12-29,0
185,11.735338034381307,0.4122602770361719,11.419089786234572,2.0608210073236743,0.3424237100476505,0.9027027027027028,黄瓜,90,cycle_market_average,same_season_median,development,development,cycle_market_average,430,2022-12-29,0
185,31.291684529500547,1.0992711496904486,28.032577283726624,5.4950748452249165,0.8906478353096188,0.6918918918918919,黄瓜,90,cycle_market_average,linear,development,development,cycle_market_average,430,2022-12-29,0
185,27.901871051708124,0.9801876227088306,25.565644297990907,4.899795969961411,0.8031578086750158,0.745945945945946,黄瓜,90,cycle_market_average,elasticnet,development,development,cycle_market_average,430,2022-12-29,0
185,29.276907466081305,1.028492400250264,27.082313642377887,5.1412635715143695,0.9615740560319798,0.7567567567567568,黄瓜,90,cycle_market_average,extra_trees,development,development,cycle_market_average,430,2022-12-29,0
185,23.271306679998933,0.817516743938929,22.717346774150528,4.086631125026806,0.7925193948965118,0.7567567567567568,黄瓜,90,cycle_market_average,catboost,development,development,cycle_market_average,430,2022-12-29,0
186,9.786890476366674,0.205498164964637,9.45697662146816,6.946126538925044,0.0483356445239718,0.0,土豆,90,cycle_market_average,last_value,tuning,tuning,cycle_market_average,675,2023-12-28,0
186,30.2152864349884,0.6344390929136189,25.75479968633698,21.444932227872577,0.6344390929136189,0.5645161290322581,土豆,90,cycle_market_average,seasonal_naive,tuning,tuning,cycle_market_average,675,2023-12-28,0
186,15.259217343045863,0.3204021921329006,14.363461957952223,10.830044006899447,0.3204021921329006,0.7526881720430108,土豆,90,cycle_market_average,same_season_mean,tuning,tuning,cycle_market_average,675,2023-12-28,0
186,11.993465993892032,0.2518302681798858,11.591418831114163,8.512216687725326,0.2518302681798858,0.7688172043010753,土豆,90,cycle_market_average,same_season_median,tuning,tuning,cycle_market_average,675,2023-12-28,0
186,12.331314158281431,0.2589241636297578,10.842346160154271,8.752000315268642,0.2509238456432049,0.913978494623656,土豆,90,cycle_market_average,linear,tuning,tuning,cycle_market_average,675,2023-12-28,0
186,4.910451856355618,0.1031061753541655,4.905533097353213,3.4851335099652743,0.0014231829428929,0.7473118279569892,土豆,90,cycle_market_average,elasticnet,tuning,tuning,cycle_market_average,675,2023-12-28,0
186,9.223178103143464,0.1936617335112592,9.069423457743802,6.546038534934239,0.1457474946727158,0.8279569892473119,土豆,90,cycle_market_average,extra_trees,tuning,tuning,cycle_market_average,675,2023-12-28,0
186,10.97406199144566,0.2304255480222217,10.758986518581096,7.788707089617725,0.2036656885542284,0.7580645161290323,土豆,90,cycle_market_average,catboost,tuning,tuning,cycle_market_average,675,2023-12-28,0
186,25.827808421974595,1.5079287285298448,25.32509002159723,8.660054218039498,0.2122530534764764,0.0,尖椒,90,cycle_market_average,last_value,tuning,tuning,cycle_market_average,675,2023-12-28,0
186,37.18532534662903,2.1710251003024914,48.38693370639566,12.46822526929004,-2.1710251003024914,0.5752688172043011,尖椒,90,cycle_market_average,seasonal_naive,tuning,tuning,cycle_market_average,675,2023-12-28,0
186,22.468353083158497,1.3117905531628746,26.36666452365794,7.533630136603421,-1.2325283844545822,0.6881720430107527,尖椒,90,cycle_market_average,same_season_mean,tuning,tuning,cycle_market_average,675,2023-12-28,0
186,28.3110179364953,1.652908236846104,34.86652736536494,9.492673412016652,-1.652908236846104,0.6075268817204301,尖椒,90,cycle_market_average,same_season_median,tuning,tuning,cycle_market_average,675,2023-12-28,0
186,23.850389318909706,1.3924792476781007,27.511018602472387,7.997026354252214,-1.3834894525921948,0.5268817204301075,尖椒,90,cycle_market_average,linear,tuning,tuning,cycle_market_average,675,2023-12-28,0
186,21.11941259279566,1.2330341180344255,24.08886377883786,7.0813309096387425,-1.1981642262423358,0.5483870967741935,尖椒,90,cycle_market_average,elasticnet,tuning,tuning,cycle_market_average,675,2023-12-28,0
186,14.253728095524052,0.8321885361983212,14.722453253030835,4.779269541561592,-0.7538056100662998,0.8225806451612904,尖椒,90,cycle_market_average,extra_trees,tuning,tuning,cycle_market_average,675,2023-12-28,0
186,16.5319958365748,0.9652027401866968,17.174762935465733,5.543171837813853,-0.8911553641929204,0.8118279569892473,尖椒,90,cycle_market_average,catboost,tuning,tuning,cycle_market_average,675,2023-12-28,0
186,30.513877128417636,0.7481485755548115,32.78940526136183,9.211767262037688,-0.0904327468470728,0.0,甘蓝,90,cycle_market_average,last_value,tuning,tuning,cycle_market_average,675,2023-12-28,0
186,32.849267542659796,0.8054083922744785,38.08707943921721,9.916793138344875,-0.8054083922744785,0.8763440860215054,甘蓝,90,cycle_market_average,seasonal_naive,tuning,tuning,cycle_market_average,675,2023-12-28,0
186,24.05237773112075,0.5897235563515365,26.035830504580257,7.261119418723705,-0.5061965945387494,0.8978494623655914,甘蓝,90,cycle_market_average,same_season_mean,tuning,tuning,cycle_market_average,675,2023-12-28,0
186,28.490485945939263,0.6985384514597794,32.371959547733894,8.600930147677957,-0.6735510264169653,0.8978494623655914,甘蓝,90,cycle_market_average,same_season_median,tuning,tuning,cycle_market_average,675,2023-12-28,0
186,26.110647894290253,0.6401888539668346,28.2681170914638,7.88248607186055,-0.3553529499321884,0.7795698924731183,甘蓝,90,cycle_market_average,linear,tuning,tuning,cycle_market_average,675,2023-12-28,0
186,22.773977871597452,0.5583793574525674,23.300736931917896,6.875186096511334,-0.1255379398380482,0.7795698924731183,甘蓝,90,cycle_market_average,elasticnet,tuning,tuning,cycle_market_average,675,2023-12-28,0
186,21.06852448973512,0.5165645296302728,22.013563678906507,6.360330525590133,-0.3319355904006565,0.9086021505376344,甘蓝,90,cycle_market_average,extra_trees,tuning,tuning,cycle_market_average,675,2023-12-28,0
186,21.965347683652077,0.5385531150935282,23.840572987584167,6.63107050736277,-0.4906812915137162,0.8870967741935484,甘蓝,90,cycle_market_average,catboost,tuning,tuning,cycle_market_average,675,2023-12-28,0
186,23.685775572091963,2.118695723888249,24.14624091524254,7.171559451088188,-0.0302819008570343,0.0,芸豆,90,cycle_market_average,last_value,tuning,tuning,cycle_market_average,675,2023-12-28,0
186,14.438631082831572,1.2915374394596344,15.372846124036917,4.371716724567063,-0.5946971625765454,0.8494623655913979,芸豆,90,cycle_market_average,seasonal_naive,tuning,tuning,cycle_market_average,675,2023-12-28,0
186,11.898733972645104,1.0643433106421372,11.780149738314671,3.602688787529131,-0.3208558971494913,0.8225806451612904,芸豆,90,cycle_market_average,same_season_mean,tuning,tuning,cycle_market_average,675,2023-12-28,0
186,13.465166436466358,1.2044608994775323,13.819264490538538,4.076971907632869,-0.5848517933301524,0.8494623655913979,芸豆,90,cycle_market_average,same_season_median,tuning,tuning,cycle_market_average,675,2023-12-28,0
186,16.036748781723595,1.4344892767176962,16.169095272492005,4.85559347382346,0.101990024754326,0.7311827956989247,芸豆,90,cycle_market_average,linear,tuning,tuning,cycle_market_average,675,2023-12-28,0
186,14.896551018777297,1.332498437642634,15.026128453146622,4.5103653423620695,-0.016722482963542,0.8010752688172043,芸豆,90,cycle_market_average,elasticnet,tuning,tuning,cycle_market_average,675,2023-12-28,0
186,12.868203002386926,1.1510624421945044,12.560262502308056,3.8962238149813984,0.0110608788992389,0.8010752688172043,芸豆,90,cycle_market_average,extra_trees,tuning,tuning,cycle_market_average,675,2023-12-28,0
186,11.079878247420393,0.9910965588845474,11.424547398630068,3.3547563312986393,-0.3446091931303596,0.8440860215053764,芸豆,90,cycle_market_average,catboost,tuning,tuning,cycle_market_average,675,2023-12-28,0
186,30.70899288108174,1.4525884402375184,31.656050700668796,12.718168468694302,-0.1170545589291023,0.0,芹菜,90,cycle_market_average,last_value,tuning,tuning,cycle_market_average,675,2023-12-28,0
186,40.12280015176572,1.897877794824056,47.8329822045552,16.61690872579129,-1.8914775097536696,0.6774193548387096,芹菜,90,cycle_market_average,seasonal_naive,tuning,tuning,cycle_market_average,675,2023-12-28,0
186,30.49236629926395,1.4423416285034043,33.895400449740535,12.628452294249085,-1.4423416285034043,0.8118279569892473,芹菜,90,cycle_market_average,same_season_mean,tuning,tuning,cycle_market_average,675,2023-12-28,0
186,35.87608430872357,1.697000795488242,41.61900013756407,14.8581259568599,-1.697000795488242,0.7956989247311828,芹菜,90,cycle_market_average,same_season_median,tuning,tuning,cycle_market_average,675,2023-12-28,0
186,26.545407434042893,1.2556436523139898,28.92543925877934,10.9938142590235,-0.8183006409319875,0.7419354838709677,芹菜,90,cycle_market_average,linear,tuning,tuning,cycle_market_average,675,2023-12-28,0
186,23.105609572326056,1.0929352681597908,24.565663532180317,9.569217598593127,-0.6993671686871065,0.7795698924731183,芹菜,90,cycle_market_average,elasticnet,tuning,tuning,cycle_market_average,675,2023-12-28,0
186,26.48967180688888,1.2530072608169835,28.576958298524303,10.970731278132591,-1.2288986290374584,0.8010752688172043,芹菜,90,cycle_market_average,extra_trees,tuning,tuning,cycle_market_average,675,2023-12-28,0
186,27.961640392827235,1.3226339190602774,30.400622590975935,11.580348940590111,-1.3072773963833078,0.7580645161290323,芹菜,90,cycle_market_average,catboost,tuning,tuning,cycle_market_average,675,2023-12-28,0
186,21.87323987946878,0.8827998898700506,23.042033671655513,5.793642899439281,0.242728292244281,0.0,茄子,90,cycle_market_average,last_value,tuning,tuning,cycle_market_average,675,2023-12-28,0
186,30.07792336731263,1.2139393881519611,42.232678713792616,7.966846617472463,-1.1437697141526169,0.5967741935483871,茄子,90,cycle_market_average,seasonal_naive,tuning,tuning,cycle_market_average,675,2023-12-28,0
186,12.260301034721111,0.494823467527771,13.527131464988605,3.2474295726749527,-0.3113865044963279,0.8010752688172043,茄子,90,cycle_market_average,same_season_mean,tuning,tuning,cycle_market_average,675,2023-12-28,0
186,11.74437046512668,0.474000605778512,13.016283523851472,3.1107732063750446,-0.4361426754976544,0.8172043010752689,茄子,90,cycle_market_average,same_season_median,tuning,tuning,cycle_market_average,675,2023-12-28,0
186,32.764552120063755,1.3223712245017585,26.574398153135476,8.67846353762595,1.0145162666936205,0.6505376344086021,茄子,90,cycle_market_average,linear,tuning,tuning,cycle_market_average,675,2023-12-28,0
186,25.447564727199765,1.0270589753701604,22.08822009537802,6.740387043811959,0.6479988216553229,0.7849462365591398,茄子,90,cycle_market_average,elasticnet,tuning,tuning,cycle_market_average,675,2023-12-28,0
186,12.98950244742231,0.5242539008048251,14.334166073308138,3.440575746275094,0.0252935741924142,0.7956989247311828,茄子,90,cycle_market_average,extra_trees,tuning,tuning,cycle_market_average,675,2023-12-28,0
186,9.571654337898297,0.3863101873308777,10.483700572966391,2.53527815249281,-0.0278609039306095,0.8440860215053764,茄子,90,cycle_market_average,catboost,tuning,tuning,cycle_market_average,675,2023-12-28,0
186,19.630948101187062,1.0472546666455416,19.630968081559207,8.469518182374552,-0.0399814416150144,0.0,西红柿,90,cycle_market_average,last_value,tuning,tuning,cycle_market_average,675,2023-12-28,0
186,21.69906461503767,1.157582739397453,24.811219591110184,9.361780253826296,-1.0689419621455456,0.5752688172043011,西红柿,90,cycle_market_average,seasonal_naive,tuning,tuning,cycle_market_average,675,2023-12-28,0
186,16.854700768598708,0.8991498497090848,18.844502326009952,7.271742245067474,-0.8589556347261802,0.6075268817204301,西红柿,90,cycle_market_average,same_season_mean,tuning,tuning,cycle_market_average,675,2023-12-28,0
186,20.65048342317227,1.1016439461778127,23.69325817382419,8.90938348600727,-1.0868093986042615,0.5752688172043011,西红柿,90,cycle_market_average,same_season_median,tuning,tuning,cycle_market_average,675,2023-12-28,0
186,16.7957980712437,0.8960075600771688,18.401964568329618,7.246329439548978,-0.8290609096991084,0.6236559139784946,西红柿,90,cycle_market_average,linear,tuning,tuning,cycle_market_average,675,2023-12-28,0
186,15.540498632219968,0.8290409424294128,16.861513286535278,6.704746762628082,-0.6607389311819047,0.6559139784946236,西红柿,90,cycle_market_average,elasticnet,tuning,tuning,cycle_market_average,675,2023-12-28,0
186,17.582547056533635,0.937978357517854,18.520194359974756,7.585762094636834,-0.5220834685496194,0.6075268817204301,西红柿,90,cycle_market_average,extra_trees,tuning,tuning,cycle_market_average,675,2023-12-28,0
186,16.640658773664303,0.8877313243837786,18.13750013755878,7.179396599888011,-0.6608955249229541,0.6451612903225806,西红柿,90,cycle_market_average,catboost,tuning,tuning,cycle_market_average,675,2023-12-28,0
186,29.23925817830783,1.8614005840009944,26.89541965987594,9.902004685214449,0.7086306044235012,0.0,青椒,90,cycle_market_average,last_value,tuning,tuning,cycle_market_average,675,2023-12-28,0
186,33.740922300870615,2.147981049743838,44.785323968236355,11.4265132401527,-2.147981049743838,0.5967741935483871,青椒,90,cycle_market_average,seasonal_naive,tuning,tuning,cycle_market_average,675,2023-12-28,0
186,20.05802890714495,1.276914294267817,23.448716937064596,6.792740602498098,-1.276914294267817,0.6827956989247311,青椒,90,cycle_market_average,same_season_mean,tuning,tuning,cycle_market_average,675,2023-12-28,0
186,25.336208806394136,1.6129285353614446,30.477659143102613,8.580219675087717,-1.6129285353614446,0.5913978494623656,青椒,90,cycle_market_average,same_season_median,tuning,tuning,cycle_market_average,675,2023-12-28,0
186,18.43263975022749,1.173440385748496,17.405614695655753,6.242295343287185,0.4586292595210686,0.7580645161290323,青椒,90,cycle_market_average,linear,tuning,tuning,cycle_market_average,675,2023-12-28,0
186,15.931187740651364,1.014195434899167,17.148571954491352,5.3951675068827045,-0.4011094843285303,0.6881720430107527,青椒,90,cycle_market_average,elasticnet,tuning,tuning,cycle_market_average,675,2023-12-28,0
186,14.44829568376868,0.9197930350893232,14.608345142983325,4.892979523679589,-0.828094011105668,0.8010752688172043,青椒,90,cycle_market_average,extra_trees,tuning,tuning,cycle_market_average,675,2023-12-28,0
186,15.309805781814124,0.9746376344237292,15.333278528603032,5.184733745868931,-0.868857392850402,0.7956989247311828,青椒,90,cycle_market_average,catboost,tuning,tuning,cycle_market_average,675,2023-12-28,0
186,26.04250206537048,1.3115323012442257,26.865019507704407,8.778279752121232,0.0782861207081317,0.0,韭菜,90,cycle_market_average,last_value,tuning,tuning,cycle_market_average,675,2023-12-28,0
186,15.06684096725311,0.7587845651950085,15.212691245134488,5.07865736783948,-0.6728091072178005,0.8602150537634409,韭菜,90,cycle_market_average,seasonal_naive,tuning,tuning,cycle_market_average,675,2023-12-28,0
186,10.54786320091724,0.5312033099731838,10.534817920993952,3.5554223527500084,-0.4477652119757901,0.935483870967742,韭菜,90,cycle_market_average,same_season_mean,tuning,tuning,cycle_market_average,675,2023-12-28,0
186,14.57746150402392,0.734138816027761,15.194479177188684,4.913699721973296,-0.6332730190768144,0.8279569892473119,韭菜,90,cycle_market_average,same_season_median,tuning,tuning,cycle_market_average,675,2023-12-28,0
186,14.431877058541748,0.72680700503935,15.379653334649616,4.864626826181945,-0.467445459730458,0.946236559139785,韭菜,90,cycle_market_average,linear,tuning,tuning,cycle_market_average,675,2023-12-28,0
186,12.276175451239077,0.6182432317611648,13.305240730223804,4.1379934280737345,-0.2600029781594545,0.9301075268817204,韭菜,90,cycle_market_average,elasticnet,tuning,tuning,cycle_market_average,675,2023-12-28,0
186,12.56627512117422,0.632853006457359,12.848110585735164,4.2357788118397215,-0.2855572688562672,0.8333333333333334,韭菜,90,cycle_market_average,extra_trees,tuning,tuning,cycle_market_average,675,2023-12-28,0
186,13.12754800296534,0.6611193962394812,13.617930658136729,4.424969941066637,-0.2565392562564716,0.8225806451612904,韭菜,90,cycle_market_average,catboost,tuning,tuning,cycle_market_average,675,2023-12-28,0
186,33.043120095454746,1.511520434597105,32.34141200462472,7.626626537793448,0.2934617222531731,0.0,黄瓜,90,cycle_market_average,last_value,tuning,tuning,cycle_market_average,675,2023-12-28,0
186,24.75630683331909,1.1324494646879617,29.255692945804412,5.713961215748511,-1.032603716616257,0.7204301075268817,黄瓜,90,cycle_market_average,seasonal_naive,tuning,tuning,cycle_market_average,675,2023-12-28,0
186,17.953814757843467,0.8212771011652856,19.56190577421983,4.143889550721684,-0.6104524596547644,0.7903225806451613,黄瓜,90,cycle_market_average,same_season_mean,tuning,tuning,cycle_market_average,675,2023-12-28,0
186,24.028992399439133,1.0991792823924886,27.44862184150914,5.546091004136378,-0.9275597831231708,0.7096774193548387,黄瓜,90,cycle_market_average,same_season_median,tuning,tuning,cycle_market_average,675,2023-12-28,0
186,20.06459184333163,0.9178322293849586,21.604817497495137,4.631074431842058,-0.6569747372260082,0.6827956989247311,黄瓜,90,cycle_market_average,linear,tuning,tuning,cycle_market_average,675,2023-12-28,0
186,19.11764793467031,0.8745153433214137,20.542359695745844,4.4125119134498645,-0.5210103918329616,0.7365591397849462,黄瓜,90,cycle_market_average,elasticnet,tuning,tuning,cycle_market_average,675,2023-12-28,0
186,14.080388953762974,0.6440915860610766,14.402865746040735,3.2498707067312895,-0.393794937073505,0.8225806451612904,黄瓜,90,cycle_market_average,extra_trees,tuning,tuning,cycle_market_average,675,2023-12-28,0
186,14.52257662428993,0.6643189646499505,15.227629846383737,3.3519312934126866,-0.544059181937698,0.8440860215053764,黄瓜,90,cycle_market_average,catboost,tuning,tuning,cycle_market_average,675,2023-12-28,0
177,18.994310536034327,0.4959138193883956,17.833387831998177,18.24673798113951,0.2746821809703165,0.0,土豆,90,harvest_market_price,last_value,development,development,harvest_post_14,405,2022-12-31,0
177,18.21671966187394,0.4756120527306968,18.36088007568292,17.499751302659522,-0.1270062774639046,0.5254237288135594,土豆,90,harvest_market_price,seasonal_naive,development,development,harvest_post_14,405,2022-12-31,0
177,20.44972765897104,0.5339126434504512,21.171092802866394,19.64487321985267,-0.3317665401072024,0.6384180790960452,土豆,90,harvest_market_price,same_season_mean,development,development,harvest_post_14,405,2022-12-31,0
177,21.87864251528296,0.5712195318805489,22.93147800363228,21.01754926045007,-0.3745268585777061,0.6440677966101694,土豆,90,harvest_market_price,same_season_median,development,development,harvest_post_14,405,2022-12-31,0
177,42.77828553281223,1.1168788109059438,36.514691007579145,41.09463020091087,0.8325988940008103,0.1751412429378531,土豆,90,harvest_market_price,linear,development,development,harvest_post_14,405,2022-12-31,0
177,23.032782444184157,0.601352446637535,22.208691165440335,22.126264885388355,0.1198923399350206,0.384180790960452,土豆,90,harvest_market_price,elasticnet,development,development,harvest_post_14,405,2022-12-31,0
177,16.14736648174445,0.4215842512332598,15.943938703740995,15.511843123701,-0.1084887372958596,0.5423728813559322,土豆,90,harvest_market_price,extra_trees,development,development,harvest_post_14,405,2022-12-31,0
177,16.116514986026555,0.4207787635559745,15.887038211857094,15.482205872187045,-0.1203422389824218,0.536723163841808,土豆,90,harvest_market_price,catboost,development,development,harvest_post_14,405,2022-12-31,0
177,62.95939743662313,1.977521164021164,45.2505656348897,9.939270344172062,1.2622170657340148,0.0,尖椒,90,harvest_market_price,last_value,development,development,harvest_post_14,405,2022-12-31,0
177,60.34047117751697,1.8952620841180163,47.99102546487443,9.525825851998988,1.3121961707470182,0.559322033898305,尖椒,90,harvest_market_price,seasonal_naive,development,development,harvest_post_14,405,2022-12-31,0
177,46.021324220127,1.445505299398593,38.56666862664965,7.2652916267359,1.2702409520896427,0.6214689265536724,尖椒,90,harvest_market_price,same_season_mean,development,development,harvest_post_14,405,2022-12-31,0
177,46.417041860247345,1.457934579858309,37.75328086837116,7.327762755197274,1.369957178728365,0.6497175141242938,尖椒,90,harvest_market_price,same_season_median,development,development,harvest_post_14,405,2022-12-31,0
177,81.45543329113895,2.55847180589505,53.28089271128731,12.85920141305798,2.4654498836502556,0.7853107344632768,尖椒,90,harvest_market_price,linear,development,development,harvest_post_14,405,2022-12-31,0
177,91.95468291524,2.888247648475202,60.57479508203627,14.516696317292633,2.888247648475202,0.4463276836158192,尖椒,90,harvest_market_price,elasticnet,development,development,harvest_post_14,405,2022-12-31,0
177,67.1960808996147,2.1105931366644537,49.66856833632362,10.608106832700166,2.1062109580924053,0.7401129943502824,尖椒,90,harvest_market_price,extra_trees,development,development,harvest_post_14,405,2022-12-31,0
177,57.17016585014753,1.7956844811463073,44.97096290794878,9.025336282447228,1.7630597251614415,0.768361581920904,尖椒,90,harvest_market_price,catboost,development,development,harvest_post_14,405,2022-12-31,0
177,25.74765691803326,0.3781803425701731,21.458470596392903,3.935725358020349,0.3524477625325083,0.0,甘蓝,90,harvest_market_price,last_value,development,development,harvest_post_14,405,2022-12-31,0
177,28.124682702085373,0.4130939826024571,23.606114901260565,4.299071843673176,0.3153111828535557,0.5819209039548022,甘蓝,90,harvest_market_price,seasonal_naive,development,development,harvest_post_14,405,2022-12-31,0
177,45.66577627385918,0.6707367186831426,35.971731130766265,6.980361523647337,0.5414472828969339,0.5028248587570622,甘蓝,90,harvest_market_price,same_season_mean,development,development,harvest_post_14,405,2022-12-31,0
177,50.22963287009491,0.7377704241772038,37.32946921713672,7.677981745687542,0.5954986099901355,0.4745762711864407,甘蓝,90,harvest_market_price,same_season_median,development,development,harvest_post_14,405,2022-12-31,0
177,65.67673544295394,0.9646567214941816,45.162390026774446,10.039188961454132,0.9465579762178254,0.3559322033898305,甘蓝,90,harvest_market_price,linear,development,development,harvest_post_14,405,2022-12-31,0
177,68.41959597657306,1.004943724677752,48.77703594808134,10.458456073410918,1.0011542496801498,0.231638418079096,甘蓝,90,harvest_market_price,elasticnet,development,development,harvest_post_14,405,2022-12-31,0
177,48.95458699617904,0.7190426118980032,38.51551847581951,7.483081277866908,0.7190426118980032,0.3220338983050847,甘蓝,90,harvest_market_price,extra_trees,development,development,harvest_post_14,405,2022-12-31,0
177,44.9803565390368,0.6606693066873761,36.09127251956671,6.875589899580113,0.6599694466878531,0.3333333333333333,甘蓝,90,harvest_market_price,catboost,development,development,harvest_post_14,405,2022-12-31,0
177,27.1868046543783,2.087285176217379,23.370777879556,6.271480077285596,1.6131673392520844,0.0,芸豆,90,harvest_market_price,last_value,development,development,harvest_post_14,405,2022-12-31,0
177,15.23059802294643,1.169339386602099,14.103254322123714,3.513410026678923,0.3062050488745403,0.7457627118644068,芸豆,90,harvest_market_price,seasonal_naive,development,development,harvest_post_14,405,2022-12-31,0
177,13.516028175731677,1.0377021356938976,13.370963001154134,3.117891289754088,0.2229038929950929,0.7740112994350282,芸豆,90,harvest_market_price,same_season_mean,development,development,harvest_post_14,405,2022-12-31,0
177,12.345612736151269,0.9478427046901624,12.51879716949882,2.8478986516051292,-0.0331038471885931,0.8757062146892656,芸豆,90,harvest_market_price,same_season_median,development,development,harvest_post_14,405,2022-12-31,0
177,23.4076645644721,1.7971391591039017,23.189340818877003,5.399704152000419,0.3588771145054782,0.8361581920903954,芸豆,90,harvest_market_price,linear,development,development,harvest_post_14,405,2022-12-31,0
177,12.081951383486146,0.927599927359186,11.292701541579191,2.7870769794222165,0.3343161223447966,0.9096045197740112,芸豆,90,harvest_market_price,elasticnet,development,development,harvest_post_14,405,2022-12-31,0
177,12.530098629210832,0.962006732964167,11.79651042489856,2.8904560472818943,0.4598419873119941,0.8192090395480226,芸豆,90,harvest_market_price,extra_trees,development,development,harvest_post_14,405,2022-12-31,0
177,9.972431187537977,0.7656400983204067,9.641636746039085,2.300450689583849,0.3455278977752584,0.8418079096045198,芸豆,90,harvest_market_price,catboost,development,development,harvest_post_14,405,2022-12-31,0
177,23.224409286521723,0.6484582997040624,21.969909633976535,5.110752108475248,0.153734508115864,0.0,芹菜,90,harvest_market_price,last_value,development,development,harvest_post_14,405,2022-12-31,0
177,26.612651967028985,0.7430628194780737,22.90800039804729,5.856367129714042,0.453814321585508,0.6045197740112994,芹菜,90,harvest_market_price,seasonal_naive,development,development,harvest_post_14,405,2022-12-31,0
177,34.41915781077926,0.9610314852734172,30.6434929019421,7.574262974062829,0.6385724782788068,0.4180790960451977,芹菜,90,harvest_market_price,same_season_mean,development,development,harvest_post_14,405,2022-12-31,0
177,36.35816914613256,1.015171419603623,31.532246252540823,8.000960856805769,0.6847514572684066,0.423728813559322,芹菜,90,harvest_market_price,same_season_median,development,development,harvest_post_14,405,2022-12-31,0
177,33.341473174810716,0.9309410085669582,30.124502530113062,7.337108222025967,0.5243094753913491,0.4180790960451977,芹菜,90,harvest_market_price,linear,development,development,harvest_post_14,405,2022-12-31,0
177,34.796142696128214,0.9715574355678512,30.14153418379547,7.657222082899177,0.5965160945792664,0.519774011299435,芹菜,90,harvest_market_price,elasticnet,development,development,harvest_post_14,405,2022-12-31,0
177,27.529896372777255,0.7686735784182278,25.23296146628583,6.058215483436676,0.5357950172848409,0.4632768361581921,芹菜,90,harvest_market_price,extra_trees,development,development,harvest_post_14,405,2022-12-31,0
177,25.66327996285756,0.7165550126263868,23.402333203952292,5.647448792451429,0.4961997666875585,0.5423728813559322,芹菜,90,harvest_market_price,catboost,development,development,harvest_post_14,405,2022-12-31,0
177,83.62109895529608,2.028944220249305,65.31653592083819,11.931491484435504,1.1627981346964398,0.0,茄子,90,harvest_market_price,last_value,development,development,harvest_post_14,405,2022-12-31,0
177,65.61563456732667,1.592067841449197,54.254569190291846,9.362378572714348,1.5147709174065107,0.6949152542372882,茄子,90,harvest_market_price,seasonal_naive,development,development,harvest_post_14,405,2022-12-31,0
177,64.8967321525544,1.574624721021478,54.65297591894826,9.259801852877397,1.5304823800133134,0.7796610169491526,茄子,90,harvest_market_price,same_season_mean,development,development,harvest_post_14,405,2022-12-31,0
177,63.88747188360498,1.550136490000897,53.92505046445587,9.115795370602072,1.5287303380862702,0.768361581920904,茄子,90,harvest_market_price,same_season_median,development,development,harvest_post_14,405,2022-12-31,0
177,77.30412963177297,1.8756721566364336,59.079699028544,11.030153584878008,1.848531555820504,0.7740112994350282,茄子,90,harvest_market_price,linear,development,development,harvest_post_14,405,2022-12-31,0
177,70.94569682429955,1.7213940419531577,55.974892137214525,10.122899460685234,1.6501203858679847,0.7740112994350282,茄子,90,harvest_market_price,elasticnet,development,development,harvest_post_14,405,2022-12-31,0
177,81.5847920268119,1.9795361973362084,63.735256320748114,11.640940665557906,1.9795361973362084,0.7909604519774012,茄子,90,harvest_market_price,extra_trees,development,development,harvest_post_14,405,2022-12-31,0
177,72.64560847198051,1.7626399231432694,59.42400688595377,10.36545165865911,1.737356729081894,0.7909604519774012,茄子,90,harvest_market_price,catboost,development,development,harvest_post_14,405,2022-12-31,0
177,35.51013985158338,1.4177653573670526,32.179003440848234,10.365132181981348,0.6426894000538069,0.0,西红柿,90,harvest_market_price,last_value,development,development,harvest_post_14,405,2022-12-31,0
177,20.321832637949424,0.8113623441843781,19.53152293242295,5.931784058097879,0.5031087346426331,0.8418079096045198,西红柿,90,harvest_market_price,seasonal_naive,development,development,harvest_post_14,405,2022-12-31,0
177,20.5177091482489,0.8191828408589967,19.91047469603242,5.988958879968055,0.2989040495526039,0.9548022598870056,西红柿,90,harvest_market_price,same_season_mean,development,development,harvest_post_14,405,2022-12-31,0
177,20.79680528040974,0.8303259348937314,20.026666452603067,6.07042485879601,0.3045538068334679,0.943502824858757,西红柿,90,harvest_market_price,same_season_median,development,development,harvest_post_14,405,2022-12-31,0
177,66.86056793897377,2.6694515255066356,47.73923423049019,19.516077023247934,2.662059582866303,0.480225988700565,西红柿,90,harvest_market_price,linear,development,development,harvest_post_14,405,2022-12-31,0
177,21.284445840310692,0.8497953004204293,21.8816933024744,6.212763325549285,-0.184399264727712,0.8813559322033898,西红柿,90,harvest_market_price,elasticnet,development,development,harvest_post_14,405,2022-12-31,0
177,18.88033072084524,0.7538094455140177,18.559525984388255,5.511020919067376,0.5760968914483475,0.8926553672316384,西红柿,90,harvest_market_price,extra_trees,development,development,harvest_post_14,405,2022-12-31,0
177,19.590450344289923,0.782161431901971,19.006464783509823,5.718299284987266,0.4760183945822372,0.8926553672316384,西红柿,90,harvest_market_price,catboost,development,development,harvest_post_14,405,2022-12-31,0
177,76.04765718168086,2.6562926643350373,52.08826270775605,12.461010640865714,1.746616402116402,0.0,青椒,90,harvest_market_price,last_value,development,development,harvest_post_14,405,2022-12-31,0
177,55.80263360568517,1.9491478342749533,44.76699407780811,9.143703263435686,1.757027306967985,0.6949152542372882,青椒,90,harvest_market_price,seasonal_naive,development,development,harvest_post_14,405,2022-12-31,0
177,44.18334357169925,1.5432939786022908,37.649474307356755,7.239790610256915,1.4341652245136791,0.7175141242937854,青椒,90,harvest_market_price,same_season_mean,development,development,harvest_post_14,405,2022-12-31,0
177,44.89407172415702,1.5681192269751592,37.85052634521893,7.356249044333075,1.4623791139808089,0.7401129943502824,青椒,90,harvest_market_price,same_season_median,development,development,harvest_post_14,405,2022-12-31,0
177,43.402745072787134,1.516028206804778,37.13763390361504,7.11188336680365,1.2697611404268392,0.903954802259887,青椒,90,harvest_market_price,linear,development,development,harvest_post_14,405,2022-12-31,0
177,55.16682614450882,1.9269395144181372,43.76153534157486,9.039521177716296,1.8869933398213656,0.8418079096045198,青椒,90,harvest_market_price,elasticnet,development,development,harvest_post_14,405,2022-12-31,0
177,52.91691113870216,1.8483515217463369,43.13778792943088,8.670854793143523,1.8314050925981364,0.8192090395480226,青椒,90,harvest_market_price,extra_trees,development,development,harvest_post_14,405,2022-12-31,0
177,43.435113444605385,1.5171588118990529,37.54101949880092,7.11718718076193,1.470875508176625,0.8587570621468926,青椒,90,harvest_market_price,catboost,development,development,harvest_post_14,405,2022-12-31,0
177,44.46851047206989,1.9852690341673391,39.15248013951733,13.152651521869547,0.2520592771948704,0.0,韭菜,90,harvest_market_price,last_value,development,development,harvest_post_14,405,2022-12-31,0
177,22.739777739554068,1.015203255313425,21.11703367168,6.72584642746185,0.6662089050309389,0.8531073446327684,韭菜,90,harvest_market_price,seasonal_naive,development,development,harvest_post_14,405,2022-12-31,0
177,15.704771948407476,0.7011297906507543,15.460237950856706,4.645071095816738,0.3676446748480646,0.9265536723163842,韭菜,90,harvest_market_price,same_season_mean,development,development,harvest_post_14,405,2022-12-31,0
177,17.028825151713093,0.7602413236481032,16.55783616288273,5.036692272119279,0.3437541924491077,0.9152542372881356,韭菜,90,harvest_market_price,same_season_median,development,development,harvest_post_14,405,2022-12-31,0
177,31.606299523309307,1.4110436140570644,38.99085923318976,9.348337488997275,-0.5269801632785179,0.8361581920903954,韭菜,90,harvest_market_price,linear,development,development,harvest_post_14,405,2022-12-31,0
177,20.54257248742764,0.9171103913418244,23.7214344887057,6.075969139096376,-0.5529020318799177,0.8870056497175142,韭菜,90,harvest_market_price,elasticnet,development,development,harvest_post_14,405,2022-12-31,0
177,18.756459618479752,0.8373704915204176,17.904801128919885,5.5476824954780035,0.3677193042212594,0.9209039548022598,韭菜,90,harvest_market_price,extra_trees,development,development,harvest_post_14,405,2022-12-31,0
177,19.37975308610656,0.865197041304573,17.908039693484152,5.7320368102172425,0.3496831003363024,0.9265536723163842,韭菜,90,harvest_market_price,catboost,development,development,harvest_post_14,405,2022-12-31,0
177,65.2043915498749,2.255653887543718,53.37922752783988,10.966115169285947,0.5523925656891757,0.0,黄瓜,90,harvest_market_price,last_value,development,development,harvest_post_14,405,2022-12-31,0
177,27.745621127275182,0.9598205990494127,25.575867972674015,4.666275836533848,0.5789521567572415,0.847457627118644,黄瓜,90,harvest_market_price,seasonal_naive,development,development,harvest_post_14,405,2022-12-31,0
177,23.280908712151607,0.805370175135327,21.25752104430252,3.9153977226795686,0.7149815920680432,0.8700564971751412,黄瓜,90,harvest_market_price,same_season_mean,development,development,harvest_post_14,405,2022-12-31,0
177,20.649473450122983,0.7143393866020986,19.188736893619613,3.472841301892273,0.5425055600394584,0.8418079096045198,黄瓜,90,harvest_market_price,same_season_median,development,development,harvest_post_14,405,2022-12-31,0
177,27.329515269186803,0.945426004235828,25.1501347772613,4.596294894239164,0.7241963022465372,0.9548022598870056,黄瓜,90,harvest_market_price,linear,development,development,harvest_post_14,405,2022-12-31,0
177,25.258522396936826,0.8737829290942893,23.260546711934584,4.2479940235149565,0.5921171018756435,0.9887005649717514,黄瓜,90,harvest_market_price,elasticnet,development,development,harvest_post_14,405,2022-12-31,0
177,31.684746550159645,1.0960890828501586,28.049161001180103,5.3287604027853686,1.043436560903186,0.8531073446327684,黄瓜,90,harvest_market_price,extra_trees,development,development,harvest_post_14,405,2022-12-31,0
177,28.527876391603005,0.986881615740028,26.25494921517797,4.797836013946707,0.8874595302771543,0.8587570621468926,黄瓜,90,harvest_market_price,catboost,development,development,harvest_post_14,405,2022-12-31,0
178,14.29053277211182,0.2925043695380773,13.465634838822146,9.69032880678293,0.1173171036204744,0.0,土豆,90,harvest_market_price,last_value,tuning,tuning,harvest_post_14,649,2023-12-31,0
178,26.6440993625918,0.5453621366149456,22.74750639715544,18.06721188785709,0.5453621366149456,0.3820224719101123,土豆,90,harvest_market_price,seasonal_naive,tuning,tuning,harvest_post_14,649,2023-12-31,0
178,16.7442886813976,0.3427288318930875,15.869431080728855,11.35420670075259,0.337822464851889,0.5393258426966292,土豆,90,harvest_market_price,same_season_mean,tuning,tuning,harvest_post_14,649,2023-12-31,0
178,15.71192526588591,0.3215980024968788,15.13718875525576,10.654166953884328,0.3033283395755305,0.4943820224719101,土豆,90,harvest_market_price,same_season_median,tuning,tuning,harvest_post_14,649,2023-12-31,0
178,16.04854538103531,0.3284880783342026,16.951520516177336,10.882427134998125,-0.1840500410668408,0.7808988764044944,土豆,90,harvest_market_price,linear,tuning,tuning,harvest_post_14,649,2023-12-31,0
178,8.95098009654364,0.1832122588877045,8.897749669428876,6.0696085766478785,-0.0374141911498716,0.8146067415730337,土豆,90,harvest_market_price,elasticnet,tuning,tuning,harvest_post_14,649,2023-12-31,0
178,12.055593932825817,0.2467587429357383,11.89178102824199,8.174829520570473,0.2232380978227301,0.6685393258426966,土豆,90,harvest_market_price,extra_trees,tuning,tuning,harvest_post_14,649,2023-12-31,0
178,16.329159072283293,0.3342317921726696,15.70408392831236,11.072709679339972,0.2734541614235361,0.5730337078651685,土豆,90,harvest_market_price,catboost,tuning,tuning,harvest_post_14,649,2023-12-31,0
178,43.310006946039856,2.407677902621723,40.86711676017195,13.44283371444836,0.3945355805243448,0.0,尖椒,90,harvest_market_price,last_value,tuning,tuning,harvest_post_14,649,2023-12-31,0
178,45.289295453531224,2.517709960763331,56.101977735474954,14.05717779230259,-2.406466515070447,0.601123595505618,尖椒,90,harvest_market_price,seasonal_naive,tuning,tuning,harvest_post_14,649,2023-12-31,0
178,27.955630849142516,1.5541016821629732,30.49471644013759,8.677045407906311,-1.5422056354289229,0.7247191011235955,尖椒,90,harvest_market_price,same_season_mean,tuning,tuning,harvest_post_14,649,2023-12-31,0
178,36.16434424600434,2.0104382022471907,41.57643739105764,11.224917758540233,-1.9059138576779024,0.6741573033707865,尖椒,90,harvest_market_price,same_season_median,tuning,tuning,harvest_post_14,649,2023-12-31,0
178,38.30793026519802,2.1296038421237133,45.71838005461351,11.890257536585956,-1.8795074649062335,0.6966292134831461,尖椒,90,harvest_market_price,linear,tuning,tuning,harvest_post_14,649,2023-12-31,0
178,27.24764016309208,1.5147432601661952,29.65324334577135,8.457294783626525,-1.157597336204047,0.7584269662921348,尖椒,90,harvest_market_price,elasticnet,tuning,tuning,harvest_post_14,649,2023-12-31,0
178,25.40013982824001,1.4120375335923905,26.859578182864848,7.883855951816895,-1.2406057164759856,0.7865168539325843,尖椒,90,harvest_market_price,extra_trees,tuning,tuning,harvest_post_14,649,2023-12-31,0
178,26.309824964078917,1.4626084975414746,27.90626294413281,8.166209774313936,-1.3417767271922296,0.7808988764044944,尖椒,90,harvest_market_price,catboost,tuning,tuning,harvest_post_14,649,2023-12-31,0
178,54.26294564208858,1.3047203495630462,55.58831902229469,15.79116149639249,-0.1025305867665418,0.0,甘蓝,90,harvest_market_price,last_value,tuning,tuning,harvest_post_14,649,2023-12-31,0
178,42.25420883525141,1.015977394328518,47.56884607702909,12.29647649467463,-0.9310922507579812,0.6910112359550562,甘蓝,90,harvest_market_price,seasonal_naive,tuning,tuning,harvest_post_14,649,2023-12-31,0
178,30.40134066026824,0.7309822079154586,30.225570403180736,8.847151115599873,-0.5642918627585525,0.848314606741573,甘蓝,90,harvest_market_price,same_season_mean,tuning,tuning,harvest_post_14,649,2023-12-31,0
178,35.0987067727888,0.8439275905118602,37.28002032497976,10.214140430550716,-0.8228114856429464,0.8033707865168539,甘蓝,90,harvest_market_price,same_season_median,tuning,tuning,harvest_post_14,649,2023-12-31,0
178,41.814813689501605,1.0054123986141257,46.40477143683973,12.168607289913211,-0.6299724463034541,0.7359550561797753,甘蓝,90,harvest_market_price,linear,tuning,tuning,harvest_post_14,649,2023-12-31,0
178,40.747736280917564,0.9797551551109508,40.87549119540911,11.858075093610312,-0.3573864217807137,0.7528089887640449,甘蓝,90,harvest_market_price,elasticnet,tuning,tuning,harvest_post_14,649,2023-12-31,0
178,31.80972377448138,0.764845944713219,32.63071394127019,9.257007324881696,-0.5794241445445575,0.8595505617977528,甘蓝,90,harvest_market_price,extra_trees,tuning,tuning,harvest_post_14,649,2023-12-31,0
178,33.25286216081246,0.799545351418875,34.641079667366895,9.676977731031585,-0.6806976173084609,0.8370786516853933,甘蓝,90,harvest_market_price,catboost,tuning,tuning,harvest_post_14,649,2023-12-31,0
178,40.95262072230537,3.5173295880149813,40.0658915931739,11.673988798574616,0.1827952559300873,0.0,芸豆,90,harvest_market_price,last_value,tuning,tuning,harvest_post_14,649,2023-12-31,0
178,22.0869537536352,1.896999375780275,22.707890401770005,6.296125770874914,-0.8777690387016227,0.8426966292134831,芸豆,90,harvest_market_price,seasonal_naive,tuning,tuning,harvest_post_14,649,2023-12-31,0
178,16.269764527309814,1.397373920218357,16.246405470438525,4.637872875955211,-0.7230578185103844,0.9269662921348316,芸豆,90,harvest_market_price,same_season_mean,tuning,tuning,harvest_post_14,649,2023-12-31,0
178,18.716130897517314,1.6074868913857676,18.98815336677779,5.3352361484223385,-0.9677665418227216,0.8595505617977528,芸豆,90,harvest_market_price,same_season_median,tuning,tuning,harvest_post_14,649,2023-12-31,0
178,19.61817310833716,1.684961292334838,19.423033086369554,5.592373066138983,-0.347261029083016,0.9101123595505618,芸豆,90,harvest_market_price,linear,tuning,tuning,harvest_post_14,649,2023-12-31,0
178,20.086403307367544,1.7251765436180042,20.214371892999107,5.72584716382128,-0.6392446103729141,0.8651685393258427,芸豆,90,harvest_market_price,elasticnet,tuning,tuning,harvest_post_14,649,2023-12-31,0
178,20.210432427703804,1.735829129143418,20.552507695290934,5.761203010064203,-0.2578382185242005,0.904494382022472,芸豆,90,harvest_market_price,extra_trees,tuning,tuning,harvest_post_14,649,2023-12-31,0
178,20.7527554252197,1.782408046237842,21.155921276272725,5.915798063727318,-0.2441507195096116,0.904494382022472,芸豆,90,harvest_market_price,catboost,tuning,tuning,harvest_post_14,649,2023-12-31,0
178,47.13341498480602,2.155503745318352,46.1893638728212,18.58390669194108,-0.0870168539325841,0.0,芹菜,90,harvest_market_price,last_value,tuning,tuning,harvest_post_14,649,2023-12-31,0
178,45.83802998945458,2.0962632423756022,52.96788494447399,18.07315834299348,-1.7870366506153024,0.5730337078651685,芹菜,90,harvest_market_price,seasonal_naive,tuning,tuning,harvest_post_14,649,2023-12-31,0
178,32.64912625998067,1.49310874158909,33.928247826149686,12.872997133445052,-1.357328407482913,0.8033707865168539,芹菜,90,harvest_market_price,same_season_mean,tuning,tuning,harvest_post_14,649,2023-12-31,0
178,38.98732245547899,1.7829669163545567,43.32239826756757,15.372040470965308,-1.6806123595505618,0.6853932584269663,芹菜,90,harvest_market_price,same_season_median,tuning,tuning,harvest_post_14,649,2023-12-31,0
178,35.32324246497297,1.6154013337370494,37.285883912932455,13.927355831048532,-0.9162414728611028,0.7584269662921348,芹菜,90,harvest_market_price,linear,tuning,tuning,harvest_post_14,649,2023-12-31,0
178,33.18921545946477,1.5178080826546432,33.656212520535085,13.085945151147,-0.7943006389811321,0.7696629213483146,芹菜,90,harvest_market_price,elasticnet,tuning,tuning,harvest_post_14,649,2023-12-31,0
178,30.561530412567805,1.3976388786636045,31.546672875517256,12.04989347224608,-1.0975308267166195,0.7921348314606742,芹菜,90,harvest_market_price,extra_trees,tuning,tuning,harvest_post_14,649,2023-12-31,0
178,34.821532895539434,1.5924571686192737,36.975112656702215,13.72954025100172,-1.3285802343925417,0.7303370786516854,芹菜,90,harvest_market_price,catboost,tuning,tuning,harvest_post_14,649,2023-12-31,0
178,40.214286215004506,1.5398002496878904,39.54583933583153,9.791860272794434,0.4367421972534334,0.0,茄子,90,harvest_market_price,last_value,tuning,tuning,harvest_post_14,649,2023-12-31,0
178,38.210799721730766,1.4630869894774388,50.595563176758795,9.304027175479687,-1.3697355537720703,0.5674157303370787,茄子,90,harvest_market_price,seasonal_naive,tuning,tuning,harvest_post_14,649,2023-12-31,0
178,19.031856169276768,0.7287275155102017,20.23115971812476,4.63410628116399,-0.3586644332977622,0.7696629213483146,茄子,90,harvest_market_price,same_season_mean,tuning,tuning,harvest_post_14,649,2023-12-31,0
178,18.21305668255451,0.6973757802746566,18.864041417290693,4.434735089479661,-0.3906173533083645,0.8033707865168539,茄子,90,harvest_market_price,same_season_median,tuning,tuning,harvest_post_14,649,2023-12-31,0
178,25.884875548223143,0.9911288147499822,25.491566488661057,6.30276223707545,0.2007079219297164,0.7865168539325843,茄子,90,harvest_market_price,linear,tuning,tuning,harvest_post_14,649,2023-12-31,0
178,32.494348217988374,1.2442047393802822,31.522737054620485,7.912116497727407,0.2165352598727588,0.6629213483146067,茄子,90,harvest_market_price,elasticnet,tuning,tuning,harvest_post_14,649,2023-12-31,0
178,27.57573726929515,1.055871709510674,28.885689737651425,6.714473677751881,-0.210927468515738,0.6629213483146067,茄子,90,harvest_market_price,extra_trees,tuning,tuning,harvest_post_14,649,2023-12-31,0
178,24.609545003280424,0.9422965594405572,26.63279471330437,5.992229347570961,-0.2560517395104506,0.7359550561797753,茄子,90,harvest_market_price,catboost,tuning,tuning,harvest_post_14,649,2023-12-31,0
178,32.79538096357828,1.73074531835206,32.15680774285415,13.82207254488705,-0.0624619225967541,0.0056179775280898,西红柿,90,harvest_market_price,last_value,tuning,tuning,harvest_post_14,649,2023-12-31,0
178,28.50749063531183,1.50445594792224,31.25648257102977,12.014881122179094,-1.2548716782593188,0.5449438202247191,西红柿,90,harvest_market_price,seasonal_naive,tuning,tuning,harvest_post_14,649,2023-12-31,0
178,21.39399043137485,1.1290476796440525,22.683054352873903,9.016796850004264,-1.057487394580074,0.8370786516853933,西红柿,90,harvest_market_price,same_season_mean,tuning,tuning,harvest_post_14,649,2023-12-31,0
178,23.973351640162928,1.265171036204744,25.77197970930941,10.103904750562906,-1.068023720349563,0.7191011235955056,西红柿,90,harvest_market_price,same_season_median,tuning,tuning,harvest_post_14,649,2023-12-31,0
178,21.362595493412893,1.127390841385093,22.482665505365745,9.00356501377299,-1.0198391688792916,0.8651685393258427,西红柿,90,harvest_market_price,linear,tuning,tuning,harvest_post_14,649,2023-12-31,0
178,25.987904379890953,1.371487158183318,28.277060115953212,10.952966212753145,-0.9155171854613317,0.8314606741573034,西红柿,90,harvest_market_price,elasticnet,tuning,tuning,harvest_post_14,649,2023-12-31,0
178,25.030857235797043,1.3209798972393971,25.60973078887112,10.549605292224914,-0.8824224822496373,0.6741573033707865,西红柿,90,harvest_market_price,extra_trees,tuning,tuning,harvest_post_14,649,2023-12-31,0
178,22.519554652073655,1.1884482704663553,23.32375737028248,9.491181652233156,-1.005592853692912,0.7528089887640449,西红柿,90,harvest_market_price,catboost,tuning,tuning,harvest_post_14,649,2023-12-31,0
178,54.86540719216007,3.105538389513109,45.86648994581075,16.029862007364144,1.3734229088639198,0.0,青椒,90,harvest_market_price,last_value,tuning,tuning,harvest_post_14,649,2023-12-31,0
178,40.727331872057384,2.3052830390583203,49.96699060497637,11.899182804761764,-2.147385411093276,0.6460674157303371,青椒,90,harvest_market_price,seasonal_naive,tuning,tuning,harvest_post_14,649,2023-12-31,0
178,23.848106288130303,1.3498707725905754,25.521668566800905,6.967629923838561,-1.1779522778518563,0.6853932584269663,青椒,90,harvest_market_price,same_season_mean,tuning,tuning,harvest_post_14,649,2023-12-31,0
178,29.13404956551367,1.6490702247191014,32.50265753528214,8.51200816965093,-1.4902287765293387,0.6741573033707865,青椒,90,harvest_market_price,same_season_median,tuning,tuning,harvest_post_14,649,2023-12-31,0
178,27.84153146627847,1.575910017190577,26.893562902540666,8.134377020387877,-0.0503104941144218,0.8033707865168539,青椒,90,harvest_market_price,linear,tuning,tuning,harvest_post_14,649,2023-12-31,0
178,28.102150183216157,1.5906617792187152,26.350939368573457,8.210521211834694,0.1369776991520292,0.7752808988764045,青椒,90,harvest_market_price,elasticnet,tuning,tuning,harvest_post_14,649,2023-12-31,0
178,15.560052687400006,0.8807433214579751,15.71090948623299,4.54613407921593,-0.3210330003655424,0.9213483146067416,青椒,90,harvest_market_price,extra_trees,tuning,tuning,harvest_post_14,649,2023-12-31,0
178,15.9884104926066,0.9049895938652406,15.750381916035456,4.671286098651234,-0.4563130949288336,0.9325842696629212,青椒,90,harvest_market_price,catboost,tuning,tuning,harvest_post_14,649,2023-12-31,0
178,45.21566245684472,2.3412359550561797,47.27317313175572,15.371032410095284,-0.1243358302122345,0.0,韭菜,90,harvest_market_price,last_value,tuning,tuning,harvest_post_14,649,2023-12-31,0
178,18.636212850072543,0.964970304975923,18.24980573767756,6.33536735181761,-0.6742131264490813,0.949438202247191,韭菜,90,harvest_market_price,seasonal_naive,tuning,tuning,harvest_post_14,649,2023-12-31,0
178,14.22382986837838,0.7365001439099415,13.737373954997173,4.835380884028796,-0.4201951168101626,0.9550561797752808,韭菜,90,harvest_market_price,same_season_mean,tuning,tuning,harvest_post_14,649,2023-12-31,0
178,15.478877392602763,0.8014856429463172,14.940506068295518,5.262033400498618,-0.550234706616729,0.949438202247191,韭菜,90,harvest_market_price,same_season_median,tuning,tuning,harvest_post_14,649,2023-12-31,0
178,14.69876688126449,0.7610920563256273,15.331533623962851,4.996835384995,-0.4685211217680314,0.9382022471910112,韭菜,90,harvest_market_price,linear,tuning,tuning,harvest_post_14,649,2023-12-31,0
178,15.958836470641842,0.8263375944472642,16.729624637330474,5.425195148954684,-0.3650509690230955,0.9157303370786516,韭菜,90,harvest_market_price,elasticnet,tuning,tuning,harvest_post_14,649,2023-12-31,0
178,16.714611916965133,0.8654711281109486,17.169170739132543,5.682120476351518,-0.4544313794500744,0.9662921348314608,韭菜,90,harvest_market_price,extra_trees,tuning,tuning,harvest_post_14,649,2023-12-31,0
178,16.32635999321961,0.8453677100893655,16.846039520646844,5.550134510009209,-0.55271824334603,0.9719101123595506,韭菜,90,harvest_market_price,catboost,tuning,tuning,harvest_post_14,649,2023-12-31,0
178,50.255306004952764,2.1865961298377026,47.04399110802488,10.781572760118944,0.5228445692883896,0.0,黄瓜,90,harvest_market_price,last_value,tuning,tuning,harvest_post_14,649,2023-12-31,0
178,31.509911667403586,1.370988585696451,32.95307235551542,6.760010679739008,-0.8501600677724274,0.7752808988764045,黄瓜,90,harvest_market_price,seasonal_naive,tuning,tuning,harvest_post_14,649,2023-12-31,0
178,29.195055160099937,1.2702697426055158,27.851296855194875,6.263390604233559,-0.3798613825943711,0.7752808988764045,黄瓜,90,harvest_market_price,same_season_mean,tuning,tuning,harvest_post_14,649,2023-12-31,0
178,27.66472369837409,1.203685393258427,27.306842202241693,5.935079400635069,-0.6310880149812733,0.8033707865168539,黄瓜,90,harvest_market_price,same_season_median,tuning,tuning,harvest_post_14,649,2023-12-31,0
178,27.81655699059323,1.2102916228397211,26.666880079563775,5.967653109116872,-0.373811812074545,0.7134831460674157,黄瓜,90,harvest_market_price,linear,tuning,tuning,harvest_post_14,649,2023-12-31,0
178,30.891999092758468,1.344103360001797,29.764697399072908,6.6274461823251,-0.2736092878452674,0.702247191011236,黄瓜,90,harvest_market_price,elasticnet,tuning,tuning,harvest_post_14,649,2023-12-31,0
178,30.725672167912897,1.3368665159933395,28.58371398023052,6.591763067749841,-0.2370818569922164,0.7359550561797753,黄瓜,90,harvest_market_price,extra_trees,tuning,tuning,harvest_post_14,649,2023-12-31,0
178,27.6115574793058,1.201372144009853,27.277341838476257,5.923673332205029,-0.5617870297652651,0.8202247191011236,黄瓜,90,harvest_market_price,catboost,tuning,tuning,harvest_post_14,649,2023-12-31,0
165,11.387186582002377,0.3146314686831712,10.913681261682578,11.600620697850742,0.1579389306129642,0.0,土豆,120,cycle_market_average,last_value,development,development,cycle_market_average,411,2022-12-31,0
165,15.301834113783364,0.4227943843807044,15.83411101880211,15.588641870151877,-0.3218940679745139,0.5515151515151515,土豆,120,cycle_market_average,seasonal_naive,development,development,cycle_market_average,411,2022-12-31,0
165,19.42430695888739,0.5366995774256303,20.820365056254737,19.788383700045728,-0.5122930524855023,0.6181818181818182,土豆,120,cycle_market_average,same_season_mean,development,development,cycle_market_average,411,2022-12-31,0
165,19.814757911521372,0.5474878573744403,21.273125771702933,20.186153014705088,-0.5198792512052176,0.6181818181818182,土豆,120,cycle_market_average,same_season_median,development,development,cycle_market_average,411,2022-12-31,0
165,26.306274738167737,0.7268504644979036,29.630093908177734,26.799342665839976,-0.6668818245226934,0.6121212121212121,土豆,120,cycle_market_average,linear,development,development,cycle_market_average,411,2022-12-31,0
165,18.9794779804937,0.5244088158949425,20.224470809024183,19.335217132817128,-0.5019189118612839,0.6181818181818182,土豆,120,cycle_market_average,elasticnet,development,development,cycle_market_average,411,2022-12-31,0
165,17.59043976573723,0.4860292626647688,18.631839461688916,17.920143677388065,-0.4681605519298571,0.6181818181818182,土豆,120,cycle_market_average,extra_trees,development,development,cycle_market_average,411,2022-12-31,0
165,17.12253838473919,0.4731010035515849,17.968744890538368,17.44347225325089,-0.4520683561267083,0.6181818181818182,土豆,120,cycle_market_average,catboost,development,development,cycle_market_average,411,2022-12-31,0
165,36.57212574279093,1.2977979502202532,27.47892947032094,6.720095473481988,1.001219559611829,0.0,尖椒,120,cycle_market_average,last_value,development,development,cycle_market_average,411,2022-12-31,0
165,52.425186502132824,1.860359445903796,43.365565123496104,9.63308124299768,1.860359445903796,0.4787878787878787,尖椒,120,cycle_market_average,seasonal_naive,development,development,cycle_market_average,411,2022-12-31,0
165,38.20251825673239,1.3556540365065357,33.920913598536096,7.019678643188679,1.3556540365065357,0.5575757575757576,尖椒,120,cycle_market_average,same_season_mean,development,development,cycle_market_average,411,2022-12-31,0
165,26.691147972457195,0.9471617092016748,25.368768752261744,4.904474624560327,0.9433407717330408,0.696969696969697,尖椒,120,cycle_market_average,same_season_median,development,development,cycle_market_average,411,2022-12-31,0
165,54.806299401083784,1.9448555854291472,43.62305017821699,10.070608613613922,1.902015598210131,0.5151515151515151,尖椒,120,cycle_market_average,linear,development,development,cycle_market_average,411,2022-12-31,0
165,51.9212729634486,1.842477577012936,42.95073127156252,9.54048757988512,1.842477577012936,0.4787878787878787,尖椒,120,cycle_market_average,elasticnet,development,development,cycle_market_average,411,2022-12-31,0
165,46.773885339322206,1.6598174507035668,39.83961557180769,8.59465969674744,1.6598174507035668,0.503030303030303,尖椒,120,cycle_market_average,extra_trees,development,development,cycle_market_average,411,2022-12-31,0
165,43.673733116501126,1.5498054916382384,38.34583572955355,8.02500949193834,1.5498054916382384,0.5393939393939394,尖椒,120,cycle_market_average,catboost,development,development,cycle_market_average,411,2022-12-31,0
165,17.492743776616408,0.2859754296986234,15.00983958849193,3.0486200253883413,0.2049343979270987,0.0,甘蓝,120,cycle_market_average,last_value,development,development,cycle_market_average,411,2022-12-31,0
165,25.36791737056834,0.4147205929069349,21.882273347851143,4.4210983643225,0.4147205929069349,0.5515151515151515,甘蓝,120,cycle_market_average,seasonal_naive,development,development,cycle_market_average,411,2022-12-31,0
165,23.6142245952298,0.3860508169477619,19.94297332476797,4.115466327316236,0.3817927862042715,0.6909090909090909,甘蓝,120,cycle_market_average,same_season_mean,development,development,cycle_market_average,411,2022-12-31,0
165,15.605325104936824,0.2551194717913054,14.540598515299603,2.71968235658958,0.190207125199826,0.6303030303030303,甘蓝,120,cycle_market_average,same_season_median,development,development,cycle_market_average,411,2022-12-31,0
165,76.42838509437858,1.2494689539644348,52.197182182546975,13.319871844134642,1.2494689539644348,0.2787878787878788,甘蓝,120,cycle_market_average,linear,development,development,cycle_market_average,411,2022-12-31,0
165,58.34165256057855,0.9537828583896664,43.512627768913745,10.167731979713034,0.9537828583896664,0.2909090909090909,甘蓝,120,cycle_market_average,elasticnet,development,development,cycle_market_average,411,2022-12-31,0
165,34.83780237271981,0.5695364678359993,29.22094271386273,6.0715016071960415,0.5695364678359993,0.4545454545454545,甘蓝,120,cycle_market_average,extra_trees,development,development,cycle_market_average,411,2022-12-31,0
165,32.27784230114733,0.5276856472427269,27.35847460630913,5.62535401376802,0.5276856472427269,0.4848484848484848,甘蓝,120,cycle_market_average,catboost,development,development,cycle_market_average,411,2022-12-31,0
165,17.50602349901164,1.4443552276229552,15.63337389165308,4.635866943208171,1.146957176465656,0.0,芸豆,120,cycle_market_average,last_value,development,development,cycle_market_average,411,2022-12-31,0
165,10.169244895501269,0.8390256089068182,9.239018063889684,2.6929740069813333,0.7790375286726022,0.7454545454545455,芸豆,120,cycle_market_average,seasonal_naive,development,development,cycle_market_average,411,2022-12-31,0
165,7.174650655840498,0.591953060140514,7.21088719980913,1.8999589373540848,0.2978444687431972,0.8666666666666667,芸豆,120,cycle_market_average,same_season_mean,development,development,cycle_market_average,411,2022-12-31,0
165,6.835421576119395,0.5639645626565158,7.0037709105028805,1.8101258078062592,-0.125830702322223,0.9575757575757576,芸豆,120,cycle_market_average,same_season_median,development,development,cycle_market_average,411,2022-12-31,0
165,10.958357822850868,0.9041323067166662,10.285715832930158,2.9019433674168877,0.3617984494279973,0.8424242424242424,芸豆,120,cycle_market_average,linear,development,development,cycle_market_average,411,2022-12-31,0
165,7.920446059347664,0.6534857942793413,7.681285435839032,2.0974571446260373,0.4947487679925395,0.8666666666666667,芸豆,120,cycle_market_average,elasticnet,development,development,cycle_market_average,411,2022-12-31,0
165,7.39796585499954,0.6103779454567728,7.129019434724474,1.9590962708413724,0.5034461328148294,0.793939393939394,芸豆,120,cycle_market_average,extra_trees,development,development,cycle_market_average,411,2022-12-31,0
165,6.4490577619139255,0.5320871580109936,6.448853236577722,1.707810668424201,0.4275493166196342,0.8121212121212121,芸豆,120,cycle_market_average,catboost,development,development,cycle_market_average,411,2022-12-31,0
165,15.96193438305414,0.4588205731573576,15.360196002411566,3.70453790851746,0.1136539818558083,0.0,芹菜,120,cycle_market_average,last_value,development,development,cycle_market_average,411,2022-12-31,0
165,24.94320314946325,0.7169842007098493,21.91037289267243,5.788962628811308,0.7169842007098493,0.6121212121212121,芹菜,120,cycle_market_average,seasonal_naive,development,development,cycle_market_average,411,2022-12-31,0
165,21.35339624334889,0.6137963775637876,19.306675446915666,4.955819511641452,0.5837046715919586,0.6242424242424243,芹菜,120,cycle_market_average,same_season_mean,development,development,cycle_market_average,411,2022-12-31,0
165,19.484096909215136,0.5600639807685436,18.19754986069045,4.521981727355315,0.3686236788255053,0.6303030303030303,芹菜,120,cycle_market_average,same_season_median,development,development,cycle_market_average,411,2022-12-31,0
165,31.23412443246212,0.8978146714714438,26.165362018464393,7.248995968950216,0.8402579555630353,0.5878787878787879,芹菜,120,cycle_market_average,linear,development,development,cycle_market_average,411,2022-12-31,0
165,30.50630597923247,0.8768937685375329,25.937286212882217,7.080079659322341,0.8700097265874615,0.5696969696969697,芹菜,120,cycle_market_average,elasticnet,development,development,cycle_market_average,411,2022-12-31,0
165,23.629685432820175,0.6792275643812137,21.384281797744475,5.48411385183729,0.6792275643812137,0.6121212121212121,芹菜,120,cycle_market_average,extra_trees,development,development,cycle_market_average,411,2022-12-31,0
165,25.29047412689321,0.7269663911562958,22.703967852338195,5.869559282671943,0.7269663911562958,0.5454545454545454,芹菜,120,cycle_market_average,catboost,development,development,cycle_market_average,411,2022-12-31,0
165,44.32902441084628,1.238516400019008,37.4960219613299,7.534001839878239,0.95650667604538,0.0,茄子,120,cycle_market_average,last_value,development,development,cycle_market_average,411,2022-12-31,0
165,56.75480526075369,1.585682473944312,50.48178376401712,9.645842942391216,1.585682473944312,0.6848484848484848,茄子,120,cycle_market_average,seasonal_naive,development,development,cycle_market_average,411,2022-12-31,0
165,45.16336916522202,1.2618273046756727,43.91149103438215,7.675804078887623,1.2553387689225666,0.8121212121212121,茄子,120,cycle_market_average,same_season_mean,development,development,cycle_market_average,411,2022-12-31,0
165,39.85876177654678,1.113620947016044,40.16015705223012,6.774252051581277,0.98080970634841,0.7878787878787878,茄子,120,cycle_market_average,same_season_median,development,development,cycle_market_average,411,2022-12-31,0
165,71.02329671778709,1.9843323632196357,58.13656106251051,12.070864524036358,1.805934832905247,0.6727272727272727,茄子,120,cycle_market_average,linear,development,development,cycle_market_average,411,2022-12-31,0
165,62.997814936751695,1.7601070179527525,54.0037205827752,10.706882453421787,1.737408225805979,0.6606060606060606,茄子,120,cycle_market_average,elasticnet,development,development,cycle_market_average,411,2022-12-31,0
165,60.01187578152049,1.676682339373363,52.99249787680402,10.199402954645086,1.676682339373363,0.6727272727272727,茄子,120,cycle_market_average,extra_trees,development,development,cycle_market_average,411,2022-12-31,0
165,53.97320573428278,1.50796687614793,49.42956403897006,9.17309227330343,1.5058057849652675,0.7151515151515152,茄子,120,cycle_market_average,catboost,development,development,cycle_market_average,411,2022-12-31,0
165,21.656727774745814,0.9131906177245672,20.199294001710037,6.709823535252197,0.5016428440423427,0.0,西红柿,120,cycle_market_average,last_value,development,development,cycle_market_average,411,2022-12-31,0
165,22.132274681284596,0.9332428147995822,18.7813160575646,6.857160467165389,0.9332428147995822,0.7393939393939394,西红柿,120,cycle_market_average,seasonal_naive,development,development,cycle_market_average,411,2022-12-31,0
165,10.60947573538363,0.4473655393049098,10.867233467634286,3.2870944644267572,0.2300816206172826,0.9575757575757576,西红柿,120,cycle_market_average,same_season_mean,development,development,cycle_market_average,411,2022-12-31,0
165,16.630698099513754,0.7012600254594095,17.04608254795886,5.1526274272107155,-0.1910844286849301,0.9636363636363636,西红柿,120,cycle_market_average,same_season_median,development,development,cycle_market_average,411,2022-12-31,0
165,75.52916502930793,3.1848082308059587,48.893676328584206,23.40092069230185,3.1848082308059587,0.406060606060606,西红柿,120,cycle_market_average,linear,development,development,cycle_market_average,411,2022-12-31,0
165,42.05326498098343,1.7732432814758368,32.60104226317581,13.029206906901312,1.7732432814758368,0.4787878787878787,西红柿,120,cycle_market_average,elasticnet,development,development,cycle_market_average,411,2022-12-31,0
165,16.924192287884328,0.7136356780494203,16.314339113335556,5.243559641581763,0.5867854321384504,0.8424242424242424,西红柿,120,cycle_market_average,extra_trees,development,development,cycle_market_average,411,2022-12-31,0
165,17.141274874501928,0.7227893130506295,15.916029010780129,5.310817533167709,0.6498498350181835,0.7818181818181819,西红柿,120,cycle_market_average,catboost,development,development,cycle_market_average,411,2022-12-31,0
165,43.54008287813566,1.760220251991847,32.2388372055732,8.518535213841565,1.376999419052804,0.0,青椒,120,cycle_market_average,last_value,development,development,cycle_market_average,411,2022-12-31,0
165,46.35633356739814,1.8740744564452605,41.7081794566581,9.06952935720676,1.8740744564452605,0.6666666666666666,青椒,120,cycle_market_average,seasonal_naive,development,development,cycle_market_average,411,2022-12-31,0
165,32.19812487422588,1.3016923196587549,31.43903371327979,6.299502491266401,1.3016923196587549,0.806060606060606,青椒,120,cycle_market_average,same_season_mean,development,development,cycle_market_average,411,2022-12-31,0
165,24.46045691326293,0.9888771170281936,25.603127548568764,4.785642327449945,0.95706002511341,0.8424242424242424,青椒,120,cycle_market_average,same_season_median,development,development,cycle_market_average,411,2022-12-31,0
165,39.32860241036472,1.589960281863009,36.71604442181916,7.694566992018811,1.589960281863009,0.6848484848484848,青椒,120,cycle_market_average,linear,development,development,cycle_market_average,411,2022-12-31,0
165,37.60608155281284,1.5203229293933895,35.14995507479182,7.357559030350446,1.5203229293933895,0.7272727272727273,青椒,120,cycle_market_average,elasticnet,development,development,cycle_market_average,411,2022-12-31,0
165,37.58741053857129,1.5195681054421997,35.24753383593034,7.353906081578162,1.5195681054421997,0.6909090909090909,青椒,120,cycle_market_average,extra_trees,development,development,cycle_market_average,411,2022-12-31,0
165,37.71048253131744,1.524543608467564,35.49588265681499,7.377984885171167,1.5111065648162567,0.6787878787878788,青椒,120,cycle_market_average,catboost,development,development,cycle_market_average,411,2022-12-31,0
165,28.58333661107067,1.2119843728761313,23.77536015674069,8.143454488351585,0.5432158616298652,0.0,韭菜,120,cycle_market_average,last_value,development,development,cycle_market_average,411,2022-12-31,0
165,24.35003565763276,1.0324848738826793,22.099606781191795,6.937377880889847,1.0324848738826793,0.7090909090909091,韭菜,120,cycle_market_average,seasonal_naive,development,development,cycle_market_average,411,2022-12-31,0
165,7.545486577823104,0.3199420677334859,6.831104369348387,2.1497254633026746,0.2923967903927325,0.9454545454545454,韭菜,120,cycle_market_average,same_season_mean,development,development,cycle_market_average,411,2022-12-31,0
165,13.310031909575777,0.564369055173235,13.25935099659263,3.792056909554676,0.0263067707207743,0.8787878787878788,韭菜,120,cycle_market_average,same_season_median,development,development,cycle_market_average,411,2022-12-31,0
165,13.074907367489638,0.5543993558842555,12.013726478566625,3.725069418429117,0.2826036850742419,0.8242424242424242,韭菜,120,cycle_market_average,linear,development,development,cycle_market_average,411,2022-12-31,0
165,10.61498155583589,0.4500941208892532,9.93292350416111,3.024231228524972,0.2397395806615052,0.8424242424242424,韭菜,120,cycle_market_average,elasticnet,development,development,cycle_market_average,411,2022-12-31,0
165,12.52400579244143,0.5310401480690043,11.61503407086558,3.568116366900881,0.5218118564500209,0.8606060606060606,韭菜,120,cycle_market_average,extra_trees,development,development,cycle_market_average,411,2022-12-31,0
165,19.95239442316066,0.84601705431988,18.806746821108227,5.684480371536393,0.84601705431988,0.7333333333333333,韭菜,120,cycle_market_average,catboost,development,development,cycle_market_average,411,2022-12-31,0
165,41.61578639549309,1.4082739462735452,32.76030290793352,7.089787794353556,0.7097072190525877,0.0,黄瓜,120,cycle_market_average,last_value,development,development,cycle_market_average,411,2022-12-31,0
165,23.20871366317994,0.7853804916184114,22.39640499122979,3.953904734326482,0.7841988702326464,0.793939393939394,黄瓜,120,cycle_market_average,seasonal_naive,development,development,cycle_market_average,411,2022-12-31,0
165,19.282997919219333,0.6525346732033516,18.59263941221577,3.2851082516376984,0.6331592692101746,0.8545454545454545,黄瓜,120,cycle_market_average,same_season_mean,development,development,cycle_market_average,411,2022-12-31,0
165,10.760656617093773,0.3641395170244897,10.68516489172792,1.8332171166507956,0.3048587342041028,0.8666666666666667,黄瓜,120,cycle_market_average,same_season_median,development,development,cycle_market_average,411,2022-12-31,0
165,32.73278935858482,1.1076742369945252,28.633220306004908,5.5764542874233225,1.0332113416233586,0.7272727272727273,黄瓜,120,cycle_market_average,linear,development,development,cycle_market_average,411,2022-12-31,0
165,27.31489695179819,0.9243333132479252,24.71382394826121,4.653446198816913,0.8688042123537002,0.7757575757575758,黄瓜,120,cycle_market_average,elasticnet,development,development,cycle_market_average,411,2022-12-31,0
165,28.41167265452122,0.9614480906156306,26.43624540317492,4.840296133993229,0.9393014479188538,0.7818181818181819,黄瓜,120,cycle_market_average,extra_trees,development,development,cycle_market_average,411,2022-12-31,0
165,26.63494407229938,0.9013237774964744,25.0799735447837,4.537607426001406,0.8915834764369833,0.7818181818181819,黄瓜,120,cycle_market_average,catboost,development,development,cycle_market_average,411,2022-12-31,0
166,10.030542348162554,0.2115477803559483,9.638308620477158,7.058788181264805,0.0725299536318697,0.0,土豆,120,cycle_market_average,last_value,tuning,tuning,cycle_market_average,655,2023-12-30,0
166,30.460744022641503,0.6424281521687565,26.030495426055573,21.436123036651363,0.6424281521687565,0.5602409638554217,土豆,120,cycle_market_average,seasonal_naive,tuning,tuning,cycle_market_average,655,2023-12-30,0
166,14.652535047533764,0.3090272846972555,13.8041304697386,10.311420622041076,0.3090272846972555,0.8012048192771084,土豆,120,cycle_market_average,same_season_mean,tuning,tuning,cycle_market_average,655,2023-12-30,0
166,11.171085178184128,0.235602242788496,10.843011427184909,7.861421774677368,0.235602242788496,0.7650602409638554,土豆,120,cycle_market_average,same_season_median,tuning,tuning,cycle_market_average,655,2023-12-30,0
166,5.559316306380774,0.117247999568729,5.423495647433303,3.912254679487184,0.0025703214046205,0.9096385542168676,土豆,120,cycle_market_average,linear,tuning,tuning,cycle_market_average,655,2023-12-30,0
166,4.3420072274921315,0.0915745090726533,4.3681728145938035,3.0555984149752695,0.0185729093170575,0.7469879518072289,土豆,120,cycle_market_average,elasticnet,tuning,tuning,cycle_market_average,655,2023-12-30,0
166,7.825130774195945,0.1650348494445485,7.723603480352975,5.506775078404834,0.143460271880779,0.8373493975903614,土豆,120,cycle_market_average,extra_trees,tuning,tuning,cycle_market_average,655,2023-12-30,0
166,14.522821662206354,0.3062915822999174,13.84117947239973,10.220137491027858,0.3062915822999174,0.7168674698795181,土豆,120,cycle_market_average,catboost,tuning,tuning,cycle_market_average,655,2023-12-30,0
166,28.523668540721676,1.6243612780637888,27.928587470622425,9.151725326100255,0.1519631078741888,0.0,尖椒,120,cycle_market_average,last_value,tuning,tuning,cycle_market_average,655,2023-12-30,0
166,37.50732463975597,2.135961077433204,48.445101720470454,12.034101866310436,-2.135961077433204,0.5301204819277109,尖椒,120,cycle_market_average,seasonal_naive,tuning,tuning,cycle_market_average,655,2023-12-30,0
166,22.05330222300917,1.2558879000207253,25.979471979668663,7.075729553872797,-1.2264632570229854,0.6265060240963856,尖椒,120,cycle_market_average,same_season_mean,tuning,tuning,cycle_market_average,655,2023-12-30,0
166,28.946815429461587,1.6484585788727992,35.565088379539105,9.287490614944955,-1.6484585788727992,0.5903614457831325,尖椒,120,cycle_market_average,same_season_median,tuning,tuning,cycle_market_average,655,2023-12-30,0
166,33.642852252811835,1.9158877268914585,40.870826584041815,10.794198599130029,-1.9148128613804916,0.5120481927710844,尖椒,120,cycle_market_average,linear,tuning,tuning,cycle_market_average,655,2023-12-30,0
166,23.454826552620055,1.335701681618772,27.476023386965444,7.525404029795631,-1.3113089449797983,0.5240963855421686,尖椒,120,cycle_market_average,elasticnet,tuning,tuning,cycle_market_average,655,2023-12-30,0
166,14.583408622676352,0.8304936034100223,15.450641722302722,4.679038737337652,-0.8043316648777612,0.8192771084337349,尖椒,120,cycle_market_average,extra_trees,tuning,tuning,cycle_market_average,655,2023-12-30,0
166,17.308591211482735,0.98568686218005,18.135816423072605,5.5534046163486614,-0.957492771443838,0.8012048192771084,尖椒,120,cycle_market_average,catboost,tuning,tuning,cycle_market_average,655,2023-12-30,0
166,31.647396408097418,0.7665631636153908,34.63991333780424,9.263346433933217,-0.2154527839676774,0.0,甘蓝,120,cycle_market_average,last_value,tuning,tuning,cycle_market_average,655,2023-12-30,0
166,32.54616742139085,0.7883331930494627,38.290656670956395,9.52642106900127,-0.7883331930494627,0.8132530120481928,甘蓝,120,cycle_market_average,seasonal_naive,tuning,tuning,cycle_market_average,655,2023-12-30,0
166,23.09118410011052,0.5593146086063854,25.83229336570763,6.7589015895893585,-0.5252120548052157,0.9036144578313252,甘蓝,120,cycle_market_average,same_season_mean,tuning,tuning,cycle_market_average,655,2023-12-30,0
166,27.627384382952357,0.6691904415111913,31.815223075766554,8.086669415157413,-0.66081422975081,0.8734939759036144,甘蓝,120,cycle_market_average,same_season_median,tuning,tuning,cycle_market_average,655,2023-12-30,0
166,33.15010635366174,0.8029618004894613,39.46755873112326,9.703196923874868,-0.8019948066755098,0.6927710843373494,甘蓝,120,cycle_market_average,linear,tuning,tuning,cycle_market_average,655,2023-12-30,0
166,20.23096807296202,0.4900344625203898,22.422802805369937,5.921702485002495,-0.4512502951140852,0.8614457831325302,甘蓝,120,cycle_market_average,elasticnet,tuning,tuning,cycle_market_average,655,2023-12-30,0
166,22.085544472829483,0.5349560078480521,24.335995954916186,6.464545992842315,-0.5338441315039723,0.891566265060241,甘蓝,120,cycle_market_average,extra_trees,tuning,tuning,cycle_market_average,655,2023-12-30,0
166,23.77365711104722,0.5758454683207062,26.217807031732697,6.95866475021696,-0.5757186848340313,0.8855421686746988,甘蓝,120,cycle_market_average,catboost,tuning,tuning,cycle_market_average,655,2023-12-30,0
166,25.61051912833663,2.25614218600816,26.084074031590255,7.54277164732306,-0.17919462275814,0.0,芸豆,120,cycle_market_average,last_value,tuning,tuning,cycle_market_average,655,2023-12-30,0
166,12.142622036969522,1.0696964668727735,12.828226308540602,3.576226813898344,-0.5589536648938223,0.8674698795180723,芸豆,120,cycle_market_average,seasonal_naive,tuning,tuning,cycle_market_average,655,2023-12-30,0
166,10.740211653742374,0.9461520275023976,10.794952910542778,3.163191013120173,-0.3518016720341541,0.9096385542168676,芸豆,120,cycle_market_average,same_season_mean,tuning,tuning,cycle_market_average,655,2023-12-30,0
166,11.509749284814148,1.0139439494264173,11.928244587238458,3.389834080998247,-0.6141946227581401,0.8433734939759037,芸豆,120,cycle_market_average,same_season_median,tuning,tuning,cycle_market_average,655,2023-12-30,0
166,13.052100340591002,1.1498163722045334,12.789436988120856,3.844084998577676,0.1929573516099674,0.8313253012048193,芸豆,120,cycle_market_average,linear,tuning,tuning,cycle_market_average,655,2023-12-30,0
166,13.054708572550382,1.1500461427189446,12.970647271694393,3.844853171138891,0.002990237928329,0.8313253012048193,芸豆,120,cycle_market_average,elasticnet,tuning,tuning,cycle_market_average,655,2023-12-30,0
166,12.104839916394226,1.0663680752974365,11.897539507664089,3.5650992804647963,-0.0100183400140378,0.8734939759036144,芸豆,120,cycle_market_average,extra_trees,tuning,tuning,cycle_market_average,655,2023-12-30,0
166,9.898837053236452,0.8720316740287012,9.919619202074296,2.9153906288455715,-0.1435625878709891,0.9397590361445785,芸豆,120,cycle_market_average,catboost,tuning,tuning,cycle_market_average,655,2023-12-30,0
166,30.09463693707229,1.398541710256714,31.86331992070602,12.06975822786871,-0.3549773041048584,0.0,芹菜,120,cycle_market_average,last_value,tuning,tuning,cycle_market_average,655,2023-12-30,0
166,38.28748220741539,1.7792751897870682,45.91515275140717,15.355581606238356,-1.7792751897870682,0.5421686746987951,芹菜,120,cycle_market_average,seasonal_naive,tuning,tuning,cycle_market_average,655,2023-12-30,0
166,29.692459174879243,1.3798519225533177,33.59706918597267,11.90846077262958,-1.3798519225533177,0.7469879518072289,芹菜,120,cycle_market_average,same_season_mean,tuning,tuning,cycle_market_average,655,2023-12-30,0
166,34.863506211903264,1.6201580269964244,40.90289802568996,13.98236143646954,-1.6201580269964244,0.7168674698795181,芹菜,120,cycle_market_average,same_season_median,tuning,tuning,cycle_market_average,655,2023-12-30,0
166,36.40218974859539,1.6916628970983263,44.885246595226405,14.59946601612966,-1.579314063243763,0.5963855421686747,芹菜,120,cycle_market_average,linear,tuning,tuning,cycle_market_average,655,2023-12-30,0
166,27.48898179309529,1.2774531120118962,30.610548488362344,11.024733904140671,-1.115538331576546,0.6746987951807228,芹菜,120,cycle_market_average,elasticnet,tuning,tuning,cycle_market_average,655,2023-12-30,0
166,28.04368020801843,1.3032307570954844,31.264813207586784,11.247201308266652,-1.3032307570954844,0.6867469879518072,芹菜,120,cycle_market_average,extra_trees,tuning,tuning,cycle_market_average,655,2023-12-30,0
166,28.66157266815341,1.3319451217099785,32.0887096358706,11.495013322754367,-1.3319451217099785,0.7228915662650602,芹菜,120,cycle_market_average,catboost,tuning,tuning,cycle_market_average,655,2023-12-30,0
166,27.493355143735258,1.085758052819911,27.714884960401193,6.948001629591209,0.3154129707781919,0.0,茄子,120,cycle_market_average,last_value,tuning,tuning,cycle_market_average,655,2023-12-30,0
166,30.207997038265542,1.1929637496910028,41.802301710275806,7.634034171212484,-1.1537871836694589,0.6506024096385542,茄子,120,cycle_market_average,seasonal_naive,tuning,tuning,cycle_market_average,655,2023-12-30,0
166,12.114274580340195,0.4784127332190319,13.394688072751364,3.0614670012255076,-0.3118689876950143,0.8614457831325302,茄子,120,cycle_market_average,same_season_mean,tuning,tuning,cycle_market_average,655,2023-12-30,0
166,11.517259680960068,0.454835627723301,12.66247306403974,2.910591981712709,-0.4281412460892779,0.8614457831325302,茄子,120,cycle_market_average,same_season_median,tuning,tuning,cycle_market_average,655,2023-12-30,0
166,22.053108940837117,0.8709137352297551,19.027432344084666,5.573166172605283,0.4364439158313052,0.7289156626506024,茄子,120,cycle_market_average,linear,tuning,tuning,cycle_market_average,655,2023-12-30,0
166,19.00897734427111,0.750695945238845,17.432481170509263,4.803866420608656,0.2158673714154687,0.7469879518072289,茄子,120,cycle_market_average,elasticnet,tuning,tuning,cycle_market_average,655,2023-12-30,0
166,11.404860991218024,0.4503968176226124,12.270872683815574,2.8821870716750344,-0.0500394221392214,0.933734939759036,茄子,120,cycle_market_average,extra_trees,tuning,tuning,cycle_market_average,655,2023-12-30,0
166,10.642890117236728,0.4203053279475906,11.234605374498956,2.689625092737028,-0.0162387438704449,0.9156626506024096,茄子,120,cycle_market_average,catboost,tuning,tuning,cycle_market_average,655,2023-12-30,0
166,23.053782454978247,1.199894463434403,22.95293963918842,9.588599451198675,0.0221056665716299,0.0,西红柿,120,cycle_market_average,last_value,tuning,tuning,cycle_market_average,655,2023-12-30,0
166,20.20088647193943,1.051408023021094,23.21947417323164,8.402014260212557,-0.9918693131791108,0.5903614457831325,西红柿,120,cycle_market_average,seasonal_naive,tuning,tuning,cycle_market_average,655,2023-12-30,0
166,16.031504697145593,0.8344016329725437,18.002981196138556,6.66787228695068,-0.826512663049397,0.6927710843373494,西红柿,120,cycle_market_average,same_season_mean,tuning,tuning,cycle_market_average,655,2023-12-30,0
166,21.00144247956232,1.0930750563199367,24.24649417478473,8.73498395446284,-1.0930750563199367,0.5903614457831325,西红柿,120,cycle_market_average,same_season_median,tuning,tuning,cycle_market_average,655,2023-12-30,0
166,18.061551669745988,0.9400607423916572,20.105141298380165,7.512215610021308,-0.9349953047353836,0.8132530120481928,西红柿,120,cycle_market_average,linear,tuning,tuning,cycle_market_average,655,2023-12-30,0
166,16.24337370109399,0.8454289099630987,17.98863913644188,6.755993488708048,-0.7775023790955635,0.8132530120481928,西红柿,120,cycle_market_average,elasticnet,tuning,tuning,cycle_market_average,655,2023-12-30,0
166,19.873710269533145,1.0343792810087382,21.216437730663948,8.265934137093291,-0.5864928508604274,0.6265060240963856,西红柿,120,cycle_market_average,extra_trees,tuning,tuning,cycle_market_average,655,2023-12-30,0
166,17.724489228086128,0.922517445174848,19.7249159733949,7.372023572145047,-0.7558975326831441,0.7289156626506024,西红柿,120,cycle_market_average,catboost,tuning,tuning,cycle_market_average,655,2023-12-30,0
166,33.58068325358435,2.073719952123803,30.155328294100237,10.849702789511742,0.8344232442426729,0.0,青椒,120,cycle_market_average,last_value,tuning,tuning,cycle_market_average,655,2023-12-30,0
166,34.25681246979894,2.115473201612209,44.981791341399216,11.068155790835078,-2.115473201612209,0.5542168674698795,青椒,120,cycle_market_average,seasonal_naive,tuning,tuning,cycle_market_average,655,2023-12-30,0
166,20.156429264981497,1.2447271907697923,23.59162328062728,6.512412662107556,-1.2447271907697923,0.6325301204819277,青椒,120,cycle_market_average,same_season_mean,tuning,tuning,cycle_market_average,655,2023-12-30,0
166,25.315021754458368,1.563287599130821,30.68208809684511,8.179120718652458,-1.563287599130821,0.5542168674698795,青椒,120,cycle_market_average,same_season_median,tuning,tuning,cycle_market_average,655,2023-12-30,0
166,16.46643925315851,1.0168579168520822,14.90883987669315,5.320200620970095,0.6251588930426218,0.8734939759036144,青椒,120,cycle_market_average,linear,tuning,tuning,cycle_market_average,655,2023-12-30,0
166,14.952085020679627,0.9233414579176324,16.34344048074794,4.830922507825053,-0.4722370157959383,0.7349397590361446,青椒,120,cycle_market_average,elasticnet,tuning,tuning,cycle_market_average,655,2023-12-30,0
166,12.33209874532703,0.7615485077128659,12.546939947787708,3.984421792353715,-0.7427160388839896,0.8674698795180723,青椒,120,cycle_market_average,extra_trees,tuning,tuning,cycle_market_average,655,2023-12-30,0
166,13.0714564739601,0.8072063301593367,13.17063195913922,4.22330351939365,-0.8049838327848707,0.8614457831325302,青椒,120,cycle_market_average,catboost,tuning,tuning,cycle_market_average,655,2023-12-30,0
166,33.14047777683867,1.6390816933513286,33.82758031508216,10.830060895653354,0.0487181346865605,0.0,韭菜,120,cycle_market_average,last_value,tuning,tuning,cycle_market_average,655,2023-12-30,0
166,14.695231333159374,0.7268055946549493,14.813816712399358,4.802291967107869,-0.6719497433259449,0.933734939759036,韭菜,120,cycle_market_average,seasonal_naive,tuning,tuning,cycle_market_average,655,2023-12-30,0
166,11.2636816994868,0.5570859478153946,11.414483070350446,3.680887147618388,-0.4750059712793314,0.9216867469879518,韭菜,120,cycle_market_average,same_season_mean,tuning,tuning,cycle_market_average,655,2023-12-30,0
166,15.589438332299531,0.7710318225393764,16.623718714608234,5.094512143268864,-0.7183902990483791,0.8855421686746988,韭菜,120,cycle_market_average,same_season_median,tuning,tuning,cycle_market_average,655,2023-12-30,0
166,12.118322713511668,0.5993552973977471,13.03346519532836,3.960177455022495,-0.417640817717623,0.927710843373494,韭菜,120,cycle_market_average,linear,tuning,tuning,cycle_market_average,655,2023-12-30,0
166,11.24901063663638,0.5563603375601032,12.104917957914244,3.676092753731132,-0.2786190920534713,0.9216867469879518,韭菜,120,cycle_market_average,elasticnet,tuning,tuning,cycle_market_average,655,2023-12-30,0
166,11.514778879104606,0.5695048632316151,11.583635272128676,3.762943832627564,-0.19843719848984,0.9518072289156626,韭菜,120,cycle_market_average,extra_trees,tuning,tuning,cycle_market_average,655,2023-12-30,0
166,11.596441275875542,0.5735437711943717,11.801054267445158,3.7896304946566897,-0.1280541486083115,0.9578313253012049,韭菜,120,cycle_market_average,catboost,tuning,tuning,cycle_market_average,655,2023-12-30,0
166,35.58829520576581,1.6134551927882896,34.49811124739609,8.013363427122885,0.3621150164836773,0.0,黄瓜,120,cycle_market_average,last_value,tuning,tuning,cycle_market_average,655,2023-12-30,0
166,24.988686574615617,1.1329041158521267,30.12400814662544,5.626665338451479,-1.1187118643496612,0.6566265060240963,黄瓜,120,cycle_market_average,seasonal_naive,tuning,tuning,cycle_market_average,655,2023-12-30,0
166,16.88975290969814,0.765725342546011,19.067899928903824,3.803040507480948,-0.6973362057561394,0.7710843373493976,黄瓜,120,cycle_market_average,same_season_mean,tuning,tuning,cycle_market_average,655,2023-12-30,0
166,24.524606894284425,1.111864283351901,28.790823683547856,5.522169208020529,-1.0671620919500575,0.6867469879518072,黄瓜,120,cycle_market_average,same_season_median,tuning,tuning,cycle_market_average,655,2023-12-30,0
166,15.333504057333796,0.6951701845200301,16.877347988561258,3.4526222712340497,-0.595258499562885,0.7650602409638554,黄瓜,120,cycle_market_average,linear,tuning,tuning,cycle_market_average,655,2023-12-30,0
166,15.864781788025471,0.7192565536040537,17.502567383671085,3.572249286581494,-0.5301008392370619,0.7650602409638554,黄瓜,120,cycle_market_average,elasticnet,tuning,tuning,cycle_market_average,655,2023-12-30,0
166,13.59040632962908,0.6161439186075514,14.440171754809604,3.0601315520150254,-0.4766585611653338,0.8012048192771084,黄瓜,120,cycle_market_average,extra_trees,tuning,tuning,cycle_market_average,655,2023-12-30,0
166,14.071827345256107,0.6379699496969808,15.098035396838355,3.1685324050867667,-0.5796346703391215,0.7891566265060241,黄瓜,120,cycle_market_average,catboost,tuning,tuning,cycle_market_average,655,2023-12-30,0
156,24.822419109083324,0.6313946377696379,22.641072016669312,24.717883385302255,0.3957123015873016,0.0,土豆,120,harvest_market_price,last_value,development,development,harvest_post_14,387,2022-12-30,0
156,17.989258712947635,0.4575831807081807,17.940571130731005,17.913499772145823,-0.0792786426536426,0.7692307692307693,土豆,120,harvest_market_price,seasonal_naive,development,development,harvest_post_14,387,2022-12-30,0
156,19.880434177183194,0.5056880024804828,20.415267375030098,19.796710847613227,-0.2876731080490607,0.782051282051282,土豆,120,harvest_market_price,same_season_mean,development,development,harvest_post_14,387,2022-12-30,0
156,21.16605093103975,0.5383895502645503,21.990289384038743,21.076913428206534,-0.3201210317460318,0.7884615384615384,土豆,120,harvest_market_price,same_season_median,development,development,harvest_post_14,387,2022-12-30,0
156,62.57073300039183,1.591578368093314,47.60582935437823,62.30722617484983,1.4654198320253222,0.1602564102564102,土豆,120,harvest_market_price,linear,development,development,harvest_post_14,387,2022-12-30,0
156,39.98183159813235,1.016996529159067,34.45090339196526,39.81345438695739,0.7198061630315108,0.2692307692307692,土豆,120,harvest_market_price,elasticnet,development,development,harvest_post_14,387,2022-12-30,0
156,15.667255526306477,0.3985196239095306,15.281356100569326,15.601275337634773,-0.0567992041967796,0.6602564102564102,土豆,120,harvest_market_price,extra_trees,development,development,harvest_post_14,387,2022-12-30,0
156,16.05174122536559,0.4082995816009307,15.701315627372203,15.984141835492832,-0.0925964330084867,0.6794871794871795,土豆,120,harvest_market_price,catboost,development,development,harvest_post_14,387,2022-12-30,0
156,74.82434023733387,2.281921703296703,51.67525893185353,11.53209973124545,1.6146538970288968,0.0,尖椒,120,harvest_market_price,last_value,development,development,harvest_post_14,387,2022-12-30,0
156,59.515654707699326,1.8150519434269436,48.54275798191192,9.172689842403772,1.160598951973952,0.5064102564102564,尖椒,120,harvest_market_price,seasonal_naive,development,development,harvest_post_14,387,2022-12-30,0
156,47.166565967770886,1.438441157121349,39.654584826612115,7.26941983043782,1.252018754962105,0.6923076923076923,尖椒,120,harvest_market_price,same_season_mean,development,development,harvest_post_14,387,2022-12-30,0
156,47.7116349464525,1.4550641534391535,38.738284501085445,7.353427117406563,1.3883718457468457,0.7307692307692307,尖椒,120,harvest_market_price,same_season_median,development,development,harvest_post_14,387,2022-12-30,0
156,107.81645726828094,3.288083971508177,66.63230365213508,16.616920830088457,3.2485457824577963,0.5,尖椒,120,harvest_market_price,linear,development,development,harvest_post_14,387,2022-12-30,0
156,112.76813509205502,3.4390955415128426,69.85583678774468,17.380084826184305,3.4353601596801733,0.4679487179487179,尖椒,120,harvest_market_price,elasticnet,development,development,harvest_post_14,387,2022-12-30,0
156,90.89211373337498,2.7719414074193653,62.31302412913158,14.00850200659695,2.7719414074193653,0.6217948717948718,尖椒,120,harvest_market_price,extra_trees,development,development,harvest_post_14,387,2022-12-30,0
156,64.86998437263281,1.9783432070754103,50.05976245883149,9.997911468068978,1.9611086851503423,0.7628205128205128,尖椒,120,harvest_market_price,catboost,development,development,harvest_post_14,387,2022-12-30,0
156,30.4161911287857,0.4397309727309728,24.79251615854085,4.765192461374384,0.4026198616198616,0.0064102564102564,甘蓝,120,harvest_market_price,last_value,development,development,harvest_post_14,387,2022-12-30,0
156,23.621114923547022,0.3414936406186406,21.04493809469576,3.700632938764607,0.23492384004884,0.5897435897435898,甘蓝,120,harvest_market_price,seasonal_naive,development,development,harvest_post_14,387,2022-12-30,0
156,46.09243156918671,0.6663644926360454,36.02864947600802,7.221131222838674,0.5330116374588868,0.5384615384615384,甘蓝,120,harvest_market_price,same_season_mean,development,development,harvest_post_14,387,2022-12-30,0
156,51.02456478078713,0.7376690069190069,37.32343942894115,7.99383033887526,0.5914660154660155,0.5576923076923077,甘蓝,120,harvest_market_price,same_season_median,development,development,harvest_post_14,387,2022-12-30,0
156,131.97668984873553,1.9080047846646755,77.25355916449536,20.67630114768571,1.9080047846646755,0.1987179487179487,甘蓝,120,harvest_market_price,linear,development,development,harvest_post_14,387,2022-12-30,0
156,112.1726328202589,1.62169486425817,71.37714922744391,17.57367258853604,1.62169486425817,0.173076923076923,甘蓝,120,harvest_market_price,elasticnet,development,development,harvest_post_14,387,2022-12-30,0
156,58.04657413291137,0.839187142107647,44.80299648251618,9.093942640470294,0.839187142107647,0.3461538461538461,甘蓝,120,harvest_market_price,extra_trees,development,development,harvest_post_14,387,2022-12-30,0
156,61.100240095625054,0.8833344023117277,46.31176568428974,9.572349222131583,0.8833344023117277,0.3846153846153846,甘蓝,120,harvest_market_price,catboost,development,development,harvest_post_14,387,2022-12-30,0
156,35.588886939665215,2.6575132783882784,29.868885593595557,8.62741905347246,2.093385073260073,0.0,芸豆,120,harvest_market_price,last_value,development,development,harvest_post_14,387,2022-12-30,0
156,13.625717292679164,1.017467185592186,12.828192647432989,3.3031314856062557,0.1925661884411884,0.7692307692307693,芸豆,120,harvest_market_price,seasonal_naive,development,development,harvest_post_14,387,2022-12-30,0
156,12.795966501251549,0.9555075702293792,12.72582725675071,3.1019842061273373,0.1838604673036381,0.9551282051282052,芸豆,120,harvest_market_price,same_season_mean,development,development,harvest_post_14,387,2022-12-30,0
156,11.719218479447065,0.8751040394790396,11.865896011627788,2.8409601281657637,-0.0383456959706961,0.967948717948718,芸豆,120,harvest_market_price,same_season_median,development,development,harvest_post_14,387,2022-12-30,0
156,13.142597919509551,0.9813914254420724,13.861466431213271,3.1860142154805713,-0.0015837684514126,0.935897435897436,芸豆,120,harvest_market_price,linear,development,development,harvest_post_14,387,2022-12-30,0
156,15.245386110934875,1.1384120018322437,15.264260201182148,3.6957698293292354,0.2392638750077814,0.935897435897436,芸豆,120,harvest_market_price,elasticnet,development,development,harvest_post_14,387,2022-12-30,0
156,7.345343685588177,0.5484956135849216,7.529585797859061,1.7806501837155573,0.2534224251684796,0.9935897435897436,芸豆,120,harvest_market_price,extra_trees,development,development,harvest_post_14,387,2022-12-30,0
156,9.478753660439446,0.7078027969206919,9.294642515290384,2.297829096815703,0.3006374540119425,0.9743589743589745,芸豆,120,harvest_market_price,catboost,development,development,harvest_post_14,387,2022-12-30,0
156,25.240892934175537,0.7090091575091575,23.72776847203396,5.6150499548324735,0.2023118640618641,0.0064102564102564,芹菜,120,harvest_market_price,last_value,development,development,harvest_post_14,387,2022-12-30,0
156,22.37400177254978,0.6284790394790395,20.02224451806854,4.977285786600517,0.2990568783068782,0.7948717948717948,芹菜,120,harvest_market_price,seasonal_naive,development,development,harvest_post_14,387,2022-12-30,0
156,34.639089257748836,0.9730016903747554,31.012262335713796,7.705758155204258,0.6114162533659439,0.4038461538461538,芹菜,120,harvest_market_price,same_season_mean,development,development,harvest_post_14,387,2022-12-30,0
156,36.514554385427026,1.025682946682947,31.91259586966297,8.122971223217426,0.6523759666259666,0.4871794871794871,芹菜,120,harvest_market_price,same_season_median,development,development,harvest_post_14,387,2022-12-30,0
156,50.02797314745026,1.4052708509823988,40.852273128555794,11.129145434534385,1.4052708509823988,0.4423076923076923,芹菜,120,harvest_market_price,linear,development,development,harvest_post_14,387,2022-12-30,0
156,43.72141886327164,1.2281216212989636,35.965800540458744,9.726199134620432,1.2274679631178576,0.4679487179487179,芹菜,120,harvest_market_price,elasticnet,development,development,harvest_post_14,387,2022-12-30,0
156,38.11433956664336,1.07062043548288,33.13573330868761,8.478856957250546,1.07062043548288,0.4487179487179487,芹菜,120,harvest_market_price,extra_trees,development,development,harvest_post_14,387,2022-12-30,0
156,41.77479245204266,1.1734414657509875,35.4133555696316,9.293155637666828,1.1729978399527288,0.4551282051282051,芹菜,120,harvest_market_price,catboost,development,development,harvest_post_14,387,2022-12-30,0
156,116.93724663930163,2.5953074888074887,82.36567529263972,15.811058880676937,1.6548288563288565,0.0,茄子,120,harvest_market_price,last_value,development,development,harvest_post_14,387,2022-12-30,0
156,72.13526076730533,1.6009713573463575,57.92597611375415,9.753392423227494,1.5203616707366707,0.8525641025641025,茄子,120,harvest_market_price,seasonal_naive,development,development,harvest_post_14,387,2022-12-30,0
156,75.9667389163926,1.6860072566796191,60.12247548114831,10.271445724089851,1.6506225575008022,0.8269230769230769,茄子,120,harvest_market_price,same_season_mean,development,development,harvest_post_14,387,2022-12-30,0
156,75.3870136100386,1.673140822140822,59.70779591190137,10.19306119549175,1.6616878306878304,0.8269230769230769,茄子,120,harvest_market_price,same_season_median,development,development,harvest_post_14,387,2022-12-30,0
156,105.22539038821614,2.3353743271345744,73.08083732014043,14.227501424778184,2.3353743271345744,0.782051282051282,茄子,120,harvest_market_price,linear,development,development,harvest_post_14,387,2022-12-30,0
156,90.40854423086718,2.006528960086638,66.71063679124458,12.224118980325793,2.006528960086638,0.7692307692307693,茄子,120,harvest_market_price,elasticnet,development,development,harvest_post_14,387,2022-12-30,0
156,98.2215363333886,2.1799306562648737,71.02828746901338,13.280511889492445,2.1799306562648737,0.782051282051282,茄子,120,harvest_market_price,extra_trees,development,development,harvest_post_14,387,2022-12-30,0
156,91.25314220310284,2.025273983638767,68.2521721024323,12.338316882647792,2.025273983638767,0.8269230769230769,茄子,120,harvest_market_price,catboost,development,development,harvest_post_14,387,2022-12-30,0
156,45.46271579780781,1.7172572242572244,39.18593472462298,12.23442762206144,1.0333540903540903,0.0,西红柿,120,harvest_market_price,last_value,development,development,harvest_post_14,387,2022-12-30,0
156,20.774209889800375,0.7847015160765161,19.874935189183994,5.5905275970013895,0.4561858465608466,0.8589743589743589,西红柿,120,harvest_market_price,seasonal_naive,development,development,harvest_post_14,387,2022-12-30,0
156,21.66669492413327,0.8184132366777639,20.285003642806977,5.830703384230656,0.4063953708719725,0.8461538461538461,西红柿,120,harvest_market_price,same_season_mean,development,development,harvest_post_14,387,2022-12-30,0
156,21.39269549566556,0.808063492063492,19.989419112892147,5.756967662172537,0.4171361416361417,0.8589743589743589,西红柿,120,harvest_market_price,same_season_median,development,development,harvest_post_14,387,2022-12-30,0
156,38.153735791424616,1.4411760773733775,33.04191169255479,10.267515058437136,1.3018882220969787,0.7692307692307693,西红柿,120,harvest_market_price,linear,development,development,harvest_post_14,387,2022-12-30,0
156,32.87784392765754,1.2418905032834373,39.07487169092059,8.84772488496506,-0.420999191699538,0.8141025641025641,西红柿,120,harvest_market_price,elasticnet,development,development,harvest_post_14,387,2022-12-30,0
156,17.6321344331736,0.6660163103564957,17.067791965976305,4.744966699845098,0.4516743368884408,0.8461538461538461,西红柿,120,harvest_market_price,extra_trees,development,development,harvest_post_14,387,2022-12-30,0
156,16.007915566359195,0.6046649032998496,15.62421995433424,4.3078747263518276,0.4254591697510777,0.903846153846154,西红柿,120,harvest_market_price,catboost,development,development,harvest_post_14,387,2022-12-30,0
156,95.74010177745944,3.2208075905575906,63.23645432234524,15.22076065077412,2.196269129019129,0.0,青椒,120,harvest_market_price,last_value,development,development,harvest_post_14,387,2022-12-30,0
156,55.802437605570816,1.877258445258445,45.609592761307994,8.871471105163565,1.66310175010175,0.7371794871794872,青椒,120,harvest_market_price,seasonal_naive,development,development,harvest_post_14,387,2022-12-30,0
156,46.264067770957055,1.55637666850539,39.28851432764782,7.355061141565629,1.4355176941464152,0.7435897435897436,青椒,120,harvest_market_price,same_season_mean,development,development,harvest_post_14,387,2022-12-30,0
156,47.97084929412687,1.61379477004477,40.027749039329905,7.6264052551087325,1.5090255392755392,0.7692307692307693,青椒,120,harvest_market_price,same_season_median,development,development,harvest_post_14,387,2022-12-30,0
156,59.12439653469897,1.9890129800439469,44.55177064091984,9.399596110393771,1.9390941150550944,0.8141025641025641,青椒,120,harvest_market_price,linear,development,development,harvest_post_14,387,2022-12-30,0
156,66.83784069150717,2.248502149455285,49.52027531320341,10.6258794036452,2.2465125977591285,0.7435897435897436,青椒,120,harvest_market_price,elasticnet,development,development,harvest_post_14,387,2022-12-30,0
156,54.258337344358374,1.8253131292459877,43.42503575904411,8.625990057406357,1.8202400711670912,0.903846153846154,青椒,120,harvest_market_price,extra_trees,development,development,harvest_post_14,387,2022-12-30,0
156,53.889844262126985,1.812916596400456,44.13673964957839,8.567407030002157,1.7946882446318435,0.7948717948717948,青椒,120,harvest_market_price,catboost,development,development,harvest_post_14,387,2022-12-30,0
156,49.56964238552744,2.268964082214082,44.35782877344633,14.976404509826192,0.2308792226292227,0.0,韭菜,120,harvest_market_price,last_value,development,development,harvest_post_14,387,2022-12-30,0
156,21.12484030850603,0.9669527879527876,20.025830660719684,6.382417512821068,0.558492673992674,0.8525641025641025,韭菜,120,harvest_market_price,seasonal_naive,development,development,harvest_post_14,387,2022-12-30,0
156,15.168188134464684,0.6942974048853426,15.174492871399936,4.582742788743882,0.3631799893631282,0.967948717948718,韭菜,120,harvest_market_price,same_season_mean,development,development,harvest_post_14,387,2022-12-30,0
156,16.659947162624672,0.7625800773300773,16.412545867174728,5.033445790858581,0.3492125559625559,0.9230769230769232,韭菜,120,harvest_market_price,same_season_median,development,development,harvest_post_14,387,2022-12-30,0
156,21.48035786061905,0.9832259849645264,24.33688366375704,6.48982951772071,-0.4237781824584661,0.8461538461538461,韭菜,120,harvest_market_price,linear,development,development,harvest_post_14,387,2022-12-30,0
156,20.108001335705698,0.920408754232806,20.84645512943471,6.075201421577686,0.003292042050734,0.8525641025641025,韭菜,120,harvest_market_price,elasticnet,development,development,harvest_post_14,387,2022-12-30,0
156,15.1771232328524,0.6947063934585324,14.758224871163058,4.585442337123691,0.28855718390736,0.9230769230769232,韭菜,120,harvest_market_price,extra_trees,development,development,harvest_post_14,387,2022-12-30,0
156,13.38098067507562,0.6124910948603421,13.1012317821462,4.042776378524146,0.2647151005378229,0.9166666666666666,韭菜,120,harvest_market_price,catboost,development,development,harvest_post_14,387,2022-12-30,0
156,73.74834045883564,2.5899007936507936,60.41015922626084,12.96629969324522,0.6538321123321124,0.0,黄瓜,120,harvest_market_price,last_value,development,development,harvest_post_14,387,2022-12-30,0
156,28.49186264912693,1.0005797720797722,26.728122430634876,5.009387704575773,0.5758888888888888,0.8589743589743589,黄瓜,120,harvest_market_price,seasonal_naive,development,development,harvest_post_14,387,2022-12-30,0
156,23.627822922189527,0.8297639914022981,21.882695842142123,4.154201046449897,0.7340023230476316,0.8653846153846154,黄瓜,120,harvest_market_price,same_season_mean,development,development,harvest_post_14,387,2022-12-30,0
156,20.99815385371376,0.7374150386650387,19.74483891382629,3.6918573920195192,0.5446654456654456,0.8653846153846154,黄瓜,120,harvest_market_price,same_season_median,development,development,harvest_post_14,387,2022-12-30,0
156,35.292480967964075,1.2394044923608138,35.35688348582512,6.205060104426384,0.7391627032295436,0.935897435897436,黄瓜,120,harvest_market_price,linear,development,development,harvest_post_14,387,2022-12-30,0
156,34.98027838868408,1.2284405343540787,32.2229369939262,6.150169212200706,1.0748770077444194,0.9230769230769232,黄瓜,120,harvest_market_price,elasticnet,development,development,harvest_post_14,387,2022-12-30,0
156,35.041112695187564,1.2305769189522175,30.86845030776864,6.160864989825629,1.2305769189522175,0.8782051282051282,黄瓜,120,harvest_market_price,extra_trees,development,development,harvest_post_14,387,2022-12-30,0
156,24.276930977899603,0.8525594259597309,23.51136780140579,4.26832604955196,0.8501387266798617,0.8717948717948718,黄瓜,120,harvest_market_price,catboost,development,development,harvest_post_14,387,2022-12-30,0
157,17.703951102955738,0.355916135881104,16.51195104105679,11.52787072447036,0.1776486199575371,0.0063694267515923,土豆,120,harvest_market_price,last_value,tuning,tuning,harvest_post_14,630,2023-12-29,0
157,26.90704570299559,0.5409330199170963,22.72494224886776,17.52043612398834,0.5409330199170963,0.5286624203821656,土豆,120,harvest_market_price,seasonal_naive,tuning,tuning,harvest_post_14,630,2023-12-29,0
157,17.69156615031644,0.3556671516594003,16.5876113428067,11.519806302459465,0.3511236272432645,0.6878980891719745,土豆,120,harvest_market_price,same_season_mean,tuning,tuning,harvest_post_14,630,2023-12-29,0
157,16.955604546474635,0.3408715498938429,16.143480660118627,11.040587275140432,0.3208970276008492,0.6560509554140127,土豆,120,harvest_market_price,same_season_median,tuning,tuning,harvest_post_14,630,2023-12-29,0
157,14.172419335227284,0.2849190384986205,17.218173707980622,9.228325191330187,-0.1924083004948602,0.8726114649681529,土豆,120,harvest_market_price,linear,tuning,tuning,harvest_post_14,630,2023-12-29,0
157,6.918115196775224,0.1390801869084182,6.927629464229103,4.504708422522918,-0.0243472429270667,0.8789808917197452,土豆,120,harvest_market_price,elasticnet,tuning,tuning,harvest_post_14,630,2023-12-29,0
157,17.442965802213955,0.3506693477928633,16.427853640998,11.357930986699849,0.3192937815086256,0.6687898089171974,土豆,120,harvest_market_price,extra_trees,tuning,tuning,harvest_post_14,630,2023-12-29,0
157,19.67149511424729,0.395471185350145,18.39894099585811,12.809030668652996,0.3444013700774879,0.5732484076433121,土豆,120,harvest_market_price,catboost,tuning,tuning,harvest_post_14,630,2023-12-29,0
157,46.33402115156469,2.557248407643312,43.45280468560577,14.033408204568516,0.3013503184713376,0.0,尖椒,120,harvest_market_price,last_value,tuning,tuning,harvest_post_14,630,2023-12-29,0
157,46.4002191683298,2.5609019815994336,57.37609853475665,14.053457916821182,-2.428330148619957,0.5095541401273885,尖椒,120,harvest_market_price,seasonal_naive,tuning,tuning,harvest_post_14,630,2023-12-29,0
157,29.509994663334098,1.6287035959067704,31.91661096960906,8.937834250788333,-1.6160286082858624,0.6878980891719745,尖椒,120,harvest_market_price,same_season_mean,tuning,tuning,harvest_post_14,630,2023-12-29,0
157,37.26079595084844,2.056482661004954,42.6476745627019,11.285356776933485,-1.9275031847133757,0.554140127388535,尖椒,120,harvest_market_price,same_season_median,tuning,tuning,harvest_post_14,630,2023-12-29,0
157,37.02878518782739,2.043677617549932,42.998105080562944,11.21508655940418,-1.7855954202922175,0.7261146496815286,尖椒,120,harvest_market_price,linear,tuning,tuning,harvest_post_14,630,2023-12-29,0
157,33.6162888140596,1.8553365087702645,37.12230600766078,10.181527342667042,-1.195941626649209,0.7834394904458599,尖椒,120,harvest_market_price,elasticnet,tuning,tuning,harvest_post_14,630,2023-12-29,0
157,27.557289632393505,1.5209306958462436,29.12037547399512,8.346409070731873,-1.307690470450007,0.643312101910828,尖椒,120,harvest_market_price,extra_trees,tuning,tuning,harvest_post_14,630,2023-12-29,0
157,26.71760073452396,1.4745869284885913,27.969116406338056,8.09208844895589,-1.306041176494162,0.6560509554140127,尖椒,120,harvest_market_price,catboost,tuning,tuning,harvest_post_14,630,2023-12-29,0
157,42.64687072268345,1.009924982307148,45.15547953839805,12.072269362812545,-0.2276008492569002,0.0063694267515923,甘蓝,120,harvest_market_price,last_value,tuning,tuning,harvest_post_14,630,2023-12-29,0
157,41.98675403385906,0.9942926903245374,46.60110824841594,11.885406731549487,-0.9248171064604186,0.4968152866242038,甘蓝,120,harvest_market_price,seasonal_naive,tuning,tuning,harvest_post_14,630,2023-12-29,0
157,31.027077242154157,0.7347554440414841,30.415787171888216,8.782994570545297,-0.555027641846652,0.7070063694267515,甘蓝,120,harvest_market_price,same_season_mean,tuning,tuning,harvest_post_14,630,2023-12-29,0
157,35.22584231383027,0.8341868365180467,36.93654660964934,9.97156062656502,-0.8160721868365178,0.6560509554140127,甘蓝,120,harvest_market_price,same_season_median,tuning,tuning,harvest_post_14,630,2023-12-29,0
157,31.775333497366987,0.752474978265248,32.63012832031302,8.994807322859009,-0.4863931338259182,0.6942675159235668,甘蓝,120,harvest_market_price,linear,tuning,tuning,harvest_post_14,630,2023-12-29,0
157,34.913195599414216,0.8267830171480813,35.01426339976056,9.88305811072108,-0.3207416224719969,0.7197452229299363,甘蓝,120,harvest_market_price,elasticnet,tuning,tuning,harvest_post_14,630,2023-12-29,0
157,32.11433187272818,0.7605028340595235,32.50430390727828,9.090769339099968,-0.6635439760914809,0.7070063694267515,甘蓝,120,harvest_market_price,extra_trees,tuning,tuning,harvest_post_14,630,2023-12-29,0
157,33.012020529704714,0.7817610925354999,33.887129647849015,9.344882691083797,-0.6753392443237232,0.7133757961783439,甘蓝,120,harvest_market_price,catboost,tuning,tuning,harvest_post_14,630,2023-12-29,0
157,30.77029263001641,2.5461387119603685,29.930151371481617,8.322184835912866,0.2207487615003538,0.0,芸豆,120,harvest_market_price,last_value,tuning,tuning,harvest_post_14,630,2023-12-29,0
157,22.267023866684912,1.8425216863815592,22.5432032178699,6.022376536759515,-0.7694424224042058,0.7452229299363057,芸豆,120,harvest_market_price,seasonal_naive,tuning,tuning,harvest_post_14,630,2023-12-29,0
157,16.629863378873164,1.376065526340054,16.267462730121952,4.4977406779666085,-0.643369060708197,0.821656050955414,芸豆,120,harvest_market_price,same_season_mean,tuning,tuning,harvest_post_14,630,2023-12-29,0
157,18.814598093653313,1.5568450106157117,18.726612381349263,5.088627684874676,-0.8781047416843595,0.7707006369426752,芸豆,120,harvest_market_price,same_season_median,tuning,tuning,harvest_post_14,630,2023-12-29,0
157,18.22831556597084,1.508332094023487,17.953591126376956,4.930060731348854,-0.210561711213124,0.7961783439490446,芸豆,120,harvest_market_price,linear,tuning,tuning,harvest_post_14,630,2023-12-29,0
157,23.01330908547656,1.904274290056041,22.92601048199712,6.224218085872219,-0.2781574352694806,0.8343949044585988,芸豆,120,harvest_market_price,elasticnet,tuning,tuning,harvest_post_14,630,2023-12-29,0
157,21.722189012030892,1.7974384259868676,21.446559511779583,5.875019590239762,-0.2396696754508005,0.7834394904458599,芸豆,120,harvest_market_price,extra_trees,tuning,tuning,harvest_post_14,630,2023-12-29,0
157,21.370805210085596,1.7683625926288191,21.10777805120196,5.779983739157802,-0.1620431523057167,0.7834394904458599,芸豆,120,harvest_market_price,catboost,tuning,tuning,harvest_post_14,630,2023-12-29,0
157,43.05814536681567,1.9949833687190377,44.62762173288448,16.857127067762956,-0.4998552724699222,0.0,芹菜,120,harvest_market_price,last_value,tuning,tuning,harvest_post_14,630,2023-12-29,0
157,46.611004489170256,2.159595541401274,53.8212471886028,18.248060122802272,-1.8473202406227889,0.4012738853503185,芹菜,120,harvest_market_price,seasonal_naive,tuning,tuning,harvest_post_14,630,2023-12-29,0
157,33.74526581744086,1.563496140051613,35.125498732671446,13.21116432150006,-1.4173816158760302,0.6369426751592356,芹菜,120,harvest_market_price,same_season_mean,tuning,tuning,harvest_post_14,630,2023-12-29,0
157,39.48581094864471,1.829468860580325,43.65350543102157,15.458569496306078,-1.7072438075017689,0.5031847133757962,芹菜,120,harvest_market_price,same_season_median,tuning,tuning,harvest_post_14,630,2023-12-29,0
157,39.21374069607215,1.8168632171095835,41.10329407403166,15.352054857091993,-0.8892685834574623,0.7006369426751592,芹菜,120,harvest_market_price,linear,tuning,tuning,harvest_post_14,630,2023-12-29,0
157,36.544206864610615,1.6931775462422314,38.057827852748865,14.306940846135994,-0.9197546147340886,0.7515923566878981,芹菜,120,harvest_market_price,elasticnet,tuning,tuning,harvest_post_14,630,2023-12-29,0
157,33.308178486339486,1.5432448740298987,34.60616983077011,13.040046020483691,-1.1384502516406156,0.6369426751592356,芹菜,120,harvest_market_price,extra_trees,tuning,tuning,harvest_post_14,630,2023-12-29,0
157,36.77051915210227,1.703663117458463,39.25212448420989,14.39554138744456,-1.337264784545231,0.5668789808917197,芹菜,120,harvest_market_price,catboost,tuning,tuning,harvest_post_14,630,2023-12-29,0
157,44.34804686062829,1.676281316348195,42.63197233990351,10.472595828198395,0.4535445859872611,0.0063694267515923,茄子,120,harvest_market_price,last_value,tuning,tuning,harvest_post_14,630,2023-12-29,0
157,42.608947732352455,1.610546304721464,56.472621053850894,10.06191523311284,-1.513554797290466,0.5286624203821656,茄子,120,harvest_market_price,seasonal_naive,tuning,tuning,harvest_post_14,630,2023-12-29,0
157,19.6776194278915,0.7437808005580671,20.772648881382334,4.646783110359794,-0.424229985011209,0.7006369426751592,茄子,120,harvest_market_price,same_season_mean,tuning,tuning,harvest_post_14,630,2023-12-29,0
157,19.153498711781147,0.723969922151451,19.52432964168279,4.5230143130041975,-0.4074745222929935,0.7070063694267515,茄子,120,harvest_market_price,same_season_median,tuning,tuning,harvest_post_14,630,2023-12-29,0
157,28.84946553819273,1.09046110238593,35.721149212722516,6.812674149788934,-0.7752985994030275,0.7579617834394905,茄子,120,harvest_market_price,linear,tuning,tuning,harvest_post_14,630,2023-12-29,0
157,25.851424475890997,0.9771402106187046,28.990365076292612,6.104699965029451,-0.6328816388856129,0.7515923566878981,茄子,120,harvest_market_price,elasticnet,tuning,tuning,harvest_post_14,630,2023-12-29,0
157,32.082584390922804,1.212667537843993,35.80632856082448,7.576160918790937,-0.518132891336223,0.6624203821656051,茄子,120,harvest_market_price,extra_trees,tuning,tuning,harvest_post_14,630,2023-12-29,0
157,22.43610129092903,0.84804675894462,23.914639825590488,5.29818644592934,-0.2744808614125713,0.7006369426751592,茄子,120,harvest_market_price,catboost,tuning,tuning,harvest_post_14,630,2023-12-29,0
157,37.32945815708394,1.9724069355980185,36.50260542901261,15.36972203284383,-0.0245456475583864,0.0,西红柿,120,harvest_market_price,last_value,tuning,tuning,harvest_post_14,630,2023-12-29,0
157,30.651542182341277,1.6195604590031345,33.84839479692078,12.620212199120068,-1.4767564958042667,0.7070063694267515,西红柿,120,harvest_market_price,seasonal_naive,tuning,tuning,harvest_post_14,630,2023-12-29,0
157,23.57494179644966,1.2456483699807688,25.097692081289196,9.706551346852129,-1.1994616169084318,0.8471337579617835,西红柿,120,harvest_market_price,same_season_mean,tuning,tuning,harvest_post_14,630,2023-12-29,0
157,25.132484228801488,1.3279455060155698,27.189924155657984,10.34784097229675,-1.2465838641188962,0.8471337579617835,西红柿,120,harvest_market_price,same_season_median,tuning,tuning,harvest_post_14,630,2023-12-29,0
157,21.788672491816772,1.1512658062029135,22.71470038345505,8.971087612755609,-1.0837315637298917,0.8980891719745223,西红柿,120,harvest_market_price,linear,tuning,tuning,harvest_post_14,630,2023-12-29,0
157,29.16858545030772,1.541204268266417,31.511166505279913,12.00963187239317,-0.9012932145313538,0.8535031847133758,西红柿,120,harvest_market_price,elasticnet,tuning,tuning,harvest_post_14,630,2023-12-29,0
157,27.126901362688297,1.433326145905928,28.7093913342325,11.169005770253085,-1.2438587207657643,0.8089171974522293,西红柿,120,harvest_market_price,extra_trees,tuning,tuning,harvest_post_14,630,2023-12-29,0
157,28.37603684700025,1.4993277332418788,29.60242480663654,11.683314472363008,-1.1471017449310954,0.7707006369426752,西红柿,120,harvest_market_price,catboost,tuning,tuning,harvest_post_14,630,2023-12-29,0
157,58.64834965927372,3.2836999292285913,47.67638601893107,16.754114661622193,1.4188704883227172,0.0,青椒,120,harvest_market_price,last_value,tuning,tuning,harvest_post_14,630,2023-12-29,0
157,42.3601597938524,2.371730057628147,51.93554759037905,12.101056183063791,-2.181414417146901,0.4777070063694267,青椒,120,harvest_market_price,seasonal_naive,tuning,tuning,harvest_post_14,630,2023-12-29,0
157,25.444286345828147,1.4246164087902242,26.97233598205831,7.268686900787241,-1.2457894570856096,0.6815286624203821,青椒,120,harvest_market_price,same_season_mean,tuning,tuning,harvest_post_14,630,2023-12-29,0
157,30.035230459179083,1.6816617126680824,33.32166886149108,8.580185084914211,-1.50163906581741,0.6624203821656051,青椒,120,harvest_market_price,same_season_median,tuning,tuning,harvest_post_14,630,2023-12-29,0
157,21.80844186783667,1.221046788768036,22.102877026857,6.230032690907647,-0.6768989831126425,0.7834394904458599,青椒,120,harvest_market_price,linear,tuning,tuning,harvest_post_14,630,2023-12-29,0
157,25.65254123124163,1.4362765246582183,25.334934262890023,7.328179218121508,-0.3700886007636347,0.7834394904458599,青椒,120,harvest_market_price,elasticnet,tuning,tuning,harvest_post_14,630,2023-12-29,0
157,16.55706465945472,0.927024074272271,16.311651705955185,4.729868127167898,-0.5661222418983617,0.8598726114649682,青椒,120,harvest_market_price,extra_trees,tuning,tuning,harvest_post_14,630,2023-12-29,0
157,18.659214505095232,1.044722685391947,18.451762377545037,5.330390729327828,-0.5922661144472442,0.8407643312101911,青椒,120,harvest_market_price,catboost,tuning,tuning,harvest_post_14,630,2023-12-29,0
157,50.63232398632783,2.698779193205945,54.21300938844296,17.561888190839433,-0.4463290870488321,0.0,韭菜,120,harvest_market_price,last_value,tuning,tuning,harvest_post_14,630,2023-12-29,0
157,19.916097756317697,1.061558032554848,20.021138025794983,6.9079247100868955,-0.7281539278131635,0.8980891719745223,韭菜,120,harvest_market_price,seasonal_naive,tuning,tuning,harvest_post_14,630,2023-12-29,0
157,14.984442399205168,0.798693367890594,14.866303958235788,5.197373560968173,-0.4770288023688992,0.89171974522293,韭菜,120,harvest_market_price,same_season_mean,tuning,tuning,harvest_post_14,630,2023-12-29,0
157,16.283429748351693,0.8679313517338996,16.007517455986715,5.647929032077621,-0.6013609341825903,0.8980891719745223,韭菜,120,harvest_market_price,same_season_median,tuning,tuning,harvest_post_14,630,2023-12-29,0
157,19.624644629388804,1.04602314154406,20.761301346610765,6.806833809551145,-0.3876323417243809,0.8471337579617835,韭菜,120,harvest_market_price,linear,tuning,tuning,harvest_post_14,630,2023-12-29,0
157,18.25589978468799,0.9730669780330996,19.29172559237503,6.3320828593298115,-0.3441899815430023,0.8535031847133758,韭菜,120,harvest_market_price,elasticnet,tuning,tuning,harvest_post_14,630,2023-12-29,0
157,18.329100996276267,0.97696871295653,18.827465403506487,6.35747279587893,-0.5384485889194794,0.8662420382165605,韭菜,120,harvest_market_price,extra_trees,tuning,tuning,harvest_post_14,630,2023-12-29,0
157,18.55402852097761,0.9889576890858346,19.538097278451826,6.435489203755328,-0.6576249659084732,0.8980891719745223,韭菜,120,harvest_market_price,catboost,tuning,tuning,harvest_post_14,630,2023-12-29,0
157,47.35834547300152,2.08377423920736,44.58225222605133,10.174615715427958,0.4589660297239916,0.0,黄瓜,120,harvest_market_price,last_value,tuning,tuning,harvest_post_14,630,2023-12-29,0
157,32.757491536124306,1.441334496006471,34.5403233410426,7.037722387735368,-0.8606945202709534,0.7133757961783439,黄瓜,120,harvest_market_price,seasonal_naive,tuning,tuning,harvest_post_14,630,2023-12-29,0
157,30.977534099325943,1.363016104250144,29.729349872851852,6.6553107403612835,-0.3644497167504316,0.7770700636942676,黄瓜,120,harvest_market_price,same_season_mean,tuning,tuning,harvest_post_14,630,2023-12-29,0
157,29.399019272437,1.2935612172682238,29.28987245367934,6.316177656122596,-0.6550467091295117,0.7197452229299363,黄瓜,120,harvest_market_price,same_season_median,tuning,tuning,harvest_post_14,630,2023-12-29,0
157,26.424791056459423,1.162694733735539,26.093733511882817,5.6771851228043335,-0.5059935727370664,0.7388535031847133,黄瓜,120,harvest_market_price,linear,tuning,tuning,harvest_post_14,630,2023-12-29,0
157,31.71375078111472,1.3954097476653422,30.69208607362157,6.813481845066762,-0.3589357980471607,0.7197452229299363,黄瓜,120,harvest_market_price,elasticnet,tuning,tuning,harvest_post_14,630,2023-12-29,0
157,28.738460212935475,1.2644965204778975,27.14547221967839,6.174261072664163,-0.3243573644792876,0.7515923566878981,黄瓜,120,harvest_market_price,extra_trees,tuning,tuning,harvest_post_14,630,2023-12-29,0
157,26.36092682048671,1.1598846978612405,26.12548776217234,5.663464329721473,-0.6246578250623925,0.732484076433121,黄瓜,120,harvest_market_price,catboost,tuning,tuning,harvest_post_14,630,2023-12-29,0
145,12.616605020504062,0.3499409074537197,11.945706616595103,14.202622603770218,0.1914499425585306,0.0,土豆,150,cycle_market_average,last_value,development,development,cycle_market_average,389,2022-12-31,0
145,14.168010322342138,0.392971514996036,14.6685447994824,15.94905311908598,-0.3437503593974947,0.6206896551724138,土豆,150,cycle_market_average,seasonal_naive,development,development,cycle_market_average,389,2022-12-31,0
145,19.41402920858541,0.5384779017449158,20.935911030374367,21.854542455756,-0.536852457481433,0.6482758620689655,土豆,150,cycle_market_average,same_season_mean,development,development,cycle_market_average,389,2022-12-31,0
145,19.164017694224885,0.5315434486121582,20.611657290994938,21.573102307690103,-0.5291707470966417,0.6482758620689655,土豆,150,cycle_market_average,same_season_median,development,development,cycle_market_average,389,2022-12-31,0
145,20.86119922494772,0.578617383637439,22.52057689553064,23.483634398674305,-0.4752548413057124,0.5103448275862069,土豆,150,cycle_market_average,linear,development,development,cycle_market_average,389,2022-12-31,0
145,27.474928641433912,0.7620593214564667,31.25703808456398,30.92876743986497,-0.7620593214564667,0.6482758620689655,土豆,150,cycle_market_average,elasticnet,development,development,cycle_market_average,389,2022-12-31,0
145,18.84705946110903,0.5227521254676805,20.33240328861729,21.21629965287239,-0.520769328969512,0.6482758620689655,土豆,150,cycle_market_average,extra_trees,development,development,cycle_market_average,389,2022-12-31,0
145,18.63213556597612,0.5167908813157024,19.97795515292853,20.97435794461219,-0.5167908813157024,0.6482758620689655,土豆,150,cycle_market_average,catboost,development,development,cycle_market_average,389,2022-12-31,0
145,45.47208236576643,1.5877367604985857,33.38253984524018,8.059155717863046,1.3217055670418167,0.0,尖椒,150,cycle_market_average,last_value,development,development,cycle_market_average,389,2022-12-31,0
145,53.02236395558603,1.8513679603157571,43.4863550015456,9.397315130854446,1.8513679603157571,0.5241379310344828,尖椒,150,cycle_market_average,seasonal_naive,development,development,cycle_market_average,389,2022-12-31,0
145,37.63912922839267,1.3142355924756763,33.2812755070085,6.670897565156495,1.3142355924756763,0.6206896551724138,尖椒,150,cycle_market_average,same_season_mean,development,development,cycle_market_average,389,2022-12-31,0
145,25.101548774782295,0.8764641877314722,23.969664038594733,4.448823977496222,0.8764641877314722,0.6689655172413793,尖椒,150,cycle_market_average,same_season_median,development,development,cycle_market_average,389,2022-12-31,0
145,45.96787830549064,1.6050483371462976,39.40190351722873,8.147027143024117,1.5577982948470583,0.5793103448275863,尖椒,150,cycle_market_average,linear,development,development,cycle_market_average,389,2022-12-31,0
145,54.829709127292155,1.9144745571270747,44.079791818139256,9.71763642288468,1.9144745571270747,0.4620689655172413,尖椒,150,cycle_market_average,elasticnet,development,development,cycle_market_average,389,2022-12-31,0
145,48.27699085241317,1.685675013650507,40.33121903738572,8.556278195923557,1.685675013650507,0.5310344827586206,尖椒,150,cycle_market_average,extra_trees,development,development,cycle_market_average,389,2022-12-31,0
145,49.19751185687957,1.7178166038650495,41.07842687645002,8.719424938509148,1.7178166038650495,0.5103448275862069,尖椒,150,cycle_market_average,catboost,development,development,cycle_market_average,389,2022-12-31,0
145,19.834813305120317,0.3223569405771362,16.786478000315366,3.462748974084409,0.2536887132721349,0.0,甘蓝,150,cycle_market_average,last_value,development,development,cycle_market_average,389,2022-12-31,0
145,24.02436579976648,0.3904458761161871,21.1169182325249,4.19415835916613,0.3904458761161871,0.5379310344827586,甘蓝,150,cycle_market_average,seasonal_naive,development,development,cycle_market_average,389,2022-12-31,0
145,20.87711924963355,0.3392965784880165,18.345338498241183,3.644714076781572,0.3392965784880165,0.6482758620689655,甘蓝,150,cycle_market_average,same_season_mean,development,development,cycle_market_average,389,2022-12-31,0
145,12.613369946621178,0.2049934770654366,11.809189949401343,2.202034028277669,0.1806542305135142,0.7241379310344828,甘蓝,150,cycle_market_average,same_season_median,development,development,cycle_market_average,389,2022-12-31,0
145,76.92929383039608,1.25026091339737,54.227288762489955,13.430266733061451,1.25026091339737,0.2482758620689655,甘蓝,150,cycle_market_average,linear,development,development,cycle_market_average,389,2022-12-31,0
145,63.279389594326965,1.028421599811583,47.10448195519399,11.047275213922877,1.028421599811583,0.2689655172413793,甘蓝,150,cycle_market_average,elasticnet,development,development,cycle_market_average,389,2022-12-31,0
145,31.227933241971048,0.5075188188350721,26.809848792074508,5.451752538981395,0.5075188188350721,0.5310344827586206,甘蓝,150,cycle_market_average,extra_trees,development,development,cycle_market_average,389,2022-12-31,0
145,37.632572145083685,0.6116075123130051,31.30756341385308,6.569870287304706,0.6116075123130051,0.4827586206896552,甘蓝,150,cycle_market_average,catboost,development,development,cycle_market_average,389,2022-12-31,0
145,20.930225483879845,1.7123366530563835,17.827845090817775,5.585897270774145,1.6557987430219605,0.0,芸豆,150,cycle_market_average,last_value,development,development,cycle_market_average,389,2022-12-31,0
145,8.423466591219002,0.6891378499982821,7.798055663495386,2.2480703362984147,0.6891378499982821,0.8482758620689655,芸豆,150,cycle_market_average,seasonal_naive,development,development,cycle_market_average,389,2022-12-31,0
145,4.245455863259482,0.347327824499135,4.415315062475518,1.13303510934643,0.1962201662849002,0.8896551724137931,芸豆,150,cycle_market_average,same_season_mean,development,development,cycle_market_average,389,2022-12-31,0
145,5.533471807959996,0.4527025570136218,5.6823862443812025,1.4767831858187763,-0.247028843184936,0.9241379310344828,芸豆,150,cycle_market_average,same_season_median,development,development,cycle_market_average,389,2022-12-31,0
145,8.242626590452621,0.6743430279410849,7.79671876626805,2.1998074225755926,0.3048056059635795,0.8482758620689655,芸豆,150,cycle_market_average,linear,development,development,cycle_market_average,389,2022-12-31,0
145,6.058151838393287,0.4956275053343945,6.039804346450526,1.6168107623149914,0.2667902193602862,0.8758620689655172,芸豆,150,cycle_market_average,elasticnet,development,development,cycle_market_average,389,2022-12-31,0
145,7.113545484536813,0.5819710196499116,6.544272116973312,1.8984761697004011,0.5819710196499116,0.8344827586206897,芸豆,150,cycle_market_average,extra_trees,development,development,cycle_market_average,389,2022-12-31,0
145,6.725961020739841,0.5502620882757171,6.555956105522476,1.7950369114761917,0.5501829120666912,0.8413793103448276,芸豆,150,cycle_market_average,catboost,development,development,cycle_market_average,389,2022-12-31,0
145,17.4113914480856,0.505860725754494,16.803221834146637,4.080539742052883,0.1244496260887223,0.0,芹菜,150,cycle_market_average,last_value,development,development,cycle_market_average,389,2022-12-31,0
145,22.574430741251017,0.6558647510919863,20.111060088671863,5.290551422529951,0.6558647510919863,0.6413793103448275,芹菜,150,cycle_market_average,seasonal_naive,development,development,cycle_market_average,389,2022-12-31,0
145,17.74787545076915,0.5156367417788189,16.27279310191117,4.159398249691927,0.5156367417788189,0.6620689655172414,芹菜,150,cycle_market_average,same_season_mean,development,development,cycle_market_average,389,2022-12-31,0
145,13.436354176821606,0.3903722396712144,12.742822028478958,3.1489486277012717,0.2937599709163086,0.7310344827586207,芹菜,150,cycle_market_average,same_season_median,development,development,cycle_market_average,389,2022-12-31,0
145,43.36369804703461,1.259864372751412,35.49812015783792,10.162731322818042,1.259864372751412,0.4413793103448276,芹菜,150,cycle_market_average,linear,development,development,cycle_market_average,389,2022-12-31,0
145,36.77296548988905,1.068380954292171,30.878863680150925,8.618124953541836,1.068380954292171,0.4413793103448276,芹菜,150,cycle_market_average,elasticnet,development,development,cycle_market_average,389,2022-12-31,0
145,24.54317805853163,0.7130636228602898,21.924205151031835,5.751947727022711,0.7130636228602898,0.5724137931034483,芹菜,150,cycle_market_average,extra_trees,development,development,cycle_market_average,389,2022-12-31,0
145,27.734925171455743,0.8057948394194423,24.367120638287982,6.499966688040407,0.8057948394194423,0.5172413793103449,芹菜,150,cycle_market_average,catboost,development,development,cycle_market_average,389,2022-12-31,0
145,58.9920542754559,1.605430135755069,48.10631661896696,9.818835004302755,1.303117192872556,0.0,茄子,150,cycle_market_average,last_value,development,development,cycle_market_average,389,2022-12-31,0
145,59.12374419630189,1.609013990735168,50.48411479946583,9.840753915593398,1.609013990735168,0.6620689655172414,茄子,150,cycle_market_average,seasonal_naive,development,development,cycle_market_average,389,2022-12-31,0
145,46.53317291701381,1.2663698362570412,43.20752178757707,7.745137081773834,1.2663698362570412,0.8137931034482758,茄子,150,cycle_market_average,same_season_mean,development,development,cycle_market_average,389,2022-12-31,0
145,39.69017780547319,1.0801422043187734,38.57468609472352,6.606166066766773,0.9867723652863488,0.8344827586206897,茄子,150,cycle_market_average,same_season_median,development,development,cycle_market_average,389,2022-12-31,0
145,69.6864192676178,1.8964702775513185,55.446085304839634,11.598840915666957,1.856044007132568,0.6137931034482759,茄子,150,cycle_market_average,linear,development,development,cycle_market_average,389,2022-12-31,0
145,67.8130913004922,1.8454888833701113,55.27345671626357,11.287037937383404,1.8454888833701113,0.593103448275862,茄子,150,cycle_market_average,elasticnet,development,development,cycle_market_average,389,2022-12-31,0
145,64.35314676000814,1.751328757882747,53.85648590609249,10.711153185033194,1.751328757882747,0.6689655172413793,茄子,150,cycle_market_average,extra_trees,development,development,cycle_market_average,389,2022-12-31,0
145,60.854735285183104,1.656121779961108,51.900089295050755,10.12886586735356,1.656121779961108,0.7172413793103448,茄子,150,cycle_market_average,catboost,development,development,cycle_market_average,389,2022-12-31,0
145,26.147713271473968,1.0888807876147506,23.534959882763697,7.8006969275207405,0.7786902576646708,0.0,西红柿,150,cycle_market_average,last_value,development,development,cycle_market_average,389,2022-12-31,0
145,20.81073538168168,0.8666306570666444,18.133715951250792,6.208506184303141,0.8666306570666444,0.7724137931034483,西红柿,150,cycle_market_average,seasonal_naive,development,development,cycle_market_average,389,2022-12-31,0
145,8.50623961458563,0.3542290981626506,8.757797381587752,2.537682608698457,0.186196746962672,0.9379310344827586,西红柿,150,cycle_market_average,same_season_mean,development,development,cycle_market_average,389,2022-12-31,0
145,15.96749404496562,0.6649414161537462,16.271242801780556,4.763612804055642,-0.2646890526801568,0.9379310344827586,西红柿,150,cycle_market_average,same_season_median,development,development,cycle_market_average,389,2022-12-31,0
145,65.97449140402979,2.747404922818819,46.20058236810341,19.68229523732832,2.747404922818819,0.2896551724137931,西红柿,150,cycle_market_average,linear,development,development,cycle_market_average,389,2022-12-31,0
145,34.204714755120264,1.424402063614709,28.390698340182297,10.204357471981298,1.424402063614709,0.4758620689655172,西红柿,150,cycle_market_average,elasticnet,development,development,cycle_market_average,389,2022-12-31,0
145,15.600255858580056,0.6496483539466592,15.11270966214863,4.654053938908859,0.5487352987908866,0.896551724137931,西红柿,150,cycle_market_average,extra_trees,development,development,cycle_market_average,389,2022-12-31,0
145,14.036147101038486,0.5845134812277881,13.56845088733684,4.18743040465993,0.4791979191198665,0.903448275862069,西红柿,150,cycle_market_average,catboost,development,development,cycle_market_average,389,2022-12-31,0
145,55.083057371203346,2.17482241247616,39.511553680415965,10.39456881055371,1.8328432821414984,0.0,青椒,150,cycle_market_average,last_value,development,development,cycle_market_average,389,2022-12-31,0
145,47.69834171807205,1.883254625961288,41.77530202420694,9.001019892497904,1.883254625961288,0.6482758620689655,青椒,150,cycle_market_average,seasonal_naive,development,development,cycle_market_average,389,2022-12-31,0
145,32.65460678669376,1.2892888321668383,31.088762183638067,6.162158990893488,1.2892888321668383,0.7724137931034483,青椒,150,cycle_market_average,same_season_mean,development,development,cycle_market_average,389,2022-12-31,0
145,24.109554054684292,0.9519079189737324,24.63039576169079,4.549646126654449,0.9159467304173609,0.8275862068965517,青椒,150,cycle_market_average,same_season_median,development,development,cycle_market_average,389,2022-12-31,0
145,39.89532232456519,1.5751711194917175,36.22184463303695,7.5285340522639395,1.5751711194917175,0.6827586206896552,青椒,150,cycle_market_average,linear,development,development,cycle_market_average,389,2022-12-31,0
145,40.06977106001274,1.5820588094237185,35.864842096070234,7.561453782414423,1.5820588094237185,0.7379310344827587,青椒,150,cycle_market_average,elasticnet,development,development,cycle_market_average,389,2022-12-31,0
145,40.32607448089565,1.5921783352948775,36.3557607885592,7.609820080000156,1.5921783352948775,0.6689655172413793,青椒,150,cycle_market_average,extra_trees,development,development,cycle_market_average,389,2022-12-31,0
145,41.307252404576296,1.630917792414465,37.28796335384562,7.794975405972069,1.630917792414465,0.6620689655172414,青椒,150,cycle_market_average,catboost,development,development,cycle_market_average,389,2022-12-31,0
145,35.064689871110566,1.4670494466334838,28.734013683070145,9.858247060855415,0.6138182355236979,0.0,韭菜,150,cycle_market_average,last_value,development,development,cycle_market_average,389,2022-12-31,0
145,24.101233353435603,1.008356303287114,21.950354551209735,6.775930822227231,1.008356303287114,0.7379310344827587,韭菜,150,cycle_market_average,seasonal_naive,development,development,cycle_market_average,389,2022-12-31,0
145,7.289435701041649,0.3049781033510339,6.708771449247494,2.0493852459335153,0.2664226790293755,0.9448275862068966,韭菜,150,cycle_market_average,same_season_mean,development,development,cycle_market_average,389,2022-12-31,0
145,13.263688103863151,0.5549310820833239,13.5515325305052,3.729013852586243,-0.1306645230969917,0.896551724137931,韭菜,150,cycle_market_average,same_season_median,development,development,cycle_market_average,389,2022-12-31,0
145,12.274515456434145,0.5135457114905755,11.961500616645484,3.450913336652984,0.0527161378742455,0.9793103448275862,韭菜,150,cycle_market_average,linear,development,development,cycle_market_average,389,2022-12-31,0
145,8.171882181763852,0.3418982251597762,7.478889525438277,2.2974802799098226,0.214126497370314,0.9586206896551724,韭菜,150,cycle_market_average,elasticnet,development,development,cycle_market_average,389,2022-12-31,0
145,6.32065930837627,0.2644460787988284,5.79454573203613,1.7770190262200456,0.2478274534360492,0.9448275862068966,韭菜,150,cycle_market_average,extra_trees,development,development,cycle_market_average,389,2022-12-31,0
145,13.65981588615658,0.5715044225562002,13.140270157015854,3.8403830265293672,0.5710667573368057,0.8206896551724138,韭菜,150,cycle_market_average,catboost,development,development,cycle_market_average,389,2022-12-31,0
145,50.04035861338174,1.6545367020154744,37.96574970744055,8.40702252988481,0.9540092271437236,0.0,黄瓜,150,cycle_market_average,last_value,development,development,cycle_market_average,389,2022-12-31,0
145,24.198687451223424,0.8001065067895744,22.775666694277863,4.065496655766826,0.8001065067895744,0.8068965517241379,黄瓜,150,cycle_market_average,seasonal_naive,development,development,cycle_market_average,389,2022-12-31,0
145,19.601427820389283,0.6481025044466511,18.60181781473308,3.29313477901127,0.6347598259549705,0.8413793103448276,黄瓜,150,cycle_market_average,same_season_mean,development,development,cycle_market_average,389,2022-12-31,0
145,9.368157108093987,0.3097491743683002,9.37066816067781,1.5738957524214308,0.2389747443851028,0.896551724137931,黄瓜,150,cycle_market_average,same_season_median,development,development,cycle_market_average,389,2022-12-31,0
145,30.23856373173043,0.9998092519065764,26.40721755881661,5.080225114454578,0.9998092519065764,0.7586206896551724,黄瓜,150,cycle_market_average,linear,development,development,cycle_market_average,389,2022-12-31,0
145,26.77040039776563,0.885137741077423,24.13959723397848,4.4975568823734955,0.885137741077423,0.8206896551724138,黄瓜,150,cycle_market_average,elasticnet,development,development,cycle_market_average,389,2022-12-31,0
145,25.747439837842812,0.8513145264161679,23.905801240488714,4.325694555388595,0.8504144356352149,0.8,黄瓜,150,cycle_market_average,extra_trees,development,development,cycle_market_average,389,2022-12-31,0
145,27.603886019782696,0.9126961477404132,25.177240217319547,4.637586502400213,0.9126961477404132,0.8068965517241379,黄瓜,150,cycle_market_average,catboost,development,development,cycle_market_average,389,2022-12-31,0
145,10.289117471957551,0.2172654805936381,9.809712457835152,7.326931632785455,0.0801195111417718,0.0,土豆,150,cycle_market_average,last_value,tuning,tuning,cycle_market_average,635,2023-12-31,0
145,31.075838277834,0.6561988388882913,26.57187167741804,22.12925871570089,0.6561988388882913,0.5517241379310345,土豆,150,cycle_market_average,seasonal_naive,tuning,tuning,cycle_market_average,635,2023-12-31,0
145,14.37179196222364,0.3034754240268417,13.531153975451996,10.234224406011576,0.3034754240268417,0.7931034482758621,土豆,150,cycle_market_average,same_season_mean,tuning,tuning,cycle_market_average,635,2023-12-31,0
145,11.247314884307722,0.2374988214865992,10.878413975208993,8.009268767154463,0.2374988214865992,0.7517241379310344,土豆,150,cycle_market_average,same_season_median,tuning,tuning,cycle_market_average,635,2023-12-31,0
145,12.775178635048418,0.2697612631382757,12.642029593412564,9.097268129237596,0.0292820124733703,0.7862068965517242,土豆,150,cycle_market_average,linear,tuning,tuning,cycle_market_average,635,2023-12-31,0
145,4.432445744138307,0.0935957294131482,4.472411127172461,3.156366619571063,-0.037503313258506,0.7862068965517242,土豆,150,cycle_market_average,elasticnet,tuning,tuning,cycle_market_average,635,2023-12-31,0
145,9.017453293976953,0.1904129609741781,8.74390464729239,6.421373258384517,0.1862338363747827,0.7793103448275862,土豆,150,cycle_market_average,extra_trees,tuning,tuning,cycle_market_average,635,2023-12-31,0
145,13.068006486413411,0.2759446295962265,12.466772075924506,9.305792295957852,0.2759446295962265,0.6758620689655173,土豆,150,cycle_market_average,catboost,tuning,tuning,cycle_market_average,635,2023-12-31,0
145,31.75096502515508,1.7661933851503298,30.09753567824194,9.752365495430318,0.3388725036491594,0.0,尖椒,150,cycle_market_average,last_value,tuning,tuning,cycle_market_average,635,2023-12-31,0
145,36.97767188908368,2.056936519473235,47.479925895628256,11.357757823950802,-2.056936519473235,0.5103448275862069,尖椒,150,cycle_market_average,seasonal_naive,tuning,tuning,cycle_market_average,635,2023-12-31,0
145,21.15051401241904,1.176527954714706,24.943423886505585,6.496418074282562,-1.1755725829516004,0.6413793103448275,尖椒,150,cycle_market_average,same_season_mean,tuning,tuning,cycle_market_average,635,2023-12-31,0
145,29.423300973113317,1.6367137032473924,35.796733161378214,9.037419333381353,-1.6367137032473924,0.5517241379310345,尖椒,150,cycle_market_average,same_season_median,tuning,tuning,cycle_market_average,635,2023-12-31,0
145,34.8878026535097,1.9406845184151371,42.98115349555174,10.7158507635882,-1.9406845184151371,0.5103448275862069,尖椒,150,cycle_market_average,linear,tuning,tuning,cycle_market_average,635,2023-12-31,0
145,23.37805356963908,1.3004380666752642,27.68516446426293,7.180610819300798,-1.2530014327270045,0.5448275862068965,尖椒,150,cycle_market_average,elasticnet,tuning,tuning,cycle_market_average,635,2023-12-31,0
145,13.726162994335748,0.7635376834966808,14.861595683414604,4.216015427076256,-0.7502587706913181,0.8068965517241379,尖椒,150,cycle_market_average,extra_trees,tuning,tuning,cycle_market_average,635,2023-12-31,0
145,15.591544980632776,0.8673022563959987,16.696676766100023,4.788970828732479,-0.8673022563959987,0.8344827586206897,尖椒,150,cycle_market_average,catboost,tuning,tuning,cycle_market_average,635,2023-12-31,0
145,30.98778224523111,0.7324055395077618,34.317239160992116,8.761228529206056,-0.300909341992949,0.0,甘蓝,150,cycle_market_average,last_value,tuning,tuning,cycle_market_average,635,2023-12-31,0
145,31.219445390624617,0.737880967521398,36.95157925554848,8.826727045444649,-0.737880967521398,0.7517241379310344,甘蓝,150,cycle_market_average,seasonal_naive,tuning,tuning,cycle_market_average,635,2023-12-31,0
145,22.04879492635328,0.5211298897008669,24.83282679727974,6.233893397553767,-0.5028412935554812,0.896551724137931,甘蓝,150,cycle_market_average,same_season_mean,tuning,tuning,cycle_market_average,635,2023-12-31,0
145,27.320868343253693,0.6457369281998455,31.661267317554294,7.724475707145323,-0.6457369281998455,0.8620689655172413,甘蓝,150,cycle_market_average,same_season_median,tuning,tuning,cycle_market_average,635,2023-12-31,0
145,35.724462209088856,0.8443583929565991,43.825667636427504,10.100438134612904,-0.8443583929565991,0.4344827586206896,甘蓝,150,cycle_market_average,linear,tuning,tuning,cycle_market_average,635,2023-12-31,0
145,24.49879256744432,0.5790363197227242,27.984439419159575,6.926585409513343,-0.5470912987456252,0.7862068965517242,甘蓝,150,cycle_market_average,elasticnet,tuning,tuning,cycle_market_average,635,2023-12-31,0
145,24.244754173045266,0.573032045979186,27.336855574167025,6.854760700958565,-0.573032045979186,0.8620689655172413,甘蓝,150,cycle_market_average,extra_trees,tuning,tuning,cycle_market_average,635,2023-12-31,0
145,23.84790900252336,0.5636524911947556,26.727100406775623,6.742559989008964,-0.5619088929125945,0.8413793103448276,甘蓝,150,cycle_market_average,catboost,tuning,tuning,cycle_market_average,635,2023-12-31,0
145,25.952307355256885,2.240776697798897,26.19895706281001,7.400773215276625,-0.1143478574401467,0.0,芸豆,150,cycle_market_average,last_value,tuning,tuning,cycle_market_average,635,2023-12-31,0
145,10.836467242649594,0.9356433303365496,11.27088418794924,3.090216042057577,-0.441958748505246,0.8827586206896552,芸豆,150,cycle_market_average,seasonal_naive,tuning,tuning,cycle_market_average,635,2023-12-31,0
145,10.24969012675556,0.88497976235015,10.441364286070238,2.9228858581475055,-0.3057669282526171,0.9103448275862068,芸豆,150,cycle_market_average,same_season_mean,tuning,tuning,cycle_market_average,635,2023-12-31,0
145,10.680385308182586,0.922166888457473,11.238351549314936,3.0457064351012604,-0.5956582022677328,0.8896551724137931,芸豆,150,cycle_market_average,same_season_median,tuning,tuning,cycle_market_average,635,2023-12-31,0
145,11.37610280662224,0.9822365977674908,10.790810260751453,3.2441029536600814,0.4278386621025877,0.9379310344827586,芸豆,150,cycle_market_average,linear,tuning,tuning,cycle_market_average,635,2023-12-31,0
145,11.010941652341243,0.9507078171371836,10.850796362778164,3.1399705983797377,0.023810874203805,0.903448275862069,芸豆,150,cycle_market_average,elasticnet,tuning,tuning,cycle_market_average,635,2023-12-31,0
145,10.80869645322212,0.9332455420791612,10.743576021336072,3.082296695552137,-0.0287695217478463,0.9310344827586208,芸豆,150,cycle_market_average,extra_trees,tuning,tuning,cycle_market_average,635,2023-12-31,0
145,8.71925196080037,0.7528385183077462,8.594301118494279,2.4864535351485264,-0.0567526488169294,0.9586206896551724,芸豆,150,cycle_market_average,catboost,tuning,tuning,cycle_market_average,635,2023-12-31,0
145,29.1252566678088,1.3203590393724138,31.153196631350692,11.25447204842848,-0.417657505471832,0.0,芹菜,150,cycle_market_average,last_value,tuning,tuning,cycle_market_average,635,2023-12-31,0
145,36.0748400608539,1.6354101772056944,43.369675409312016,13.939903903581744,-1.6354101772056944,0.4758620689655172,芹菜,150,cycle_market_average,seasonal_naive,tuning,tuning,cycle_market_average,635,2023-12-31,0
145,28.23542157621043,1.280019418673336,32.2819903613727,10.910625321845858,-1.280019418673336,0.7103448275862069,芹菜,150,cycle_market_average,same_season_mean,tuning,tuning,cycle_market_average,635,2023-12-31,0
145,33.305477473328615,1.509864402023556,39.3143494283013,12.869777236931087,-1.509864402023556,0.6068965517241379,芹菜,150,cycle_market_average,same_season_median,tuning,tuning,cycle_market_average,635,2023-12-31,0
145,39.82025514606488,1.8052041371478909,52.37601247766355,15.387193102336148,-1.527238347329123,0.4,芹菜,150,cycle_market_average,linear,tuning,tuning,cycle_market_average,635,2023-12-31,0
145,29.179571271176968,1.322821327631193,33.303798740502714,11.275460093011246,-1.045274185746236,0.5241379310344828,芹菜,150,cycle_market_average,elasticnet,tuning,tuning,cycle_market_average,635,2023-12-31,0
145,26.075610012491452,1.1821069177116077,29.37578163352668,10.07603906734551,-1.1821069177116077,0.6413793103448275,芹菜,150,cycle_market_average,extra_trees,tuning,tuning,cycle_market_average,635,2023-12-31,0
145,27.495331393641145,1.2464683061921134,31.25213165374785,10.624642459341215,-1.2464683061921134,0.6344827586206897,芹菜,150,cycle_market_average,catboost,tuning,tuning,cycle_market_average,635,2023-12-31,0
145,32.94472694115201,1.272316678542212,31.9583873730893,8.008824207662455,0.3744401278947317,0.0,茄子,150,cycle_market_average,last_value,tuning,tuning,cycle_market_average,635,2023-12-31,0
145,29.680668315107148,1.146259593987386,40.18294145566035,7.215335410921392,-1.130670689572477,0.6758620689655173,茄子,150,cycle_market_average,seasonal_naive,tuning,tuning,cycle_market_average,635,2023-12-31,0
145,11.106119724105348,0.4289154189714995,12.24717223478472,2.699884587251099,-0.2849293849155859,0.9241379310344828,茄子,150,cycle_market_average,same_season_mean,tuning,tuning,cycle_market_average,635,2023-12-31,0
145,10.1894677808698,0.3935145623221187,11.235982445040428,2.4770475825280305,-0.3819046996914751,0.9241379310344828,茄子,150,cycle_market_average,same_season_median,tuning,tuning,cycle_market_average,635,2023-12-31,0
145,16.07454454077598,0.620794676967014,13.638597560246774,3.9077027918694087,0.5770887449754617,0.8551724137931035,茄子,150,cycle_market_average,linear,tuning,tuning,cycle_market_average,635,2023-12-31,0
145,12.21571266318566,0.4717676060697966,11.539340303328744,2.9696253201772347,0.0956911238576229,0.9103448275862068,茄子,150,cycle_market_average,elasticnet,tuning,tuning,cycle_market_average,635,2023-12-31,0
145,11.918797819748084,0.4603008330081417,12.538723544575191,2.897445672430121,-0.1809343774424678,0.993103448275862,茄子,150,cycle_market_average,extra_trees,tuning,tuning,cycle_market_average,635,2023-12-31,0
145,11.132003694158684,0.4299150510784699,11.758982530258542,2.7061769497989467,-0.1038951872383939,0.9655172413793104,茄子,150,cycle_market_average,catboost,tuning,tuning,cycle_market_average,635,2023-12-31,0
145,24.653200983636207,1.259486813837725,24.018396251975997,9.877716971463608,0.1938041320255095,0.0,西红柿,150,cycle_market_average,last_value,tuning,tuning,cycle_market_average,635,2023-12-31,0
145,18.595562655271223,0.9500131839168942,21.376974614481103,7.450622941654021,-0.9423130664048636,0.6275862068965518,西红柿,150,cycle_market_average,seasonal_naive,tuning,tuning,cycle_market_average,635,2023-12-31,0
145,15.813910812201495,0.8079036939825374,17.66710723311151,6.336107644543899,-0.8079036939825374,0.8275862068965517,西红柿,150,cycle_market_average,same_season_mean,tuning,tuning,cycle_market_average,635,2023-12-31,0
145,21.625684640794088,1.104816557629663,24.85507932530448,8.664691953701217,-1.104816557629663,0.7448275862068966,西红柿,150,cycle_market_average,same_season_median,tuning,tuning,cycle_market_average,635,2023-12-31,0
145,20.173715802762395,1.0306381332206769,22.877459957432013,8.082936373848458,-1.029469454962327,0.8689655172413793,西红柿,150,cycle_market_average,linear,tuning,tuning,cycle_market_average,635,2023-12-31,0
145,15.559183695485665,0.7948901528669864,17.244789322733467,6.23404696830368,-0.7604141894828323,0.896551724137931,西红柿,150,cycle_market_average,elasticnet,tuning,tuning,cycle_market_average,635,2023-12-31,0
145,22.47276019730137,1.1480920939161403,24.396901979527588,9.004086931504615,-0.6141191442102475,0.6137931034482759,西红柿,150,cycle_market_average,extra_trees,tuning,tuning,cycle_market_average,635,2023-12-31,0
145,18.33404474874659,0.9366527138071972,20.33723984745049,7.345841421991132,-0.6780147864682307,0.7793103448275862,西红柿,150,cycle_market_average,catboost,tuning,tuning,cycle_market_average,635,2023-12-31,0
145,40.07343898962261,2.41469572381468,34.28511806778924,12.426275072228142,1.1168064386023664,0.0,青椒,150,cycle_market_average,last_value,tuning,tuning,cycle_market_average,635,2023-12-31,0
145,34.11401816165776,2.0556003141737618,44.37116645163936,10.57833278560199,-2.0556003141737618,0.5655172413793104,青椒,150,cycle_market_average,seasonal_naive,tuning,tuning,cycle_market_average,635,2023-12-31,0
145,19.811764390516988,1.1937927954572047,23.140376730342947,6.143381755843084,-1.1937927954572047,0.7310344827586207,青椒,150,cycle_market_average,same_season_mean,tuning,tuning,cycle_market_average,635,2023-12-31,0
145,25.9010062918912,1.560710802776944,30.95592641438698,8.031579942861871,-1.560710802776944,0.6551724137931034,青椒,150,cycle_market_average,same_season_median,tuning,tuning,cycle_market_average,635,2023-12-31,0
145,11.658599971919134,0.7025094977535942,10.835420109167435,3.6151868634397624,0.3748700111916301,0.9793103448275862,青椒,150,cycle_market_average,linear,tuning,tuning,cycle_market_average,635,2023-12-31,0
145,14.598608531469056,0.8796648973329055,16.440969276320427,4.5268469554307,-0.5792421815966617,0.8413793103448276,青椒,150,cycle_market_average,elasticnet,tuning,tuning,cycle_market_average,635,2023-12-31,0
145,11.41204643560824,0.6876529796999408,11.966863104425553,3.5387336780013188,-0.6742588969720019,0.9172413793103448,青椒,150,cycle_market_average,extra_trees,tuning,tuning,cycle_market_average,635,2023-12-31,0
145,11.78350434970136,0.7100358312682838,12.227248076770254,3.653918157663085,-0.7094925480508278,0.9241379310344828,青椒,150,cycle_market_average,catboost,tuning,tuning,cycle_market_average,635,2023-12-31,0
145,38.91933869101408,1.8913069711675996,39.10843841364925,12.532280724501025,-0.1602454307289888,0.0,韭菜,150,cycle_market_average,last_value,tuning,tuning,cycle_market_average,635,2023-12-31,0
145,14.469245447915174,0.7031410528436187,14.881343984555084,4.659191340957925,-0.6483799671627709,0.9379310344827586,韭菜,150,cycle_market_average,seasonal_naive,tuning,tuning,cycle_market_average,635,2023-12-31,0
145,10.687211797840115,0.5193510181679031,10.902241130974062,3.441351855334976,-0.4696197330719059,0.9517241379310344,韭菜,150,cycle_market_average,same_season_mean,tuning,tuning,cycle_market_average,635,2023-12-31,0
145,16.617892927961794,0.8075557755565751,18.129414307577697,5.351069833851051,-0.8075557755565751,0.8827586206896552,韭菜,150,cycle_market_average,same_season_median,tuning,tuning,cycle_market_average,635,2023-12-31,0
145,9.277878548699984,0.4508636828624746,9.658201417435256,2.9875373634490896,-0.2959769036029317,0.986206896551724,韭菜,150,cycle_market_average,linear,tuning,tuning,cycle_market_average,635,2023-12-31,0
145,9.848419813958746,0.4785894538702903,10.210916031102926,3.1712553695000425,-0.2346205538543953,0.986206896551724,韭菜,150,cycle_market_average,elasticnet,tuning,tuning,cycle_market_average,635,2023-12-31,0
145,10.161085975497336,0.49378364038155,10.084769103763994,3.271935911391123,-0.2157649668960457,0.986206896551724,韭菜,150,cycle_market_average,extra_trees,tuning,tuning,cycle_market_average,635,2023-12-31,0
145,10.142387969795085,0.4928750003655323,10.128455103733245,3.2659150316863235,-0.1211433360542623,0.993103448275862,韭菜,150,cycle_market_average,catboost,tuning,tuning,cycle_market_average,635,2023-12-31,0
145,32.97499149498697,1.4855804770783814,32.74075093628011,7.418541449808552,0.1299992212413271,0.0,黄瓜,150,cycle_market_average,last_value,tuning,tuning,cycle_market_average,635,2023-12-31,0
145,26.01282573473215,1.1719228516263624,31.294468120371132,5.8522297411083315,-1.1706054871209184,0.7103448275862069,黄瓜,150,cycle_market_average,seasonal_naive,tuning,tuning,cycle_market_average,635,2023-12-31,0
145,16.64212480094085,0.7497565452029977,18.984436036060817,3.7440583621510752,-0.7497565452029977,0.8,黄瓜,150,cycle_market_average,same_season_mean,tuning,tuning,cycle_market_average,635,2023-12-31,0
145,26.016086267530195,1.1720697442759145,30.643786103026947,5.852963278756535,-1.1720697442759145,0.7241379310344828,黄瓜,150,cycle_market_average,same_season_median,tuning,tuning,cycle_market_average,635,2023-12-31,0
145,9.975673368561733,0.4494213623769699,10.883568006491547,2.2442749192422724,-0.3973229304230151,0.8689655172413793,黄瓜,150,cycle_market_average,linear,tuning,tuning,cycle_market_average,635,2023-12-31,0
145,12.079894305721924,0.5442201599499726,13.547676953355486,2.717671561186851,-0.4942657169460852,0.8620689655172413,黄瓜,150,cycle_market_average,elasticnet,tuning,tuning,cycle_market_average,635,2023-12-31,0
145,13.057809008043565,0.5882769109649897,14.326975939026656,2.937677705984589,-0.5850062055291779,0.8482758620689655,黄瓜,150,cycle_market_average,extra_trees,tuning,tuning,cycle_market_average,635,2023-12-31,0
145,12.998100719002888,0.5855869491333978,14.0209062227948,2.924244846806665,-0.5804512433137691,0.8137931034482758,黄瓜,150,cycle_market_average,catboost,tuning,tuning,cycle_market_average,635,2023-12-31,0
136,27.487539485393864,0.6612732843137255,24.17502603995332,26.55334095197815,0.5870739379084968,0.0,土豆,150,harvest_market_price,last_value,development,development,harvest_post_14,364,2022-12-31,0
136,17.58559083219144,0.4230601073762839,17.444070190510175,16.987922453273356,0.034734943977591,0.8161764705882353,土豆,150,harvest_market_price,seasonal_naive,development,development,harvest_post_14,364,2022-12-31,0
136,18.119674080083676,0.4359086558474306,18.678015896848972,17.503854211572722,-0.1695791601291624,0.9117647058823528,土豆,150,harvest_market_price,same_season_mean,development,development,harvest_post_14,364,2022-12-31,0
136,19.33301864930984,0.4650983309990663,20.150300852602385,18.675961742551017,-0.1952790032679738,0.9264705882352942,土豆,150,harvest_market_price,same_season_median,development,development,harvest_post_14,364,2022-12-31,0
136,16.02012526096371,0.3853993862223989,15.282620446746105,15.475661194549875,0.1321915748254277,0.9264705882352942,土豆,150,harvest_market_price,linear,development,development,harvest_post_14,364,2022-12-31,0
136,18.23951585962185,0.4387917137215382,17.203524877646437,17.619623017800716,0.2502246981783134,0.75,土豆,150,harvest_market_price,elasticnet,development,development,harvest_post_14,364,2022-12-31,0
136,11.964979820604734,0.2878439340459349,11.82044585079657,11.558334962242746,0.0782580831075884,0.9044117647058824,土豆,150,harvest_market_price,extra_trees,development,development,harvest_post_14,364,2022-12-31,0
136,10.701718022338534,0.2574533900421166,10.627781408214991,10.338006701912432,0.0257842500878042,0.9117647058823528,土豆,150,harvest_market_price,catboost,development,development,harvest_post_14,364,2022-12-31,0
136,91.78855624228738,2.7480356559290384,62.4907405133497,13.785751010257616,1.961859185340803,0.0,尖椒,150,harvest_market_price,last_value,development,development,harvest_post_14,364,2022-12-31,0
136,66.5475535660533,1.9923513071895425,53.11767036849807,9.994797187808237,1.2115212418300652,0.6102941176470589,尖椒,150,harvest_market_price,seasonal_naive,development,development,harvest_post_14,364,2022-12-31,0
136,53.99703310742734,1.6166042736515898,44.31442903512366,8.10983072602995,1.379502106468927,0.6985294117647058,尖椒,150,harvest_market_price,same_season_mean,development,development,harvest_post_14,364,2022-12-31,0
136,53.68774194584608,1.60734447945845,42.938453653940854,8.063378192971495,1.4875209500466853,0.6911764705882353,尖椒,150,harvest_market_price,same_season_median,development,development,harvest_post_14,364,2022-12-31,0
136,105.24646125881242,3.1509486589606617,66.44498777196955,15.806997833094533,3.1452655379151833,0.6397058823529411,尖椒,150,harvest_market_price,linear,development,development,harvest_post_14,364,2022-12-31,0
136,112.58334423269568,3.3706058454446683,69.52811070762309,16.908926504925578,3.3706058454446683,0.5,尖椒,150,harvest_market_price,elasticnet,development,development,harvest_post_14,364,2022-12-31,0
136,77.61062101620395,2.32356584047747,56.90143968270824,11.656362632577691,2.3161785737317855,0.6764705882352942,尖椒,150,harvest_market_price,extra_trees,development,development,harvest_post_14,364,2022-12-31,0
136,66.50887530865505,1.991193328082005,51.590342060621055,9.988988088636924,1.9421035846122947,0.6985294117647058,尖椒,150,harvest_market_price,catboost,development,development,harvest_post_14,364,2022-12-31,0
136,36.495168737413714,0.5170976307189543,29.43828674844188,5.494919202312074,0.4860477941176471,0.0073529411764705,甘蓝,150,harvest_market_price,last_value,development,development,harvest_post_14,364,2022-12-31,0
136,24.273434573516308,0.3439286881419234,21.586618016407172,3.654745720009316,0.229469537815126,0.6764705882352942,甘蓝,150,harvest_market_price,seasonal_naive,development,development,harvest_post_14,364,2022-12-31,0
136,53.52769955252543,0.7584304326854978,40.690546389733974,8.059433462085355,0.629565975189393,0.5,甘蓝,150,harvest_market_price,same_season_mean,development,development,harvest_post_14,364,2022-12-31,0
136,56.85996041579274,0.8056450163398692,41.04665429119259,8.561157521410204,0.6657536764705883,0.5147058823529411,甘蓝,150,harvest_market_price,same_season_median,development,development,harvest_post_14,364,2022-12-31,0
136,210.9790500981738,2.989348198992121,101.66870649688713,31.76620012395024,2.989348198992121,0.1470588235294117,甘蓝,150,harvest_market_price,linear,development,development,harvest_post_14,364,2022-12-31,0
136,168.36080137551008,2.3854930531659817,91.30896844209656,25.34935533662914,2.3854930531659817,0.1470588235294117,甘蓝,150,harvest_market_price,elasticnet,development,development,harvest_post_14,364,2022-12-31,0
136,96.67413093071816,1.3697693636045634,64.92173319949406,14.555804420036784,1.3697693636045634,0.1691176470588235,甘蓝,150,harvest_market_price,extra_trees,development,development,harvest_post_14,364,2022-12-31,0
136,72.31230456628727,1.024588258026628,52.669856774841065,10.887749931606146,1.024588258026628,0.3455882352941176,甘蓝,150,harvest_market_price,catboost,development,development,harvest_post_14,364,2022-12-31,0
136,40.798787128127195,2.990561858076564,32.960908694153005,9.52926575212248,2.683355975723623,0.0,芸豆,150,harvest_market_price,last_value,development,development,harvest_post_14,364,2022-12-31,0
136,15.540955841654212,1.1391561624649862,14.406705678891546,3.6298603140343224,0.2952010971055088,0.8823529411764706,芸豆,150,harvest_market_price,seasonal_naive,development,development,harvest_post_14,364,2022-12-31,0
136,13.332017047364529,0.9772403661869608,13.028323365154996,3.1139242707677917,0.4118757291040572,0.8529411764705882,芸豆,150,harvest_market_price,same_season_mean,development,development,harvest_post_14,364,2022-12-31,0
136,11.749460612697357,0.8612385620915033,11.745024276236608,2.744290713125138,0.1385765639589168,0.9411764705882352,芸豆,150,harvest_market_price,same_season_median,development,development,harvest_post_14,364,2022-12-31,0
136,31.585049121354153,2.3151924318523807,31.366918866117548,7.377237120456585,0.5835803409186796,0.6911764705882353,芸豆,150,harvest_market_price,linear,development,development,harvest_post_14,364,2022-12-31,0
136,18.627090298424307,1.3653706321826338,16.519768250645797,4.350680648545437,0.8015100531676932,0.9044117647058824,芸豆,150,harvest_market_price,elasticnet,development,development,harvest_post_14,364,2022-12-31,0
136,8.13537461129519,0.5963251048933974,8.134344544670824,1.900158120402943,0.3480308020309569,0.9558823529411764,芸豆,150,harvest_market_price,extra_trees,development,development,harvest_post_14,364,2022-12-31,0
136,7.631162244218286,0.5593662053894675,7.6962129518442515,1.7823905596592056,0.3059135707302918,0.9852941176470588,芸豆,150,harvest_market_price,catboost,development,development,harvest_post_14,364,2022-12-31,0
136,23.213309021219,0.6367961601307189,21.57790670383606,4.954072141608464,0.3007332516339869,0.0,芹菜,150,harvest_market_price,last_value,development,development,harvest_post_14,364,2022-12-31,0
136,24.402856825890595,0.6694282796451914,21.48322165190539,5.207939680908795,0.3354914215686274,0.5955882352941176,芹菜,150,harvest_market_price,seasonal_naive,development,development,harvest_post_14,364,2022-12-31,0
136,39.95895986246963,1.0961691062647971,34.92501913367656,8.527847954867578,0.7572402504603495,0.3602941176470588,芹菜,150,harvest_market_price,same_season_mean,development,development,harvest_post_14,364,2022-12-31,0
136,40.95902803164943,1.1236033496732023,35.18561973485215,8.741277666767518,0.7736744281045753,0.2867647058823529,芹菜,150,harvest_market_price,same_season_median,development,development,harvest_post_14,364,2022-12-31,0
136,114.15430429321174,3.131523496708853,71.71230043219957,24.362259522188456,3.131523496708853,0.3235294117647059,芹菜,150,harvest_market_price,linear,development,development,harvest_post_14,364,2022-12-31,0
136,94.692067344313,2.5976281461888475,65.01248858356439,20.208723040431877,2.5976281461888475,0.2720588235294117,芹菜,150,harvest_market_price,elasticnet,development,development,harvest_post_14,364,2022-12-31,0
136,68.72436097847488,1.885272329702182,51.94421766582561,14.666820739003256,1.885272329702182,0.3161764705882353,芹菜,150,harvest_market_price,extra_trees,development,development,harvest_post_14,364,2022-12-31,0
136,52.2207371141309,1.4325387579632547,42.55246558642309,11.1446971526074,1.4318357552492509,0.3014705882352941,芹菜,150,harvest_market_price,catboost,development,development,harvest_post_14,364,2022-12-31,0
136,142.7193427247893,3.001713176937441,91.39836381474473,17.705912954635867,2.100889647525677,0.0,茄子,150,harvest_market_price,last_value,development,development,harvest_post_14,364,2022-12-31,0
136,81.07557202695881,1.7052041316526612,62.04973223644096,10.058321413550798,1.577347922502334,0.8823529411764706,茄子,150,harvest_market_price,seasonal_naive,development,development,harvest_post_14,364,2022-12-31,0
136,88.97664520347264,1.871381714964703,66.34550194442137,11.03853692772485,1.8257431700730624,0.875,茄子,150,harvest_market_price,same_season_mean,development,development,harvest_post_14,364,2022-12-31,0
136,88.44352869509558,1.860169059290383,66.10131823451681,10.972397928540936,1.829639647525677,0.875,茄子,150,harvest_market_price,same_season_median,development,development,harvest_post_14,364,2022-12-31,0
136,154.55756597528162,3.250698002989038,90.69899316850385,19.174575480744572,3.250698002989038,0.5588235294117647,茄子,150,harvest_market_price,linear,development,development,harvest_post_14,364,2022-12-31,0
136,128.59637112520434,2.704674883888856,82.15715392540692,15.953802126286234,2.704674883888856,0.6617647058823529,茄子,150,harvest_market_price,elasticnet,development,development,harvest_post_14,364,2022-12-31,0
136,107.46483118632013,2.2602304191617133,75.00357135987937,13.332200880008156,2.2602304191617133,0.8455882352941176,茄子,150,harvest_market_price,extra_trees,development,development,harvest_post_14,364,2022-12-31,0
136,95.7317939516094,2.0134578948456276,70.26614429352807,11.876587842524584,2.0134578948456276,0.875,茄子,150,harvest_market_price,catboost,development,development,harvest_post_14,364,2022-12-31,0
136,51.25241695815447,1.8857697829131657,42.15748847751688,13.286770791876538,1.3922403711484594,0.0,西红柿,150,harvest_market_price,last_value,development,development,harvest_post_14,364,2022-12-31,0
136,23.740753917271977,0.8735119047619048,22.226725635836264,6.154596689219167,0.4947537348272643,0.8308823529411765,西红柿,150,harvest_market_price,seasonal_naive,development,development,harvest_post_14,364,2022-12-31,0
136,24.496832928879748,0.9013309041029288,22.286238041888566,6.350604002122732,0.5618401996168001,0.8088235294117647,西红柿,150,harvest_market_price,same_season_mean,development,development,harvest_post_14,364,2022-12-31,0
136,23.964147139605135,0.8817313842203549,21.640432685821125,6.212509558850716,0.5637844887955182,0.8088235294117647,西红柿,150,harvest_market_price,same_season_median,development,development,harvest_post_14,364,2022-12-31,0
136,27.11153291372908,0.997535581178707,24.54872739825163,7.028443632916745,0.5730257090068998,0.8161764705882353,西红柿,150,harvest_market_price,linear,development,development,harvest_post_14,364,2022-12-31,0
136,27.688793591161257,1.0187751793669126,29.581527820232505,7.178093752138768,-0.0348167600536716,0.8455882352941176,西红柿,150,harvest_market_price,elasticnet,development,development,harvest_post_14,364,2022-12-31,0
136,16.104388483302987,0.5925412102789759,15.297669940779748,4.1749312758398345,0.3591674176839724,0.8382352941176471,西红柿,150,harvest_market_price,extra_trees,development,development,harvest_post_14,364,2022-12-31,0
136,18.368931276114974,0.6758622832009662,17.687054988824116,4.761995512460224,0.4501042980099034,0.8676470588235294,西红柿,150,harvest_market_price,catboost,development,development,harvest_post_14,364,2022-12-31,0
136,115.4264628858402,3.79452001633987,73.38707632679147,17.745565136966924,2.7159906045751634,0.0,青椒,150,harvest_market_price,last_value,development,development,harvest_post_14,364,2022-12-31,0
136,62.773053221532166,2.0635961718020543,50.096197129075726,9.65067521726547,1.7917268907563026,0.6838235294117647,青椒,150,harvest_market_price,seasonal_naive,development,development,harvest_post_14,364,2022-12-31,0
136,53.70402977164904,1.7654618432532176,44.412075058389014,8.256411351467637,1.6034231435628152,0.7941176470588235,青椒,150,harvest_market_price,same_season_mean,development,development,harvest_post_14,364,2022-12-31,0
136,55.282679727394786,1.8173582516339868,45.08446239697229,8.49911163802032,1.669593545751634,0.7058823529411765,青椒,150,harvest_market_price,same_season_median,development,development,harvest_post_14,364,2022-12-31,0
136,62.7100343362692,2.0615244941680073,46.44501369435393,9.64098674804157,2.0270749590772974,0.6617647058823529,青椒,150,harvest_market_price,linear,development,development,harvest_post_14,364,2022-12-31,0
136,74.6485504201167,2.4539902867857593,56.24146813702282,11.476403943612866,2.4539902867857593,0.6764705882352942,青椒,150,harvest_market_price,elasticnet,development,development,harvest_post_14,364,2022-12-31,0
136,62.457788991941285,2.053232201532934,49.44756417831211,9.602206765736344,2.0345730018740578,0.8529411764705882,青椒,150,harvest_market_price,extra_trees,development,development,harvest_post_14,364,2022-12-31,0
136,58.01345680781048,1.9071295920418427,47.49884184103335,8.918938957886999,1.8613393081424665,0.7426470588235294,青椒,150,harvest_market_price,catboost,development,development,harvest_post_14,364,2022-12-31,0
136,51.12864237084818,2.420431839402428,45.758131797346024,15.88818730023655,0.1561433239962652,0.0,韭菜,150,harvest_market_price,last_value,development,development,harvest_post_14,364,2022-12-31,0
136,22.13939350129524,1.048079715219421,21.363279352865188,6.879799938962926,0.6791418067226891,0.9044117647058824,韭菜,150,harvest_market_price,seasonal_naive,development,development,harvest_post_14,364,2022-12-31,0
136,15.362083289965602,0.7272415966942466,14.636025978718491,4.773755869801293,0.5344478458089594,0.8602941176470589,韭菜,150,harvest_market_price,same_season_mean,development,development,harvest_post_14,364,2022-12-31,0
136,16.566271238657567,0.784247899159664,15.696285165784005,5.147956372422387,0.5043786181139122,0.9044117647058824,韭菜,150,harvest_market_price,same_season_median,development,development,harvest_post_14,364,2022-12-31,0
136,31.693562849150776,1.500374448978624,29.857813447439185,9.848750903783731,1.1976671006990294,0.8823529411764706,韭菜,150,harvest_market_price,linear,development,development,harvest_post_14,364,2022-12-31,0
136,24.19686188895392,1.1454803455340734,23.80948830720916,7.519156698532886,0.8402911196500062,0.8161764705882353,韭菜,150,harvest_market_price,elasticnet,development,development,harvest_post_14,364,2022-12-31,0
136,16.729702925818817,0.7919847613337687,15.926059998714951,5.1987426467298015,0.4917692387778916,0.8897058823529411,韭菜,150,harvest_market_price,extra_trees,development,development,harvest_post_14,364,2022-12-31,0
136,16.0619790786592,0.7603746894709001,15.443923249534205,4.9912479616263425,0.4451363676076623,0.9044117647058824,韭菜,150,harvest_market_price,catboost,development,development,harvest_post_14,364,2022-12-31,0
136,76.77583356666823,2.798780170401494,63.070767547502,13.781296823870624,0.7582843720821666,0.0,黄瓜,150,harvest_market_price,last_value,development,development,harvest_post_14,364,2022-12-31,0
136,29.18545772302271,1.0639243697478993,27.66749337916004,5.238802851580133,0.5819310224089637,0.7647058823529411,黄瓜,150,harvest_market_price,seasonal_naive,development,development,harvest_post_14,364,2022-12-31,0
136,25.80961937292449,0.940861825275081,24.162199573391163,4.632838342035464,0.8247257528497627,0.9117647058823528,黄瓜,150,harvest_market_price,same_season_mean,development,development,harvest_post_14,364,2022-12-31,0
136,23.078130352038283,0.8412883403361344,22.08983467503708,4.142534828296484,0.6136520191409899,0.9411764705882352,黄瓜,150,harvest_market_price,same_season_median,development,development,harvest_post_14,364,2022-12-31,0
136,37.307371924838115,1.35999998830832,33.706113084656984,6.696690121485624,1.3267784069063326,0.8897058823529411,黄瓜,150,harvest_market_price,linear,development,development,harvest_post_14,364,2022-12-31,0
136,39.97912590494889,1.4573958967907998,37.008180398393414,7.176271168408307,1.403005875216232,0.8529411764705882,黄瓜,150,harvest_market_price,elasticnet,development,development,harvest_post_14,364,2022-12-31,0
136,33.505415975896184,1.2214037865569096,30.382819613965268,6.014237310365684,1.2146134265539883,0.9191176470588236,黄瓜,150,harvest_market_price,extra_trees,development,development,harvest_post_14,364,2022-12-31,0
136,24.576887029438957,0.8959238978299306,24.129629438531484,4.411562329249388,0.8592934318751323,0.9264705882352942,黄瓜,150,harvest_market_price,catboost,development,development,harvest_post_14,364,2022-12-31,0
135,17.813097537228856,0.3444580246913579,16.261835170046602,11.437821346776705,0.276932098765432,0.0222222222222222,土豆,150,harvest_market_price,last_value,tuning,tuning,harvest_post_14,606,2023-12-31,0
135,24.62413307461429,0.4761653733098177,21.33345106986821,15.811199278399544,0.4761653733098177,0.5333333333333333,土豆,150,harvest_market_price,seasonal_naive,tuning,tuning,harvest_post_14,606,2023-12-31,0
135,19.00419553806265,0.3674906984710614,17.464807884329367,12.20262747392932,0.36040921698958,0.6814814814814815,土豆,150,harvest_market_price,same_season_mean,tuning,tuning,harvest_post_14,606,2023-12-31,0
135,19.111678610760855,0.3695691358024691,17.655728060208016,12.271642544483743,0.3418950617283949,0.6444444444444445,土豆,150,harvest_market_price,same_season_median,tuning,tuning,harvest_post_14,606,2023-12-31,0
135,27.74507116316663,0.5365160319709503,40.22435778857243,17.815159129661087,-0.4839387487819294,0.8148148148148148,土豆,150,harvest_market_price,linear,tuning,tuning,harvest_post_14,606,2023-12-31,2
135,12.28588300639403,0.2375763666665448,13.641549199244349,7.888787147818859,-0.1524024346902151,0.8296296296296296,土豆,150,harvest_market_price,elasticnet,tuning,tuning,harvest_post_14,606,2023-12-31,0
135,16.75430894939513,0.3239838637674238,15.487163423740189,10.757971327074172,0.3102140330807419,0.8592592592592593,土豆,150,harvest_market_price,extra_trees,tuning,tuning,harvest_post_14,606,2023-12-31,0
135,21.29962010549505,0.4118781168115992,19.402045477601167,13.6765236372677,0.4118781168115992,0.5407407407407407,土豆,150,harvest_market_price,catboost,tuning,tuning,harvest_post_14,606,2023-12-31,0
135,45.03551800278392,2.5361349794238683,42.786799813364176,13.709450165756255,0.3794041152263375,0.0,尖椒,150,harvest_market_price,last_value,tuning,tuning,harvest_post_14,606,2023-12-31,0
135,49.62615002254509,2.794652322163434,62.56913718743897,15.106903635711912,-2.6559033509700174,0.4962962962962963,尖椒,150,harvest_market_price,seasonal_naive,tuning,tuning,harvest_post_14,606,2023-12-31,0
135,30.963517259299568,1.7436828239091204,33.74591903915314,9.425733635320029,-1.726128006256218,0.6370370370370371,尖椒,150,harvest_market_price,same_season_mean,tuning,tuning,harvest_post_14,606,2023-12-31,0
135,39.20858956318499,2.2079967078189298,45.32692748018619,11.935650538156292,-2.0711144032921807,0.4888888888888889,尖椒,150,harvest_market_price,same_season_median,tuning,tuning,harvest_post_14,606,2023-12-31,0
135,35.167913125740185,1.9804496225849133,41.24717289699184,10.705611344387709,-1.8845976873364056,0.6592592592592592,尖椒,150,harvest_market_price,linear,tuning,tuning,harvest_post_14,606,2023-12-31,0
135,34.15638702113993,1.9234864333013235,38.188196549738926,10.397688457356152,-1.6775787052618567,0.6444444444444445,尖椒,150,harvest_market_price,elasticnet,tuning,tuning,harvest_post_14,606,2023-12-31,0
135,30.683586015664535,1.7279187459035663,33.34420657429772,9.34051859606556,-1.679461969470545,0.4222222222222222,尖椒,150,harvest_market_price,extra_trees,tuning,tuning,harvest_post_14,606,2023-12-31,0
135,31.018669903886632,1.7467886958375023,33.38515013920462,9.4425228822524,-1.7106495816585945,0.4592592592592592,尖椒,150,harvest_market_price,catboost,tuning,tuning,harvest_post_14,606,2023-12-31,0
135,31.827390252876885,0.7727930041152261,34.8471788674986,9.110283855995943,-0.3353345679012344,0.0,甘蓝,150,harvest_market_price,last_value,tuning,tuning,harvest_post_14,606,2023-12-31,0
135,45.61695379988182,1.1076139917695471,51.78031550032455,13.057413581850666,-1.0093234567901237,0.3703703703703703,甘蓝,150,harvest_market_price,seasonal_naive,tuning,tuning,harvest_post_14,606,2023-12-31,0
135,33.306975137425766,0.8087184393673564,33.00208967189476,9.53380077586225,-0.5995093953297044,0.6296296296296297,甘蓝,150,harvest_market_price,same_season_mean,tuning,tuning,harvest_post_14,606,2023-12-31,0
135,37.51246351197235,0.9108308641975306,39.90958887308121,10.737581310200818,-0.8873345679012343,0.4592592592592592,甘蓝,150,harvest_market_price,same_season_median,tuning,tuning,harvest_post_14,606,2023-12-31,0
135,32.587647410220825,0.7912526204348777,32.78395777640042,9.3279001434743,-0.5116388946107101,0.6148148148148148,甘蓝,150,harvest_market_price,linear,tuning,tuning,harvest_post_14,606,2023-12-31,0
135,35.57602914686125,0.8638127795102102,35.88178180407923,10.18329562750735,-0.3965827911308865,0.5851851851851851,甘蓝,150,harvest_market_price,elasticnet,tuning,tuning,harvest_post_14,606,2023-12-31,0
135,37.09614932340776,0.9007224421786204,38.57851478681832,10.618415384217956,-0.7040994371383477,0.5037037037037037,甘蓝,150,harvest_market_price,extra_trees,tuning,tuning,harvest_post_14,606,2023-12-31,0
135,35.94650326396074,0.8728081700724122,37.77521485738569,10.28934027462606,-0.7177931614992421,0.4962962962962963,甘蓝,150,harvest_market_price,catboost,tuning,tuning,harvest_post_14,606,2023-12-31,0
135,21.098871143576865,1.7607818930041157,21.685250748632782,5.656116837992408,0.3150600823045266,0.0,芸豆,150,harvest_market_price,last_value,tuning,tuning,harvest_post_14,606,2023-12-31,0
135,24.280179573541997,2.0262743092298647,24.91387013460622,6.508951667643986,-1.0138611405055846,0.5851851851851851,芸豆,150,harvest_market_price,seasonal_naive,tuning,tuning,harvest_post_14,606,2023-12-31,0
135,19.00064716421635,1.585677037147893,18.81321140840545,5.093631769536346,-0.7755636055626861,0.8,芸豆,150,harvest_market_price,same_season_mean,tuning,tuning,harvest_post_14,606,2023-12-31,0
135,21.518590104068764,1.7958090534979427,21.725443456737587,5.768633733493976,-1.0411621399176954,0.6888888888888889,芸豆,150,harvest_market_price,same_season_median,tuning,tuning,harvest_post_14,606,2023-12-31,0
135,15.558298501617738,1.298399810169056,15.05479052062088,4.170818122290958,-0.3157114899396157,0.8296296296296296,芸豆,150,harvest_market_price,linear,tuning,tuning,harvest_post_14,606,2023-12-31,0
135,23.11471995457626,1.9290122244416423,23.13798484671631,6.196519038904077,-0.6028681838187515,0.7333333333333333,芸豆,150,harvest_market_price,elasticnet,tuning,tuning,harvest_post_14,606,2023-12-31,0
135,26.999225553742097,2.2531891472608776,26.914829713608473,7.2378646813891425,-0.2963144051877497,0.6888888888888889,芸豆,150,harvest_market_price,extra_trees,tuning,tuning,harvest_post_14,606,2023-12-31,0
135,24.1779218766754,2.0177405113864753,24.193567592686477,6.481538756444822,-0.2804285143566675,0.6592592592592592,芸豆,150,harvest_market_price,catboost,tuning,tuning,harvest_post_14,606,2023-12-31,0
135,36.16986013986015,1.7028115226337448,37.61892869416638,14.116209525807282,-0.4998189300411524,0.0,芹菜,150,harvest_market_price,last_value,tuning,tuning,harvest_post_14,606,2023-12-31,0
135,49.37528221778224,2.324498883009994,57.57563876622073,19.26996196521028,-1.9544075249853028,0.3333333333333333,芹菜,150,harvest_market_price,seasonal_naive,tuning,tuning,harvest_post_14,606,2023-12-31,0
135,34.33410187745823,1.616387347646593,35.38288736680383,13.399758088876249,-1.4697202782418484,0.6148148148148148,芹菜,150,harvest_market_price,same_season_mean,tuning,tuning,harvest_post_14,606,2023-12-31,0
135,40.969125874125886,1.9287522633744856,45.41357137376022,15.989245263655295,-1.820485596707819,0.3925925925925926,芹菜,150,harvest_market_price,same_season_median,tuning,tuning,harvest_post_14,606,2023-12-31,0
135,36.722421843200074,1.7288251271037396,38.12852677991307,14.331860809780244,-0.8876212635300397,0.4962962962962963,芹菜,150,harvest_market_price,linear,tuning,tuning,harvest_post_14,606,2023-12-31,0
135,35.758402115837775,1.683440823889646,36.9913353719598,13.95562754800268,-0.9387027999489996,0.5185185185185185,芹菜,150,harvest_market_price,elasticnet,tuning,tuning,harvest_post_14,606,2023-12-31,0
135,35.141424072401634,1.6543946147665622,36.64265840536499,13.71483614598205,-1.2015328158454706,0.5037037037037037,芹菜,150,harvest_market_price,extra_trees,tuning,tuning,harvest_post_14,606,2023-12-31,0
135,37.44583292918132,1.7628820111515813,39.96586627534307,14.614190418562709,-1.426803941685793,0.5333333333333333,芹菜,150,harvest_market_price,catboost,tuning,tuning,harvest_post_14,606,2023-12-31,0
135,42.73609146086332,1.631252263374486,41.16969015365756,9.928648081907085,0.5269633744855966,0.0,茄子,150,harvest_market_price,last_value,tuning,tuning,harvest_post_14,606,2023-12-31,0
135,46.695961157958955,1.7824019400352729,61.98537913513906,10.848623478081892,-1.6949023515579071,0.7333333333333333,茄子,150,harvest_market_price,seasonal_naive,tuning,tuning,harvest_post_14,606,2023-12-31,0
135,22.525602866337756,0.8598105115260343,24.076426594363586,5.233253113412985,-0.4825973428017544,0.8,茄子,150,harvest_market_price,same_season_mean,tuning,tuning,harvest_post_14,606,2023-12-31,0
135,20.84269366740989,0.7955732510288065,21.531164843428822,4.8422717995214075,-0.463777366255144,0.7407407407407407,茄子,150,harvest_market_price,same_season_median,tuning,tuning,harvest_post_14,606,2023-12-31,0
135,24.845270763058295,0.9483530847341568,30.33971331958068,5.772169177707895,-0.53065074552402,0.8888888888888888,茄子,150,harvest_market_price,linear,tuning,tuning,harvest_post_14,606,2023-12-31,0
135,28.855349599621643,1.1014192626377817,32.586730986892505,6.703809395330563,-0.5223559769301624,0.8296296296296296,茄子,150,harvest_market_price,elasticnet,tuning,tuning,harvest_post_14,606,2023-12-31,0
135,31.69554880511377,1.2098307065489853,36.78507728714317,7.363657720947043,-1.0715308483760724,0.7407407407407407,茄子,150,harvest_market_price,extra_trees,tuning,tuning,harvest_post_14,606,2023-12-31,0
135,26.47871986174087,1.0107024350900058,28.856648239747717,6.1516596904371585,-0.60460956570998,0.7555555555555555,茄子,150,harvest_market_price,catboost,tuning,tuning,harvest_post_14,606,2023-12-31,0
135,39.214044011311074,2.10688683127572,38.73095175206313,16.175971229972223,0.0192135802469132,0.0,西红柿,150,harvest_market_price,last_value,tuning,tuning,harvest_post_14,606,2023-12-31,0
135,33.98432562856752,1.8259052322163436,38.08291516118045,14.018688648361524,-1.6742459729570842,0.7185185185185186,西红柿,150,harvest_market_price,seasonal_naive,tuning,tuning,harvest_post_14,606,2023-12-31,0
135,25.33020851868192,1.3609380033868816,27.163393172145874,10.448826041231772,-1.3158427288019523,0.7851851851851852,西红柿,150,harvest_market_price,same_season_mean,tuning,tuning,harvest_post_14,606,2023-12-31,0
135,27.73430436008444,1.4901049382716052,30.42386765780635,11.440526493075144,-1.429156790123457,0.837037037037037,西红柿,150,harvest_market_price,same_season_median,tuning,tuning,harvest_post_14,606,2023-12-31,0
135,21.46832047062131,1.1534470067946136,22.19470669636528,8.855779684146466,-1.1471428325396944,0.7851851851851852,西红柿,150,harvest_market_price,linear,tuning,tuning,harvest_post_14,606,2023-12-31,0
135,30.596727606881355,1.6438968257513653,32.89513400409055,12.621289080959093,-0.9503902889218327,0.7703703703703704,西红柿,150,harvest_market_price,elasticnet,tuning,tuning,harvest_post_14,606,2023-12-31,0
135,30.72042070198973,1.6505425915675205,33.452703684714514,12.672313044395306,-1.578477970604883,0.7185185185185186,西红柿,150,harvest_market_price,extra_trees,tuning,tuning,harvest_post_14,606,2023-12-31,0
135,30.29354295009562,1.627607361684806,32.65129586369806,12.49622403323995,-1.5231695612654226,0.7185185185185186,西红柿,150,harvest_market_price,catboost,tuning,tuning,harvest_post_14,606,2023-12-31,0
135,57.28707134292091,3.2742427983539097,46.57100177456031,16.38475511169657,1.5890921810699588,0.0,青椒,150,harvest_market_price,last_value,tuning,tuning,harvest_post_14,606,2023-12-31,0
135,45.78183390687054,2.6166609053497942,57.1923990581918,13.09412611858251,-2.417990946502058,0.5925925925925926,青椒,150,harvest_market_price,seasonal_naive,tuning,tuning,harvest_post_14,606,2023-12-31,0
135,27.393502078516867,1.5656757240280927,29.4421387909085,7.834853705847776,-1.3582561696077724,0.7185185185185186,青椒,150,harvest_market_price,same_season_mean,tuning,tuning,harvest_post_14,606,2023-12-31,0
135,32.07897720342616,1.833474074074074,36.09432244851106,9.17495297613577,-1.6497967078189302,0.7037037037037037,青椒,150,harvest_market_price,same_season_median,tuning,tuning,harvest_post_14,606,2023-12-31,0
135,22.457462391732353,1.283556355417003,24.21102631312368,6.423090116023878,-1.1506612236347669,0.762962962962963,青椒,150,harvest_market_price,linear,tuning,tuning,harvest_post_14,606,2023-12-31,0
135,23.13737533718271,1.3224167826122142,23.501321402547195,6.6175529650983425,-0.9405350725463826,0.7555555555555555,青椒,150,harvest_market_price,elasticnet,tuning,tuning,harvest_post_14,606,2023-12-31,0
135,21.959567039473203,1.2550991445096795,22.800631679906207,6.280686372442978,-0.871493325404271,0.6962962962962963,青椒,150,harvest_market_price,extra_trees,tuning,tuning,harvest_post_14,606,2023-12-31,0
135,21.635439775751497,1.2365736494178086,22.286880770298403,6.187982282032872,-0.9780771287725044,0.725925925925926,青椒,150,harvest_market_price,catboost,tuning,tuning,harvest_post_14,606,2023-12-31,0
135,51.22035226822092,2.903220576131687,56.66310720748077,18.72147141931007,-0.9598032921810696,0.0,韭菜,150,harvest_market_price,last_value,tuning,tuning,harvest_post_14,606,2023-12-31,0
135,20.722134232806408,1.1745512051734277,21.462326407204817,7.574115104774288,-0.9156721928277484,0.762962962962963,韭菜,150,harvest_market_price,seasonal_naive,tuning,tuning,harvest_post_14,606,2023-12-31,0
135,16.231221667016328,0.9200018085130016,16.642455509675642,5.932648626629354,-0.5812251186686234,0.762962962962963,韭菜,150,harvest_market_price,same_season_mean,tuning,tuning,harvest_post_14,606,2023-12-31,0
135,17.53330058441286,0.993804938271605,17.915790854659694,6.408569469775326,-0.7360995884773661,0.7925925925925926,韭菜,150,harvest_market_price,same_season_median,tuning,tuning,harvest_post_14,606,2023-12-31,0
135,16.73977362525544,0.9488270399651464,17.782976230389604,6.118528663173242,-0.7107493662469274,0.8,韭菜,150,harvest_market_price,linear,tuning,tuning,harvest_post_14,606,2023-12-31,0
135,17.475251536096227,0.9905146604028549,18.78488536685356,6.387352052267397,-0.6794687350259356,0.8,韭菜,150,harvest_market_price,elasticnet,tuning,tuning,harvest_post_14,606,2023-12-31,0
135,17.523451524949696,0.9932466837727044,18.083124700410284,6.404969555345195,-0.7495049029010067,0.762962962962963,韭菜,150,harvest_market_price,extra_trees,tuning,tuning,harvest_post_14,606,2023-12-31,0
135,18.423094079438165,1.0442393197014326,19.57600589825926,6.73379650841363,-0.8395940394056385,0.7925925925925926,韭菜,150,harvest_market_price,catboost,tuning,tuning,harvest_post_14,606,2023-12-31,0
135,34.38631409749895,1.5902880658436211,36.341346041372226,7.720464450612991,-0.104325925925926,0.0,黄瓜,150,harvest_market_price,last_value,tuning,tuning,harvest_post_14,606,2023-12-31,0
135,34.72984291931859,1.6061754850088186,37.14329974222402,7.797594033303927,-0.9479705467372131,0.6296296296296297,黄瓜,150,harvest_market_price,seasonal_naive,tuning,tuning,harvest_post_14,606,2023-12-31,0
135,33.42701362495809,1.545922621826729,32.773479851601266,7.5050809356858545,-0.4029245300325626,0.6296296296296297,黄瓜,150,harvest_market_price,same_season_mean,tuning,tuning,harvest_post_14,606,2023-12-31,0
135,31.947309674011617,1.4774897119341563,32.578747379305995,7.17285568704995,-0.7369925925925926,0.6296296296296297,黄瓜,150,harvest_market_price,same_season_median,tuning,tuning,harvest_post_14,606,2023-12-31,0
135,33.82741977846577,1.5644404869752913,38.4308191315771,7.594980698283192,-0.6804147282862819,0.7407407407407407,黄瓜,150,harvest_market_price,linear,tuning,tuning,harvest_post_14,606,2023-12-31,0
135,35.35559133000108,1.6351149120991255,36.974288571172586,7.938087961964141,-0.5187834034968858,0.7185185185185186,黄瓜,150,harvest_market_price,elasticnet,tuning,tuning,harvest_post_14,606,2023-12-31,0
135,31.381926651305793,1.451342045420953,30.9218613442109,7.045915081685737,-0.4560184486248987,0.6222222222222222,黄瓜,150,harvest_market_price,extra_trees,tuning,tuning,harvest_post_14,606,2023-12-31,0
135,28.46797896485925,1.3165786562100803,28.813814316259933,6.391671377043001,-0.742780314301025,0.6296296296296297,黄瓜,150,harvest_market_price,catboost,tuning,tuning,harvest_post_14,606,2023-12-31,0
124,14.038649232350544,0.3895766406517189,13.163091625096651,15.634325710365042,0.2631964271721459,0.0,土豆,180,cycle_market_average,last_value,development,development,cycle_market_average,367,2022-12-31,0
124,13.321712447561696,0.3696814342429668,13.89345145722041,14.835899663698015,-0.3502622400284776,0.6048387096774194,土豆,180,cycle_market_average,seasonal_naive,development,development,cycle_market_average,367,2022-12-31,0
124,19.58450575432076,0.5434757884690787,21.329101466386703,21.81054151093014,-0.5434757884690787,0.6209677419354839,土豆,180,cycle_market_average,same_season_mean,development,development,cycle_market_average,367,2022-12-31,0
124,19.387659614144464,0.5380132502472089,21.081415905115573,21.591321227026153,-0.5380132502472089,0.6209677419354839,土豆,180,cycle_market_average,same_season_median,development,development,cycle_market_average,367,2022-12-31,0
124,34.51138685971782,0.9577011245539628,41.50605665057253,38.43405828802089,-0.9577011245539628,0.6209677419354839,土豆,180,cycle_market_average,linear,development,development,cycle_market_average,367,2022-12-31,0
124,30.904186242933545,0.8576002476686491,36.24153605701333,34.416852044597114,-0.8576002476686491,0.6209677419354839,土豆,180,cycle_market_average,elasticnet,development,development,cycle_market_average,367,2022-12-31,0
124,20.507831832986657,0.5690983584186066,22.63779312996042,22.838815699694088,-0.5690983584186066,0.6209677419354839,土豆,180,cycle_market_average,extra_trees,development,development,cycle_market_average,367,2022-12-31,0
124,19.89527122035198,0.5520996214520999,21.75408415777216,22.156629545117173,-0.5520996214520999,0.6209677419354839,土豆,180,cycle_market_average,catboost,development,development,cycle_market_average,367,2022-12-31,0
124,55.937146998305465,1.9383964007694396,40.46396452291085,9.964228689348523,1.6956562185784556,0.0,尖椒,180,cycle_market_average,last_value,development,development,cycle_market_average,367,2022-12-31,0
124,53.77857241903258,1.8635950671336403,43.54293980067943,9.579716215883602,1.8635950671336403,0.5241935483870968,尖椒,180,cycle_market_average,seasonal_naive,development,development,cycle_market_average,367,2022-12-31,0
124,37.7076669532674,1.3066881281206653,33.0018739900323,6.716964254103421,1.3066881281206653,0.6370967741935484,尖椒,180,cycle_market_average,same_season_mean,development,development,cycle_market_average,367,2022-12-31,0
124,23.68901463921141,0.8208981540623265,22.66774166971068,4.219785454870948,0.8208981540623265,0.6774193548387096,尖椒,180,cycle_market_average,same_season_median,development,development,cycle_market_average,367,2022-12-31,0
124,56.41849623692506,1.9550766514029152,45.41886585323612,10.04997267434645,1.9550766514029152,0.5483870967741935,尖椒,180,cycle_market_average,linear,development,development,cycle_market_average,367,2022-12-31,0
124,62.56131500917137,2.167944458176506,48.636343232725466,11.144208872087097,2.167944458176506,0.4838709677419355,尖椒,180,cycle_market_average,elasticnet,development,development,cycle_market_average,367,2022-12-31,0
124,53.928842108854234,1.8688023800111435,43.323363868850784,9.606484144439309,1.8688023800111435,0.5080645161290323,尖椒,180,cycle_market_average,extra_trees,development,development,cycle_market_average,367,2022-12-31,0
124,55.93594164041052,1.9383546313634084,44.573410719448304,9.964013975828758,1.9383546313634084,0.4919354838709677,尖椒,180,cycle_market_average,catboost,development,development,cycle_market_average,367,2022-12-31,0
124,23.589312958290357,0.3829891098713386,19.819289752070603,4.120341393677541,0.3327198924094741,0.0,甘蓝,180,cycle_market_average,last_value,development,development,cycle_market_average,367,2022-12-31,0
124,23.15742733042813,0.3759771425252083,20.4996780340278,4.0449040024757865,0.3759771425252083,0.5887096774193549,甘蓝,180,cycle_market_average,seasonal_naive,development,development,cycle_market_average,367,2022-12-31,0
124,19.439216379931157,0.315609369001553,17.720005512670124,3.395444710598719,0.315609369001553,0.6290322580645161,甘蓝,180,cycle_market_average,same_season_mean,development,development,cycle_market_average,367,2022-12-31,0
124,10.899791219101049,0.1769657871837184,10.590078104578868,1.9038647298424736,0.1719134407965709,0.7016129032258065,甘蓝,180,cycle_market_average,same_season_median,development,development,cycle_market_average,367,2022-12-31,0
124,73.02742369173227,1.1856516569747813,52.5879364217119,12.75568802036361,1.1856516569747813,0.1693548387096774,甘蓝,180,cycle_market_average,linear,development,development,cycle_market_average,367,2022-12-31,0
124,65.90270294631271,1.0699767977198786,48.89699418242217,11.511214225910512,1.0699767977198786,0.1935483870967742,甘蓝,180,cycle_market_average,elasticnet,development,development,cycle_market_average,367,2022-12-31,0
124,27.960763490439493,0.4539626880808722,24.72824096440395,4.88390193526159,0.4539626880808722,0.5161290322580645,甘蓝,180,cycle_market_average,extra_trees,development,development,cycle_market_average,367,2022-12-31,0
124,36.486249026166135,0.5923799502674503,31.098845419082284,6.37304708400608,0.5923799502674503,0.4516129032258064,甘蓝,180,cycle_market_average,catboost,development,development,cycle_market_average,367,2022-12-31,0
124,26.32843040465902,2.149941538157273,22.240881259363977,6.945089170040266,2.119628538487214,0.0,芸豆,180,cycle_market_average,last_value,development,development,cycle_market_average,367,2022-12-31,0
124,8.012346025391547,0.6542765851712272,7.467515715988066,2.11355013391588,0.6542765851712272,0.9758064516129032,芸豆,180,cycle_market_average,seasonal_naive,development,development,cycle_market_average,367,2022-12-31,0
124,2.9088403257608597,0.2375316928544871,2.9938506124821185,0.7673133237841333,0.1453728477685099,0.967741935483871,芸豆,180,cycle_market_average,same_season_mean,development,development,cycle_market_average,367,2022-12-31,0
124,5.1588868343146155,0.4212672356565158,5.270544797124241,1.3608456156247557,-0.3636779131256891,0.9919354838709676,芸豆,180,cycle_market_average,same_season_median,development,development,cycle_market_average,367,2022-12-31,0
124,8.305171248615206,0.6781882692766844,7.734245662462763,2.190793526524859,0.496413877598571,0.9032258064516128,芸豆,180,cycle_market_average,linear,development,development,cycle_market_average,367,2022-12-31,0
124,6.560190484267998,0.5356956644804785,6.2454799731292105,1.7304908490719784,0.5109769082565134,0.935483870967742,芸豆,180,cycle_market_average,elasticnet,development,development,cycle_market_average,367,2022-12-31,0
124,5.169457357229059,0.4221304092655961,5.0325486550949945,1.3636339787397016,0.4221304092655961,0.9516129032258064,芸豆,180,cycle_market_average,extra_trees,development,development,cycle_market_average,367,2022-12-31,0
124,7.435144421249237,0.6071431372002093,7.168087812300063,1.96129204073501,0.6071431372002093,0.9274193548387096,芸豆,180,cycle_market_average,catboost,development,development,cycle_market_average,367,2022-12-31,0
124,16.353029977503926,0.4788194259163995,15.873181307761708,3.8197016104054535,0.0768221489844579,0.0,芹菜,180,cycle_market_average,last_value,development,development,cycle_market_average,367,2022-12-31,0
124,21.185003323417696,0.6203004056930246,18.89672434175561,4.948342381945226,0.6203004056930246,0.6935483870967742,芹菜,180,cycle_market_average,seasonal_naive,development,development,cycle_market_average,367,2022-12-31,0
124,16.175705387044257,0.4736273325415593,14.965639161257476,3.778282556892125,0.4736273325415593,0.7016129032258065,芹菜,180,cycle_market_average,same_season_mean,development,development,cycle_market_average,367,2022-12-31,0
124,8.776849229045698,0.2569875989335106,8.443397591546795,2.0500754404896444,0.2551286005973612,0.75,芹菜,180,cycle_market_average,same_season_median,development,development,cycle_market_average,367,2022-12-31,0
124,45.342902408852325,1.327647691630044,36.93494241078448,10.59108664203566,1.327647691630044,0.4677419354838709,芹菜,180,cycle_market_average,linear,development,development,cycle_market_average,367,2022-12-31,0
124,40.61809081422652,1.189304425677859,33.73058199128584,9.487476455930612,1.189304425677859,0.4677419354838709,芹菜,180,cycle_market_average,elasticnet,development,development,cycle_market_average,367,2022-12-31,0
124,25.34769302992966,0.742184649669956,22.524017573211633,5.920653482545855,0.742184649669956,0.6048387096774194,芹菜,180,cycle_market_average,extra_trees,development,development,cycle_market_average,367,2022-12-31,0
124,28.47067776824047,0.8336261599956104,24.966027694363273,6.650112784620605,0.8336261599956104,0.5806451612903226,芹菜,180,cycle_market_average,catboost,development,development,cycle_market_average,367,2022-12-31,0
124,70.59455066330439,1.899903617258984,51.867372691626336,11.512660991999804,1.7998396913563326,0.0,茄子,180,cycle_market_average,last_value,development,development,cycle_market_average,367,2022-12-31,0
124,60.25007133599343,1.6215037477512817,49.60493927639254,9.82566840524783,1.6215037477512817,0.6612903225806451,茄子,180,cycle_market_average,seasonal_naive,development,development,cycle_market_average,367,2022-12-31,0
124,47.06458793289915,1.266644238377438,41.94541563299745,7.675360782220898,1.266644238377438,0.7661290322580645,茄子,180,cycle_market_average,same_season_mean,development,development,cycle_market_average,367,2022-12-31,0
124,37.203756092232986,1.0012607221253451,35.35712909196139,6.067242124137026,0.9804042074853648,0.7903225806451613,茄子,180,cycle_market_average,same_season_median,development,development,cycle_market_average,367,2022-12-31,0
124,59.57331424358099,1.6032902562593887,48.58443903438455,9.715301883955895,1.4723694323973806,0.5806451612903226,茄子,180,cycle_market_average,linear,development,development,cycle_market_average,367,2022-12-31,0
124,64.38581640176928,1.7328086138733758,51.940778806772805,10.5001316668486,1.7328086138733758,0.5725806451612904,茄子,180,cycle_market_average,elasticnet,development,development,cycle_market_average,367,2022-12-31,0
124,61.018735641635175,1.642190728276334,50.47493722366742,9.951023287237389,1.642190728276334,0.6451612903225806,茄子,180,cycle_market_average,extra_trees,development,development,cycle_market_average,367,2022-12-31,0
124,60.23672581286908,1.621144581109948,50.05038187264239,9.823491998116571,1.621144581109948,0.6693548387096774,茄子,180,cycle_market_average,catboost,development,development,cycle_market_average,367,2022-12-31,0
124,30.080347218033207,1.248043109852841,26.02368903277425,8.767442959810746,1.1127425989109507,0.0,西红柿,180,cycle_market_average,last_value,development,development,cycle_market_average,367,2022-12-31,0
124,19.94769280010639,0.8276360766776313,17.608862908690938,5.814103724837103,0.8276360766776313,0.8225806451612904,西红柿,180,cycle_market_average,seasonal_naive,development,development,cycle_market_average,367,2022-12-31,0
124,5.87515003881903,0.2437618313429552,6.183943415375963,1.7124151683593398,0.157544007548273,0.8870967741935484,西红柿,180,cycle_market_average,same_season_mean,development,development,cycle_market_average,367,2022-12-31,0
124,14.704184808275173,0.610081273429215,14.858041070831446,4.285791671306962,-0.3337896591535651,0.8870967741935484,西红柿,180,cycle_market_average,same_season_median,development,development,cycle_market_average,367,2022-12-31,0
124,34.759516799952216,1.442183334173325,29.645775321843697,10.131268719912418,1.2805335069677668,0.4032258064516129,西红柿,180,cycle_market_average,linear,development,development,cycle_market_average,367,2022-12-31,0
124,24.34660634806166,1.010148389603082,21.987955445045753,7.096243965349866,0.9751196441755084,0.7016129032258065,西红柿,180,cycle_market_average,elasticnet,development,development,cycle_market_average,367,2022-12-31,0
124,12.667112437785152,0.5255624971719544,12.50341052884378,3.692051323703173,0.3499936982669813,0.8387096774193549,西红柿,180,cycle_market_average,extra_trees,development,development,cycle_market_average,367,2022-12-31,0
124,16.983258511109756,0.7046407614248954,15.9012301438908,4.950067537073162,0.5287778378829856,0.8870967741935484,西红柿,180,cycle_market_average,catboost,development,development,cycle_market_average,367,2022-12-31,0
124,66.15412279778378,2.5878625971252345,44.99724129021354,12.303945317586852,2.43603426332974,0.0,青椒,180,cycle_market_average,last_value,development,development,cycle_market_average,367,2022-12-31,0
124,48.41012779917873,1.8937407640713833,41.38415848713931,9.003755776177272,1.8937407640713833,0.5887096774193549,青椒,180,cycle_market_average,seasonal_naive,development,development,cycle_market_average,367,2022-12-31,0
124,32.8472142710712,1.2849399801082555,30.498143176896576,6.109223599891161,1.2849399801082555,0.7419354838709677,青椒,180,cycle_market_average,same_season_mean,development,development,cycle_market_average,367,2022-12-31,0
124,21.95515371841944,0.8588568439749017,22.23046755500988,4.083419133473812,0.8588568439749017,0.7741935483870968,青椒,180,cycle_market_average,same_season_median,development,development,cycle_market_average,367,2022-12-31,0
124,43.27628157909316,1.6929114272065715,37.830196583282984,8.048916372533194,1.6929114272065715,0.6290322580645161,青椒,180,cycle_market_average,linear,development,development,cycle_market_average,367,2022-12-31,0
124,43.618674038704114,1.7063053715639536,37.95571783794709,8.11259763565091,1.7063053715639536,0.6532258064516129,青椒,180,cycle_market_average,elasticnet,development,development,cycle_market_average,367,2022-12-31,0
124,48.25580951181784,1.8877040348846867,41.31156755111961,8.975054257830546,1.8877040348846867,0.5887096774193549,青椒,180,cycle_market_average,extra_trees,development,development,cycle_market_average,367,2022-12-31,0
124,44.96545500099586,1.7589896780203893,38.963232021959385,8.36308420570879,1.7589896780203893,0.6048387096774194,青椒,180,cycle_market_average,catboost,development,development,cycle_market_average,367,2022-12-31,0
124,38.21560107131653,1.5851232643625572,30.16302325832892,10.521492832003917,0.8784469813115671,0.0,韭菜,180,cycle_market_average,last_value,development,development,cycle_market_average,367,2022-12-31,0
124,24.31822782606084,1.0086819935979088,21.944859715086245,6.695277650649884,1.0086819935979088,0.7661290322580645,韭菜,180,cycle_market_average,seasonal_naive,development,development,cycle_market_average,367,2022-12-31,0
124,7.196667335943956,0.2985064868872381,6.791521770808568,1.9813814690012543,0.263329907657965,0.9838709677419356,韭菜,180,cycle_market_average,same_season_mean,development,development,cycle_market_average,367,2022-12-31,0
124,13.486838242287778,0.5594129219804651,13.75106064662808,3.713186968531923,-0.2113110832045619,0.8548387096774194,韭菜,180,cycle_market_average,same_season_median,development,development,cycle_market_average,367,2022-12-31,0
124,13.199447172664772,0.5474923906357054,12.743622431969198,3.6340626581912985,0.1459417646839519,0.935483870967742,韭菜,180,cycle_market_average,linear,development,development,cycle_market_average,367,2022-12-31,0
124,7.900915821178587,0.3277176107880311,7.51223783395892,2.175274674436333,0.2439416350308348,0.967741935483871,韭菜,180,cycle_market_average,elasticnet,development,development,cycle_market_average,367,2022-12-31,0
124,7.101797096317641,0.294571417970052,6.626010102954067,1.95526186030176,0.2166290372493667,0.967741935483871,韭菜,180,cycle_market_average,extra_trees,development,development,cycle_market_average,367,2022-12-31,0
124,14.749294144373724,0.6117776150515956,13.776486724959277,4.060765453552484,0.6117776150515956,0.8951612903225806,韭菜,180,cycle_market_average,catboost,development,development,cycle_market_average,367,2022-12-31,0
124,55.95720874907866,1.8321847801225184,39.944583767440015,9.257035194986772,1.3175136986435452,0.0,黄瓜,180,cycle_market_average,last_value,development,development,cycle_market_average,367,2022-12-31,0
124,24.45245954539807,0.8006372229275572,22.453528313117797,4.045185306342987,0.8006372229275572,0.782258064516129,黄瓜,180,cycle_market_average,seasonal_naive,development,development,cycle_market_average,367,2022-12-31,0
124,19.508298398204616,0.6387525076805678,18.352642517841115,3.227269710257976,0.6269117147510298,0.8145161290322581,黄瓜,180,cycle_market_average,same_season_mean,development,development,cycle_market_average,367,2022-12-31,0
124,8.379127365925793,0.2743544571602689,8.451144837050553,1.3861641540676206,0.2137233760629003,0.9032258064516128,黄瓜,180,cycle_market_average,same_season_median,development,development,cycle_market_average,367,2022-12-31,0
124,25.694281741016024,0.8412977164956357,23.20555197138855,4.250620710069059,0.8412977164956357,0.75,黄瓜,180,cycle_market_average,linear,development,development,cycle_market_average,367,2022-12-31,0
124,26.12677069115831,0.8554585313349733,23.630110235004494,4.322167621046386,0.8554585313349733,0.7741935483870968,黄瓜,180,cycle_market_average,elasticnet,development,development,cycle_market_average,367,2022-12-31,0
124,25.24003149628778,0.8264243801844903,23.1425417554913,4.175473814847093,0.8264243801844903,0.782258064516129,黄瓜,180,cycle_market_average,extra_trees,development,development,cycle_market_average,367,2022-12-31,0
124,27.39930954681376,0.8971247683680137,24.739192174598248,4.532684500589356,0.8971247683680137,0.782258064516129,黄瓜,180,cycle_market_average,catboost,development,development,cycle_market_average,367,2022-12-31,0
125,11.088425889304354,0.2334736848021117,10.492766140265427,7.812192619197299,0.1313979740381798,0.0,土豆,180,cycle_market_average,last_value,tuning,tuning,cycle_market_average,614,2023-12-31,0
125,31.357920604112383,0.6602604683714479,26.88600777899928,22.09277658906646,0.6602604683714479,0.544,土豆,180,cycle_market_average,seasonal_naive,tuning,tuning,cycle_market_average,614,2023-12-31,0
125,14.511734207083435,0.3055535647728605,13.62531932383155,10.224035764506745,0.3055535647728605,0.736,土豆,180,cycle_market_average,same_season_mean,tuning,tuning,cycle_market_average,614,2023-12-31,0
125,11.012640386704248,0.2318779740381796,10.586593688916214,7.758799022129047,0.2318779740381796,0.736,土豆,180,cycle_market_average,same_season_median,tuning,tuning,cycle_market_average,614,2023-12-31,0
125,21.493377615221444,0.4525563971626811,20.542558575305197,15.142853245672685,0.1525892620322293,0.76,土豆,180,cycle_market_average,linear,tuning,tuning,cycle_market_average,614,2023-12-31,0
125,6.332795365338494,0.1333409343944374,6.533164918065356,4.461680828809508,-0.1068726539390353,0.808,土豆,180,cycle_market_average,elasticnet,tuning,tuning,cycle_market_average,614,2023-12-31,0
125,17.511674112792846,0.3687191602291527,16.174797757488914,12.33760072164141,0.3687191602291527,0.592,土豆,180,cycle_market_average,extra_trees,tuning,tuning,cycle_market_average,614,2023-12-31,0
125,15.764489445336874,0.3319311033477725,14.744191965747168,11.106646634944571,0.3319311033477725,0.632,土豆,180,cycle_market_average,catboost,tuning,tuning,cycle_market_average,614,2023-12-31,0
125,31.200343125044267,1.7158655464100971,28.158538299722125,9.34956071066124,0.6772914223754624,0.0,尖椒,180,cycle_market_average,last_value,tuning,tuning,cycle_market_average,614,2023-12-31,0
125,36.69066445886114,2.0178062391025064,46.76274280801993,10.994801996176324,-2.0178062391025064,0.592,尖椒,180,cycle_market_average,seasonal_naive,tuning,tuning,cycle_market_average,614,2023-12-31,0
125,20.800634169174415,1.1439326603340476,24.407645062535984,6.2331619625313,-1.1439326603340476,0.712,尖椒,180,cycle_market_average,same_season_mean,tuning,tuning,cycle_market_average,614,2023-12-31,0
125,29.76972495843812,1.6371885776245374,35.920392147879646,8.920858649634146,-1.6371885776245374,0.624,尖椒,180,cycle_market_average,same_season_median,tuning,tuning,cycle_market_average,614,2023-12-31,0
125,31.28457823749269,1.72049806364457,37.90380485617913,9.374802782347746,-1.72049806364457,0.6,尖椒,180,cycle_market_average,linear,tuning,tuning,cycle_market_average,614,2023-12-31,0
125,24.82628970201849,1.3653239316684245,29.72886243592992,7.43949840100217,-1.339525932229958,0.632,尖椒,180,cycle_market_average,elasticnet,tuning,tuning,cycle_market_average,614,2023-12-31,0
125,15.380130275734754,0.8458315837638614,16.911232599890113,4.608842318642196,-0.8458315837638614,0.8,尖椒,180,cycle_market_average,extra_trees,tuning,tuning,cycle_market_average,614,2023-12-31,0
125,16.89827851888018,0.9293222766167,18.565622118386496,5.063773827253664,-0.9293222766167,0.816,尖椒,180,cycle_market_average,catboost,tuning,tuning,cycle_market_average,614,2023-12-31,0
125,23.51003583516052,0.5474812670089672,26.0476338786755,6.449001089094867,-0.1837530264181879,0.0,甘蓝,180,cycle_market_average,last_value,tuning,tuning,cycle_market_average,614,2023-12-31,0
125,30.32830797546166,0.706259258516802,35.980549355810155,8.31931063548808,-0.706259258516802,0.664,甘蓝,180,cycle_market_average,seasonal_naive,tuning,tuning,cycle_market_average,614,2023-12-31,0
125,21.674626875981183,0.5047398594885114,24.332597907431143,5.94553293363677,-0.484692103410327,0.784,甘蓝,180,cycle_market_average,same_season_mean,tuning,tuning,cycle_market_average,614,2023-12-31,0
125,27.651025227809868,0.6439130264181879,32.15645494664162,7.584909400352598,-0.6439130264181879,0.712,甘蓝,180,cycle_market_average,same_season_median,tuning,tuning,cycle_market_average,614,2023-12-31,0
125,32.54567882060058,0.757895462231551,40.000529826695065,8.927554157339369,-0.7574458231513805,0.4,甘蓝,180,cycle_market_average,linear,tuning,tuning,cycle_market_average,614,2023-12-31,0
125,24.948092008182225,0.5809694684373344,29.162766572196887,6.843472024444389,-0.5697400592847384,0.664,甘蓝,180,cycle_market_average,elasticnet,tuning,tuning,cycle_market_average,614,2023-12-31,0
125,23.030460425371444,0.5363133319697104,25.940264984505205,6.317449509942977,-0.5363133319697104,0.768,甘蓝,180,cycle_market_average,extra_trees,tuning,tuning,cycle_market_average,614,2023-12-31,0
125,21.663345860099454,0.5044771570021613,24.184869906841268,5.9424384558479035,-0.5044771570021613,0.72,甘蓝,180,cycle_market_average,catboost,tuning,tuning,cycle_market_average,614,2023-12-31,0
125,23.098939766632412,1.9733585624042151,22.74317150002318,6.453632088955314,0.2734101347119328,0.0,芸豆,180,cycle_market_average,last_value,tuning,tuning,cycle_market_average,614,2023-12-31,0
125,10.23476822424564,0.8743633999476078,10.556998068036131,2.8595004490390723,-0.3686121039134507,0.896,芸豆,180,cycle_market_average,seasonal_naive,tuning,tuning,cycle_market_average,614,2023-12-31,0
125,9.313981271990418,0.7956999273059876,9.511643532624651,2.602241012796471,-0.2672457532959228,0.92,芸豆,180,cycle_market_average,same_season_mean,tuning,tuning,cycle_market_average,614,2023-12-31,0
125,10.608996300277076,0.9063339659384966,11.20691343692731,2.964056344005007,-0.6359498652880672,0.872,芸豆,180,cycle_market_average,same_season_median,tuning,tuning,cycle_market_average,614,2023-12-31,0
125,9.159090718915891,0.7824675191420996,8.588789267728366,2.5589660117056505,0.4371171561916995,0.96,芸豆,180,cycle_market_average,linear,tuning,tuning,cycle_market_average,614,2023-12-31,0
125,8.820319369931854,0.7535260461148143,8.63407240805107,2.464316401346464,0.0733162089237088,0.936,芸豆,180,cycle_market_average,elasticnet,tuning,tuning,cycle_market_average,614,2023-12-31,0
125,9.628992668103184,0.8226115709595204,9.539193788743866,2.6902523100628795,0.0367346071584817,0.92,芸豆,180,cycle_market_average,extra_trees,tuning,tuning,cycle_market_average,614,2023-12-31,0
125,7.603000932496021,0.6495296815216381,7.485528156049987,2.124208785599468,0.0865609190716149,0.952,芸豆,180,cycle_market_average,catboost,tuning,tuning,cycle_market_average,614,2023-12-31,0
125,24.17011101467112,1.0815190254963962,25.078395371042532,9.223304989277835,-0.1538133968516765,0.0,芹菜,180,cycle_market_average,last_value,tuning,tuning,cycle_market_average,614,2023-12-31,0
125,34.71694196146462,1.5534489359849162,41.82305253449655,13.247971588185218,-1.5534489359849162,0.44,芹菜,180,cycle_market_average,seasonal_naive,tuning,tuning,cycle_market_average,614,2023-12-31,0
125,27.39120818594043,1.2256506710476232,31.548872491490233,10.452474420592557,-1.2256506710476232,0.608,芹菜,180,cycle_market_average,same_season_mean,tuning,tuning,cycle_market_average,614,2023-12-31,0
125,32.44913622869142,1.4519733968516764,38.52005669317492,12.382577800084553,-1.4519733968516764,0.472,芹菜,180,cycle_market_average,same_season_median,tuning,tuning,cycle_market_average,614,2023-12-31,0
125,29.497786242651728,1.3199118949883644,34.139563661723166,11.256343790037109,-0.9229822140698456,0.392,芹菜,180,cycle_market_average,linear,tuning,tuning,cycle_market_average,614,2023-12-31,0
125,23.44147629257,1.0489154386071464,26.33630134750836,8.94525826191125,-0.8082903551004484,0.528,芹菜,180,cycle_market_average,elasticnet,tuning,tuning,cycle_market_average,614,2023-12-31,0
125,25.907948427433684,1.1592805311833705,29.60348392418487,9.88646307200064,-1.1592805311833705,0.528,芹菜,180,cycle_market_average,extra_trees,tuning,tuning,cycle_market_average,614,2023-12-31,0
125,25.12719244372781,1.1243447193397462,28.612376363285968,9.588526891419926,-1.1243447193397462,0.552,芹菜,180,cycle_market_average,catboost,tuning,tuning,cycle_market_average,614,2023-12-31,0
125,33.77154950861514,1.287511723949922,30.849288925198735,7.8908686940742045,0.6643846898245612,0.0,茄子,180,cycle_market_average,last_value,tuning,tuning,cycle_market_average,614,2023-12-31,0
125,29.22273495835727,1.1140920216044028,38.22810030560046,6.82801848873724,-1.1091554942241242,0.752,茄子,180,cycle_market_average,seasonal_naive,tuning,tuning,cycle_market_average,614,2023-12-31,0
125,9.268861975780892,0.3533675130437004,10.129258507561609,2.1657097130152803,-0.2624475841535044,0.968,茄子,180,cycle_market_average,same_season_mean,tuning,tuning,cycle_market_average,614,2023-12-31,0
125,9.694478594437312,0.3695937861760088,10.742268166822074,2.265156877883357,-0.368895310175439,0.92,茄子,180,cycle_market_average,same_season_median,tuning,tuning,cycle_market_average,614,2023-12-31,0
125,27.086254395438665,1.0326405095247717,23.53660567593457,6.328820559274993,1.0326405095247717,0.744,茄子,180,cycle_market_average,linear,tuning,tuning,cycle_market_average,614,2023-12-31,0
125,8.813853188647892,0.3360206883803984,7.845171818637767,2.059394940783685,0.3296797423195511,0.992,茄子,180,cycle_market_average,elasticnet,tuning,tuning,cycle_market_average,614,2023-12-31,0
125,9.887809383177505,0.3769643587652228,10.85935082829977,2.3103294533401475,-0.2611706643118296,0.952,茄子,180,cycle_market_average,extra_trees,tuning,tuning,cycle_market_average,614,2023-12-31,0
125,10.145078318587824,0.3867725190471311,10.511678401545138,2.370441453468219,0.0219965744980346,0.984,茄子,180,cycle_market_average,catboost,tuning,tuning,cycle_market_average,614,2023-12-31,0
125,23.75921466980257,1.2033159178357713,22.273843209818033,9.341852300320769,0.4520116671234963,0.0,西红柿,180,cycle_market_average,last_value,tuning,tuning,cycle_market_average,614,2023-12-31,0
125,17.985435250672555,0.9108954494967204,20.504032961223057,7.071668066634873,-0.9108954494967204,0.68,西红柿,180,cycle_market_average,seasonal_naive,tuning,tuning,cycle_market_average,614,2023-12-31,0
125,15.73297600528117,0.7968167603681318,17.452065991853203,6.186026774387852,-0.7968167603681318,0.8,西红柿,180,cycle_market_average,same_season_mean,tuning,tuning,cycle_market_average,614,2023-12-31,0
125,22.744182932418,1.1519083328765036,25.995866882859847,8.942753394798592,-1.1519083328765036,0.744,西红柿,180,cycle_market_average,same_season_median,tuning,tuning,cycle_market_average,614,2023-12-31,0
125,23.61540311142741,1.1960323969043516,27.116327691078023,9.285307235339,-1.1960323969043516,0.816,西红柿,180,cycle_market_average,linear,tuning,tuning,cycle_market_average,614,2023-12-31,0
125,14.706235895664054,0.7448161898714561,16.24780211042406,5.782324270405302,-0.7334153468724045,0.824,西红柿,180,cycle_market_average,elasticnet,tuning,tuning,cycle_market_average,614,2023-12-31,0
125,18.975301520000663,0.9610284970306994,20.92496130187072,7.4608721970595075,-0.6527306352369714,0.696,西红柿,180,cycle_market_average,extra_trees,tuning,tuning,cycle_market_average,614,2023-12-31,0
125,16.166287592901806,0.8187623818044036,17.828745466904795,6.3563999499252715,-0.6317763719071741,0.8,西红柿,180,cycle_market_average,catboost,tuning,tuning,cycle_market_average,614,2023-12-31,0
125,43.6627990218912,2.59866884661498,35.113290177516845,13.072246865049918,1.602242817526916,0.0,青椒,180,cycle_market_average,last_value,tuning,tuning,cycle_market_average,614,2023-12-31,0
125,33.84211820977571,2.0141736275567896,43.38619692829139,10.13202391016176,-2.0141736275567896,0.648,青椒,180,cycle_market_average,seasonal_naive,tuning,tuning,cycle_market_average,614,2023-12-31,0
125,19.44792064764056,1.157477455651095,22.60545382756289,5.822531432086996,-1.157477455651095,0.792,青椒,180,cycle_market_average,same_season_mean,tuning,tuning,cycle_market_average,614,2023-12-31,0
125,26.153252852102643,1.556557182473084,30.681328580999523,7.830047208731336,-1.556557182473084,0.752,青椒,180,cycle_market_average,same_season_median,tuning,tuning,cycle_market_average,614,2023-12-31,0
125,11.821908909779076,0.7036018551160738,12.03301971720682,3.539372535583073,-0.0218530809285384,0.912,青椒,180,cycle_market_average,linear,tuning,tuning,cycle_market_average,614,2023-12-31,0
125,13.861014835544823,0.8249628572263303,16.123197885622208,4.149862395205487,-0.6966875039671816,0.848,青椒,180,cycle_market_average,elasticnet,tuning,tuning,cycle_market_average,614,2023-12-31,0
125,12.2198144893684,0.7272839107042788,13.302083683375376,3.658501864941104,-0.7272839107042788,0.888,青椒,180,cycle_market_average,extra_trees,tuning,tuning,cycle_market_average,614,2023-12-31,0
125,13.567874372388406,0.8075160831680539,14.499743369731071,4.062098793550116,-0.8075160831680539,0.92,青椒,180,cycle_market_average,catboost,tuning,tuning,cycle_market_average,614,2023-12-31,0
125,38.71020987487061,1.8612096072921065,37.99539158601791,12.186728148580016,-0.0002186835059829,0.0,韭菜,180,cycle_market_average,last_value,tuning,tuning,cycle_market_average,614,2023-12-31,0
125,14.1496226685502,0.6803221613985588,14.912440763194896,4.454576852566936,-0.620105310273353,0.952,韭菜,180,cycle_market_average,seasonal_naive,tuning,tuning,cycle_market_average,614,2023-12-31,0
125,10.095137092788562,0.4853801156016538,10.492168222179874,3.17814581140583,-0.443941049425236,0.952,韭菜,180,cycle_market_average,same_season_mean,tuning,tuning,cycle_market_average,614,2023-12-31,0
125,17.54177182569185,0.8434186835059829,19.45417325630143,5.522491486746074,-0.8434186835059829,0.912,韭菜,180,cycle_market_average,same_season_median,tuning,tuning,cycle_market_average,614,2023-12-31,0
125,7.303386994589707,0.351151132583417,7.411688663969004,2.2992484968343794,-0.0665686214040775,0.96,韭菜,180,cycle_market_average,linear,tuning,tuning,cycle_market_average,614,2023-12-31,0
125,7.893679600035418,0.3795327474576432,8.021230244331475,2.4850841080061445,-0.0701740046688893,0.96,韭菜,180,cycle_market_average,elasticnet,tuning,tuning,cycle_market_average,614,2023-12-31,0
125,7.411134195236957,0.3563316812203717,7.249082266486491,2.333169414527749,-0.2284619798144716,0.968,韭菜,180,cycle_market_average,extra_trees,tuning,tuning,cycle_market_average,614,2023-12-31,0
125,7.380289479218071,0.3548486491734229,7.294388336225253,2.3234588970658856,-0.0994067692010006,0.976,韭菜,180,cycle_market_average,catboost,tuning,tuning,cycle_market_average,614,2023-12-31,0
125,33.105291432888826,1.4775564193835449,33.14234131424595,7.2251283111208755,0.0663968218045977,0.0,黄瓜,180,cycle_market_average,last_value,tuning,tuning,cycle_market_average,614,2023-12-31,0
125,25.85930006037839,1.1541531021538942,30.695923670284714,5.643712919753807,-1.1492897135017526,0.8,黄瓜,180,cycle_market_average,seasonal_naive,tuning,tuning,cycle_market_average,614,2023-12-31,0
125,16.454357433261606,0.7343914039129638,18.52215230289875,3.5911130392361743,-0.7343914039129638,0.84,黄瓜,180,cycle_market_average,same_season_mean,tuning,tuning,cycle_market_average,614,2023-12-31,0
125,26.522726636747706,1.1837631781954023,31.041296278013142,5.788503735113128,-1.1837631781954023,0.8,黄瓜,180,cycle_market_average,same_season_median,tuning,tuning,cycle_market_average,614,2023-12-31,0
125,6.743060083906771,0.3009564719725526,7.240768496730935,1.4716521802742086,-0.2656837871441327,0.944,黄瓜,180,cycle_market_average,linear,tuning,tuning,cycle_market_average,614,2023-12-31,0
125,10.530602110652818,0.4700021680857688,11.545556030047765,2.29827161005565,-0.4577098920999654,0.856,黄瓜,180,cycle_market_average,elasticnet,tuning,tuning,cycle_market_average,614,2023-12-31,0
125,15.040241431785908,0.6712765335917306,16.63049300620381,3.282486559442652,-0.6712765335917306,0.84,黄瓜,180,cycle_market_average,extra_trees,tuning,tuning,cycle_market_average,614,2023-12-31,0
125,15.146531816375022,0.6760204894148281,16.5949022218342,3.305684109853938,-0.6760204894148281,0.84,黄瓜,180,cycle_market_average,catboost,tuning,tuning,cycle_market_average,614,2023-12-31,0
117,32.36519952730815,0.7497606159272826,27.611616812253096,30.149571937641905,0.7497606159272826,0.0,土豆,180,harvest_market_price,last_value,development,development,harvest_post_14,342,2022-12-31,0
117,16.954246650055442,0.3927560032560033,16.567064516215442,15.793608149799187,0.1429212454212453,0.9914529914529916,土豆,180,harvest_market_price,seasonal_naive,development,development,harvest_post_14,342,2022-12-31,0
117,16.323933544301347,0.3781543956867843,16.70436002234758,15.20644444919734,-0.0686911265123142,1.0,土豆,180,harvest_market_price,same_season_mean,development,development,harvest_post_14,342,2022-12-31,0
117,17.514637802365275,0.4057378239044906,18.15266444902106,16.315636550876334,-0.1057949396282729,1.0,土豆,180,harvest_market_price,same_season_median,development,development,harvest_post_14,342,2022-12-31,0
117,25.70971307132257,0.5955820013222622,23.23759557777862,23.94970076071833,0.4061113683519861,0.9230769230769232,土豆,180,harvest_market_price,linear,development,development,harvest_post_14,342,2022-12-31,0
117,16.28583621546894,0.3772718466171741,16.65091956296787,15.170955152884009,-0.11370657924597,1.0,土豆,180,harvest_market_price,elasticnet,development,development,harvest_post_14,342,2022-12-31,0
117,11.082886976198386,0.2567421887362631,10.967049576223213,10.324184712153976,0.123192308727005,1.0,土豆,180,harvest_market_price,extra_trees,development,development,harvest_post_14,342,2022-12-31,0
117,11.847455800973805,0.2744539161890397,11.74187635596939,11.036413375054543,0.105643781264021,1.0,土豆,180,harvest_market_price,catboost,development,development,harvest_post_14,342,2022-12-31,0
117,96.1845427143046,2.951276217609551,64.41793815866662,14.459557330529552,2.2687463030796367,0.0,尖椒,180,harvest_market_price,last_value,development,development,harvest_post_14,342,2022-12-31,0
117,66.93866074988267,2.0539108669108668,54.13759774877818,10.062982839319046,1.1295879799213129,0.717948717948718,尖椒,180,harvest_market_price,seasonal_naive,development,development,harvest_post_14,342,2022-12-31,0
117,55.92373151884518,1.715934537650026,46.0841487618997,8.407093065210615,1.4564041732775554,0.6923076923076923,尖椒,180,harvest_market_price,same_season_mean,development,development,harvest_post_14,342,2022-12-31,0
117,57.80758640781532,1.7737377560710896,45.434692863089815,8.690295615233357,1.6439599782933116,0.6923076923076923,尖椒,180,harvest_market_price,same_season_median,development,development,harvest_post_14,342,2022-12-31,0
117,133.53783058307107,4.097404972040058,83.86839584861367,20.074929532552584,3.619792451122388,0.376068376068376,尖椒,180,harvest_market_price,linear,development,development,harvest_post_14,342,2022-12-31,0
117,84.13451999835506,2.5815396210664994,60.40911936456417,12.648060499765464,2.5815396210664994,0.5897435897435898,尖椒,180,harvest_market_price,elasticnet,development,development,harvest_post_14,342,2022-12-31,0
117,73.5545459954497,2.256909230605037,55.65765395403288,11.05755815569422,2.1545355301444187,0.6153846153846154,尖椒,180,harvest_market_price,extra_trees,development,development,harvest_post_14,342,2022-12-31,0
117,64.56144323281777,1.9809695675688563,51.5382689123239,9.705612392830172,1.9084802493458988,0.6495726495726496,尖椒,180,harvest_market_price,catboost,development,development,harvest_post_14,342,2022-12-31,0
117,43.65507697367193,0.6038387600054267,34.315761259804326,6.202078830176222,0.6008985890652556,0.0,甘蓝,180,harvest_market_price,last_value,development,development,harvest_post_14,342,2022-12-31,0
117,25.18285222448732,0.3483302129968798,21.704585194397342,3.5777289949378326,0.2964403744403744,0.8034188034188035,甘蓝,180,harvest_market_price,seasonal_naive,development,development,harvest_post_14,342,2022-12-31,0
117,59.42865667671924,0.8220195414636552,42.759757812918245,8.443032037322485,0.8088324569432374,0.5555555555555556,甘蓝,180,harvest_market_price,same_season_mean,development,development,harvest_post_14,342,2022-12-31,0
117,66.29434089511096,0.9169859584859584,44.22574922514709,9.418440115774455,0.889103717270384,0.5555555555555556,甘蓝,180,harvest_market_price,same_season_median,development,development,harvest_post_14,342,2022-12-31,0
117,112.9231876510405,1.5619580203280308,68.24974917261231,16.043002558188515,1.5581007615529985,0.2564102564102564,甘蓝,180,harvest_market_price,linear,development,development,harvest_post_14,342,2022-12-31,0
117,107.48363141970346,1.4867178623117872,68.95634345552462,15.27020454964818,1.4867178623117872,0.2051282051282051,甘蓝,180,harvest_market_price,elasticnet,development,development,harvest_post_14,342,2022-12-31,0
117,104.3285197575641,1.44307623238421,67.5386857091213,14.821957688042644,1.44307623238421,0.2393162393162393,甘蓝,180,harvest_market_price,extra_trees,development,development,harvest_post_14,342,2022-12-31,0
117,79.73094451157642,1.1028415938189156,56.64959519218944,11.327379020850914,1.1028415938189156,0.2478632478632478,甘蓝,180,harvest_market_price,catboost,development,development,harvest_post_14,342,2022-12-31,0
117,45.3316934740973,3.288360398860399,35.775875124914066,10.242335549976216,3.2220698005698005,0.0,芸豆,180,harvest_market_price,last_value,development,development,harvest_post_14,342,2022-12-31,0
117,16.64383437324464,1.2073435083435085,15.11111941417836,3.760541983422875,0.5124755121421787,0.8461538461538461,芸豆,180,harvest_market_price,seasonal_naive,development,development,harvest_post_14,342,2022-12-31,0
117,11.689888717556812,0.8479843610489398,11.150197939650743,2.641237368630695,0.754888550464997,0.905982905982906,芸豆,180,harvest_market_price,same_season_mean,development,development,harvest_post_14,342,2022-12-31,0
117,10.477474953418763,0.7600358838692172,10.241683692831309,2.367302122756696,0.4514715099715097,0.9230769230769232,芸豆,180,harvest_market_price,same_season_median,development,development,harvest_post_14,342,2022-12-31,0
117,33.381409756937344,2.421486988249578,27.87114841664363,7.542264002494576,2.2133296142797145,0.6324786324786325,芸豆,180,harvest_market_price,linear,development,development,harvest_post_14,342,2022-12-31,0
117,31.23235993229589,2.265594944583332,26.5966960766005,7.056703289211876,2.076170739811352,0.6666666666666666,芸豆,180,harvest_market_price,elasticnet,development,development,harvest_post_14,342,2022-12-31,0
117,17.957723154702652,1.3026529818341084,16.59089349509414,4.057404702278324,1.2921599589681811,0.811965811965812,芸豆,180,harvest_market_price,extra_trees,development,development,harvest_post_14,342,2022-12-31,0
117,11.999617074814278,0.8704520516723115,11.726597692207026,2.711218027221942,0.8036418217928508,0.9572649572649572,芸豆,180,harvest_market_price,catboost,development,development,harvest_post_14,342,2022-12-31,0
117,23.190302046170167,0.5995408357075024,21.12311743977667,4.617060184649012,0.3586231854565189,0.0,芹菜,180,harvest_market_price,last_value,development,development,harvest_post_14,342,2022-12-31,0
117,23.315748692880355,0.602784018450685,19.47263443842662,4.642035914446331,0.529763261429928,0.7692307692307693,芹菜,180,harvest_market_price,seasonal_naive,development,development,harvest_post_14,342,2022-12-31,0
117,43.31636692586029,1.1198616893751057,35.897609863200906,8.624047788548124,1.037392553572636,0.4615384615384615,芹菜,180,harvest_market_price,same_season_mean,development,development,harvest_post_14,342,2022-12-31,0
117,45.711883285264825,1.1817931759598428,36.70109209625096,9.100981775119836,1.086913783747117,0.4358974358974359,芹菜,180,harvest_market_price,same_season_median,development,development,harvest_post_14,342,2022-12-31,0
117,80.18120324770898,2.0729314136338957,57.01961871485594,15.963631708427242,2.0729314136338957,0.376068376068376,芹菜,180,harvest_market_price,linear,development,development,harvest_post_14,342,2022-12-31,0
117,75.02650027282607,1.9396664426459205,55.05211919620447,14.937359009536106,1.9396664426459205,0.3418803418803419,芹菜,180,harvest_market_price,elasticnet,development,development,harvest_post_14,342,2022-12-31,0
117,74.68956211804445,1.9309555520979087,54.90428915990007,14.870276496508282,1.9309555520979087,0.3418803418803419,芹菜,180,harvest_market_price,extra_trees,development,development,harvest_post_14,342,2022-12-31,0
117,64.28475921792091,1.6619593047143124,49.2111090133409,12.798738096377155,1.6619593047143124,0.358974358974359,芹菜,180,harvest_market_price,catboost,development,development,harvest_post_14,342,2022-12-31,0
117,143.57661655098303,3.0691382444715773,87.7859233929239,17.702573433098916,2.537753629086962,0.0,茄子,180,harvest_market_price,last_value,development,development,harvest_post_14,342,2022-12-31,0
117,80.61171094200112,1.7231809116809114,62.40527521607322,9.939186246332726,1.5935322886989556,0.9829059829059827,茄子,180,harvest_market_price,seasonal_naive,development,development,harvest_post_14,342,2022-12-31,0
117,93.47714715621623,1.998196462718333,69.62325590511209,11.525456593148707,1.9581523781479329,0.811965811965812,茄子,180,harvest_market_price,same_season_mean,development,development,harvest_post_14,342,2022-12-31,0
117,93.54599422535928,1.9996681590014924,69.45995642608538,11.533945233753531,1.9645912359245696,0.8632478632478633,茄子,180,harvest_market_price,same_season_median,development,development,harvest_post_14,342,2022-12-31,0
117,136.2851792563046,2.9132742215140675,81.80701883623894,16.803560716107867,2.9132742215140675,0.6324786324786325,茄子,180,harvest_market_price,linear,development,development,harvest_post_14,342,2022-12-31,0
117,117.80299618226417,2.5181933491791195,79.40020809797323,14.52476204448714,2.5181933491791195,0.6495726495726496,茄子,180,harvest_market_price,elasticnet,development,development,harvest_post_14,342,2022-12-31,0
117,95.76709539291735,2.0471471057962334,70.95388803471366,11.807800457992483,2.0471471057962334,0.8632478632478633,茄子,180,harvest_market_price,extra_trees,development,development,harvest_post_14,342,2022-12-31,0
117,96.00942208752458,2.052327156308228,71.17978110810319,11.837678624849556,2.052327156308228,0.8547008547008547,茄子,180,harvest_market_price,catboost,development,development,harvest_post_14,342,2022-12-31,0
117,54.77558215296751,1.9992569529236195,43.991150845393165,13.315363690370203,1.7024022520689186,0.0,西红柿,180,harvest_market_price,last_value,development,development,harvest_post_14,342,2022-12-31,0
117,23.16912070729359,0.8456509971509972,21.24101275350677,5.632167773993947,0.6632274453941122,0.9487179487179488,西红柿,180,harvest_market_price,seasonal_naive,development,development,harvest_post_14,342,2022-12-31,0
117,24.33663229951904,0.888264066271052,21.40721196950246,5.9159774726255625,0.7853958701396979,0.8632478632478633,西红柿,180,harvest_market_price,same_season_mean,development,development,harvest_post_14,342,2022-12-31,0
117,23.655234887506815,0.8633937050603717,20.58153013488612,5.750336980968492,0.779667209333876,0.8803418803418803,西红柿,180,harvest_market_price,same_season_median,development,development,harvest_post_14,342,2022-12-31,0
117,87.81031707650332,3.2049935400662117,60.83657729836567,21.34575775708161,3.161776534255839,0.2478632478632478,西红柿,180,harvest_market_price,linear,development,development,harvest_post_14,342,2022-12-31,0
117,76.67365159674219,2.7985157808592165,56.23026573011578,18.638552368613144,2.7985157808592165,0.3247863247863248,西红柿,180,harvest_market_price,elasticnet,development,development,harvest_post_14,342,2022-12-31,0
117,15.983518852491768,0.5833833241386871,15.187821117516783,3.8854240924080536,0.3943393233073657,0.9658119658119658,西红柿,180,harvest_market_price,extra_trees,development,development,harvest_post_14,342,2022-12-31,0
117,16.86873531149808,0.6156928878338475,16.156133348175764,4.100610834987149,0.3807897970782034,0.9914529914529916,西红柿,180,harvest_market_price,catboost,development,development,harvest_post_14,342,2022-12-31,0
117,118.01650378068652,3.9983403880070543,73.25986879789728,18.15008083480306,3.1800839777506447,0.0,青椒,180,harvest_market_price,last_value,development,development,harvest_post_14,342,2022-12-31,0
117,62.06156063724452,2.102614774114774,50.12892017996668,9.544617118918238,1.7968749830416495,0.7777777777777778,青椒,180,harvest_market_price,seasonal_naive,development,development,harvest_post_14,342,2022-12-31,0
117,55.428400532777914,1.8778866124070537,46.11299147191879,8.524485287950018,1.6996733870359335,0.8034188034188035,青椒,180,harvest_market_price,same_season_mean,development,development,harvest_post_14,342,2022-12-31,0
117,57.03870577094134,1.9324429521096185,46.58516715907847,8.772138533937431,1.7690583367250037,0.7777777777777778,青椒,180,harvest_market_price,same_season_median,development,development,harvest_post_14,342,2022-12-31,0
117,71.16237423967534,2.4109458076958425,54.95815403953841,10.944256129183737,2.380623046550339,0.7094017094017094,青椒,180,harvest_market_price,linear,development,development,harvest_post_14,342,2022-12-31,0
117,60.12060435637204,2.036856141715443,48.7329363311985,9.24611214490104,2.036856141715443,0.7094017094017094,青椒,180,harvest_market_price,elasticnet,development,development,harvest_post_14,342,2022-12-31,0
117,56.374068677617046,1.9099253783087156,47.002526880759625,8.669922177892333,1.8126975890619828,0.7863247863247863,青椒,180,harvest_market_price,extra_trees,development,development,harvest_post_14,342,2022-12-31,0
117,57.24042902105709,1.939277235386106,47.90837485416337,8.803162104188793,1.8763270817294704,0.7692307692307693,青椒,180,harvest_market_price,catboost,development,development,harvest_post_14,342,2022-12-31,0
117,49.89071348415143,2.5125555555555557,45.43935838072481,16.1170324387593,0.1088385565052231,0.0,韭菜,180,harvest_market_price,last_value,development,development,harvest_post_14,342,2022-12-31,0
117,22.57778170125877,1.1370438882105545,22.324121040402524,7.29367881639953,0.6554978293311625,0.7606837606837606,韭菜,180,harvest_market_price,seasonal_naive,development,development,harvest_post_14,342,2022-12-31,0
117,15.670558342925151,0.7891879204269456,15.508684091716818,5.062322815379767,0.5989731955806419,0.8974358974358975,韭菜,180,harvest_market_price,same_season_mean,development,development,harvest_post_14,342,2022-12-31,0
117,17.225482096754824,0.8674957264957266,16.669916401293353,5.564635867852572,0.6072146248812914,0.8974358974358975,韭菜,180,harvest_market_price,same_season_median,development,development,harvest_post_14,342,2022-12-31,0
117,29.91414371109361,1.506511787907615,27.304705737211187,9.6636666605812,0.7738700907128031,0.8888888888888888,韭菜,180,harvest_market_price,linear,development,development,harvest_post_14,342,2022-12-31,0
117,26.14398168625059,1.3166419528355415,23.891749691538777,8.445728102274636,0.7052785893554129,0.8974358974358975,韭菜,180,harvest_market_price,elasticnet,development,development,harvest_post_14,342,2022-12-31,0
117,17.9001883634131,0.9014747350180023,17.500545444571593,5.782597528990572,0.5735711333436021,0.8547008547008547,韭菜,180,harvest_market_price,extra_trees,development,development,harvest_post_14,342,2022-12-31,0
117,16.224097872281213,0.8170648282235237,15.762805801899018,5.241141956813799,0.4081957341387557,0.8547008547008547,韭菜,180,harvest_market_price,catboost,development,development,harvest_post_14,342,2022-12-31,0
117,77.28147725819855,3.012442205942205,64.80998811704004,14.776219681045628,0.8339525844525846,0.0,黄瓜,180,harvest_market_price,last_value,development,development,harvest_post_14,342,2022-12-31,0
117,29.48142202062765,1.1491897300230631,28.706690443826055,5.636848359290342,0.6205196716863383,0.9829059829059827,黄瓜,180,harvest_market_price,seasonal_naive,development,development,harvest_post_14,342,2022-12-31,0
117,25.45994805868003,0.9924321430453448,24.422100873668388,4.867942473798369,0.9010332303377074,1.0,黄瓜,180,harvest_market_price,same_season_mean,development,development,harvest_post_14,342,2022-12-31,0
117,23.42416000024781,0.913076855243522,22.822004206687897,4.478699764643858,0.6940380545380543,1.0,黄瓜,180,harvest_market_price,same_season_median,development,development,harvest_post_14,342,2022-12-31,0
117,45.528450973268725,1.7747050412198897,40.66630527574511,8.705040550287434,0.9551655908009588,0.8717948717948718,黄瓜,180,harvest_market_price,linear,development,development,harvest_post_14,342,2022-12-31,0
117,29.54516140749611,1.1516742997543314,26.26001422456233,5.649035331073462,1.0242481187738652,0.8717948717948718,黄瓜,180,harvest_market_price,elasticnet,development,development,harvest_post_14,342,2022-12-31,0
117,30.75748981307027,1.1989310213645124,27.982748148893588,5.880832541503146,1.198882326257276,0.9914529914529916,黄瓜,180,harvest_market_price,extra_trees,development,development,harvest_post_14,342,2022-12-31,0
117,24.08155843838271,0.938702333319486,23.063617396779485,4.604394356472162,0.8952819318202119,0.9914529914529916,黄瓜,180,harvest_market_price,catboost,development,development,harvest_post_14,342,2022-12-31,0
116,19.02192733942296,0.362242816091954,17.034887332740723,12.206459991158264,0.361691091954023,0.0,土豆,180,harvest_market_price,last_value,tuning,tuning,harvest_post_14,588,2023-12-31,0
116,21.251253373451338,0.4046968390804596,18.972980903708304,13.637028963273812,0.4046968390804596,0.4655172413793103,土豆,180,harvest_market_price,seasonal_naive,tuning,tuning,harvest_post_14,588,2023-12-31,0
116,19.49335128873673,0.3712203469133807,17.871998484045747,12.508974950525513,0.3622318411662542,0.396551724137931,土豆,180,harvest_market_price,same_season_mean,tuning,tuning,harvest_post_14,588,2023-12-31,0
116,20.294879446033455,0.3864841954022988,18.5760305011975,13.02331932842419,0.3601393678160918,0.4137931034482758,土豆,180,harvest_market_price,same_season_median,tuning,tuning,harvest_post_14,588,2023-12-31,0
116,20.19226668382594,0.384530096047078,23.61792235261629,12.9574722376369,-0.3539734164016652,0.9051724137931034,土豆,180,harvest_market_price,linear,tuning,tuning,harvest_post_14,588,2023-12-31,0
116,8.491692305433428,0.161710981185984,8.368999709674044,5.449158780492113,0.0198230964293326,0.7931034482758621,土豆,180,harvest_market_price,elasticnet,tuning,tuning,harvest_post_14,588,2023-12-31,0
116,18.93417267202041,0.360571665883151,16.9767814315683,12.150147409495386,0.3449912298433139,0.5344827586206896,土豆,180,harvest_market_price,extra_trees,tuning,tuning,harvest_post_14,588,2023-12-31,0
116,22.4088938375861,0.4267422887484897,20.0753499098861,14.379892278723505,0.4262311572561196,0.396551724137931,土豆,180,harvest_market_price,catboost,tuning,tuning,harvest_post_14,588,2023-12-31,0
116,33.40388330606023,1.9812921455938697,31.459428151532343,10.425049206378644,0.4605737547892722,0.0,尖椒,180,harvest_market_price,last_value,tuning,tuning,harvest_post_14,588,2023-12-31,0
116,51.04554602792819,3.0276761083743837,65.59106168943198,15.93085223750236,-2.81579105090312,0.5086206896551724,尖椒,180,harvest_market_price,seasonal_naive,tuning,tuning,harvest_post_14,588,2023-12-31,0
116,31.975078734127944,1.8965451342952024,35.72385416922074,9.979132250190784,-1.8771909604366364,0.603448275862069,尖椒,180,harvest_market_price,same_season_mean,tuning,tuning,harvest_post_14,588,2023-12-31,0
116,41.385213670976285,2.45469061302682,49.4500136945615,12.915950070336532,-2.2625296934865897,0.5086206896551724,尖椒,180,harvest_market_price,same_season_median,tuning,tuning,harvest_post_14,588,2023-12-31,0
116,41.93742628421939,2.487444125643658,51.94742629673084,13.088290621663925,-2.2053049227884527,0.5603448275862069,尖椒,180,harvest_market_price,linear,tuning,tuning,harvest_post_14,588,2023-12-31,0
116,38.43907511349336,2.2799456251375476,47.663851183675774,11.996486930402837,-2.1573057696352897,0.6293103448275862,尖椒,180,harvest_market_price,elasticnet,tuning,tuning,harvest_post_14,588,2023-12-31,0
116,31.26838764279882,1.8546290044912903,34.759620587237634,9.758580366048651,-1.8254539116568995,0.4051724137931034,尖椒,180,harvest_market_price,extra_trees,tuning,tuning,harvest_post_14,588,2023-12-31,0
116,34.13593385875451,2.024712426910914,38.600901471364246,10.653515548554196,-2.001406568380286,0.396551724137931,尖椒,180,harvest_market_price,catboost,tuning,tuning,harvest_post_14,588,2023-12-31,0
116,20.987554682724372,0.5380268199233718,22.000079418058725,6.180464643738146,-0.3511379310344828,0.0,甘蓝,180,harvest_market_price,last_value,tuning,tuning,harvest_post_14,588,2023-12-31,0
116,46.18599673883964,1.1840019157088124,54.42162705374144,13.600961340921192,-1.1784157088122609,0.4310344827586206,甘蓝,180,harvest_market_price,seasonal_naive,tuning,tuning,harvest_post_14,588,2023-12-31,0
116,34.44849094553858,0.8831048835738535,35.73068251370663,10.14447292872509,-0.6468563869471202,0.4482758620689655,甘蓝,180,harvest_market_price,same_season_mean,tuning,tuning,harvest_post_14,588,2023-12-31,0
116,39.278075945280655,1.0069137931034482,43.919902381494666,11.566700519603213,-1.0012241379310345,0.4396551724137931,甘蓝,180,harvest_market_price,same_season_median,tuning,tuning,harvest_post_14,588,2023-12-31,0
116,41.239055958925775,1.057184530053248,45.607058755040086,12.144174542881736,-0.8661810719446678,0.5258620689655172,甘蓝,180,harvest_market_price,linear,tuning,tuning,harvest_post_14,588,2023-12-31,0
116,43.08609612315962,1.1045343600289848,46.89296323204785,12.688095290352528,-0.7157904674526955,0.4568965517241379,甘蓝,180,harvest_market_price,elasticnet,tuning,tuning,harvest_post_14,588,2023-12-31,0
116,39.542302663325046,1.0136873816895082,43.15712260754394,11.644510627235643,-0.9400772865663396,0.5,甘蓝,180,harvest_market_price,extra_trees,tuning,tuning,harvest_post_14,588,2023-12-31,0
116,38.93682492565596,0.9981656467062212,42.70557822088261,11.466208113826848,-0.9095354472629932,0.4051724137931034,甘蓝,180,harvest_market_price,catboost,tuning,tuning,harvest_post_14,588,2023-12-31,0
116,12.913362875864893,1.12243438697318,12.379403952296263,3.585096230020986,0.3971000957854405,0.0,芸豆,180,harvest_market_price,last_value,tuning,tuning,harvest_post_14,588,2023-12-31,0
116,22.02185365446652,1.9141478516694037,22.727093640053745,6.113857813309065,-1.3903892309797483,0.6637931034482759,芸豆,180,harvest_market_price,seasonal_naive,tuning,tuning,harvest_post_14,588,2023-12-31,0
116,18.55054751910037,1.6124206090060569,18.46367381826498,5.150130033118704,-0.9104117059677724,0.6551724137931034,芸豆,180,harvest_market_price,same_season_mean,tuning,tuning,harvest_post_14,588,2023-12-31,0
116,21.067299943936227,1.8311776819923369,21.408624884224302,5.848848075576787,-1.2617792145593874,0.6724137931034483,芸豆,180,harvest_market_price,same_season_median,tuning,tuning,harvest_post_14,588,2023-12-31,0
116,13.922858392878616,1.210180119257156,13.979004379184673,3.865359288300961,-0.3080421320352496,0.6810344827586207,芸豆,180,harvest_market_price,linear,tuning,tuning,harvest_post_14,588,2023-12-31,0
116,21.52254508984306,1.8707477623176936,21.82606807503645,5.975236350421625,-0.8857534014641044,0.6293103448275862,芸豆,180,harvest_market_price,elasticnet,tuning,tuning,harvest_post_14,588,2023-12-31,0
116,20.08954483710504,1.7461908381704907,19.95462636550608,5.577397007324399,-0.3187587673759573,0.6120689655172413,芸豆,180,harvest_market_price,extra_trees,tuning,tuning,harvest_post_14,588,2023-12-31,0
116,21.899088580351187,1.9034770649788275,22.044129545517965,6.079774932759668,-0.7262290190054734,0.6206896551724138,芸豆,180,harvest_market_price,catboost,tuning,tuning,harvest_post_14,588,2023-12-31,0
116,21.66340823581336,1.0726728927203069,22.44748012069768,9.023487933889657,-0.4991288314176245,0.0,芹菜,180,harvest_market_price,last_value,tuning,tuning,harvest_post_14,588,2023-12-31,0
116,51.08751485576272,2.5296200738916257,61.991121371513714,21.279549776073143,-2.357497468527641,0.3017241379310345,芹菜,180,harvest_market_price,seasonal_naive,tuning,tuning,harvest_post_14,588,2023-12-31,0
116,36.5707542027489,1.810816482457943,39.133054648226135,15.23286436232176,-1.6835264837791215,0.4482758620689655,芹菜,180,harvest_market_price,same_season_mean,tuning,tuning,harvest_post_14,588,2023-12-31,0
116,43.969936223869254,2.177190134099617,50.86311732741597,18.314855384300305,-2.0382667624521074,0.3620689655172414,芹菜,180,harvest_market_price,same_season_median,tuning,tuning,harvest_post_14,588,2023-12-31,0
116,38.41214833636549,1.9019938978693989,41.76474654107385,15.999862683424148,-1.433412379978518,0.3189655172413793,芹菜,180,harvest_market_price,linear,tuning,tuning,harvest_post_14,588,2023-12-31,0
116,37.11318918882374,1.8376753820037537,39.79656027782974,15.458805520725186,-1.4051354750795435,0.3362068965517241,芹菜,180,harvest_market_price,elasticnet,tuning,tuning,harvest_post_14,588,2023-12-31,0
116,34.10834329262309,1.6888891566522062,35.78244907496737,14.207193106260318,-1.5209786228177418,0.4741379310344827,芹菜,180,harvest_market_price,extra_trees,tuning,tuning,harvest_post_14,588,2023-12-31,0
116,36.38749604634291,1.8017423767305891,38.93941593466568,15.156531601330691,-1.6491009134373826,0.4482758620689655,芹菜,180,harvest_market_price,catboost,tuning,tuning,harvest_post_14,588,2023-12-31,0
116,33.71626094167072,1.3514568965517242,32.0067510938418,8.026155385227257,0.6437452107279695,0.0,茄子,180,harvest_market_price,last_value,tuning,tuning,harvest_post_14,588,2023-12-31,0
116,49.08231809627135,1.9673782156540776,68.32248134855207,11.684045048451472,-1.8451330049261083,0.8706896551724138,茄子,180,harvest_market_price,seasonal_naive,tuning,tuning,harvest_post_14,588,2023-12-31,0
116,22.762189324637703,0.912382241809561,25.00275496548865,5.418538809613641,-0.5644907361348859,0.8620689655172413,茄子,180,harvest_market_price,same_season_mean,tuning,tuning,harvest_post_14,588,2023-12-31,0
116,21.43088257433645,0.8590191570881226,22.681356887998092,5.101621258708296,-0.534616858237548,0.9051724137931034,茄子,180,harvest_market_price,same_season_median,tuning,tuning,harvest_post_14,588,2023-12-31,0
116,29.381063679633417,1.177688154880509,38.80360475940985,6.994161745395171,-0.5014787281644284,0.853448275862069,茄子,180,harvest_market_price,linear,tuning,tuning,harvest_post_14,588,2023-12-31,0
116,30.06211609241106,1.2049869405244409,35.79534591460358,7.1562862615120055,-0.4882033843957326,0.8189655172413793,茄子,180,harvest_market_price,elasticnet,tuning,tuning,harvest_post_14,588,2023-12-31,0
116,29.57775098805888,1.1855720189867829,35.83758310822681,7.040983156062742,-1.0419399171702852,0.9051724137931034,茄子,180,harvest_market_price,extra_trees,tuning,tuning,harvest_post_14,588,2023-12-31,0
116,26.653743633306416,1.0683683375944542,31.722767801126626,6.3449232513956355,-0.878698375515962,0.9224137931034484,茄子,180,harvest_market_price,catboost,tuning,tuning,harvest_post_14,588,2023-12-31,0
116,33.15185073794682,1.8498199233716477,32.69045369908463,14.018129292785405,0.077919540229885,0.0,西红柿,180,harvest_market_price,last_value,tuning,tuning,harvest_post_14,588,2023-12-31,0
116,36.71216532739751,2.0484797482211277,42.644240904202334,15.523594270666178,-1.8984299397920084,0.5775862068965517,西红柿,180,harvest_market_price,seasonal_naive,tuning,tuning,harvest_post_14,588,2023-12-31,0
116,26.514989122675836,1.4794937252467235,29.13901347977842,11.211758542729498,-1.4036486142464208,0.6896551724137931,西红柿,180,harvest_market_price,same_season_mean,tuning,tuning,harvest_post_14,588,2023-12-31,0
116,28.981355976428546,1.6171130268199234,32.44442338220813,12.254652036448428,-1.5061321839080462,0.6120689655172413,西红柿,180,harvest_market_price,same_season_median,tuning,tuning,harvest_post_14,588,2023-12-31,0
116,24.399960277350832,1.361478519172282,28.39709818420383,10.317426939764132,-1.3466721476926131,0.6810344827586207,西红柿,180,harvest_market_price,linear,tuning,tuning,harvest_post_14,588,2023-12-31,0
116,28.25763059207968,1.5767303149888174,30.580486392278928,11.94862761294134,-1.255448053054437,0.646551724137931,西红柿,180,harvest_market_price,elasticnet,tuning,tuning,harvest_post_14,588,2023-12-31,0
116,30.70613866084012,1.7133531250977234,33.93980680944366,12.983969589883344,-1.6843422305995446,0.5775862068965517,西红柿,180,harvest_market_price,extra_trees,tuning,tuning,harvest_post_14,588,2023-12-31,0
116,31.288243737125008,1.7458336516336077,34.46698711717065,13.230110424850606,-1.7064721578678066,0.5603448275862069,西红柿,180,harvest_market_price,catboost,tuning,tuning,harvest_post_14,588,2023-12-31,0
116,45.77600093124012,2.7421867816091954,35.94154622666944,13.349341854408674,1.874208812260537,0.0,青椒,180,harvest_market_price,last_value,tuning,tuning,harvest_post_14,588,2023-12-31,0
116,47.711679758652366,2.8581425834701695,61.1950711841691,13.913830622798056,-2.565859058565956,0.6896551724137931,青椒,180,harvest_market_price,seasonal_naive,tuning,tuning,harvest_post_14,588,2023-12-31,0
116,28.705626291331743,1.7195951453282792,31.697896933438543,8.37122533013518,-1.4519572803527216,0.7758620689655172,青椒,180,harvest_market_price,same_season_mean,tuning,tuning,harvest_post_14,588,2023-12-31,0
116,33.96596048689276,2.0347126436781613,39.31176996421897,9.905260589144808,-1.7688084291187738,0.7241379310344828,青椒,180,harvest_market_price,same_season_median,tuning,tuning,harvest_post_14,588,2023-12-31,0
116,26.576921137909892,1.5920762049467252,27.48181393578488,7.750445615390014,-0.5872219224171057,0.7844827586206896,青椒,180,harvest_market_price,linear,tuning,tuning,harvest_post_14,588,2023-12-31,0
116,24.98337383601044,1.4966156086027689,25.91984356481677,7.285730322191287,-0.6572203891130056,0.7931034482758621,青椒,180,harvest_market_price,elasticnet,tuning,tuning,harvest_post_14,588,2023-12-31,0
116,19.23627756006937,1.1523388889261534,19.73952311838521,5.609743969146228,-1.0408547671517316,0.7758620689655172,青椒,180,harvest_market_price,extra_trees,tuning,tuning,harvest_post_14,588,2023-12-31,0
116,24.23056688338211,1.4515191119100646,25.953055614406985,7.066194382909338,-1.3702217368527732,0.6896551724137931,青椒,180,harvest_market_price,catboost,tuning,tuning,harvest_post_14,588,2023-12-31,0
116,38.79329109663587,2.3250402298850577,44.69259564154871,14.837993204419751,-1.0613390804597702,0.0,韭菜,180,harvest_market_price,last_value,tuning,tuning,harvest_post_14,588,2023-12-31,0
116,21.698912685178247,1.3005043787629993,23.745346845761325,8.299587631375088,-0.976994800218938,0.7155172413793104,韭菜,180,harvest_market_price,seasonal_naive,tuning,tuning,harvest_post_14,588,2023-12-31,0
116,16.654089909056896,0.9981475645936616,18.055200547538917,6.370000221966508,-0.5701332830803583,0.7327586206896551,韭菜,180,harvest_market_price,same_season_mean,tuning,tuning,harvest_post_14,588,2023-12-31,0
116,18.03600315672487,1.0809712643678162,19.521844662979547,6.898566342508243,-0.7889252873563218,0.7155172413793104,韭菜,180,harvest_market_price,same_season_median,tuning,tuning,harvest_post_14,588,2023-12-31,0
116,15.403757986404806,0.923210070540012,17.233927273063692,5.891762463655002,-0.7173693292484749,0.8620689655172413,韭菜,180,harvest_market_price,linear,tuning,tuning,harvest_post_14,588,2023-12-31,0
116,16.599409561086947,0.9948703482188624,18.582557458879183,6.349085609963821,-0.6607047733609894,0.8362068965517241,韭菜,180,harvest_market_price,elasticnet,tuning,tuning,harvest_post_14,588,2023-12-31,0
116,17.555638770543432,1.0521810665964095,18.72582358999975,6.714832421092547,-0.7926735256740708,0.7068965517241379,韭菜,180,harvest_market_price,extra_trees,tuning,tuning,harvest_post_14,588,2023-12-31,0
116,17.614454268287165,1.055706119370464,18.79848900386344,6.737328680913921,-0.7692990406891432,0.7241379310344828,韭菜,180,harvest_market_price,catboost,tuning,tuning,harvest_post_14,588,2023-12-31,0
116,25.56029387092621,1.255015325670498,28.476007841956992,5.981601138101513,-0.2777777777777777,0.0,黄瓜,180,harvest_market_price,last_value,tuning,tuning,harvest_post_14,588,2023-12-31,0
116,35.53705129141236,1.7448760262725784,39.4566368786932,8.316354558476807,-1.0109105090311987,0.8706896551724138,黄瓜,180,harvest_market_price,seasonal_naive,tuning,tuning,harvest_post_14,588,2023-12-31,0
116,34.90389173704056,1.7137877708579892,36.02336250626669,8.16818302609321,-0.4287922863425075,0.8448275862068966,黄瓜,180,harvest_market_price,same_season_mean,tuning,tuning,harvest_post_14,588,2023-12-31,0
116,32.75993648143019,1.6085191570881223,34.87614393893423,7.666456196904255,-0.7883812260536398,0.8448275862068966,黄瓜,180,harvest_market_price,same_season_median,tuning,tuning,harvest_post_14,588,2023-12-31,0
116,36.503448491188266,1.7923263139151386,39.478363282628,8.542510119098623,-0.6063349033606541,0.8706896551724138,黄瓜,180,harvest_market_price,linear,tuning,tuning,harvest_post_14,588,2023-12-31,0
116,38.692708335574544,1.8998193916729424,41.3348982621964,9.05483909477117,-0.520594087530852,0.8448275862068966,黄瓜,180,harvest_market_price,elasticnet,tuning,tuning,harvest_post_14,588,2023-12-31,0
116,36.42994860525248,1.7887174554352536,37.59424919130269,8.525309729948798,-0.4484068881637803,0.8620689655172413,黄瓜,180,harvest_market_price,extra_trees,tuning,tuning,harvest_post_14,588,2023-12-31,0
116,31.034363713009203,1.5237932035891562,33.10286524766509,7.262638929090896,-0.8206910145629006,0.8879310344827587,黄瓜,180,harvest_market_price,catboost,tuning,tuning,harvest_post_14,588,2023-12-31,0
228,5.816183111450452,0.1119772624794622,6.1623424801501505,3.887649900388843,-0.0084284774151971,0.0,土豆,30,cycle_market_average,last_value,calibration,calibration,cycle_market_average,962,2024-12-29,0
228,10.098221781424058,0.1944180933313755,10.263613907473369,6.749847821222973,0.157037013038938,0.618421052631579,土豆,30,cycle_market_average,seasonal_naive,calibration,calibration,cycle_market_average,962,2024-12-29,0
228,21.37563299418413,0.4115387738983154,20.175992467915183,14.287888790328076,0.4115387738983154,0.6359649122807017,土豆,30,cycle_market_average,same_season_mean,calibration,calibration,cycle_market_average,962,2024-12-29,0
228,18.665408096951044,0.3593596112274621,18.055881759157288,12.476321762629738,0.3591153822339256,0.6359649122807017,土豆,30,cycle_market_average,same_season_median,calibration,calibration,cycle_market_average,962,2024-12-29,0
228,5.197592572509218,0.1000677208059951,5.473343749221962,3.4741719542832845,0.0579091245748858,0.7587719298245614,土豆,30,cycle_market_average,linear,calibration,calibration,cycle_market_average,962,2024-12-29,0
228,4.879813048591665,0.0939496051142351,5.150875945309399,3.261761940562861,0.0699489887288845,0.7017543859649122,土豆,30,cycle_market_average,elasticnet,calibration,calibration,cycle_market_average,962,2024-12-29,0
228,7.129478678040421,0.1372617556866379,7.644514351581109,4.765482197068606,0.1201549874026445,0.7456140350877193,土豆,30,cycle_market_average,extra_trees,calibration,calibration,cycle_market_average,962,2024-12-29,0
228,9.973237243038689,0.1920118027809456,10.49302042487248,6.666305725162168,0.1850511543863962,0.7631578947368421,土豆,30,cycle_market_average,catboost,calibration,calibration,cycle_market_average,962,2024-12-29,0
228,11.614908823161944,0.550053934442072,11.1254009971806,3.1097883927452115,-0.0643541524951007,0.0,尖椒,30,cycle_market_average,last_value,calibration,calibration,cycle_market_average,962,2024-12-29,0
228,35.8663274539015,1.69854235021326,30.329790198879177,9.60288974323416,1.3734204065982418,0.5087719298245614,尖椒,30,cycle_market_average,seasonal_naive,calibration,calibration,cycle_market_average,962,2024-12-29,0
228,22.3590798535839,1.0588718371549126,18.638696178723425,5.986444496445881,0.5305878904785739,0.6271929824561403,尖椒,30,cycle_market_average,same_season_mean,calibration,calibration,cycle_market_average,962,2024-12-29,0
228,20.08638904200106,0.9512427079284664,17.009891815171326,5.377951772674762,0.2844616369785834,0.5570175438596491,尖椒,30,cycle_market_average,same_season_median,calibration,calibration,cycle_market_average,962,2024-12-29,0
228,15.226187938072629,0.7210753617961908,16.554209682276827,4.076676213002349,-0.3131411087976695,0.4561403508771929,尖椒,30,cycle_market_average,linear,calibration,calibration,cycle_market_average,962,2024-12-29,0
228,12.901293612152202,0.6109740006400518,13.527385138211969,3.454206463202081,-0.2208602609984547,0.4956140350877193,尖椒,30,cycle_market_average,elasticnet,calibration,calibration,cycle_market_average,962,2024-12-29,0
228,12.511013266217777,0.5924912692570428,11.615483697544716,3.349712376491458,0.2519800412542198,0.6403508771929824,尖椒,30,cycle_market_average,extra_trees,calibration,calibration,cycle_market_average,962,2024-12-29,0
228,9.772294192935895,0.4627921709235147,9.287812708442738,2.6164447361895378,0.1584572147171666,0.7456140350877193,尖椒,30,cycle_market_average,catboost,calibration,calibration,cycle_market_average,962,2024-12-29,0
228,13.37461227155196,0.2391273530481613,13.99831611174989,2.991426533185148,-0.1063409428910487,0.0,甘蓝,30,cycle_market_average,last_value,calibration,calibration,cycle_market_average,962,2024-12-29,0
228,57.13950679489368,1.0216086071820654,47.73577248526561,12.7800816389217,0.6458695306230441,0.4122807017543859,甘蓝,30,cycle_market_average,seasonal_naive,calibration,calibration,cycle_market_average,962,2024-12-29,0
228,39.53857769491993,0.7069180949331676,36.02175596858903,8.843377886367797,0.3872862431985984,0.4210526315789473,甘蓝,30,cycle_market_average,same_season_mean,calibration,calibration,cycle_market_average,962,2024-12-29,0
228,37.738237606089136,0.6747294563926467,35.01638935920061,8.440705644276667,0.1567292325475476,0.3771929824561403,甘蓝,30,cycle_market_average,same_season_median,calibration,calibration,cycle_market_average,962,2024-12-29,0
228,15.202702488919844,0.2718121416563694,15.46917943187626,3.400305495076426,0.1395647513712995,0.4956140350877193,甘蓝,30,cycle_market_average,linear,calibration,calibration,cycle_market_average,962,2024-12-29,0
228,14.006693950170806,0.2504284671028737,14.917733638155134,3.1328007925782564,0.0866251847964974,0.4736842105263157,甘蓝,30,cycle_market_average,elasticnet,calibration,calibration,cycle_market_average,962,2024-12-29,0
228,15.491660072480691,0.2769784717672668,16.77607861049455,3.464935060769897,0.1920419649893876,0.5263157894736842,甘蓝,30,cycle_market_average,extra_trees,calibration,calibration,cycle_market_average,962,2024-12-29,0
228,16.200255795036043,0.2896475956323618,18.13892197930052,3.623422798785469,0.0873663538415705,0.5394736842105263,甘蓝,30,cycle_market_average,catboost,calibration,calibration,cycle_market_average,962,2024-12-29,0
228,11.967072172291578,1.001288962822041,11.558649739701943,3.556996500340017,-0.1050161666950001,0.0,芸豆,30,cycle_market_average,last_value,calibration,calibration,cycle_market_average,962,2024-12-29,0
228,24.473069001197597,2.047669933337503,23.24591418376437,7.274178640903964,0.5734231787387434,0.5701754385964912,芸豆,30,cycle_market_average,seasonal_naive,calibration,calibration,cycle_market_average,962,2024-12-29,0
228,17.874124248445902,1.4955340013338914,16.59836196165427,5.312761257141319,0.5612940771414929,0.6491228070175439,芸豆,30,cycle_market_average,same_season_mean,calibration,calibration,cycle_market_average,962,2024-12-29,0
228,15.742661229699856,1.317193772027404,14.75181891439154,4.679222293798372,0.2619136578664033,0.6578947368421053,芸豆,30,cycle_market_average,same_season_median,calibration,calibration,cycle_market_average,962,2024-12-29,0
228,10.12781388452792,0.8473976018606855,9.638612169625862,3.010310126379265,0.3846131992270407,0.7149122807017544,芸豆,30,cycle_market_average,linear,calibration,calibration,cycle_market_average,962,2024-12-29,0
228,10.131095328260791,0.8476721613640078,9.678299780249668,3.011285476381826,0.3833703619633978,0.6929824561403509,芸豆,30,cycle_market_average,elasticnet,calibration,calibration,cycle_market_average,962,2024-12-29,0
228,10.479737329842544,0.8768431551655055,9.74664186170254,3.114913027184869,0.1984608631433028,0.7105263157894737,芸豆,30,cycle_market_average,extra_trees,calibration,calibration,cycle_market_average,962,2024-12-29,0
228,9.176065649229937,0.7677645061736941,8.788590865730088,2.727420118412391,0.0605902095028558,0.7894736842105263,芸豆,30,cycle_market_average,catboost,calibration,calibration,cycle_market_average,962,2024-12-29,0
228,11.029348266115246,0.3638693435711115,10.32416034297398,3.1428944739514484,-0.0426098139107344,0.0,芹菜,30,cycle_market_average,last_value,calibration,calibration,cycle_market_average,962,2024-12-29,0
228,52.39329674577123,1.728507798867889,41.00181913413386,14.929857942765064,1.4602174118157296,0.5307017543859649,芹菜,30,cycle_market_average,seasonal_naive,calibration,calibration,cycle_market_average,962,2024-12-29,0
228,26.120588084666007,0.8617445936727577,24.681677129128893,7.443255028936904,0.4088455418350671,0.5789473684210527,芹菜,30,cycle_market_average,same_season_mean,calibration,calibration,cycle_market_average,962,2024-12-29,0
228,21.509047290994236,0.7096052032973575,20.513142447696858,6.12916232580227,0.1787498352120725,0.6052631578947368,芹菜,30,cycle_market_average,same_season_median,calibration,calibration,cycle_market_average,962,2024-12-29,0
228,12.395705460213115,0.4089468479987755,12.161361236231992,3.5322480759196764,-0.1698430660357888,0.5701754385964912,芹菜,30,cycle_market_average,linear,calibration,calibration,cycle_market_average,962,2024-12-29,0
228,12.065970534174266,0.3980685596180527,11.78059362336218,3.4382876666632085,-0.155811492934504,0.5789473684210527,芹菜,30,cycle_market_average,elasticnet,calibration,calibration,cycle_market_average,962,2024-12-29,0
228,12.768978499012407,0.4212615027112367,12.720054360078532,3.6386149928590545,0.146061639372006,0.6798245614035088,芹菜,30,cycle_market_average,extra_trees,calibration,calibration,cycle_market_average,962,2024-12-29,0
228,11.500190256821874,0.3794028965925975,11.29263685672304,3.2770643863516646,-0.018895782859286,0.6798245614035088,芹菜,30,cycle_market_average,catboost,calibration,calibration,cycle_market_average,962,2024-12-29,0
228,13.118332929924366,0.4464369495132897,13.051028774386673,3.0039623895971954,-0.1458723657738649,0.0,茄子,30,cycle_market_average,last_value,calibration,calibration,cycle_market_average,962,2024-12-29,0
228,40.18256721607861,1.3674742688255803,35.34528288203722,9.201391768249424,0.829365733931727,0.4868421052631579,茄子,30,cycle_market_average,seasonal_naive,calibration,calibration,cycle_market_average,962,2024-12-29,0
228,33.150889654174144,1.128175518178933,29.844530668364484,7.591210425500312,0.6187128422810062,0.4605263157894737,茄子,30,cycle_market_average,same_season_mean,calibration,calibration,cycle_market_average,962,2024-12-29,0
228,33.136825817544235,1.12769690429125,30.21381779858589,7.587989952554902,0.5488644763313983,0.4473684210526316,茄子,30,cycle_market_average,same_season_median,calibration,calibration,cycle_market_average,962,2024-12-29,0
228,13.922436242636554,0.4738018160659508,13.024827845246053,3.1880937210431224,-0.0217370116303692,0.6622807017543859,茄子,30,cycle_market_average,linear,calibration,calibration,cycle_market_average,962,2024-12-29,0
228,13.49930655591514,0.4594020651526683,12.566922604421276,3.091201404647208,0.005992748019182,0.6622807017543859,茄子,30,cycle_market_average,elasticnet,calibration,calibration,cycle_market_average,962,2024-12-29,0
228,17.94329492081849,0.6106377915134754,16.6426392529717,4.108828718978083,0.3767520424045452,0.5921052631578947,茄子,30,cycle_market_average,extra_trees,calibration,calibration,cycle_market_average,962,2024-12-29,0
228,15.37664897127616,0.523290901149036,15.406879657035402,3.521093376307405,0.1331205981423709,0.5307017543859649,茄子,30,cycle_market_average,catboost,calibration,calibration,cycle_market_average,962,2024-12-29,0
228,9.65454552077304,0.4929342596883743,9.537265087161556,3.874610040573596,-0.1963360872315575,0.0,西红柿,30,cycle_market_average,last_value,calibration,calibration,cycle_market_average,962,2024-12-29,0
228,17.509751331151882,0.893999234990171,15.369252829557729,7.02710015397967,0.4499157927322136,0.6798245614035088,西红柿,30,cycle_market_average,seasonal_naive,calibration,calibration,cycle_market_average,962,2024-12-29,0
228,14.994117728090924,0.765557975367547,14.097720417658536,6.01751361302317,-0.1918484102362971,0.4956140350877193,西红柿,30,cycle_market_average,same_season_mean,calibration,calibration,cycle_market_average,962,2024-12-29,0
228,14.76801668573677,0.754013884587944,14.353483523290569,5.926773622517703,-0.3035729293368207,0.5175438596491229,西红柿,30,cycle_market_average,same_season_median,calibration,calibration,cycle_market_average,962,2024-12-29,0
228,7.849364880112769,0.4007667536371515,7.818163132331865,3.150146002333573,-0.2517156382391517,0.6140350877192983,西红柿,30,cycle_market_average,linear,calibration,calibration,cycle_market_average,962,2024-12-29,0
228,8.090805723986678,0.4130940520457037,7.958990679727027,3.2470422379839796,-0.2468523860730777,0.6271929824561403,西红柿,30,cycle_market_average,elasticnet,calibration,calibration,cycle_market_average,962,2024-12-29,0
228,8.386727516873307,0.4282029962822158,7.9525431887387965,3.3658030380108745,-0.2266480413293929,0.6491228070175439,西红柿,30,cycle_market_average,extra_trees,calibration,calibration,cycle_market_average,962,2024-12-29,0
228,9.606192439304651,0.4904654857449517,9.193793462958864,3.855204742359714,-0.348527387134549,0.5131578947368421,西红柿,30,cycle_market_average,catboost,calibration,calibration,cycle_market_average,962,2024-12-29,0
228,10.76502025693034,0.5368361678620357,10.246342348090442,2.792268658342803,-0.0158921028413043,0.0,青椒,30,cycle_market_average,last_value,calibration,calibration,cycle_market_average,962,2024-12-29,0
228,41.656307374578915,2.0773404865499745,31.714379824281817,10.80495890655188,1.817957569528553,0.5657894736842105,青椒,30,cycle_market_average,seasonal_naive,calibration,calibration,cycle_market_average,962,2024-12-29,0
228,23.261960084406976,1.1600406883241303,17.8084532431509,6.033768680880543,0.8772586206657634,0.6578947368421053,青椒,30,cycle_market_average,same_season_mean,calibration,calibration,cycle_market_average,962,2024-12-29,0
228,22.097110715714635,1.1019513158658918,17.509631186673204,5.731625971785679,0.6690640375095729,0.6140350877192983,青椒,30,cycle_market_average,same_season_median,calibration,calibration,cycle_market_average,962,2024-12-29,0
228,14.516236989089208,0.7239039826221307,16.002946684783705,3.7652723928332303,-0.0886982231884321,0.4956140350877193,青椒,30,cycle_market_average,linear,calibration,calibration,cycle_market_average,962,2024-12-29,0
228,12.40190951968953,0.6184654948917213,13.066568182095168,3.216850728463651,0.0320021261729296,0.5394736842105263,青椒,30,cycle_market_average,elasticnet,calibration,calibration,cycle_market_average,962,2024-12-29,0
228,12.391309275615214,0.6179368758764812,10.683201616724189,3.214101200028677,0.3954246402071335,0.6447368421052632,青椒,30,cycle_market_average,extra_trees,calibration,calibration,cycle_market_average,962,2024-12-29,0
228,10.120319067913933,0.5046858413909959,9.283024943345351,2.625043805892764,0.2695223396008291,0.7368421052631579,青椒,30,cycle_market_average,catboost,calibration,calibration,cycle_market_average,962,2024-12-29,0
228,16.17972123559355,0.87692088774568,15.167768597393067,5.720343287561761,-0.1524202282020843,0.0,韭菜,30,cycle_market_average,last_value,calibration,calibration,cycle_market_average,962,2024-12-29,0
228,21.039801813646697,1.1403312464882145,18.47404003959051,7.438625630431538,-0.1106217558087061,0.7456140350877193,韭菜,30,cycle_market_average,seasonal_naive,calibration,calibration,cycle_market_average,962,2024-12-29,0
228,14.085434021843666,0.7634131099580239,11.756108256010023,4.979907674923032,-0.3507138048985085,0.8026315789473685,韭菜,30,cycle_market_average,same_season_mean,calibration,calibration,cycle_market_average,962,2024-12-29,0
228,16.211413566727764,0.8786385729114669,14.305084697268972,5.731548116806406,-0.4463675966231369,0.7149122807017544,韭菜,30,cycle_market_average,same_season_median,calibration,calibration,cycle_market_average,962,2024-12-29,0
228,11.219761017462387,0.6080971759935614,10.376066730214,3.966748480381568,-0.232737579948546,0.7631578947368421,韭菜,30,cycle_market_average,linear,calibration,calibration,cycle_market_average,962,2024-12-29,0
228,11.054559450009986,0.5991434552787295,10.406011231554094,3.90834143716304,-0.2262267508089583,0.7807017543859649,韭菜,30,cycle_market_average,elasticnet,calibration,calibration,cycle_market_average,962,2024-12-29,0
228,12.997349638896946,0.7044402816167792,11.301051824364311,4.5952152500252845,-0.4044968326337569,0.8157894736842105,韭菜,30,cycle_market_average,extra_trees,calibration,calibration,cycle_market_average,962,2024-12-29,0
228,14.712642989975532,0.7974070606032476,12.729400747707516,5.201657515881897,-0.4792445758625153,0.7982456140350878,韭菜,30,cycle_market_average,catboost,calibration,calibration,cycle_market_average,962,2024-12-29,0
228,20.085860380390027,1.0020217370364024,19.677219135032757,5.056941966663074,-0.2213237139115419,0.0,黄瓜,30,cycle_market_average,last_value,calibration,calibration,cycle_market_average,962,2024-12-29,0
228,30.79883760322483,1.5364591891724653,27.91682327980457,7.754108186087276,-0.234579909771066,0.706140350877193,黄瓜,30,cycle_market_average,seasonal_naive,calibration,calibration,cycle_market_average,962,2024-12-29,0
228,22.216647069840057,1.1083201250258594,20.256463189014752,5.593402164425222,-0.5163106630039441,0.7631578947368421,黄瓜,30,cycle_market_average,same_season_mean,calibration,calibration,cycle_market_average,962,2024-12-29,0
228,23.93653247456587,1.194119912941813,22.733363728987737,6.0264112820979,-0.7995693279466297,0.6754385964912281,黄瓜,30,cycle_market_average,same_season_median,calibration,calibration,cycle_market_average,962,2024-12-29,0
228,18.741032331620932,0.9349324059386664,17.940777964665838,4.718359637155017,-0.4134498918363076,0.6359649122807017,黄瓜,30,cycle_market_average,linear,calibration,calibration,cycle_market_average,962,2024-12-29,0
228,18.06525978881179,0.9012201942452992,16.957108893361266,4.548222910774775,-0.3572900050537097,0.6710526315789473,黄瓜,30,cycle_market_average,elasticnet,calibration,calibration,cycle_market_average,962,2024-12-29,0
228,17.525297183226176,0.8742831222087021,16.21896637347038,4.41227854449408,-0.5154542206774333,0.7324561403508771,黄瓜,30,cycle_market_average,extra_trees,calibration,calibration,cycle_market_average,962,2024-12-29,0
228,19.712472756979448,0.9833945780343892,17.72676273138975,4.962935560818443,-0.6730442731075639,0.6666666666666666,黄瓜,30,cycle_market_average,catboost,calibration,calibration,cycle_market_average,962,2024-12-29,0
154,3.0902404548471507,0.0677281485596992,3.08813220295742,2.5138361888722716,0.0020873159181028,0.0,土豆,30,cycle_market_average,last_value,retrospective_audit_reused,reused_retrospective,cycle_market_average,1211,2025-12-31,0
154,14.37306875927186,0.3150115178447772,16.20273398465458,11.692145294238667,-0.2048399328413402,0.4415584415584415,土豆,30,cycle_market_average,seasonal_naive,retrospective_audit_reused,reused_retrospective,cycle_market_average,1211,2025-12-31,0
154,10.735708687105408,0.2352922639768795,10.332579458553766,8.733240472761482,0.1265445202089515,0.5844155844155844,土豆,30,cycle_market_average,same_season_mean,retrospective_audit_reused,reused_retrospective,cycle_market_average,1211,2025-12-31,0
154,8.605377547459382,0.1886022455089038,8.562230040556425,7.000267394655633,0.0447496535804404,0.6298701298701299,土豆,30,cycle_market_average,same_season_median,retrospective_audit_reused,reused_retrospective,cycle_market_average,1211,2025-12-31,0
154,4.005637649387875,0.0877907158870214,4.059645990940211,3.2584897614507975,-0.0171415976250625,0.448051948051948,土豆,30,cycle_market_average,linear,retrospective_audit_reused,reused_retrospective,cycle_market_average,1211,2025-12-31,0
154,3.0724554105782507,0.0673383574939277,3.0884739007644617,2.499368483670325,0.0043704764467355,0.4935064935064935,土豆,30,cycle_market_average,elasticnet,retrospective_audit_reused,reused_retrospective,cycle_market_average,1211,2025-12-31,0
154,5.155018859835352,0.1129814615621065,5.260441398692885,4.193483696016837,-0.02547691596159,0.5714285714285714,土豆,30,cycle_market_average,extra_trees,retrospective_audit_reused,reused_retrospective,cycle_market_average,1211,2025-12-31,0
154,4.104170883186044,0.0899502479992499,4.158367353485101,3.3386441742052906,-0.0203613155141082,0.461038961038961,土豆,30,cycle_market_average,catboost,retrospective_audit_reused,reused_retrospective,cycle_market_average,1211,2025-12-31,0
154,13.56700245434074,0.7928249024997849,11.757638308170394,4.817305071933011,0.4240186464030299,0.0,尖椒,30,cycle_market_average,last_value,retrospective_audit_reused,reused_retrospective,cycle_market_average,1211,2025-12-31,0
154,25.12827363098569,1.46843941088107,21.760640774287275,8.922424862740256,-1.4360592041659348,0.7662337662337663,尖椒,30,cycle_market_average,seasonal_naive,retrospective_audit_reused,reused_retrospective,cycle_market_average,1211,2025-12-31,0
154,14.841319647712304,0.8672931137342691,13.32740717209267,5.269783406741316,-0.6210505886312787,0.6818181818181818,尖椒,30,cycle_market_average,same_season_mean,retrospective_audit_reused,reused_retrospective,cycle_market_average,1211,2025-12-31,0
154,16.65762866679895,0.9734340999847816,14.325939424467398,5.914709555998723,-0.8937086263242426,0.7207792207792207,尖椒,30,cycle_market_average,same_season_median,retrospective_audit_reused,reused_retrospective,cycle_market_average,1211,2025-12-31,0
154,11.08744322412892,0.6479250757656817,10.398256826259304,3.9368752720521982,0.0886189932654672,0.6428571428571429,尖椒,30,cycle_market_average,linear,retrospective_audit_reused,reused_retrospective,cycle_market_average,1211,2025-12-31,0
154,10.763923486240122,0.6290193148570604,9.937111055385095,3.822001461168239,0.0018783353235728,0.6493506493506493,尖椒,30,cycle_market_average,elasticnet,retrospective_audit_reused,reused_retrospective,cycle_market_average,1211,2025-12-31,0
154,12.611862157117844,0.7370086663364993,10.501295008345698,4.478158512941469,-0.4645269571507132,0.7142857142857143,尖椒,30,cycle_market_average,extra_trees,retrospective_audit_reused,reused_retrospective,cycle_market_average,1211,2025-12-31,0
154,17.01032891844781,0.9940451040415909,13.516404119954412,6.039944641409686,-0.8231827313110919,0.7467532467532467,尖椒,30,cycle_market_average,catboost,retrospective_audit_reused,reused_retrospective,cycle_market_average,1211,2025-12-31,0
154,12.206851874123002,0.2142297888272316,11.917737517614857,2.893058532153463,0.0831855993666133,0.0,甘蓝,30,cycle_market_average,last_value,retrospective_audit_reused,reused_retrospective,cycle_market_average,1211,2025-12-31,0
154,22.705739270915277,0.3984848656586021,23.7351228032411,5.381324636684249,-0.3763833821189779,0.5909090909090909,甘蓝,30,cycle_market_average,seasonal_naive,retrospective_audit_reused,reused_retrospective,cycle_market_average,1211,2025-12-31,0
154,19.549214011803404,0.3430879667152419,19.921979756798727,4.633219193364316,0.2146822919445079,0.474025974025974,甘蓝,30,cycle_market_average,same_season_mean,retrospective_audit_reused,reused_retrospective,cycle_market_average,1211,2025-12-31,0
154,19.843230341326823,0.3482479421810772,19.460506902113643,4.702901897757851,0.0835752097562237,0.435064935064935,甘蓝,30,cycle_market_average,same_season_median,retrospective_audit_reused,reused_retrospective,cycle_market_average,1211,2025-12-31,0
154,11.061983876393809,0.1941373987566589,11.13958419916132,2.621721568030774,0.065575472161201,0.5974025974025974,甘蓝,30,cycle_market_average,linear,retrospective_audit_reused,reused_retrospective,cycle_market_average,1211,2025-12-31,0
154,10.679860714269305,0.1874311517101567,10.56408534621325,2.5311572943001086,0.0711223318857296,0.5974025974025974,甘蓝,30,cycle_market_average,elasticnet,retrospective_audit_reused,reused_retrospective,cycle_market_average,1211,2025-12-31,0
154,13.616574353614714,0.2389703650380991,13.62046429038794,3.227166760001116,0.1274701813487137,0.474025974025974,甘蓝,30,cycle_market_average,extra_trees,retrospective_audit_reused,reused_retrospective,cycle_market_average,1211,2025-12-31,0
154,12.37269114269798,0.2171402617200333,12.074599787139563,2.9323629093888437,0.0793639947681836,0.5909090909090909,甘蓝,30,cycle_market_average,catboost,retrospective_audit_reused,reused_retrospective,cycle_market_average,1211,2025-12-31,0
154,7.689963022282073,0.6469487954961598,7.8192224640389965,2.344157760526902,0.1742442044238314,0.0,芸豆,30,cycle_market_average,last_value,retrospective_audit_reused,reused_retrospective,cycle_market_average,1211,2025-12-31,0
154,8.878387570072968,0.7469297482658422,8.834696237585783,2.7064292849064784,-0.1822940602658344,0.538961038961039,芸豆,30,cycle_market_average,seasonal_naive,retrospective_audit_reused,reused_retrospective,cycle_market_average,1211,2025-12-31,0
154,9.699798823752682,0.8160342445599453,8.883891457855444,2.9568228900926337,0.5375130927567239,0.7467532467532467,芸豆,30,cycle_market_average,same_season_mean,retrospective_audit_reused,reused_retrospective,cycle_market_average,1211,2025-12-31,0
154,9.176934238212112,0.7720461768874578,8.462103926307337,2.797436288057209,0.4526208278004548,0.7207792207792207,芸豆,30,cycle_market_average,same_season_median,retrospective_audit_reused,reused_retrospective,cycle_market_average,1211,2025-12-31,0
154,8.555179307948137,0.7197385647360658,8.214331249477762,2.6079046036133433,0.5611599138531398,0.6103896103896104,芸豆,30,cycle_market_average,linear,retrospective_audit_reused,reused_retrospective,cycle_market_average,1211,2025-12-31,0
154,7.872834124300802,0.6623335559741059,7.650721520717552,2.399902984753753,0.510477896108954,0.5844155844155844,芸豆,30,cycle_market_average,elasticnet,retrospective_audit_reused,reused_retrospective,cycle_market_average,1211,2025-12-31,0
154,9.889626010679022,0.8320042134113658,8.661304504372708,3.014688561501326,0.6700836899223478,0.7077922077922078,芸豆,30,cycle_market_average,extra_trees,retrospective_audit_reused,reused_retrospective,cycle_market_average,1211,2025-12-31,0
154,7.074961307927977,0.5952093245550653,6.474579618135371,2.1566846820136227,0.4531755297535911,0.7337662337662337,芸豆,30,cycle_market_average,catboost,retrospective_audit_reused,reused_retrospective,cycle_market_average,1211,2025-12-31,0
154,8.003189638603729,0.2866992504990978,7.491213238918844,2.590397947311143,0.0767785630708715,0.0,芹菜,30,cycle_market_average,last_value,retrospective_audit_reused,reused_retrospective,cycle_market_average,1211,2025-12-31,0
154,21.435378330605808,0.7678822043533956,24.101033864918655,6.938003787840566,-0.7402975076648028,0.6493506493506493,芹菜,30,cycle_market_average,seasonal_naive,retrospective_audit_reused,reused_retrospective,cycle_market_average,1211,2025-12-31,0
154,10.701472032118124,0.383360153812449,10.72813834728738,3.463752883162061,-0.1298138128900239,0.6688311688311688,芹菜,30,cycle_market_average,same_season_mean,retrospective_audit_reused,reused_retrospective,cycle_market_average,1211,2025-12-31,0
154,14.062440397746386,0.5037605385201781,14.677824356487443,4.551599847740557,-0.435624034331726,0.7207792207792207,芹菜,30,cycle_market_average,same_season_median,retrospective_audit_reused,reused_retrospective,cycle_market_average,1211,2025-12-31,0
154,8.198868228953378,0.2937090687997112,7.615429133948502,2.6537333725182988,-0.0158942816380354,0.6038961038961039,芹菜,30,cycle_market_average,linear,retrospective_audit_reused,reused_retrospective,cycle_market_average,1211,2025-12-31,0
154,7.735369057752424,0.2771050807660788,7.2134010446811905,2.5037122739467996,-0.0098792425190496,0.5324675324675324,芹菜,30,cycle_market_average,elasticnet,retrospective_audit_reused,reused_retrospective,cycle_market_average,1211,2025-12-31,0
154,8.475213696908584,0.3036086266159374,8.131117137525099,2.7431783020107847,-0.0005747572196996,0.512987012987013,芹菜,30,cycle_market_average,extra_trees,retrospective_audit_reused,reused_retrospective,cycle_market_average,1211,2025-12-31,0
154,7.800478608822529,0.2794375082525016,7.421571829497556,2.5247863275502307,-0.0854801629857985,0.6038961038961039,芹菜,30,cycle_market_average,catboost,retrospective_audit_reused,reused_retrospective,cycle_market_average,1211,2025-12-31,0
154,11.578615809729186,0.4587216054465863,10.936917806066164,3.3615137027033035,0.2944337291245337,0.0,茄子,30,cycle_market_average,last_value,retrospective_audit_reused,reused_retrospective,cycle_market_average,1211,2025-12-31,0
154,26.21543864015576,1.038603257774039,27.5871895532732,7.61088869856218,-1.038603257774039,0.6233766233766234,茄子,30,cycle_market_average,seasonal_naive,retrospective_audit_reused,reused_retrospective,cycle_market_average,1211,2025-12-31,0
154,14.387237817913752,0.5699935932091006,13.846035503028205,4.176915260313782,-0.0878575966114313,0.6428571428571429,茄子,30,cycle_market_average,same_season_mean,retrospective_audit_reused,reused_retrospective,cycle_market_average,1211,2025-12-31,0
154,13.910508089128427,0.5511065146371728,13.70325893542953,4.038510675332964,-0.1720597773689727,0.7272727272727273,茄子,30,cycle_market_average,same_season_median,retrospective_audit_reused,reused_retrospective,cycle_market_average,1211,2025-12-31,0
154,9.72424829016279,0.3852552723682633,9.608239677744072,2.823152129152123,0.2736310646667583,0.6948051948051948,茄子,30,cycle_market_average,linear,retrospective_audit_reused,reused_retrospective,cycle_market_average,1211,2025-12-31,0
154,8.869965480528688,0.3514102956991616,8.757769145190874,2.575136008938866,0.2153433620775559,0.7077922077922078,茄子,30,cycle_market_average,elasticnet,retrospective_audit_reused,reused_retrospective,cycle_market_average,1211,2025-12-31,0
154,15.380845483644004,0.6093583420787219,15.874410659666813,4.465380292606913,0.0066361808059735,0.5454545454545454,茄子,30,cycle_market_average,extra_trees,retrospective_audit_reused,reused_retrospective,cycle_market_average,1211,2025-12-31,0
154,12.26757240361768,0.4860166880389273,12.147617451524976,3.5615321737348715,-0.0846758213336002,0.7272727272727273,茄子,30,cycle_market_average,catboost,retrospective_audit_reused,reused_retrospective,cycle_market_average,1211,2025-12-31,0
154,9.48326812999119,0.4896013779732568,8.317253364208284,4.063221312398085,0.3418836450340611,0.0,西红柿,30,cycle_market_average,last_value,retrospective_audit_reused,reused_retrospective,cycle_market_average,1211,2025-12-31,0
154,17.571540630754015,0.9071820376693522,15.374722715989206,7.528739818792292,-0.5428209637922156,0.7532467532467533,西红柿,30,cycle_market_average,seasonal_naive,retrospective_audit_reused,reused_retrospective,cycle_market_average,1211,2025-12-31,0
154,12.969430654992903,0.6695846867528171,10.616158192902686,5.556909951789497,-0.3544396647744154,0.7337662337662337,西红柿,30,cycle_market_average,same_season_mean,retrospective_audit_reused,reused_retrospective,cycle_market_average,1211,2025-12-31,0
154,14.754669337349831,0.7617528409072779,12.412621706473772,6.321817129614582,-0.4307137575633415,0.7337662337662337,西红柿,30,cycle_market_average,same_season_median,retrospective_audit_reused,reused_retrospective,cycle_market_average,1211,2025-12-31,0
154,6.457239956597394,0.3333738472136813,6.150593076705982,2.7666828198117583,-0.0071507354010237,0.7207792207792207,西红柿,30,cycle_market_average,linear,retrospective_audit_reused,reused_retrospective,cycle_market_average,1211,2025-12-31,0
154,6.0251923058680825,0.311068127049743,5.52437176859378,2.581566760838059,-0.0295653056930559,0.7792207792207793,西红柿,30,cycle_market_average,elasticnet,retrospective_audit_reused,reused_retrospective,cycle_market_average,1211,2025-12-31,0
154,6.432380547915347,0.3320904077306366,5.914866259286835,2.756031504486079,0.05766512584513,0.7467532467532467,西红柿,30,cycle_market_average,extra_trees,retrospective_audit_reused,reused_retrospective,cycle_market_average,1211,2025-12-31,0
154,10.229139103094496,0.5281091425134936,8.73658093963355,4.382798782176455,-0.2200812575831836,0.6948051948051948,西红柿,30,cycle_market_average,catboost,retrospective_audit_reused,reused_retrospective,cycle_market_average,1211,2025-12-31,0
154,13.483018062382694,0.7808202422044649,11.158976905042753,4.4494324812442425,0.3836667524193961,0.0,青椒,30,cycle_market_average,last_value,retrospective_audit_reused,reused_retrospective,cycle_market_average,1211,2025-12-31,0
154,21.796281389878207,1.2622528305798182,18.471863817399697,7.192831896965149,-0.9860948855401231,0.7532467532467533,青椒,30,cycle_market_average,seasonal_naive,retrospective_audit_reused,reused_retrospective,cycle_market_average,1211,2025-12-31,0
154,9.389799458889843,0.5437762861267034,9.701444044283283,3.098659255031134,0.0561469161093693,0.7597402597402597,青椒,30,cycle_market_average,same_season_mean,retrospective_audit_reused,reused_retrospective,cycle_market_average,1211,2025-12-31,0
154,8.689145393060723,0.5032004391723341,8.553318071209818,2.867441515487069,-0.1187358449832013,0.8051948051948052,青椒,30,cycle_market_average,same_season_median,retrospective_audit_reused,reused_retrospective,cycle_market_average,1211,2025-12-31,0
154,10.150740186865368,0.5878434171482643,9.393526886336282,3.3497717563784484,0.3374782172757729,0.7077922077922078,青椒,30,cycle_market_average,linear,retrospective_audit_reused,reused_retrospective,cycle_market_average,1211,2025-12-31,0
154,9.377140702476634,0.54304320001773,8.543794970444926,3.094481831126746,0.241712115396164,0.7272727272727273,青椒,30,cycle_market_average,elasticnet,retrospective_audit_reused,reused_retrospective,cycle_market_average,1211,2025-12-31,0
154,7.903667907332692,0.4577123505400526,8.086139665502143,2.6082318176201547,0.0320697189805742,0.7857142857142857,青椒,30,cycle_market_average,extra_trees,retrospective_audit_reused,reused_retrospective,cycle_market_average,1211,2025-12-31,0
154,11.720312899555164,0.6787395458940407,11.138515258325386,3.867735002975366,-0.14435244248302,0.6363636363636364,青椒,30,cycle_market_average,catboost,retrospective_audit_reused,reused_retrospective,cycle_market_average,1211,2025-12-31,0
154,13.501491513243934,0.7155832163806513,14.355549645174314,4.6838455686497245,0.234384727241629,0.0,韭菜,30,cycle_market_average,last_value,retrospective_audit_reused,reused_retrospective,cycle_market_average,1211,2025-12-31,0
154,15.7343716053021,0.8339265502634282,15.703803855369088,5.458461137178125,-0.8074682587258476,0.7857142857142857,韭菜,30,cycle_market_average,seasonal_naive,retrospective_audit_reused,reused_retrospective,cycle_market_average,1211,2025-12-31,0
154,14.242596479981264,0.7548620083017785,14.32813945551624,4.940944661068658,-0.7381282531409538,0.7792207792207793,韭菜,30,cycle_market_average,same_season_mean,retrospective_audit_reused,reused_retrospective,cycle_market_average,1211,2025-12-31,0
154,16.582882862221716,0.8788979087067624,17.163880474662154,5.752820888971019,-0.8451607273038254,0.7727272727272727,韭菜,30,cycle_market_average,same_season_median,retrospective_audit_reused,reused_retrospective,cycle_market_average,1211,2025-12-31,0
154,11.106752959755108,0.5886613340971022,10.91251802140315,3.8530791640024544,-0.4641146205214955,0.8961038961038961,韭菜,30,cycle_market_average,linear,retrospective_audit_reused,reused_retrospective,cycle_market_average,1211,2025-12-31,0
154,10.223497025381768,0.5418484970274952,10.415246793474005,3.5466660251177604,-0.3259039644102631,0.8831168831168831,韭菜,30,cycle_market_average,elasticnet,retrospective_audit_reused,reused_retrospective,cycle_market_average,1211,2025-12-31,0
154,11.502445546364152,0.6096331632869313,11.134715679814136,3.990350143769268,-0.2165235271260912,0.8051948051948052,韭菜,30,cycle_market_average,extra_trees,retrospective_audit_reused,reused_retrospective,cycle_market_average,1211,2025-12-31,0
154,12.960911305058392,0.6869322985390423,12.773828462543625,4.496311161052911,-0.3343219775436583,0.7597402597402597,韭菜,30,cycle_market_average,catboost,retrospective_audit_reused,reused_retrospective,cycle_market_average,1211,2025-12-31,0
154,18.035032786022764,0.8720925721310708,19.701364296350707,4.449451898627912,0.1715953841881829,0.0,黄瓜,30,cycle_market_average,last_value,retrospective_audit_reused,reused_retrospective,cycle_market_average,1211,2025-12-31,0
154,21.69557549365054,1.0490998525261923,21.301441921509085,5.352550267990777,-0.8922930243577785,0.7662337662337663,黄瓜,30,cycle_market_average,seasonal_naive,retrospective_audit_reused,reused_retrospective,cycle_market_average,1211,2025-12-31,0
154,15.47676029245045,0.7483860912168403,14.945301919113056,3.8182963837593897,-0.6325557045410579,0.7922077922077922,黄瓜,30,cycle_market_average,same_season_mean,retrospective_audit_reused,reused_retrospective,cycle_market_average,1211,2025-12-31,0
154,18.112255537527407,0.8758267149399996,17.44636746551492,4.468503647653059,-0.8102227976299988,0.7597402597402597,黄瓜,30,cycle_market_average,same_season_median,retrospective_audit_reused,reused_retrospective,cycle_market_average,1211,2025-12-31,0
154,13.875678215784252,0.6709650073186778,15.03268043949681,3.4232908536667233,-0.3047447758022042,0.7597402597402597,黄瓜,30,cycle_market_average,linear,retrospective_audit_reused,reused_retrospective,cycle_market_average,1211,2025-12-31,0
154,14.471991123261937,0.6998000010471173,15.299461862882056,3.570408168607741,-0.3537274792332571,0.7792207792207793,黄瓜,30,cycle_market_average,elasticnet,retrospective_audit_reused,reused_retrospective,cycle_market_average,1211,2025-12-31,0
154,12.00822526899259,0.5806634335414759,12.72980387219096,2.962568538476918,-0.3026784719531704,0.8246753246753247,黄瓜,30,cycle_market_average,extra_trees,retrospective_audit_reused,reused_retrospective,cycle_market_average,1211,2025-12-31,0
154,15.341471532497817,0.7418441390037589,14.429817480763644,3.78491907654979,-0.5470925993204776,0.8116883116883117,黄瓜,30,cycle_market_average,catboost,retrospective_audit_reused,reused_retrospective,cycle_market_average,1211,2025-12-31,0
219,11.868356456220278,0.2284134232079436,12.4925141962453,7.72207306031232,-0.0093070232659273,0.0,土豆,30,harvest_market_price,last_value,calibration,calibration,harvest_post_14,928,2024-12-31,0
219,11.119616072365709,0.2140034790171776,11.22283418886282,7.234909739202178,0.1541445241719215,0.7168949771689498,土豆,30,harvest_market_price,seasonal_naive,calibration,calibration,harvest_post_14,928,2024-12-31,0
219,21.17867824590828,0.4075959813822543,20.09060607750201,13.779776613470087,0.4075959813822543,0.7031963470319634,土豆,30,harvest_market_price,same_season_mean,calibration,calibration,harvest_post_14,928,2024-12-31,0
219,18.514145734011233,0.3563155033702979,17.97068115534279,12.046114938886442,0.3547112415742553,0.7031963470319634,土豆,30,harvest_market_price,same_season_median,calibration,calibration,harvest_post_14,928,2024-12-31,0
219,10.95866012862362,0.2109057882601287,10.852083459309254,7.1301847453369565,0.1797613920832688,0.7442922374429224,土豆,30,harvest_market_price,linear,calibration,calibration,harvest_post_14,928,2024-12-31,0
219,10.152710525256468,0.1953948193642044,10.1741855436269,6.605798597761397,0.1777672168794516,0.7625570776255708,土豆,30,harvest_market_price,elasticnet,calibration,calibration,harvest_post_14,928,2024-12-31,0
219,14.34802293473574,0.2761360468804789,14.47668330029093,9.335452788410064,0.2716470291432706,0.7442922374429224,土豆,30,harvest_market_price,extra_trees,calibration,calibration,harvest_post_14,928,2024-12-31,0
219,14.599608072925848,0.2809779491989863,14.783186887612947,9.499145109681267,0.2789380076897617,0.7534246575342466,土豆,30,harvest_market_price,catboost,calibration,calibration,harvest_post_14,928,2024-12-31,0
219,20.54836740167696,0.9609547002971662,19.453005029098893,5.318873938234256,-0.0839473798651879,0.0,尖椒,30,harvest_market_price,last_value,calibration,calibration,harvest_post_14,928,2024-12-31,0
219,38.58157114583002,1.804286511560484,32.11028693327338,9.98670644982427,1.269173371022686,0.6210045662100456,尖椒,30,harvest_market_price,seasonal_naive,calibration,calibration,harvest_post_14,928,2024-12-31,0
219,23.13736823866586,1.0820306220355884,19.60369622745436,5.9890278637866645,0.3285541286321543,0.6484018264840182,尖椒,30,harvest_market_price,same_season_mean,calibration,calibration,harvest_post_14,928,2024-12-31,0
219,19.31491906635408,0.9032718706965284,16.74141480484978,4.999600096343932,0.1000708849749946,0.6210045662100456,尖椒,30,harvest_market_price,same_season_median,calibration,calibration,harvest_post_14,928,2024-12-31,0
219,22.34180535070019,1.0448257248470063,23.515536705899223,5.783099157709429,-0.4134309103382996,0.5342465753424658,尖椒,30,harvest_market_price,linear,calibration,calibration,harvest_post_14,928,2024-12-31,0
219,21.08222882900892,0.9859209975155104,21.49767435411998,5.457062125011214,-0.317975636537167,0.5342465753424658,尖椒,30,harvest_market_price,elasticnet,calibration,calibration,harvest_post_14,928,2024-12-31,0
219,18.532293372574927,0.8666719878781478,16.311987450686342,4.797020138303338,0.1637155620041763,0.639269406392694,尖椒,30,harvest_market_price,extra_trees,calibration,calibration,harvest_post_14,928,2024-12-31,0
219,18.54269123959469,0.8671582493406954,17.019017812045618,4.799711590272419,-0.2143106774239863,0.6118721461187214,尖椒,30,harvest_market_price,catboost,calibration,calibration,harvest_post_14,928,2024-12-31,0
219,26.71217926249012,0.489882800608828,28.05116687145939,6.045278969174434,-0.2259852866565195,0.0,甘蓝,30,harvest_market_price,last_value,calibration,calibration,harvest_post_14,928,2024-12-31,0
219,61.25798475809279,1.1234288613466694,51.40446141819075,13.863399287385016,0.6130402261361164,0.4292237442922374,甘蓝,30,harvest_market_price,seasonal_naive,calibration,calibration,harvest_post_14,928,2024-12-31,0
219,38.33527011340403,0.7030422078524046,36.0178327983506,8.675720536197803,0.2784232327128815,0.4474885844748858,甘蓝,30,harvest_market_price,same_season_mean,calibration,calibration,harvest_post_14,928,2024-12-31,0
219,38.917861817252266,0.7137265347539319,36.68071878148279,8.807567860981028,0.0745626585489599,0.3972602739726027,甘蓝,30,harvest_market_price,same_season_median,calibration,calibration,harvest_post_14,928,2024-12-31,0
219,25.36255904613416,0.4651317039330445,25.735975994005084,5.739844110036371,0.2935459467689756,0.5525114155251142,甘蓝,30,harvest_market_price,linear,calibration,calibration,harvest_post_14,928,2024-12-31,0
219,24.827221037938045,0.4553139769647427,25.97977842254131,5.61869084992434,0.1987847406098916,0.4977168949771689,甘蓝,30,harvest_market_price,elasticnet,calibration,calibration,harvest_post_14,928,2024-12-31,0
219,20.994780528196124,0.3850296818636143,23.918370028387947,4.751364684339329,0.3184249509473478,0.5388127853881278,甘蓝,30,harvest_market_price,extra_trees,calibration,calibration,harvest_post_14,928,2024-12-31,0
219,26.722954055480137,0.4900804028229364,26.982962447753128,6.047717431001891,0.1231553422833368,0.589041095890411,甘蓝,30,harvest_market_price,catboost,calibration,calibration,harvest_post_14,928,2024-12-31,0
219,14.839660769900624,1.2201904399507135,14.359839490706314,4.232586954925579,-0.0069703921142279,0.0,芸豆,30,harvest_market_price,last_value,calibration,calibration,harvest_post_14,928,2024-12-31,0
219,26.050949603273217,2.142038160469667,24.373765691206874,7.430285042491325,0.7697093933463794,0.6621004566210046,芸豆,30,harvest_market_price,seasonal_naive,calibration,calibration,harvest_post_14,928,2024-12-31,0
219,20.328580148374236,1.6715165891884611,18.57460888190033,5.798143534567069,0.5904473046080015,0.6757990867579908,芸豆,30,harvest_market_price,same_season_mean,calibration,calibration,harvest_post_14,928,2024-12-31,0
219,18.23514918962977,1.4993843226788437,17.000029294319862,5.201052488861278,0.226636913821845,0.7077625570776256,芸豆,30,harvest_market_price,same_season_median,calibration,calibration,harvest_post_14,928,2024-12-31,0
219,14.67359173609267,1.2065354211085495,13.41005651716554,4.18522053348161,0.8087514549874243,0.6118721461187214,芸豆,30,harvest_market_price,linear,calibration,calibration,harvest_post_14,928,2024-12-31,0
219,14.249714545068882,1.171682138124517,13.13950873647454,4.064321740912391,0.7652699864390902,0.6301369863013698,芸豆,30,harvest_market_price,elasticnet,calibration,calibration,harvest_post_14,928,2024-12-31,0
219,17.236860902144077,1.4173001131007177,15.808679726136749,4.916319431388883,0.5342916903619451,0.7031963470319634,芸豆,30,harvest_market_price,extra_trees,calibration,calibration,harvest_post_14,928,2024-12-31,0
219,15.357332513304708,1.2627559757893414,14.479092921275036,4.380237949246817,0.2676807958037565,0.7351598173515982,芸豆,30,harvest_market_price,catboost,calibration,calibration,harvest_post_14,928,2024-12-31,0
219,19.515145287137724,0.6430673334782924,18.536673021299077,5.49220027763384,-0.1194227730666086,0.0,芹菜,30,harvest_market_price,last_value,calibration,calibration,harvest_post_14,928,2024-12-31,0
219,54.84870879437032,1.8073866420236284,42.68451707756019,15.43622090617195,1.448797093571066,0.547945205479452,芹菜,30,harvest_market_price,seasonal_naive,calibration,calibration,harvest_post_14,928,2024-12-31,0
219,27.98104303016652,0.9220374465369748,26.300676466412742,7.874780845216285,0.3514687284650121,0.5570776255707762,芹菜,30,harvest_market_price,same_season_mean,calibration,calibration,harvest_post_14,928,2024-12-31,0
219,22.960750459878568,0.7566076683336959,21.77593091114148,6.461906288422112,0.1248694643763136,0.5799086757990868,芹菜,30,harvest_market_price,same_season_median,calibration,calibration,harvest_post_14,928,2024-12-31,0
219,14.458974701977738,0.4764552950860792,13.803806965574264,4.0692284737865805,-0.0894744107230495,0.7671232876712328,芹菜,30,harvest_market_price,linear,calibration,calibration,harvest_post_14,928,2024-12-31,0
219,17.15717721700825,0.5653670541837018,16.760058538885392,4.828590927107901,-0.1740609894669199,0.7031963470319634,芹菜,30,harvest_market_price,elasticnet,calibration,calibration,harvest_post_14,928,2024-12-31,0
219,19.608764086263268,0.6461522806119826,19.00009203565105,5.518547670235009,-0.0615246516886815,0.6529680365296804,芹菜,30,harvest_market_price,extra_trees,calibration,calibration,harvest_post_14,928,2024-12-31,0
219,20.020284104962055,0.6597127782256994,19.35972637030835,5.63436286544337,-0.1230173539540475,0.6255707762557078,芹菜,30,harvest_market_price,catboost,calibration,calibration,harvest_post_14,928,2024-12-31,0
219,25.32487806253602,0.8774481409001957,24.79958491785061,5.779411870218,-0.2949044719866637,0.0,茄子,30,harvest_market_price,last_value,calibration,calibration,harvest_post_14,928,2024-12-31,0
219,41.99703736535712,1.4550996955859972,37.01550361530963,9.58417946431874,0.6595380517503805,0.4840182648401826,茄子,30,harvest_market_price,seasonal_naive,calibration,calibration,harvest_post_14,928,2024-12-31,0
219,33.68502185296432,1.1671076847074937,30.45609969519089,7.68728736481346,0.4489813487880789,0.502283105022831,茄子,30,harvest_market_price,same_season_mean,calibration,calibration,harvest_post_14,928,2024-12-31,0
219,33.92323980657693,1.1753613829093283,30.984792365142084,7.741651285753497,0.3508032905704139,0.5159817351598174,茄子,30,harvest_market_price,same_season_median,calibration,calibration,harvest_post_14,928,2024-12-31,0
219,20.00469021385502,0.6931160021417166,18.944519711844944,4.565287295618668,-0.2596640283004162,0.6757990867579908,茄子,30,harvest_market_price,linear,calibration,calibration,harvest_post_14,928,2024-12-31,0
219,20.67043824494908,0.7161826234596538,19.07413152531863,4.717218217614743,-0.1642502949132785,0.7214611872146118,茄子,30,harvest_market_price,elasticnet,calibration,calibration,harvest_post_14,928,2024-12-31,0
219,25.93964941069501,0.8987485386825177,25.581894942844723,5.919709360229457,0.3830707375795831,0.6210045662100456,茄子,30,harvest_market_price,extra_trees,calibration,calibration,harvest_post_14,928,2024-12-31,0
219,23.776531256052554,0.82380152418351,23.64290529425439,5.426062334219935,0.1582292908811517,0.5844748858447488,茄子,30,harvest_market_price,catboost,calibration,calibration,harvest_post_14,928,2024-12-31,0
219,16.2876115749116,0.8444535043850114,16.114793335704523,6.482348447871031,-0.3660066681162572,0.0,西红柿,30,harvest_market_price,last_value,calibration,calibration,harvest_post_14,928,2024-12-31,0
219,19.399727821368412,1.0058054287163876,17.012297993803465,7.720947602021293,0.3031184677828512,0.7808219178082192,西红柿,30,harvest_market_price,seasonal_naive,calibration,calibration,harvest_post_14,928,2024-12-31,0
219,16.55504491526729,0.8583189517782076,15.479209614262052,6.588784931255371,-0.3564415213652403,0.7945205479452054,西红柿,30,harvest_market_price,same_season_mean,calibration,calibration,harvest_post_14,928,2024-12-31,0
219,16.6297906205736,0.862194245125752,16.105468828265497,6.618533166872907,-0.4558696818148873,0.7123287671232876,西红柿,30,harvest_market_price,same_season_median,calibration,calibration,harvest_post_14,928,2024-12-31,0
219,15.293191009539376,0.7928964097552141,15.704010645358538,6.0865764478559425,-0.694114028258856,0.5388127853881278,西红柿,30,harvest_market_price,linear,calibration,calibration,harvest_post_14,928,2024-12-31,0
219,11.239567854980695,0.5827307717438055,10.789963464115765,4.473264536324178,-0.4599051327107685,0.8036529680365296,西红柿,30,harvest_market_price,elasticnet,calibration,calibration,harvest_post_14,928,2024-12-31,0
219,13.130480260020429,0.6807677122477453,12.678917611417742,5.225833630785525,-0.5483856575208409,0.7168949771689498,西红柿,30,harvest_market_price,extra_trees,calibration,calibration,harvest_post_14,928,2024-12-31,0
219,14.622569276360382,0.7581271085537994,13.876505693992044,5.819673978381684,-0.5698801987646833,0.6986301369863014,西红柿,30,harvest_market_price,catboost,calibration,calibration,harvest_post_14,928,2024-12-31,0
219,19.52753555361668,0.9530513155033702,18.51393427040427,4.827224180262398,0.0333303616728274,0.0,青椒,30,harvest_market_price,last_value,calibration,calibration,harvest_post_14,928,2024-12-31,0
219,41.0927989458865,2.005554975719359,31.67954725789467,10.158176497059587,1.5788294556787708,0.5981735159817352,青椒,30,harvest_market_price,seasonal_naive,calibration,calibration,harvest_post_14,928,2024-12-31,0
219,21.995361172177024,1.0734948013566703,17.537082943607327,5.437272871039412,0.6606772158072898,0.7214611872146118,青椒,30,harvest_market_price,same_season_mean,calibration,calibration,harvest_post_14,928,2024-12-31,0
219,20.23875565159527,0.9877627745161992,16.925538225766946,5.003038421902068,0.4127824164673481,0.7168949771689498,青椒,30,harvest_market_price,same_season_median,calibration,calibration,harvest_post_14,928,2024-12-31,0
219,20.138616523854115,0.9828754333990868,21.21300838848981,4.978283940339598,0.0586232944961194,0.54337899543379,青椒,30,harvest_market_price,linear,calibration,calibration,harvest_post_14,928,2024-12-31,0
219,20.31388956612488,0.9914297234706514,20.838514422658147,5.021611592488765,0.1765796077483321,0.5159817351598174,青椒,30,harvest_market_price,elasticnet,calibration,calibration,harvest_post_14,928,2024-12-31,0
219,19.858124725170832,0.9691858883467158,17.03372297945779,4.908946117896434,0.3675796059358017,0.634703196347032,青椒,30,harvest_market_price,extra_trees,calibration,calibration,harvest_post_14,928,2024-12-31,0
219,18.674717717125908,0.9114291067653232,16.935573024928843,4.616406851554226,0.1856643336434574,0.6666666666666666,青椒,30,harvest_market_price,catboost,calibration,calibration,harvest_post_14,928,2024-12-31,0
219,27.328870762844087,1.4842155903457273,25.08750424807874,9.486126946018263,-0.3745053634848155,0.0,韭菜,30,harvest_market_price,last_value,calibration,calibration,harvest_post_14,928,2024-12-31,0
219,24.98184506555691,1.356749945640357,21.640265791541292,8.671450631609282,-0.1725722983257229,0.8904109589041096,韭菜,30,harvest_market_price,seasonal_naive,calibration,calibration,harvest_post_14,928,2024-12-31,0
219,16.839589718151572,0.9145486402126451,14.303751020403702,5.8451915987115415,-0.4470930025256091,0.9178082191780822,韭菜,30,harvest_market_price,same_season_mean,calibration,calibration,harvest_post_14,928,2024-12-31,0
219,19.453797397584427,1.056524787997391,17.233449461282184,6.7526094765139355,-0.5678386968181488,0.863013698630137,韭菜,30,harvest_market_price,same_season_median,calibration,calibration,harvest_post_14,928,2024-12-31,0
219,16.803347847640133,0.9125803646222208,14.70993405744866,5.832611679569764,-0.5144660540930047,0.8127853881278538,韭菜,30,harvest_market_price,linear,calibration,calibration,harvest_post_14,928,2024-12-31,0
219,15.449007410414918,0.8390268977040684,13.463997486994137,5.362506440786481,-0.3965569669966025,0.8401826484018264,韭菜,30,harvest_market_price,elasticnet,calibration,calibration,harvest_post_14,928,2024-12-31,0
219,19.70864614802928,1.07036548020428,17.307418682954744,6.841070050671315,-0.6102570837956082,0.908675799086758,韭菜,30,harvest_market_price,extra_trees,calibration,calibration,harvest_post_14,928,2024-12-31,0
219,18.66636968443517,1.0137600320633342,15.827727956557403,6.479285367641414,-0.674788806776731,0.9360730593607306,韭菜,30,harvest_market_price,catboost,calibration,calibration,harvest_post_14,928,2024-12-31,0
219,27.989105859137684,1.3948813147785752,27.51624766854517,6.881612447044914,-0.3502333478292383,0.0,黄瓜,30,harvest_market_price,last_value,calibration,calibration,harvest_post_14,928,2024-12-31,0
219,37.266470097064875,1.8572334203087628,33.030193880952275,9.162615117755312,-0.3159400956729724,0.7853881278538812,黄瓜,30,harvest_market_price,seasonal_naive,calibration,calibration,harvest_post_14,928,2024-12-31,0
219,25.307295850934327,1.2612290756161095,22.649717617777355,6.222242432656379,-0.637489973480166,0.776255707762557,黄瓜,30,harvest_market_price,same_season_mean,calibration,calibration,harvest_post_14,928,2024-12-31,0
219,27.307638136180096,1.360919294049431,25.12875609605949,6.7140616582428025,-0.8497310647242154,0.7077625570776256,黄瓜,30,harvest_market_price,same_season_median,calibration,calibration,harvest_post_14,928,2024-12-31,0
219,27.862582878538824,1.3885758421273355,27.691842932090687,6.850504553762853,-0.7306653474897505,0.6666666666666666,黄瓜,30,harvest_market_price,linear,calibration,calibration,harvest_post_14,928,2024-12-31,0
219,26.039325840826137,1.2977109468090142,24.12945533733716,6.402224841362194,-0.5380230303470448,0.7625570776255708,黄瓜,30,harvest_market_price,elasticnet,calibration,calibration,harvest_post_14,928,2024-12-31,0
219,25.9128417109774,1.2914074103462934,23.719219980356716,6.371126500218276,-0.8842680493654969,0.7579908675799086,黄瓜,30,harvest_market_price,extra_trees,calibration,calibration,harvest_post_14,928,2024-12-31,0
219,25.562816308054956,1.2739633413327431,22.798097321715005,6.2850666174318945,-0.9121802042022756,0.7579908675799086,黄瓜,30,harvest_market_price,catboost,calibration,calibration,harvest_post_14,928,2024-12-31,0
144,5.200541758425759,0.1135925925925924,5.187490386747783,4.122990397805209,0.0124212962962963,0.0069444444444444,土豆,30,harvest_market_price,last_value,retrospective_audit_reused,reused_retrospective,harvest_post_14,1177,2025-12-31,0
144,15.532585796332702,0.3392697861552027,17.57257755966513,12.314236682670323,-0.2142626212522046,0.3888888888888889,土豆,30,harvest_market_price,seasonal_naive,retrospective_audit_reused,reused_retrospective,harvest_post_14,1177,2025-12-31,0
144,11.908514079031134,0.2601111674511412,11.410665687054085,9.441072003782166,0.1341038586135006,0.5416666666666666,土豆,30,harvest_market_price,same_season_mean,retrospective_audit_reused,reused_retrospective,harvest_post_14,1177,2025-12-31,0
144,9.87055873606657,0.2155972222222221,9.794989518908542,7.825380658436214,0.0517268518518518,0.5347222222222222,土豆,30,harvest_market_price,same_season_median,retrospective_audit_reused,reused_retrospective,harvest_post_14,1177,2025-12-31,0
144,8.789735459860077,0.1919893898497965,8.94104175798158,6.968503779733355,-0.0222788402121248,0.4791666666666667,土豆,30,harvest_market_price,linear,retrospective_audit_reused,reused_retrospective,harvest_post_14,1177,2025-12-31,0
144,7.611078625158759,0.166244632505279,7.623720453311497,6.034064439080499,0.0107329317171924,0.5208333333333334,土豆,30,harvest_market_price,elasticnet,retrospective_audit_reused,reused_retrospective,harvest_post_14,1177,2025-12-31,0
144,10.29449598693778,0.224857051997652,10.721677372378556,8.161478183618481,-0.0676330812451838,0.4236111111111111,土豆,30,harvest_market_price,extra_trees,retrospective_audit_reused,reused_retrospective,harvest_post_14,1177,2025-12-31,0
144,8.500948743081018,0.1856815793583053,8.77409403188188,6.739553621153305,-0.0612260279700165,0.4166666666666667,土豆,30,harvest_market_price,catboost,retrospective_audit_reused,reused_retrospective,harvest_post_14,1177,2025-12-31,0
144,29.15469974202692,1.5278571979717812,23.023934503534647,9.122461742561,1.2426767526455027,0.0,尖椒,30,harvest_market_price,last_value,retrospective_audit_reused,reused_retrospective,harvest_post_14,1177,2025-12-31,0
144,23.33612065960278,1.222933531746032,20.298231299370865,7.301837090441377,-1.153442791005291,0.8541666666666666,尖椒,30,harvest_market_price,seasonal_naive,retrospective_audit_reused,reused_retrospective,harvest_post_14,1177,2025-12-31,0
144,15.056306523892037,0.7890284071160405,13.794177829877857,4.711095688304547,-0.4307156633658792,0.7916666666666666,尖椒,30,harvest_market_price,same_season_mean,retrospective_audit_reused,reused_retrospective,harvest_post_14,1177,2025-12-31,0
144,14.938959258456576,0.7828788029100529,12.79161378154154,4.674377905271234,-0.6773232473544973,0.8611111111111112,尖椒,30,harvest_market_price,same_season_median,retrospective_audit_reused,reused_retrospective,harvest_post_14,1177,2025-12-31,0
144,16.06072002301082,0.8416648742361771,14.872065752919314,5.02537516298611,0.0763645438026462,0.75,尖椒,30,harvest_market_price,linear,retrospective_audit_reused,reused_retrospective,harvest_post_14,1177,2025-12-31,0
144,15.222171559126409,0.7977205936320062,13.833623747329764,4.762994608607023,-0.0081978403536935,0.7986111111111112,尖椒,30,harvest_market_price,elasticnet,retrospective_audit_reused,reused_retrospective,harvest_post_14,1177,2025-12-31,0
144,15.17355959583491,0.7951730750953846,13.95499311754741,4.747783998335562,-0.0855009831490473,0.7430555555555556,尖椒,30,harvest_market_price,extra_trees,retrospective_audit_reused,reused_retrospective,harvest_post_14,1177,2025-12-31,0
144,18.235864265207375,0.9556536930706336,15.904664096573631,5.705974528082175,-0.5823768236266731,0.7569444444444444,尖椒,30,harvest_market_price,catboost,retrospective_audit_reused,reused_retrospective,harvest_post_14,1177,2025-12-31,0
144,27.37214326532952,0.4483621031746032,24.98180632635413,6.035643696581197,0.2089210758377425,0.0,甘蓝,30,harvest_market_price,last_value,retrospective_audit_reused,reused_retrospective,harvest_post_14,1177,2025-12-31,0
144,22.118443907826485,0.3623052799823633,23.54306211341489,4.8771864613010445,-0.2948413249559083,0.5694444444444444,甘蓝,30,harvest_market_price,seasonal_naive,retrospective_audit_reused,reused_retrospective,harvest_post_14,1177,2025-12-31,0
144,24.89805848646463,0.4078360163376548,23.696826676643745,5.490100219929968,0.246827781584433,0.5833333333333334,甘蓝,30,harvest_market_price,same_season_mean,retrospective_audit_reused,reused_retrospective,harvest_post_14,1177,2025-12-31,0
144,21.0804495352267,0.3453026895943563,20.385837985360393,4.648305436847104,0.1660738536155203,0.5625,甘蓝,30,harvest_market_price,same_season_median,retrospective_audit_reused,reused_retrospective,harvest_post_14,1177,2025-12-31,0
144,19.46218309418887,0.3187951071238366,18.527895796401015,4.291472595897801,0.1255720449749591,0.7083333333333334,甘蓝,30,harvest_market_price,linear,retrospective_audit_reused,reused_retrospective,harvest_post_14,1177,2025-12-31,0
144,19.04600730438401,0.3119780504323495,17.929533322636992,4.1997045250508585,0.1326026464328752,0.6736111111111112,甘蓝,30,harvest_market_price,elasticnet,retrospective_audit_reused,reused_retrospective,harvest_post_14,1177,2025-12-31,0
144,26.48907841181788,0.43389729451413,25.40695219883664,5.840925118459443,0.1942742635863659,0.4513888888888889,甘蓝,30,harvest_market_price,extra_trees,retrospective_audit_reused,reused_retrospective,harvest_post_14,1177,2025-12-31,0
144,17.85979055508575,0.2925475428765172,17.253033162555127,3.938140000260809,0.1577499954063587,0.625,甘蓝,30,harvest_market_price,catboost,retrospective_audit_reused,reused_retrospective,harvest_post_14,1177,2025-12-31,0
144,11.69001480362215,0.9603156966490298,11.819467232914782,3.428657657596876,0.4661349206349207,0.0,芸豆,30,harvest_market_price,last_value,retrospective_audit_reused,reused_retrospective,harvest_post_14,1177,2025-12-31,0
144,10.678596541906924,0.8772293320105818,10.774455916187732,3.132010730598227,-0.3684375551146381,0.6944444444444444,芸豆,30,harvest_market_price,seasonal_naive,retrospective_audit_reused,reused_retrospective,harvest_post_14,1177,2025-12-31,0
144,11.103940758593144,0.9121706673830654,10.426998381850266,3.256763327592704,0.510821020996605,0.6458333333333334,芸豆,30,harvest_market_price,same_season_mean,retrospective_audit_reused,reused_retrospective,harvest_post_14,1177,2025-12-31,0
144,11.169781352846352,0.917579365079365,10.590652351957726,3.2760742404922376,0.4025238095238095,0.6944444444444444,芸豆,30,harvest_market_price,same_season_median,retrospective_audit_reused,reused_retrospective,harvest_post_14,1177,2025-12-31,0
144,9.653618274325632,0.7930290349521504,9.340856374844211,2.831386681352021,0.6083220857105496,0.7222222222222222,芸豆,30,harvest_market_price,linear,retrospective_audit_reused,reused_retrospective,harvest_post_14,1177,2025-12-31,0
144,9.656054958541482,0.7932292045960359,9.287576118927747,2.832101355895738,0.6417933863028176,0.7291666666666666,芸豆,30,harvest_market_price,elasticnet,retrospective_audit_reused,reused_retrospective,harvest_post_14,1177,2025-12-31,0
144,17.362104742782048,1.4262686567507177,14.325368320223452,5.0922701449354655,1.183995076096349,0.7013888888888888,芸豆,30,harvest_market_price,extra_trees,retrospective_audit_reused,reused_retrospective,harvest_post_14,1177,2025-12-31,0
144,7.677674895828335,0.63070850123711,7.573824376444356,2.251846491756759,0.2546545561969338,0.7361111111111112,芸豆,30,harvest_market_price,catboost,retrospective_audit_reused,reused_retrospective,harvest_post_14,1177,2025-12-31,0
144,14.169876729968063,0.4901164572310404,12.685854647435574,4.409923134687861,0.2601659501763668,0.0,芹菜,30,harvest_market_price,last_value,retrospective_audit_reused,reused_retrospective,harvest_post_14,1177,2025-12-31,0
144,22.944477679026196,0.7936177799823633,25.54812077134131,7.140738402901753,-0.7276177799823633,0.6666666666666666,芹菜,30,harvest_market_price,seasonal_naive,retrospective_audit_reused,reused_retrospective,harvest_post_14,1177,2025-12-31,0
144,12.658582076463272,0.4378428633583822,12.42167630382438,3.939580775129743,-0.07853324636549,0.6041666666666666,芹菜,30,harvest_market_price,same_season_mean,retrospective_audit_reused,reused_retrospective,harvest_post_14,1177,2025-12-31,0
144,15.261142361603472,0.5278618276014109,15.827159957738049,4.749544829833658,-0.4187923831569665,0.6388888888888888,芹菜,30,harvest_market_price,same_season_median,retrospective_audit_reused,reused_retrospective,harvest_post_14,1177,2025-12-31,0
144,9.75902756031898,0.3375512790289744,9.227619967482363,3.0371867187304815,-0.0264294703381582,0.7638888888888888,芹菜,30,harvest_market_price,linear,retrospective_audit_reused,reused_retrospective,harvest_post_14,1177,2025-12-31,0
144,10.230170437184386,0.353847460150335,9.644492202664818,3.1838149436633048,0.0086260163000602,0.7083333333333334,芹菜,30,harvest_market_price,elasticnet,retrospective_audit_reused,reused_retrospective,harvest_post_14,1177,2025-12-31,0
144,12.159806371972152,0.4205909009103888,11.39325010696322,3.784352712093475,0.251533936548186,0.6527777777777778,芹菜,30,harvest_market_price,extra_trees,retrospective_audit_reused,reused_retrospective,harvest_post_14,1177,2025-12-31,0
144,9.66998842769478,0.3344715384590086,9.240972033274504,3.009476122630406,0.0608451186660436,0.6180555555555556,芹菜,30,harvest_market_price,catboost,retrospective_audit_reused,reused_retrospective,harvest_post_14,1177,2025-12-31,0
144,23.739628711436165,0.8620559964726631,19.88903112640913,6.2172074809999485,0.7488436948853615,0.0,茄子,30,harvest_market_price,last_value,retrospective_audit_reused,reused_retrospective,harvest_post_14,1177,2025-12-31,0
144,24.760910551553874,0.8991417548500882,25.75661392902025,6.484672535899078,-0.8988084215167549,0.8333333333333334,茄子,30,harvest_market_price,seasonal_naive,retrospective_audit_reused,reused_retrospective,harvest_post_14,1177,2025-12-31,0
144,16.855915375616565,0.612088044940066,16.294694796213534,4.414421322516359,0.0320619509602212,0.7222222222222222,茄子,30,harvest_market_price,same_season_mean,retrospective_audit_reused,reused_retrospective,harvest_post_14,1177,2025-12-31,0
144,17.85625279459043,0.6484132495590829,17.95225638602816,4.676401211097028,-0.0298368606701939,0.7569444444444444,茄子,30,harvest_market_price,same_season_median,retrospective_audit_reused,reused_retrospective,harvest_post_14,1177,2025-12-31,0
144,17.441514900696866,0.6333528923504146,16.00641236596624,4.567784873077931,0.5433128158374356,0.6458333333333334,茄子,30,harvest_market_price,linear,retrospective_audit_reused,reused_retrospective,harvest_post_14,1177,2025-12-31,0
144,14.760130423776872,0.5359839067072621,13.772962933734537,3.865553012926163,0.4071765885114569,0.7291666666666666,茄子,30,harvest_market_price,elasticnet,retrospective_audit_reused,reused_retrospective,harvest_post_14,1177,2025-12-31,0
144,21.48615724784129,0.7802257955169014,21.074227135677077,5.627042410939997,0.3559386635068082,0.5902777777777778,茄子,30,harvest_market_price,extra_trees,retrospective_audit_reused,reused_retrospective,harvest_post_14,1177,2025-12-31,0
144,15.183930664497634,0.5513733444807305,15.159492882462969,3.976542702743401,-0.0147759902099252,0.7152777777777778,茄子,30,harvest_market_price,catboost,retrospective_audit_reused,reused_retrospective,harvest_post_14,1177,2025-12-31,0
144,20.774197793732373,0.9834417989417992,17.100203826816696,7.992588497274056,0.9004864417989419,0.0,西红柿,30,harvest_market_price,last_value,retrospective_audit_reused,reused_retrospective,harvest_post_14,1177,2025-12-31,0
144,14.297420553825768,0.6768338844797179,12.933804372723529,5.500737029358316,-0.2148291446208113,0.8541666666666666,西红柿,30,harvest_market_price,seasonal_naive,retrospective_audit_reused,reused_retrospective,harvest_post_14,1177,2025-12-31,0
144,10.500264428322552,0.4970781082035144,9.098870525969671,4.039833139235197,-0.10392188424564,0.8611111111111112,西红柿,30,harvest_market_price,same_season_mean,retrospective_audit_reused,reused_retrospective,harvest_post_14,1177,2025-12-31,0
144,11.775466885320274,0.5574456569664902,10.470745219472375,4.530449845145767,-0.101666335978836,0.8541666666666666,西红柿,30,harvest_market_price,same_season_median,retrospective_audit_reused,reused_retrospective,harvest_post_14,1177,2025-12-31,0
144,9.54155391478437,0.4516931551256699,9.09008179837938,3.6709823802887898,0.0807831782224332,0.8402777777777778,西红柿,30,harvest_market_price,linear,retrospective_audit_reused,reused_retrospective,harvest_post_14,1177,2025-12-31,0
144,8.18379423594798,0.3874173821527007,7.502636654238623,3.148602912312205,0.0215263398333146,0.9097222222222222,西红柿,30,harvest_market_price,elasticnet,retrospective_audit_reused,reused_retrospective,harvest_post_14,1177,2025-12-31,0
144,10.089393198720243,0.477627636749188,8.981690880107028,3.881756052640256,0.1856425138382313,0.8055555555555556,西红柿,30,harvest_market_price,extra_trees,retrospective_audit_reused,reused_retrospective,harvest_post_14,1177,2025-12-31,0
144,10.489660362372986,0.4965761161748891,9.262097850385535,4.035753369880233,-0.1507795765413468,0.8055555555555556,西红柿,30,harvest_market_price,catboost,retrospective_audit_reused,reused_retrospective,harvest_post_14,1177,2025-12-31,0
144,29.706532908821625,1.5477363315696648,23.112556612872936,8.637708456368289,1.1694959215167549,0.0,青椒,30,harvest_market_price,last_value,retrospective_audit_reused,reused_retrospective,harvest_post_14,1177,2025-12-31,0
144,20.41014631411013,1.0633864638447972,17.02329490278988,5.9346169394527415,-0.7513031305114638,0.7291666666666666,青椒,30,harvest_market_price,seasonal_naive,retrospective_audit_reused,reused_retrospective,harvest_post_14,1177,2025-12-31,0
144,11.055048225452628,0.5759776759645594,10.9221846318332,3.214454000257792,0.1431325942855405,0.7430555555555556,青椒,30,harvest_market_price,same_season_mean,retrospective_audit_reused,reused_retrospective,harvest_post_14,1177,2025-12-31,0
144,10.709508562756422,0.5579747574955909,10.002977417647267,3.1139821318091068,-0.0490457451499117,0.7569444444444444,青椒,30,harvest_market_price,same_season_median,retrospective_audit_reused,reused_retrospective,harvest_post_14,1177,2025-12-31,0
144,14.22527626416642,0.7411493279354663,13.220841718906517,4.136254791439391,0.4156099182636625,0.7013888888888888,青椒,30,harvest_market_price,linear,retrospective_audit_reused,reused_retrospective,harvest_post_14,1177,2025-12-31,0
144,13.832651967570138,0.7206932588827699,12.792852467443746,4.022092219277418,0.3802807857798425,0.6944444444444444,青椒,30,harvest_market_price,elasticnet,retrospective_audit_reused,reused_retrospective,harvest_post_14,1177,2025-12-31,0
144,11.588167446002355,0.6037536533643953,12.27136646497748,3.3694679971361476,0.2693821298773304,0.7222222222222222,青椒,30,harvest_market_price,extra_trees,retrospective_audit_reused,reused_retrospective,harvest_post_14,1177,2025-12-31,0
144,13.12278281447265,0.6837084554968688,12.876352962856703,3.815685002203482,-0.0172836628118455,0.6736111111111112,青椒,30,harvest_market_price,catboost,retrospective_audit_reused,reused_retrospective,harvest_post_14,1177,2025-12-31,0
144,29.497101731408662,1.4732147817460317,30.030280711469057,9.555987773487772,0.5254220127865961,0.0,韭菜,30,harvest_market_price,last_value,retrospective_audit_reused,reused_retrospective,harvest_post_14,1177,2025-12-31,0
144,17.039002250993374,0.8510025903880073,16.839376207621935,5.520016802516804,-0.7671312279541448,0.8611111111111112,韭菜,30,harvest_market_price,seasonal_naive,retrospective_audit_reused,reused_retrospective,harvest_post_14,1177,2025-12-31,0
144,15.277490201775905,0.7630249438801925,14.952798466617615,4.949350987330978,-0.7038852094520942,0.9236111111111112,韭菜,30,harvest_market_price,same_season_mean,retrospective_audit_reused,reused_retrospective,harvest_post_14,1177,2025-12-31,0
144,17.191652183977148,0.8586265983245149,17.329496982952154,5.569469826969827,-0.7777029872134038,0.8888888888888888,韭菜,30,harvest_market_price,same_season_median,retrospective_audit_reused,reused_retrospective,harvest_post_14,1177,2025-12-31,0
144,17.02594408811413,0.8503504083956434,17.178110176365035,5.515786432836605,-0.5781536884984855,0.9444444444444444,韭菜,30,harvest_market_price,linear,retrospective_audit_reused,reused_retrospective,harvest_post_14,1177,2025-12-31,0
144,16.99938505407539,0.8490239336154751,17.351562454589338,5.507182272100379,-0.4993280146115213,0.9583333333333334,韭菜,30,harvest_market_price,elasticnet,retrospective_audit_reused,reused_retrospective,harvest_post_14,1177,2025-12-31,0
144,16.04747412325291,0.8014813219052523,16.25081255345158,5.198797763709745,-0.2182300825393448,0.9583333333333334,韭菜,30,harvest_market_price,extra_trees,retrospective_audit_reused,reused_retrospective,harvest_post_14,1177,2025-12-31,0
144,18.13006643401723,0.9054951265327654,18.29872245535308,5.873481901834154,-0.4963360085043907,0.9652777777777778,韭菜,30,harvest_market_price,catboost,retrospective_audit_reused,reused_retrospective,harvest_post_14,1177,2025-12-31,0
144,35.97153314395638,1.6442437720458554,34.964109362350065,8.241542391637227,0.4052917217813052,0.0,黄瓜,30,harvest_market_price,last_value,retrospective_audit_reused,reused_retrospective,harvest_post_14,1177,2025-12-31,0
144,28.22041141939913,1.2899432319223985,27.23129166187726,6.465660390165973,-0.8455335097001764,0.7083333333333334,黄瓜,30,harvest_market_price,seasonal_naive,retrospective_audit_reused,reused_retrospective,harvest_post_14,1177,2025-12-31,0
144,19.215452974145315,0.8783303384189156,18.25612970085112,4.402508217460766,-0.6401959554976653,0.7708333333333334,黄瓜,30,harvest_market_price,same_season_mean,retrospective_audit_reused,reused_retrospective,harvest_post_14,1177,2025-12-31,0
144,21.161377194632543,0.9672777226631392,20.359121936787584,4.848344565049237,-0.7179027226631394,0.7638888888888888,黄瓜,30,harvest_market_price,same_season_median,retrospective_audit_reused,reused_retrospective,harvest_post_14,1177,2025-12-31,0
144,24.06988347980372,1.100224331477682,22.753841563414547,5.514720884058282,-0.8801968552886161,0.7361111111111112,黄瓜,30,harvest_market_price,linear,retrospective_audit_reused,reused_retrospective,harvest_post_14,1177,2025-12-31,0
144,24.482495919520765,1.1190846739478886,23.665515417235028,5.609255718023685,-0.8081755260452899,0.7430555555555556,黄瓜,30,harvest_market_price,elasticnet,retrospective_audit_reused,reused_retrospective,harvest_post_14,1177,2025-12-31,0
144,16.69971191237374,0.7633368640973209,16.192782651464377,3.8261194790659343,-0.4898192707648376,0.7708333333333334,黄瓜,30,harvest_market_price,extra_trees,retrospective_audit_reused,reused_retrospective,harvest_post_14,1177,2025-12-31,0
144,21.56926846627288,0.9859222625103148,20.62776114174616,4.941797718490028,-0.6690172554412221,0.7638888888888888,黄瓜,30,harvest_market_price,catboost,retrospective_audit_reused,reused_retrospective,harvest_post_14,1177,2025-12-31,0
208,9.51188748804519,0.1822882866634662,9.893261599232853,6.301240994268646,-0.0026760184171789,0.0,土豆,60,cycle_market_average,last_value,calibration,calibration,cycle_market_average,944,2024-12-31,0
208,10.06241010151244,0.1928386452652228,10.254297116888846,6.665939973794178,0.1737133695629465,0.7259615384615384,土豆,60,cycle_market_average,seasonal_naive,calibration,calibration,cycle_market_average,944,2024-12-31,0
208,22.123342312676975,0.4239774882236383,20.7619804075393,14.655820065795124,0.4239774882236383,0.6346153846153846,土豆,60,cycle_market_average,same_season_mean,calibration,calibration,cycle_market_average,944,2024-12-31,0
208,19.187205424769573,0.3677085969674364,18.446959724873057,12.710748054996063,0.3677085969674364,0.625,土豆,60,cycle_market_average,same_season_median,calibration,calibration,cycle_market_average,944,2024-12-31,0
208,8.30098300291842,0.1590821980523162,8.250582481692096,5.499065717131019,0.1393569681453007,0.7740384615384616,土豆,60,cycle_market_average,linear,calibration,calibration,cycle_market_average,944,2024-12-31,0
208,7.779278473112926,0.1490841167038627,7.857466212914297,5.153457553216371,0.1399747239415398,0.7692307692307693,土豆,60,cycle_market_average,elasticnet,calibration,calibration,cycle_market_average,944,2024-12-31,0
208,12.69910943208369,0.2433690372637218,12.902021114923748,8.412646706000357,0.2348082407026507,0.7836538461538461,土豆,60,cycle_market_average,extra_trees,calibration,calibration,cycle_market_average,944,2024-12-31,0
208,15.100395822134148,0.2893879144193595,15.101591885642296,10.00340188040528,0.2893698992528923,0.7836538461538461,土豆,60,cycle_market_average,catboost,calibration,calibration,cycle_market_average,944,2024-12-31,0
208,15.979986218194348,0.723532325931109,15.11095040071254,4.055462335669494,-0.0231252282476991,0.0,尖椒,60,cycle_market_average,last_value,calibration,calibration,cycle_market_average,944,2024-12-31,0
208,34.84510054746128,1.577695769080381,29.38712748412954,8.843123574909647,1.4596897963945303,0.6057692307692307,尖椒,60,cycle_market_average,seasonal_naive,calibration,calibration,cycle_market_average,944,2024-12-31,0
208,19.99653830008313,0.9053913857795852,16.76627161369006,5.074798364183006,0.5520644389757041,0.6153846153846154,尖椒,60,cycle_market_average,same_season_mean,calibration,calibration,cycle_market_average,944,2024-12-31,0
208,16.532281197218886,0.7485388099992067,14.03729278724994,4.195625878680765,0.2274997717523008,0.6778846153846154,尖椒,60,cycle_market_average,same_season_median,calibration,calibration,cycle_market_average,944,2024-12-31,0
208,17.870849209117114,0.8091456975047169,19.30572286176503,4.535332814710817,-0.3493541314511384,0.5288461538461539,尖椒,60,cycle_market_average,linear,calibration,calibration,cycle_market_average,944,2024-12-31,0
208,15.761708201432228,0.7136492635172185,16.351458887783807,4.000066901430914,-0.2269270433799368,0.5721153846153846,尖椒,60,cycle_market_average,elasticnet,calibration,calibration,cycle_market_average,944,2024-12-31,0
208,13.539838911525052,0.6130487853133586,11.378160793383737,3.4361923713177434,0.2084064562602641,0.7692307692307693,尖椒,60,cycle_market_average,extra_trees,calibration,calibration,cycle_market_average,944,2024-12-31,0
208,12.445902564800525,0.5635181850638415,10.83589844994431,3.158568999733729,0.0446655163572711,0.8317307692307693,尖椒,60,cycle_market_average,catboost,calibration,calibration,cycle_market_average,944,2024-12-31,0
208,23.22402189613809,0.3952472010165557,23.674997622059205,4.936663716008106,-0.1816010853460992,0.0,甘蓝,60,cycle_market_average,last_value,calibration,calibration,cycle_market_average,944,2024-12-31,0
208,56.03306357328787,0.953620851752967,46.67838996239724,11.910787592093348,0.7589047607443349,0.5384615384615384,甘蓝,60,cycle_market_average,seasonal_naive,calibration,calibration,cycle_market_average,944,2024-12-31,0
208,36.756535442043145,0.625555634485051,33.82247595072684,7.813231302243749,0.4259528034643785,0.5432692307692307,甘蓝,60,cycle_market_average,same_season_mean,calibration,calibration,cycle_market_average,944,2024-12-31,0
208,34.93236092976516,0.5945101991436595,32.280707552765186,7.425471758840675,0.2042642992692854,0.3701923076923077,甘蓝,60,cycle_market_average,same_season_median,calibration,calibration,cycle_market_average,944,2024-12-31,0
208,23.736670542571886,0.4039719147424577,22.93242854247653,5.045635968240233,0.3547417358771285,0.5721153846153846,甘蓝,60,cycle_market_average,linear,calibration,calibration,cycle_market_average,944,2024-12-31,0
208,19.91537409784566,0.3389376699941906,20.31752209875048,4.233353944430752,0.2100476911360847,0.5673076923076923,甘蓝,60,cycle_market_average,elasticnet,calibration,calibration,cycle_market_average,944,2024-12-31,0
208,22.377077746349364,0.3808331470633511,23.762169653550693,4.756631227559471,0.3151119976114802,0.6394230769230769,甘蓝,60,cycle_market_average,extra_trees,calibration,calibration,cycle_market_average,944,2024-12-31,0
208,23.266634368056405,0.3959724182218026,23.738925608080873,4.9457217269292695,0.1958543043602565,0.6971153846153846,甘蓝,60,cycle_market_average,catboost,calibration,calibration,cycle_market_average,944,2024-12-31,0
208,12.65741674077666,1.032847778227382,12.107792663971448,3.630443770942378,-0.0452126292165127,0.0,芸豆,60,cycle_market_average,last_value,calibration,calibration,cycle_market_average,944,2024-12-31,0
208,19.97271144453665,1.629777312633581,18.733543385196835,5.72864173927787,0.8402157582034504,0.6971153846153846,芸豆,60,cycle_market_average,seasonal_naive,calibration,calibration,cycle_market_average,944,2024-12-31,0
208,16.11536903715686,1.315017388320619,14.517171957158862,4.622265532974295,0.7062958031599567,0.7019230769230769,芸豆,60,cycle_market_average,same_season_mean,calibration,calibration,cycle_market_average,944,2024-12-31,0
208,14.118415394122032,1.1520655652375595,12.74346386632613,4.049492425894657,0.406181601552718,0.7115384615384616,芸豆,60,cycle_market_average,same_season_median,calibration,calibration,cycle_market_average,944,2024-12-31,0
208,10.804057333684742,0.8816132739778012,9.796199213179827,3.0988568561244465,0.5481086537662871,0.6634615384615384,芸豆,60,cycle_market_average,linear,calibration,calibration,cycle_market_average,944,2024-12-31,0
208,10.096007258967555,0.8238362439943114,9.12117813162592,2.8957715002483813,0.5881961834420598,0.7211538461538461,芸豆,60,cycle_market_average,elasticnet,calibration,calibration,cycle_market_average,944,2024-12-31,0
208,10.279327136166664,0.8387951832271519,9.311746104634803,2.9483519374653504,0.3531820525638801,0.7644230769230769,芸豆,60,cycle_market_average,extra_trees,calibration,calibration,cycle_market_average,944,2024-12-31,0
208,9.262411141147826,0.7558146313807845,8.6802268112452,2.6566765968096013,0.214983557755271,0.7740384615384616,芸豆,60,cycle_market_average,catboost,calibration,calibration,cycle_market_average,944,2024-12-31,0
208,15.242827210471969,0.4867458314466897,14.864071407283156,4.194091000130011,-0.156066353662639,0.0,芹菜,60,cycle_market_average,last_value,calibration,calibration,cycle_market_average,944,2024-12-31,0
208,52.77524418491296,1.685260205071376,41.2199932741013,14.521202242162897,1.5847830831669991,0.5817307692307693,芹菜,60,cycle_market_average,seasonal_naive,calibration,calibration,cycle_market_average,944,2024-12-31,0
208,24.81096978412595,0.7922832129381038,23.440515517563043,6.826782436043784,0.4893505144174333,0.5865384615384616,芹菜,60,cycle_market_average,same_season_mean,calibration,calibration,cycle_market_average,944,2024-12-31,0
208,19.80224241912262,0.6323406293146785,18.985802816689752,5.448622198864599,0.2416259540296685,0.6105769230769231,芹菜,60,cycle_market_average,same_season_median,calibration,calibration,cycle_market_average,944,2024-12-31,0
208,14.219996726024933,0.454084011712936,14.408863816046471,3.9126573743174218,-0.2153726874430961,0.6298076923076923,芹菜,60,cycle_market_average,linear,calibration,calibration,cycle_market_average,944,2024-12-31,0
208,14.677406829106031,0.4686903874109672,14.474905710221902,4.038514577197935,-0.1946663240496228,0.6009615384615384,芹菜,60,cycle_market_average,elasticnet,calibration,calibration,cycle_market_average,944,2024-12-31,0
208,18.698127315193577,0.5970831657973086,18.010402738546205,5.144822965523226,0.0656388541118501,0.4951923076923077,芹菜,60,cycle_market_average,extra_trees,calibration,calibration,cycle_market_average,944,2024-12-31,0
208,18.68439624262189,0.5966446944925253,18.167345706519217,5.141044836499007,0.0294507986876188,0.5,芹菜,60,cycle_market_average,catboost,calibration,calibration,cycle_market_average,944,2024-12-31,0
208,21.194389150586662,0.6830627709223653,21.028227448983355,4.57477409786783,-0.180731785308633,0.0,茄子,60,cycle_market_average,last_value,calibration,calibration,cycle_market_average,944,2024-12-31,0
208,38.34498954936036,1.2358004104992208,33.79650925139621,8.276703033386116,0.9117458412855834,0.5576923076923077,茄子,60,cycle_market_average,seasonal_naive,calibration,calibration,cycle_market_average,944,2024-12-31,0
208,32.82322995375238,1.0578425376421612,29.445001256042897,7.084840291168734,0.6913098925216505,0.4903846153846153,茄子,60,cycle_market_average,same_season_mean,calibration,calibration,cycle_market_average,944,2024-12-31,0
208,32.05753427332793,1.0331653360753714,29.12764829090102,6.919566135788886,0.5827778300759824,0.4951923076923077,茄子,60,cycle_market_average,same_season_median,calibration,calibration,cycle_market_average,944,2024-12-31,0
208,16.02653353795697,0.5165106825649697,14.230302739925763,3.459300949281011,0.068194273505065,0.7884615384615384,茄子,60,cycle_market_average,linear,calibration,calibration,cycle_market_average,944,2024-12-31,0
208,16.363358118476356,0.5273660240258473,14.467847889883195,3.532003981934474,0.0699092452024143,0.7884615384615384,茄子,60,cycle_market_average,elasticnet,calibration,calibration,cycle_market_average,944,2024-12-31,0
208,23.0421705058994,0.7426139400384455,21.650508377558157,4.973614669433622,0.4899918162987053,0.6201923076923077,茄子,60,cycle_market_average,extra_trees,calibration,calibration,cycle_market_average,944,2024-12-31,0
208,25.20359062948094,0.8122732073214614,24.224083919200712,5.440153654148707,0.3383111857187897,0.5528846153846154,茄子,60,cycle_market_average,catboost,calibration,calibration,cycle_market_average,944,2024-12-31,0
208,12.67268695878855,0.6294257202470447,12.58360830427744,4.926530994297503,-0.2357320839562568,0.0,西红柿,60,cycle_market_average,last_value,calibration,calibration,cycle_market_average,944,2024-12-31,0
208,13.928845808387363,0.6918164895625534,12.228143366581396,5.414865119999069,0.5110790212400111,0.8894230769230769,西红柿,60,cycle_market_average,seasonal_naive,calibration,calibration,cycle_market_average,944,2024-12-31,0
208,12.73122731716202,0.6323332967817265,12.128587109559152,4.949288669199602,-0.1444673150646683,0.8028846153846154,西红柿,60,cycle_market_average,same_season_mean,calibration,calibration,cycle_market_average,944,2024-12-31,0
208,12.838928007116106,0.6376825636393317,12.763462381367836,4.991157515868939,-0.2860205454947184,0.6971153846153846,西红柿,60,cycle_market_average,same_season_median,calibration,calibration,cycle_market_average,944,2024-12-31,0
208,8.125335534905856,0.4035683346348458,8.339881469733,3.158739538186086,-0.3470662234418672,0.7355769230769231,西红柿,60,cycle_market_average,linear,calibration,calibration,cycle_market_average,944,2024-12-31,0
208,7.300039746317463,0.3625776277833005,7.276800089969783,2.837904241364977,-0.2911406573868808,0.8653846153846154,西红柿,60,cycle_market_average,elasticnet,calibration,calibration,cycle_market_average,944,2024-12-31,0
208,9.077148877292627,0.4508429024136283,8.973708910683657,3.528758773041596,-0.3367163335525382,0.8269230769230769,西红柿,60,cycle_market_average,extra_trees,calibration,calibration,cycle_market_average,944,2024-12-31,0
208,10.51077765017548,0.5220482297347521,10.084340855116254,4.086084666665598,-0.3995223852553108,0.7451923076923077,西红柿,60,cycle_market_average,catboost,calibration,calibration,cycle_market_average,944,2024-12-31,0
208,15.487581774702134,0.7423679479195946,14.65384554923537,3.831288172549134,0.0480352372755621,0.0,青椒,60,cycle_market_average,last_value,calibration,calibration,cycle_market_average,944,2024-12-31,0
208,39.74286916395634,1.9049992861942864,30.599760763523783,9.831514485996124,1.7988423098986968,0.625,青椒,60,cycle_market_average,seasonal_naive,calibration,calibration,cycle_market_average,944,2024-12-31,0
208,21.12154219182297,1.012421187628714,16.221145764109604,5.225006457606596,0.8273089573742822,0.6971153846153846,青椒,60,cycle_market_average,same_season_mean,calibration,calibration,cycle_market_average,944,2024-12-31,0
208,18.09773765673245,0.8674808347524632,13.981540228871117,4.47698351122796,0.5933236988140236,0.75,青椒,60,cycle_market_average,same_season_median,calibration,calibration,cycle_market_average,944,2024-12-31,0
208,19.454244605284128,0.9325024304014294,21.26344071103303,4.812553589473227,-0.0657444056603069,0.4951923076923077,青椒,60,cycle_market_average,linear,calibration,calibration,cycle_market_average,944,2024-12-31,0
208,17.660872989643835,0.8465405529742648,18.514897800931976,4.368912770658558,0.0865386139666269,0.5,青椒,60,cycle_market_average,elasticnet,calibration,calibration,cycle_market_average,944,2024-12-31,0
208,16.194467953314184,0.7762512002867349,13.57091388974116,4.006156314964924,0.4008341664644317,0.6490384615384616,青椒,60,cycle_market_average,extra_trees,calibration,calibration,cycle_market_average,944,2024-12-31,0
208,16.041275691465795,0.7689082188762145,13.7829292718183,3.9682599080575214,0.3424965133916364,0.7644230769230769,青椒,60,cycle_market_average,catboost,calibration,calibration,cycle_market_average,944,2024-12-31,0
208,21.72127441697199,1.1190143514527942,20.470512960903825,7.260427503921735,-0.420832116975261,0.0,韭菜,60,cycle_market_average,last_value,calibration,calibration,cycle_market_average,944,2024-12-31,0
208,18.088397808826368,0.931859537995085,16.010581161076928,6.046123189275941,0.0045961786484601,0.8942307692307693,韭菜,60,cycle_market_average,seasonal_naive,calibration,calibration,cycle_market_average,944,2024-12-31,0
208,11.81500704994582,0.6086734230048174,10.04083436612592,3.949215893033871,-0.2842698718244023,0.903846153846154,韭菜,60,cycle_market_average,same_season_mean,calibration,calibration,cycle_market_average,944,2024-12-31,0
208,13.716047090887985,0.7066092552982728,12.209941872583626,4.58464653740382,-0.3910725015906455,0.8894230769230769,韭菜,60,cycle_market_average,same_season_median,calibration,calibration,cycle_market_average,944,2024-12-31,0
208,10.160584184416864,0.523442561575618,8.833395906467539,3.3962180787519456,-0.3056482533258685,0.8509615384615384,韭菜,60,cycle_market_average,linear,calibration,calibration,cycle_market_average,944,2024-12-31,0
208,10.744905594592945,0.5535450330649182,9.432738598730324,3.591529972342218,-0.2956080221165064,0.8461538461538461,韭菜,60,cycle_market_average,elasticnet,calibration,calibration,cycle_market_average,944,2024-12-31,0
208,14.014299814020708,0.7219743333843274,12.142846289538358,4.684338766901202,-0.4958232119385145,0.8846153846153846,韭菜,60,cycle_market_average,extra_trees,calibration,calibration,cycle_market_average,944,2024-12-31,0
208,14.244810703530618,0.7338495571201038,12.401536888545197,4.76138800305668,-0.490129911088916,0.8942307692307693,韭菜,60,cycle_market_average,catboost,calibration,calibration,cycle_market_average,944,2024-12-31,0
208,23.376238359777968,1.1104972256524284,23.04803650874999,5.576138891321831,-0.3112116732576845,0.0096153846153846,黄瓜,60,cycle_market_average,last_value,calibration,calibration,cycle_market_average,944,2024-12-31,0
208,29.705154917413942,1.4111548494527368,26.749980977164455,7.085830793577906,-0.1019081476440954,0.8221153846153846,黄瓜,60,cycle_market_average,seasonal_naive,calibration,calibration,cycle_market_average,944,2024-12-31,0
208,20.06432339847443,0.9531634271379232,17.729459589675148,4.786118806129188,-0.4638123798867638,0.8413461538461539,黄瓜,60,cycle_market_average,same_season_mean,calibration,calibration,cycle_market_average,944,2024-12-31,0
208,22.52388075401032,1.0700056486116427,20.988682092632736,5.372818565712349,-0.7588078271038383,0.7355769230769231,黄瓜,60,cycle_market_average,same_season_median,calibration,calibration,cycle_market_average,944,2024-12-31,0
208,19.86703592224062,0.9437912094337018,20.04342303801273,4.7390580963577245,-0.4294672016764972,0.6586538461538461,黄瓜,60,cycle_market_average,linear,calibration,calibration,cycle_market_average,944,2024-12-31,0
208,18.55218192257158,0.8813285626939749,17.871168528192648,4.425414454847807,-0.3642922747598168,0.75,黄瓜,60,cycle_market_average,elasticnet,calibration,calibration,cycle_market_average,944,2024-12-31,0
208,20.683561324446178,0.9825805638143532,19.15880657887169,4.933831052592838,-0.6848369765309228,0.7355769230769231,黄瓜,60,cycle_market_average,extra_trees,calibration,calibration,cycle_market_average,944,2024-12-31,0
208,20.19941314490453,0.959580917681776,18.572353240910232,4.8183429466129635,-0.6625230882596734,0.7884615384615384,黄瓜,60,cycle_market_average,catboost,calibration,calibration,cycle_market_average,944,2024-12-31,0
133,3.97154530467718,0.0868504615131199,3.957987906379775,3.1952392013468818,0.0155881683208885,0.0,土豆,60,cycle_market_average,last_value,retrospective_audit_reused,reused_retrospective,cycle_market_average,1193,2025-12-30,0
133,12.208168101443254,0.266970398799537,13.572078100101818,9.821873931143465,-0.1661329796777281,0.5413533834586466,土豆,60,cycle_market_average,seasonal_naive,retrospective_audit_reused,reused_retrospective,cycle_market_average,1193,2025-12-30,0
133,10.956892480990392,0.2396072802198586,10.45999990012003,8.815181420434309,0.1597336735460124,0.5639097744360902,土豆,60,cycle_market_average,same_season_mean,retrospective_audit_reused,reused_retrospective,cycle_market_average,1193,2025-12-30,0
133,7.95634870238528,0.1739908533707743,7.845195574687498,6.401144975863057,0.0699490705765275,0.6240601503759399,土豆,60,cycle_market_average,same_season_median,retrospective_audit_reused,reused_retrospective,cycle_market_average,1193,2025-12-30,0
133,6.971890383920158,0.1524625431690918,7.094512931079795,5.6091157857270835,-0.0303739768170059,0.3609022556390977,土豆,60,cycle_market_average,linear,retrospective_audit_reused,reused_retrospective,cycle_market_average,1193,2025-12-30,0
133,5.470771293451171,0.1196358029982445,5.438963818915879,4.40141596215764,0.0204964482971364,0.4661654135338345,土豆,60,cycle_market_average,elasticnet,retrospective_audit_reused,reused_retrospective,cycle_market_average,1193,2025-12-30,0
133,7.779174250750946,0.1701163708426122,8.082473179387147,6.258602285320797,-0.0427915570278036,0.4962406015037593,土豆,60,cycle_market_average,extra_trees,retrospective_audit_reused,reused_retrospective,cycle_market_average,1193,2025-12-30,0
133,6.4822421386620706,0.1417548279556528,6.741158952058226,5.215177621084512,-0.0476019816358892,0.4360902255639097,土豆,60,cycle_market_average,catboost,retrospective_audit_reused,reused_retrospective,cycle_market_average,1193,2025-12-30,0
133,22.160975824153745,1.244304781272631,18.272111088284884,7.5198301524892335,1.1394391879137316,0.0,尖椒,60,cycle_market_average,last_value,retrospective_audit_reused,reused_retrospective,cycle_market_average,1193,2025-12-30,0
133,23.345241942866704,1.3107995063021862,20.699912487051115,7.921684300913638,-1.3039481588301478,0.8947368421052632,尖椒,60,cycle_market_average,seasonal_naive,retrospective_audit_reused,reused_retrospective,cycle_market_average,1193,2025-12-30,0
133,12.68028093424472,0.7119783135706484,11.294912533708462,4.302768960536468,-0.5539305980769733,0.7894736842105263,尖椒,60,cycle_market_average,same_season_mean,retrospective_audit_reused,reused_retrospective,cycle_market_average,1193,2025-12-30,0
133,15.857743808671426,0.8903879774021557,14.029284837878608,5.380969727557136,-0.8598089323870205,0.8721804511278195,尖椒,60,cycle_market_average,same_season_median,retrospective_audit_reused,reused_retrospective,cycle_market_average,1193,2025-12-30,0
133,10.827728989212105,0.607960365035748,10.155781757711283,3.674147004272012,0.0854709333276836,0.7593984962406015,尖椒,60,cycle_market_average,linear,retrospective_audit_reused,reused_retrospective,cycle_market_average,1193,2025-12-30,0
133,10.375845249285788,0.5825877865612554,9.58850806829335,3.5208103913050923,0.0113568437376713,0.8195488721804511,尖椒,60,cycle_market_average,elasticnet,retrospective_audit_reused,reused_retrospective,cycle_market_average,1193,2025-12-30,0
133,12.303817311723606,0.6908404589384675,11.634537089047072,4.175024473000675,-0.2427901974935049,0.6992481203007519,尖椒,60,cycle_market_average,extra_trees,retrospective_audit_reused,reused_retrospective,cycle_market_average,1193,2025-12-30,0
133,16.45680948059757,0.9240245954729877,15.1352706823078,5.58424922837052,-0.5693911128391639,0.6466165413533834,尖椒,60,cycle_market_average,catboost,retrospective_audit_reused,reused_retrospective,cycle_market_average,1193,2025-12-30,0
133,22.278564410191148,0.3717095607598233,20.385947466660152,5.08116739020309,0.190935690846427,0.0,甘蓝,60,cycle_market_average,last_value,retrospective_audit_reused,reused_retrospective,cycle_market_average,1193,2025-12-30,0
133,20.476604296261055,0.3416445264908612,21.75049724825237,4.670186646526452,-0.3384807932430796,0.6842105263157895,甘蓝,60,cycle_market_average,seasonal_naive,retrospective_audit_reused,reused_retrospective,cycle_market_average,1193,2025-12-30,0
133,17.95632647288485,0.2995946284152314,17.69608940506472,4.095376113199035,0.2352772545124185,0.6466165413533834,甘蓝,60,cycle_market_average,same_season_mean,retrospective_audit_reused,reused_retrospective,cycle_market_average,1193,2025-12-30,0
133,16.183733097693324,0.2700195672592795,15.946735250563048,3.691093167122262,0.1498078712975548,0.6240601503759399,甘蓝,60,cycle_market_average,same_season_median,retrospective_audit_reused,reused_retrospective,cycle_market_average,1193,2025-12-30,0
133,13.598733376560928,0.2268898083926424,13.215907692427423,3.101521233991167,0.0904741166709045,0.7819548872180451,甘蓝,60,cycle_market_average,linear,retrospective_audit_reused,reused_retrospective,cycle_market_average,1193,2025-12-30,0
133,12.896629976208764,0.2151754743023587,12.264728334038006,2.9413895111056387,0.117843222616696,0.7443609022556391,甘蓝,60,cycle_market_average,elasticnet,retrospective_audit_reused,reused_retrospective,cycle_market_average,1193,2025-12-30,0
133,20.67468614639816,0.3449494484846354,19.44904623150204,4.715364020569788,0.2134275771217548,0.5338345864661654,甘蓝,60,cycle_market_average,extra_trees,retrospective_audit_reused,reused_retrospective,cycle_market_average,1193,2025-12-30,0
133,15.777321713668636,0.2632387444799399,15.182068991644533,3.598401186010189,0.1859379556710592,0.6917293233082706,甘蓝,60,cycle_market_average,catboost,retrospective_audit_reused,reused_retrospective,cycle_market_average,1193,2025-12-30,0
133,9.11959894960189,0.7597139924609952,8.943033114941871,2.763608029216023,0.5028198378180915,0.0,芸豆,60,cycle_market_average,last_value,retrospective_audit_reused,reused_retrospective,cycle_market_average,1193,2025-12-30,0
133,5.275042584444764,0.4394407785229682,5.148030797857813,1.5985516601543523,-0.1875189743517537,0.8345864661654135,芸豆,60,cycle_market_average,seasonal_naive,retrospective_audit_reused,reused_retrospective,cycle_market_average,1193,2025-12-30,0
133,9.108131257231577,0.7587586690522455,8.048596238498016,2.760132853730093,0.5879404947640877,0.6842105263157895,芸豆,60,cycle_market_average,same_season_mean,retrospective_audit_reused,reused_retrospective,cycle_market_average,1193,2025-12-30,0
133,7.683373059968251,0.6400682809862545,6.790246169048447,2.328373385423631,0.4775566799233546,0.6842105263157895,芸豆,60,cycle_market_average,same_season_median,retrospective_audit_reused,reused_retrospective,cycle_market_average,1193,2025-12-30,0
133,8.054788515784232,0.6710092818305949,7.59579662006533,2.440927319159147,0.6143160241418554,0.6842105263157895,芸豆,60,cycle_market_average,linear,retrospective_audit_reused,reused_retrospective,cycle_market_average,1193,2025-12-30,0
133,7.547374959658144,0.6287388727168028,7.177009878901179,2.287160450068448,0.5780725408301708,0.6992481203007519,芸豆,60,cycle_market_average,elasticnet,retrospective_audit_reused,reused_retrospective,cycle_market_average,1193,2025-12-30,0
133,13.303886678777769,1.108288743818513,10.919244754019235,4.031616768285118,1.0105984957741898,0.6616541353383458,芸豆,60,cycle_market_average,extra_trees,retrospective_audit_reused,reused_retrospective,cycle_market_average,1193,2025-12-30,0
133,6.714555069660651,0.5593602819336476,6.029474301388768,2.0347822755887086,0.5497759589443166,0.7368421052631579,芸豆,60,cycle_market_average,catboost,retrospective_audit_reused,reused_retrospective,cycle_market_average,1193,2025-12-30,0
133,10.056657782624685,0.3546492381632671,9.069946338963112,3.2588798326442676,0.239051962872855,0.0,芹菜,60,cycle_market_average,last_value,retrospective_audit_reused,reused_retrospective,cycle_market_average,1193,2025-12-30,0
133,22.0265477260435,0.7767688370489026,25.008725226019717,7.1377463287256555,-0.7763549102458321,0.6842105263157895,芹菜,60,cycle_market_average,seasonal_naive,retrospective_audit_reused,reused_retrospective,cycle_market_average,1193,2025-12-30,0
133,7.616881500773064,0.2686102361060986,7.806033796444665,2.4682655060011527,-0.1472046987564732,0.6015037593984962,芹菜,60,cycle_market_average,same_season_mean,retrospective_audit_reused,reused_retrospective,cycle_market_average,1193,2025-12-30,0
133,12.399944404229483,0.4372855208243069,13.028604673332254,4.018226494161069,-0.4244066837436863,0.6766917293233082,芹菜,60,cycle_market_average,same_season_median,retrospective_audit_reused,reused_retrospective,cycle_market_average,1193,2025-12-30,0
133,8.46838666751562,0.298638667539759,8.41362941844439,2.744197438385698,-0.1903854811199851,0.6992481203007519,芹菜,60,cycle_market_average,linear,retrospective_audit_reused,reused_retrospective,cycle_market_average,1193,2025-12-30,0
133,7.2710413013712225,0.2564141401570044,6.991274082094172,2.3561953057905436,-0.0590916970165512,0.7293233082706767,芹菜,60,cycle_market_average,elasticnet,retrospective_audit_reused,reused_retrospective,cycle_market_average,1193,2025-12-30,0
133,10.990189411688847,0.3875703425903199,10.58201485909517,3.5613926022792275,0.3165720749443798,0.518796992481203,芹菜,60,cycle_market_average,extra_trees,retrospective_audit_reused,reused_retrospective,cycle_market_average,1193,2025-12-30,0
133,9.227878387781969,0.3254222337906801,8.910657169138895,2.990312231564067,0.192481036578007,0.6090225563909775,芹菜,60,cycle_market_average,catboost,retrospective_audit_reused,reused_retrospective,cycle_market_average,1193,2025-12-30,0
133,19.1861981655304,0.7397735856029243,16.538369756242137,5.385428814209636,0.6839401278377369,0.0,茄子,60,cycle_market_average,last_value,retrospective_audit_reused,reused_retrospective,cycle_market_average,1193,2025-12-30,0
133,24.795568107482513,0.9560573787301316,26.470068437142046,6.959938899757646,-0.9560573787301316,0.849624060150376,茄子,60,cycle_market_average,seasonal_naive,retrospective_audit_reused,reused_retrospective,cycle_market_average,1193,2025-12-30,0
133,8.715656021574365,0.33605470194431,8.283288650181863,2.4464224057506874,-0.0433693479861351,0.8195488721804511,茄子,60,cycle_market_average,same_season_mean,retrospective_audit_reused,reused_retrospective,cycle_market_average,1193,2025-12-30,0
133,7.351337170676275,0.2834498534210726,7.083302678075366,2.063467847061919,-0.1838794210344433,0.8796992481203008,茄子,60,cycle_market_average,same_season_median,retrospective_audit_reused,reused_retrospective,cycle_market_average,1193,2025-12-30,0
133,11.399292750877152,0.4395292698896549,11.037858155177064,3.199700071506465,0.3848753107657626,0.7744360902255639,茄子,60,cycle_market_average,linear,retrospective_audit_reused,reused_retrospective,cycle_market_average,1193,2025-12-30,0
133,9.63147974083278,0.3713666585253273,9.41386647717442,2.70348758374368,0.3230290290648151,0.849624060150376,茄子,60,cycle_market_average,elasticnet,retrospective_audit_reused,reused_retrospective,cycle_market_average,1193,2025-12-30,0
133,13.38972070207022,0.516275377150435,13.271744080981373,3.758398983530711,0.1677854718230209,0.6842105263157895,茄子,60,cycle_market_average,extra_trees,retrospective_audit_reused,reused_retrospective,cycle_market_average,1193,2025-12-30,0
133,9.26119150975199,0.3570892362840968,9.368187870940975,2.5995503215502835,0.0389387749584317,0.8721804511278195,茄子,60,cycle_market_average,catboost,retrospective_audit_reused,reused_retrospective,cycle_market_average,1193,2025-12-30,0
133,17.213539932980908,0.8608696693348687,14.449528659443892,7.10437999063392,0.8175273076335197,0.0,西红柿,60,cycle_market_average,last_value,retrospective_audit_reused,reused_retrospective,cycle_market_average,1193,2025-12-30,0
133,14.057539549796475,0.7030343247822269,12.499887379029916,5.801834084328541,-0.4084552107831706,0.8195488721804511,西红柿,60,cycle_market_average,seasonal_naive,retrospective_audit_reused,reused_retrospective,cycle_market_average,1193,2025-12-30,0
133,8.79988916728385,0.4400929563075214,7.158123055388699,3.6318942392589695,-0.2399979106343655,0.8947368421052632,西红柿,60,cycle_market_average,same_season_mean,retrospective_audit_reused,reused_retrospective,cycle_market_average,1193,2025-12-30,0
133,10.086619288749953,0.5044438648656959,8.215412914322405,4.162954077263289,-0.335029083343924,0.8872180451127819,西红柿,60,cycle_market_average,same_season_median,retrospective_audit_reused,reused_retrospective,cycle_market_average,1193,2025-12-30,0
133,7.1161773293633726,0.3558885184749134,6.861294620876637,2.936991927596904,-0.0135557613314582,0.8721804511278195,西红柿,60,cycle_market_average,linear,retrospective_audit_reused,reused_retrospective,cycle_market_average,1193,2025-12-30,0
133,6.036915007035614,0.3019133220792128,5.500400139713508,2.4915582935365665,-0.0706102018328517,0.9022556390977444,西红柿,60,cycle_market_average,elasticnet,retrospective_audit_reused,reused_retrospective,cycle_market_average,1193,2025-12-30,0
133,7.666751044622166,0.3834233668584922,6.934603651140334,3.164224960504865,-0.0198463185247354,0.8120300751879699,西红柿,60,cycle_market_average,extra_trees,retrospective_audit_reused,reused_retrospective,cycle_market_average,1193,2025-12-30,0
133,9.209010072298993,0.4605535808850121,8.38025856047335,3.800746804312756,-0.1270288826340085,0.8195488721804511,西红柿,60,cycle_market_average,catboost,retrospective_audit_reused,reused_retrospective,cycle_market_average,1193,2025-12-30,0
133,22.057633466114797,1.2252083416741768,17.87263094594344,6.916311532845326,1.0733924423438557,0.0,青椒,60,cycle_market_average,last_value,retrospective_audit_reused,reused_retrospective,cycle_market_average,1193,2025-12-30,0
133,20.300536667165485,1.1276090385345692,17.632748523090143,6.365362634652429,-0.8737522007926969,0.6992481203007519,青椒,60,cycle_market_average,seasonal_naive,retrospective_audit_reused,reused_retrospective,cycle_market_average,1193,2025-12-30,0
133,6.820221485745941,0.3788344869017004,7.4322520361107935,2.1385239078747253,0.0927410400122388,0.706766917293233,青椒,60,cycle_market_average,same_season_mean,retrospective_audit_reused,reused_retrospective,cycle_market_average,1193,2025-12-30,0
133,8.459911325844864,0.4699123295421536,8.122187396094766,2.6526591059587386,-0.1917955275809563,0.7218045112781954,青椒,60,cycle_market_average,same_season_median,retrospective_audit_reused,reused_retrospective,cycle_market_average,1193,2025-12-30,0
133,10.78861266836852,0.5992618499479065,10.658030330935691,3.3828382512687285,0.4991520638474559,0.706766917293233,青椒,60,cycle_market_average,linear,retrospective_audit_reused,reused_retrospective,cycle_market_average,1193,2025-12-30,0
133,10.262369609497735,0.5700312714968183,10.122853408795702,3.217831386740896,0.4199964864949103,0.6917293233082706,青椒,60,cycle_market_average,elasticnet,retrospective_audit_reused,reused_retrospective,cycle_market_average,1193,2025-12-30,0
133,9.61834248487747,0.5342582858516738,10.975524626334217,3.0158925778329007,0.2205641188088075,0.6766917293233082,青椒,60,cycle_market_average,extra_trees,retrospective_audit_reused,reused_retrospective,cycle_market_average,1193,2025-12-30,0
133,12.68732615934063,0.7047273619740289,13.82015859544353,3.9781919656802542,0.1170712244557836,0.6240601503759399,青椒,60,cycle_market_average,catboost,retrospective_audit_reused,reused_retrospective,cycle_market_average,1193,2025-12-30,0
133,23.53429544119383,1.1953889746669957,23.821495158857054,7.927582384572485,0.4015533639165224,0.0,韭菜,60,cycle_market_average,last_value,retrospective_audit_reused,reused_retrospective,cycle_market_average,1193,2025-12-30,0
133,14.875936691751685,0.7556007254858412,14.82787861828128,5.010994017909884,-0.7427414399860874,0.8270676691729323,韭菜,60,cycle_market_average,seasonal_naive,retrospective_audit_reused,reused_retrospective,cycle_market_average,1193,2025-12-30,0
133,14.551331083397566,0.7391128741154369,14.578036769840008,4.901649860607549,-0.7391128741154369,0.9473684210526316,韭菜,60,cycle_market_average,same_season_mean,retrospective_audit_reused,reused_retrospective,cycle_market_average,1193,2025-12-30,0
133,17.772599788140273,0.902732350369192,18.6647160693768,5.986741747190813,-0.902732350369192,0.8270676691729323,韭菜,60,cycle_market_average,same_season_median,retrospective_audit_reused,reused_retrospective,cycle_market_average,1193,2025-12-30,0
133,13.228565025243968,0.6719249710005298,13.421393480803411,4.456073024550081,-0.5154335939329042,0.9774436090225564,韭菜,60,cycle_market_average,linear,retrospective_audit_reused,reused_retrospective,cycle_market_average,1193,2025-12-30,0
133,12.68789992865789,0.644462704409154,12.919821375183686,4.273948724021984,-0.4359220633581915,0.9924812030075189,韭菜,60,cycle_market_average,elasticnet,retrospective_audit_reused,reused_retrospective,cycle_market_average,1193,2025-12-30,0
133,9.696278976354488,0.4925078387237908,9.766992770600408,3.2662142191986123,-0.2073507332587288,0.9774436090225564,韭菜,60,cycle_market_average,extra_trees,retrospective_audit_reused,reused_retrospective,cycle_market_average,1193,2025-12-30,0
133,13.45848593248346,0.6836034560542374,13.280639059594971,4.533522419142378,-0.4881861160123574,0.9774436090225564,韭菜,60,cycle_market_average,catboost,retrospective_audit_reused,reused_retrospective,cycle_market_average,1193,2025-12-30,0
133,28.411803500215637,1.3049610517219876,28.83426329124552,6.697294297996251,0.3017124967409024,0.0,黄瓜,60,cycle_market_average,last_value,retrospective_audit_reused,reused_retrospective,cycle_market_average,1193,2025-12-30,0
133,20.05516879849429,0.9211387854187596,18.949833032060308,4.727449548864038,-0.8610172152373899,0.8270676691729323,黄瓜,60,cycle_market_average,seasonal_naive,retrospective_audit_reused,reused_retrospective,cycle_market_average,1193,2025-12-30,0
133,14.15763497219002,0.6502636210005064,13.133314660432076,3.337269595421526,-0.6073103459142889,0.849624060150376,黄瓜,60,cycle_market_average,same_season_mean,retrospective_audit_reused,reused_retrospective,cycle_market_average,1193,2025-12-30,0
133,17.755538988272342,0.8155162283820095,17.416019708397297,4.185375631754738,-0.8129491573944361,0.8270676691729323,黄瓜,60,cycle_market_average,same_season_median,retrospective_audit_reused,reused_retrospective,cycle_market_average,1193,2025-12-30,0
133,20.713327756842833,0.9513681866069048,20.679921942892843,4.8825922605503775,-0.7677043193459802,0.8195488721804511,黄瓜,60,cycle_market_average,linear,retrospective_audit_reused,reused_retrospective,cycle_market_average,1193,2025-12-30,0
133,19.40543386029493,0.8912963015269252,19.47995344983037,4.574292566176246,-0.662725104719208,0.8345864661654135,黄瓜,60,cycle_market_average,elasticnet,retrospective_audit_reused,reused_retrospective,cycle_market_average,1193,2025-12-30,0
133,13.195432558725669,0.6060694298984052,12.848025191981746,3.110457075858516,-0.4990728639222739,0.8721804511278195,黄瓜,60,cycle_market_average,extra_trees,retrospective_audit_reused,reused_retrospective,cycle_market_average,1193,2025-12-30,0
133,15.190808457446218,0.6977175307081731,14.310540385000513,3.580811575838037,-0.5664845563591037,0.8270676691729323,黄瓜,60,cycle_market_average,catboost,retrospective_audit_reused,reused_retrospective,cycle_market_average,1193,2025-12-30,0
198,17.95541364809177,0.3416935225268557,18.445629459923396,11.504446340110022,0.0162817861151195,0.0,土豆,60,harvest_market_price,last_value,calibration,calibration,harvest_post_14,904,2024-12-30,0
198,12.278554349681931,0.2336622574955908,12.216402275911214,7.867152070041705,0.1705848164181498,0.8131313131313131,土豆,60,harvest_market_price,seasonal_naive,calibration,calibration,harvest_post_14,904,2024-12-30,0
198,22.018499052765605,0.4190144905346301,20.777138647611253,14.10775857392882,0.4190144905346301,0.803030303030303,土豆,60,harvest_market_price,same_season_mean,calibration,calibration,harvest_post_14,904,2024-12-30,0
198,19.56737508015048,0.3723693282026615,18.83766564142036,12.537267090492298,0.37188784672118,0.797979797979798,土豆,60,harvest_market_price,same_season_median,calibration,calibration,harvest_post_14,904,2024-12-30,0
198,10.262307962875877,0.1952928640807516,10.904947714927465,6.575296654172958,0.1197920094385864,0.8737373737373737,土豆,60,harvest_market_price,linear,calibration,calibration,harvest_post_14,904,2024-12-30,0
198,13.78285672408805,0.2622892993076277,13.789231774226003,8.830993186979411,0.2264951148052714,0.8131313131313131,土豆,60,harvest_market_price,elasticnet,calibration,calibration,harvest_post_14,904,2024-12-30,0
198,21.336807517669342,0.4060418246596483,20.432524192128547,13.670983134513888,0.3883226999863522,0.8232323232323232,土豆,60,harvest_market_price,extra_trees,calibration,calibration,harvest_post_14,904,2024-12-30,0
198,19.1009164263106,0.3634925680417714,18.680915763770816,12.238396306551811,0.3598425455307805,0.8131313131313131,土豆,60,harvest_market_price,catboost,calibration,calibration,harvest_post_14,904,2024-12-30,0
198,31.342870328769415,1.4397329645662984,29.63111590872368,7.876401714548452,-0.1014741061407728,0.0,尖椒,60,harvest_market_price,last_value,calibration,calibration,harvest_post_14,904,2024-12-30,0
198,34.89320575376486,1.602817420234087,30.188635631119055,8.768594029270451,1.0217714045214046,0.8181818181818182,尖椒,60,harvest_market_price,seasonal_naive,calibration,calibration,harvest_post_14,904,2024-12-30,0
198,19.59253994386443,0.8999822071455784,17.308260554137615,4.923566782094131,0.071709375039413,0.7929292929292929,尖椒,60,harvest_market_price,same_season_mean,calibration,calibration,harvest_post_14,904,2024-12-30,0
198,15.935003195853458,0.7319734648067981,14.3818738417152,4.004434985584265,-0.1320801667468333,0.8484848484848485,尖椒,60,harvest_market_price,same_season_median,calibration,calibration,harvest_post_14,904,2024-12-30,0
198,18.0701705733749,0.8300522567629554,19.455210502684757,4.54099835124772,-0.4500920788249355,0.7929292929292929,尖椒,60,harvest_market_price,linear,calibration,calibration,harvest_post_14,904,2024-12-30,0
198,22.12480159008876,1.016301501732636,22.23850461859856,5.559919157061494,-0.2257654216569889,0.7222222222222222,尖椒,60,harvest_market_price,elasticnet,calibration,calibration,harvest_post_14,904,2024-12-30,0
198,20.580675667013946,0.9453721653453564,18.364919269649203,5.171883347309201,-0.3574107336248513,0.797979797979798,尖椒,60,harvest_market_price,extra_trees,calibration,calibration,harvest_post_14,904,2024-12-30,0
198,19.516773320949294,0.8965018716344858,17.72537118458222,4.904526778661945,-0.381538190162998,0.7828282828282829,尖椒,60,harvest_market_price,catboost,calibration,calibration,harvest_post_14,904,2024-12-30,0
198,41.514289354557995,0.7616886323552989,43.7790171634016,9.269606940927696,-0.3490049703383036,0.0,甘蓝,60,harvest_market_price,last_value,calibration,calibration,harvest_post_14,904,2024-12-30,0
198,62.18209224974293,1.140893738977072,52.40722562400067,13.884461540381352,0.5671675885842552,0.6313131313131313,甘蓝,60,harvest_market_price,seasonal_naive,calibration,calibration,harvest_post_14,904,2024-12-30,0
198,37.15856936735829,0.6817715134173465,35.65587517701802,8.297030682154501,0.2040015488140488,0.7727272727272727,甘蓝,60,harvest_market_price,same_season_mean,calibration,calibration,harvest_post_14,904,2024-12-30,0
198,38.8544712268559,0.7128872855539522,37.036946686393634,8.67570375815659,-0.0022372935706268,0.5707070707070707,甘蓝,60,harvest_market_price,same_season_median,calibration,calibration,harvest_post_14,904,2024-12-30,0
198,26.753626510693625,0.4908655189405846,28.51406056320594,5.973740749371267,0.4081997577474456,0.7525252525252525,甘蓝,60,harvest_market_price,linear,calibration,calibration,harvest_post_14,904,2024-12-30,0
198,30.445826261542965,0.5586086170962137,31.662716124891656,6.79816147220864,0.3596351532627957,0.6161616161616161,甘蓝,60,harvest_market_price,elasticnet,calibration,calibration,harvest_post_14,904,2024-12-30,0
198,24.991773002285136,0.4585396906512294,27.501909947835095,5.580341518302698,0.3823242252730032,0.702020202020202,甘蓝,60,harvest_market_price,extra_trees,calibration,calibration,harvest_post_14,904,2024-12-30,0
198,32.13995956519385,0.5896919404325369,32.23210088605632,7.1764396524337055,0.2491991442245984,0.7777777777777778,甘蓝,60,harvest_market_price,catboost,calibration,calibration,harvest_post_14,904,2024-12-30,0
198,21.089096831238752,1.7254330206830208,20.525812003353025,5.881269884028264,-0.1556758457591793,0.0,芸豆,60,harvest_market_price,last_value,calibration,calibration,harvest_post_14,904,2024-12-30,0
198,26.30653160629823,2.152304513387847,24.623156769028544,7.33629388339584,0.632796095879429,0.6616161616161617,芸豆,60,harvest_market_price,seasonal_naive,calibration,calibration,harvest_post_14,904,2024-12-30,0
198,18.39495737717045,1.5050083522596398,17.136694462258077,5.129935611091857,0.3116140733653612,0.7777777777777778,芸豆,60,harvest_market_price,same_season_mean,calibration,calibration,harvest_post_14,904,2024-12-30,0
198,16.237246353155616,1.328472302388969,15.545887102918652,4.528199037661328,-0.083352613435947,0.8434343434343434,芸豆,60,harvest_market_price,same_season_median,calibration,calibration,harvest_post_14,904,2024-12-30,0
198,13.495637679739405,1.1041638754915126,12.78679677109706,3.763626678124852,0.5315375130284203,0.7676767676767676,芸豆,60,harvest_market_price,linear,calibration,calibration,harvest_post_14,904,2024-12-30,0
198,13.07803639130263,1.069997260471695,12.296080536209017,3.6471671682241458,0.4979261860751518,0.7676767676767676,芸豆,60,harvest_market_price,elasticnet,calibration,calibration,harvest_post_14,904,2024-12-30,0
198,14.437428378833705,1.1812177571154223,13.49903224314832,4.0262707031376515,0.0828730115278975,0.8080808080808081,芸豆,60,harvest_market_price,extra_trees,calibration,calibration,harvest_post_14,904,2024-12-30,0
198,13.331960014747848,1.0907723656423856,12.728971473453107,3.717980696720044,0.0938457364609136,0.8333333333333334,芸豆,60,harvest_market_price,catboost,calibration,calibration,harvest_post_14,904,2024-12-30,0
198,28.79627421817508,0.9485494227994228,28.6999489862811,8.152866255357688,-0.3110712281545616,0.0,芹菜,60,harvest_market_price,last_value,calibration,calibration,harvest_post_14,904,2024-12-30,0
198,53.200801058911544,1.7524346641013309,41.907719955596384,15.062331064948614,1.351352733686067,0.6666666666666666,芹菜,60,harvest_market_price,seasonal_naive,calibration,calibration,harvest_post_14,904,2024-12-30,0
198,28.796942490778733,0.9485714357024694,27.191234123721447,8.153055458207973,0.3109049735096912,0.6313131313131313,芹菜,60,harvest_market_price,same_season_mean,calibration,calibration,harvest_post_14,904,2024-12-30,0
198,23.994053205376453,0.7903642376142376,22.83802605181508,6.793250586004724,0.0862520041686708,0.6717171717171717,芹菜,60,harvest_market_price,same_season_median,calibration,calibration,harvest_post_14,904,2024-12-30,0
198,19.603549126811217,0.6457410103880908,18.70975874702984,5.55020114582568,-0.0140702117692416,0.898989898989899,芹菜,60,harvest_market_price,linear,calibration,calibration,harvest_post_14,904,2024-12-30,0
198,21.675685635263893,0.7139971977740908,20.837981376812685,6.136869118503749,0.0021651297717645,0.8939393939393939,芹菜,60,harvest_market_price,elasticnet,calibration,calibration,harvest_post_14,904,2024-12-30,0
198,26.241201185255026,0.8643853037809631,25.35563303517276,7.429468202115073,-0.1147098782975645,0.702020202020202,芹菜,60,harvest_market_price,extra_trees,calibration,calibration,harvest_post_14,904,2024-12-30,0
198,25.338229094074386,0.8346413983922311,24.221592359284426,7.1738167023432755,0.004380804660243,0.7878787878787878,芹菜,60,harvest_market_price,catboost,calibration,calibration,harvest_post_14,904,2024-12-30,0
198,41.755224885985584,1.4359326599326605,40.843773254624566,9.456295156936934,-0.4670101010101011,0.0,茄子,60,harvest_market_price,last_value,calibration,calibration,harvest_post_14,904,2024-12-30,0
198,39.865101697537206,1.37093265993266,36.09457537978663,9.028239439317328,0.5009057239057237,0.6363636363636364,茄子,60,harvest_market_price,seasonal_naive,calibration,calibration,harvest_post_14,904,2024-12-30,0
198,32.798222736259355,1.127907689237419,30.09496591436048,7.427805158849104,0.3480355876547906,0.6161616161616161,茄子,60,harvest_market_price,same_season_mean,calibration,calibration,harvest_post_14,904,2024-12-30,0
198,33.36936365363113,1.147548821548822,30.897371033122884,7.557151297101708,0.2382424242424242,0.6717171717171717,茄子,60,harvest_market_price,same_season_median,calibration,calibration,harvest_post_14,904,2024-12-30,0
198,22.41075346617456,0.7706899657144439,19.684364838376208,5.075357635940365,-0.2152397688209603,0.8282828282828283,茄子,60,harvest_market_price,linear,calibration,calibration,harvest_post_14,904,2024-12-30,0
198,23.76675865002584,0.8173220251955453,21.294091057415336,5.38245178494441,-0.0439508726111307,0.7424242424242424,茄子,60,harvest_market_price,elasticnet,calibration,calibration,harvest_post_14,904,2024-12-30,0
198,35.26776302966521,1.2128334337880446,33.44595877742561,7.987081320818293,0.2784510583319832,0.5858585858585859,茄子,60,harvest_market_price,extra_trees,calibration,calibration,harvest_post_14,904,2024-12-30,0
198,33.365532835584254,1.1474170824248489,32.04168031692523,7.556283732713233,0.3545612240369264,0.6111111111111112,茄子,60,harvest_market_price,catboost,calibration,calibration,harvest_post_14,904,2024-12-30,0
198,23.92770611341576,1.2408183020683023,23.57087970905428,9.52771196231018,-0.5277170514670515,0.0,西红柿,60,harvest_market_price,last_value,calibration,calibration,harvest_post_14,904,2024-12-30,0
198,17.4168604961021,0.9031855860189196,15.505591232735108,6.935175035502419,0.1297686387686387,0.8939393939393939,西红柿,60,harvest_market_price,seasonal_naive,calibration,calibration,harvest_post_14,904,2024-12-30,0
198,15.975690181098864,0.8284508623986334,15.054113874765148,6.361319121989508,-0.5114498008283346,0.9343434343434344,西红柿,60,harvest_market_price,same_season_mean,calibration,calibration,harvest_post_14,904,2024-12-30,0
198,16.642256196657772,0.8630169552669552,16.24745893509207,6.626737335085551,-0.5819594757094757,0.8333333333333334,西红柿,60,harvest_market_price,same_season_median,calibration,calibration,harvest_post_14,904,2024-12-30,0
198,17.58888130482381,0.9121060636771944,18.416486849698497,7.003671560378459,-0.8069624840942352,0.7070707070707071,西红柿,60,harvest_market_price,linear,calibration,calibration,harvest_post_14,904,2024-12-30,0
198,14.596620652749682,0.7569364973153484,14.636225801913724,5.812190961528569,-0.6390546663950332,0.898989898989899,西红柿,60,harvest_market_price,elasticnet,calibration,calibration,harvest_post_14,904,2024-12-30,0
198,15.29590564240611,0.7931992969926166,14.641793649952312,6.09063745905045,-0.684661027411579,0.8888888888888888,西红柿,60,harvest_market_price,extra_trees,calibration,calibration,harvest_post_14,904,2024-12-30,0
198,15.499949310160334,0.8037803830428432,14.517843647870448,6.171885084078975,-0.7269431855097089,0.9343434343434344,西红柿,60,harvest_market_price,catboost,calibration,calibration,harvest_post_14,904,2024-12-30,0
198,28.31913784275975,1.3529462882796215,26.49918259939609,6.819103026995414,0.0549260862594196,0.0,青椒,60,harvest_market_price,last_value,calibration,calibration,harvest_post_14,904,2024-12-30,0
198,32.18756955338438,1.537760541927209,27.462578265342923,7.75060152578851,1.0824676126342794,0.8434343434343434,青椒,60,harvest_market_price,seasonal_naive,calibration,calibration,harvest_post_14,904,2024-12-30,0
198,16.163173070298004,0.7721952954112163,14.04231708606695,3.892009107816077,0.3268454332407802,0.8686868686868687,青椒,60,harvest_market_price,same_season_mean,calibration,calibration,harvest_post_14,904,2024-12-30,0
198,15.528267099493991,0.7418626743626744,13.879569648135808,3.7391270090951942,0.1306331569664904,0.8838383838383839,青椒,60,harvest_market_price,same_season_median,calibration,calibration,harvest_post_14,904,2024-12-30,0
198,21.92612797620635,1.047520359781598,23.9478253462474,5.279699067218034,-0.0247330693992068,0.5707070707070707,青椒,60,harvest_market_price,linear,calibration,calibration,harvest_post_14,904,2024-12-30,0
198,25.55400454699614,1.2208420960590154,25.776624216528255,6.153273123137368,0.2553975986275809,0.4393939393939394,青椒,60,harvest_market_price,elasticnet,calibration,calibration,harvest_post_14,904,2024-12-30,0
198,17.284159968876075,0.8257504238216329,14.824465267897803,4.161936998833079,0.3539276607080675,0.7474747474747475,青椒,60,harvest_market_price,extra_trees,calibration,calibration,harvest_post_14,904,2024-12-30,0
198,14.769390074884956,0.7056073385044191,13.112851799911546,3.5563933169763926,0.2547158803809285,0.8888888888888888,青椒,60,harvest_market_price,catboost,calibration,calibration,harvest_post_14,904,2024-12-30,0
198,40.459931626758944,2.181869408369409,39.06867746169603,14.17634246479764,-0.7879195927529266,0.0,韭菜,60,harvest_market_price,last_value,calibration,calibration,harvest_post_14,904,2024-12-30,0
198,26.643853882125967,1.436814333814334,22.93618495454828,9.335468005715525,-0.2550503447170114,0.9545454545454546,韭菜,60,harvest_market_price,seasonal_naive,calibration,calibration,harvest_post_14,904,2024-12-30,0
198,18.299046383351143,0.9868066479816004,15.406046186562486,6.411616082367138,-0.5203722659668516,0.9545454545454546,韭菜,60,harvest_market_price,same_season_mean,calibration,calibration,harvest_post_14,904,2024-12-30,0
198,21.199984616786352,1.1432445887445886,18.605457509064923,7.428046219861587,-0.6535256533589866,0.9545454545454546,韭菜,60,harvest_market_price,same_season_median,calibration,calibration,harvest_post_14,904,2024-12-30,0
198,19.660478277204,1.0602241373678505,17.22802088429524,6.888634307405156,-0.629112368547365,0.9444444444444444,韭菜,60,harvest_market_price,linear,calibration,calibration,harvest_post_14,904,2024-12-30,0
198,17.66311528286414,0.9525130009536448,15.155227848255093,6.188798675069371,-0.4959896721031059,0.9494949494949496,韭菜,60,harvest_market_price,elasticnet,calibration,calibration,harvest_post_14,904,2024-12-30,0
198,20.541923419294815,1.1077575392634638,17.76322279895694,7.197474873758149,-0.5794050440116563,0.9545454545454546,韭菜,60,harvest_market_price,extra_trees,calibration,calibration,harvest_post_14,904,2024-12-30,0
198,19.166684748162208,1.0335954963457656,16.05698345518168,6.71561903295601,-0.5934191816626432,0.9494949494949496,韭菜,60,harvest_market_price,catboost,calibration,calibration,harvest_post_14,904,2024-12-30,0
198,39.40241273317058,1.9797214606381277,39.27773136079163,9.775199469358208,-0.8273963844797179,0.0,黄瓜,60,harvest_market_price,last_value,calibration,calibration,harvest_post_14,904,2024-12-30,0
198,36.06429179080286,1.812002044252044,32.16153924999949,8.9470573379243,-0.6070955988455988,0.7171717171717171,黄瓜,60,harvest_market_price,seasonal_naive,calibration,calibration,harvest_post_14,904,2024-12-30,0
198,24.932625958056917,1.2527064018512637,22.250288788341127,6.185443355597611,-0.8662564719890532,0.8181818181818182,黄瓜,60,harvest_market_price,same_season_mean,calibration,calibration,harvest_post_14,904,2024-12-30,0
198,27.06264489424772,1.359726350809684,24.84282508544654,6.713871909345716,-1.08941658649992,0.7121212121212122,黄瓜,60,harvest_market_price,same_season_median,calibration,calibration,harvest_post_14,904,2024-12-30,0
198,25.957484762154635,1.3041990599870976,25.574872143896783,6.439696802101647,-1.0844606384536606,0.8232323232323232,黄瓜,60,harvest_market_price,linear,calibration,calibration,harvest_post_14,904,2024-12-30,0
198,25.565146186049052,1.284486533644807,23.767275859621883,6.342362969604444,-0.8811703741295812,0.803030303030303,黄瓜,60,harvest_market_price,elasticnet,calibration,calibration,harvest_post_14,904,2024-12-30,0
198,25.560701622586755,1.284263222505739,23.243884037015945,6.341260334222891,-1.0990803813896153,0.8181818181818182,黄瓜,60,harvest_market_price,extra_trees,calibration,calibration,harvest_post_14,904,2024-12-30,0
198,26.80743981339934,1.3469039132894025,23.675819959758265,6.650559020671098,-1.116246782778065,0.8131313131313131,黄瓜,60,harvest_market_price,catboost,calibration,calibration,harvest_post_14,904,2024-12-30,0
124,6.066376479294068,0.131268369175627,5.999880340611298,4.719761588337154,0.0395192652329749,0.0,土豆,60,harvest_market_price,last_value,retrospective_audit_reused,reused_retrospective,harvest_post_14,1153,2025-12-29,0
124,17.166370323995565,0.371457565284178,19.416403317725077,13.355777628195169,-0.2299187788018433,0.5483870967741935,土豆,60,harvest_market_price,seasonal_naive,retrospective_audit_reused,reused_retrospective,harvest_post_14,1153,2025-12-29,0
124,12.784412480693296,0.2766377891212629,12.17299377993254,9.946527249303838,0.1325327375444665,0.4274193548387097,土豆,60,harvest_market_price,same_season_mean,retrospective_audit_reused,reused_retrospective,harvest_post_14,1153,2025-12-29,0
124,11.05818454898211,0.2392844982078852,10.907452693377936,8.603487576013853,0.0462128136200717,0.4354838709677419,土豆,60,harvest_market_price,same_season_median,retrospective_audit_reused,reused_retrospective,harvest_post_14,1153,2025-12-29,0
124,13.786481565138034,0.2983212396893822,14.582743298038173,10.726156932651946,-0.1434682827172616,0.4758064516129032,土豆,60,harvest_market_price,linear,retrospective_audit_reused,reused_retrospective,harvest_post_14,1153,2025-12-29,0
124,12.380874850888397,0.2679057681617507,12.38170678744542,9.6325669451416,0.0114857406848962,0.3467741935483871,土豆,60,harvest_market_price,elasticnet,retrospective_audit_reused,reused_retrospective,harvest_post_14,1153,2025-12-29,0
124,12.968287693629694,0.2806166057041715,13.920709724795676,10.08958582307134,-0.1301927128601104,0.5161290322580645,土豆,60,harvest_market_price,extra_trees,retrospective_audit_reused,reused_retrospective,harvest_post_14,1153,2025-12-29,0
124,11.688325479763035,0.2529199151024281,12.333281827925388,9.0937497564918,-0.1231005577886485,0.5806451612903226,土豆,60,harvest_market_price,catboost,retrospective_audit_reused,reused_retrospective,harvest_post_14,1153,2025-12-29,0
124,57.39915531491467,2.546179211469534,39.75741886425642,15.097789024155356,2.546179211469534,0.0,尖椒,60,harvest_market_price,last_value,retrospective_audit_reused,reused_retrospective,harvest_post_14,1153,2025-12-29,0
124,14.769476508328715,0.6551618023553509,13.858238376115448,3.884838358623451,-0.5679180747567846,1.0,尖椒,60,harvest_market_price,seasonal_naive,retrospective_audit_reused,reused_retrospective,harvest_post_14,1153,2025-12-29,0
124,10.861887855401276,0.4818243910211319,11.229219200386394,2.8570192426206704,-0.0406627148948048,0.7661290322580645,尖椒,60,harvest_market_price,same_season_mean,retrospective_audit_reused,reused_retrospective,harvest_post_14,1153,2025-12-29,0
124,10.300043389696848,0.4569014336917562,9.892985424575976,2.7092364196669916,-0.3300304659498206,0.9596774193548387,尖椒,60,harvest_market_price,same_season_median,retrospective_audit_reused,reused_retrospective,harvest_post_14,1153,2025-12-29,0
124,12.145659268578148,0.538771432603475,12.269592705231032,3.19469163248509,0.1528505537343173,0.8306451612903226,尖椒,60,harvest_market_price,linear,retrospective_audit_reused,reused_retrospective,harvest_post_14,1153,2025-12-29,0
124,10.134767302617195,0.449569922718007,10.101559991899297,2.6657635936336423,0.0603513742278738,0.8145161290322581,尖椒,60,harvest_market_price,elasticnet,retrospective_audit_reused,reused_retrospective,harvest_post_14,1153,2025-12-29,0
124,12.78816368477396,0.5672723988427825,13.379001672689252,3.363690567566838,0.2686187356846877,0.7419354838709677,尖椒,60,harvest_market_price,extra_trees,retrospective_audit_reused,reused_retrospective,harvest_post_14,1153,2025-12-29,0
124,14.156652587437447,0.6279774384199612,14.044983621944244,3.7236463303468974,0.0895296707225445,0.7338709677419355,尖椒,60,harvest_market_price,catboost,retrospective_audit_reused,reused_retrospective,harvest_post_14,1153,2025-12-29,0
124,51.101852601675304,0.7379045698924733,40.071573201257266,9.926039987343872,0.4447217741935484,0.0,甘蓝,60,harvest_market_price,last_value,retrospective_audit_reused,reused_retrospective,harvest_post_14,1153,2025-12-29,0
124,17.96543545955038,0.259418714797747,20.33367338296585,3.4896118571579224,-0.1766799795186892,0.8387096774193549,甘蓝,60,harvest_market_price,seasonal_naive,retrospective_audit_reused,reused_retrospective,harvest_post_14,1153,2025-12-29,0
124,29.6080056368981,0.4275360197832233,25.63200806694856,5.751068365136306,0.3301976074309251,0.9032258064516128,甘蓝,60,harvest_market_price,same_season_mean,retrospective_audit_reused,reused_retrospective,harvest_post_14,1153,2025-12-29,0
124,23.52638752757153,0.3397181899641577,21.36072430877249,4.5697729430022145,0.2366572580645161,0.9193548387096774,甘蓝,60,harvest_market_price,same_season_median,retrospective_audit_reused,reused_retrospective,harvest_post_14,1153,2025-12-29,0
124,19.61475474705787,0.2832346857949252,19.313726749647287,3.809976156419358,0.1063857387630933,0.6854838709677419,甘蓝,60,harvest_market_price,linear,retrospective_audit_reused,reused_retrospective,harvest_post_14,1153,2025-12-29,0
124,17.44395942627038,0.251888663958962,17.057241035075336,3.3883201877711837,0.1475800803205651,0.8145161290322581,甘蓝,60,harvest_market_price,elasticnet,retrospective_audit_reused,reused_retrospective,harvest_post_14,1153,2025-12-29,0
124,36.6529696670264,0.5292644481648853,32.22621628282934,7.119484403152122,0.3392281702702363,0.7903225806451613,甘蓝,60,harvest_market_price,extra_trees,retrospective_audit_reused,reused_retrospective,harvest_post_14,1153,2025-12-29,0
124,23.80167513668192,0.3436933097387912,21.75249087928221,4.623244895131801,0.2378619710156263,0.8709677419354839,甘蓝,60,harvest_market_price,catboost,retrospective_audit_reused,reused_retrospective,harvest_post_14,1153,2025-12-29,0
124,16.937819406585135,1.342995071684588,15.867873476281256,4.808635303601186,1.0369950716845882,0.0,芸豆,60,harvest_market_price,last_value,retrospective_audit_reused,reused_retrospective,harvest_post_14,1153,2025-12-29,0
124,9.592652036426616,0.7605987583205325,9.685183254794914,2.7233473288532775,-0.2219146825396821,0.7741935483870968,芸豆,60,harvest_market_price,seasonal_naive,retrospective_audit_reused,reused_retrospective,harvest_post_14,1153,2025-12-29,0
124,11.33867294588763,0.8990402790485624,10.567512562253516,3.2190414666001868,0.4283908040056435,0.7903225806451613,芸豆,60,harvest_market_price,same_season_mean,retrospective_audit_reused,reused_retrospective,harvest_post_14,1153,2025-12-29,0
124,10.041171428656993,0.7961617383512545,9.779063028683254,2.850681676448826,0.1969144265232975,0.75,芸豆,60,harvest_market_price,same_season_median,retrospective_audit_reused,reused_retrospective,harvest_post_14,1153,2025-12-29,0
124,8.214854847398131,0.6513535957509788,8.210245412441639,2.332191652592552,0.2823491281268132,0.782258064516129,芸豆,60,harvest_market_price,linear,retrospective_audit_reused,reused_retrospective,harvest_post_14,1153,2025-12-29,0
124,8.451929142877956,0.6701511518477642,8.451539147122528,2.3994968823541507,0.3401946458390899,0.7661290322580645,芸豆,60,harvest_market_price,elasticnet,retrospective_audit_reused,reused_retrospective,harvest_post_14,1153,2025-12-29,0
124,15.347697695417915,1.2169147557824134,12.513849973633851,4.357200841242433,1.013601611910416,0.7741935483870968,芸豆,60,harvest_market_price,extra_trees,retrospective_audit_reused,reused_retrospective,harvest_post_14,1153,2025-12-29,0
124,7.020341013908874,0.5566409203512493,6.930099552387342,1.993069995165784,0.3087463677254334,0.8145161290322581,芸豆,60,harvest_market_price,catboost,retrospective_audit_reused,reused_retrospective,harvest_post_14,1153,2025-12-29,0
124,17.9489355698304,0.5893445340501791,15.478973892457542,5.414937814849308,0.5115488351254479,0.0,芹菜,60,harvest_market_price,last_value,retrospective_audit_reused,reused_retrospective,harvest_post_14,1153,2025-12-29,0
124,21.427455458110167,0.703560035842294,24.137547541571728,6.464357643087595,-0.6244740143369176,0.7661290322580645,芹菜,60,harvest_market_price,seasonal_naive,retrospective_audit_reused,reused_retrospective,harvest_post_14,1153,2025-12-29,0
124,12.117905387938665,0.3978855056186681,12.032896116485675,3.6557991902433056,0.0240584076748994,0.5967741935483871,芹菜,60,harvest_market_price,same_season_mean,retrospective_audit_reused,reused_retrospective,harvest_post_14,1153,2025-12-29,0
124,13.276678160805048,0.4359332437275985,14.105992395989189,4.005384405600523,-0.3112737455197133,0.717741935483871,芹菜,60,harvest_market_price,same_season_median,retrospective_audit_reused,reused_retrospective,harvest_post_14,1153,2025-12-29,0
124,8.276261946682837,0.2717470192964268,8.2452727508922,2.4968301661308323,0.0781590728398232,0.8387096774193549,芹菜,60,harvest_market_price,linear,retrospective_audit_reused,reused_retrospective,harvest_post_14,1153,2025-12-29,0
124,8.293910320880105,0.2723264950445885,8.215631279926223,2.5021544288671715,0.1423125207765928,0.8306451612903226,芹菜,60,harvest_market_price,elasticnet,retrospective_audit_reused,reused_retrospective,harvest_post_14,1153,2025-12-29,0
124,12.831620018120084,0.4213199769572401,12.412953240653527,3.871116712830919,0.1751580463900485,0.6209677419354839,芹菜,60,harvest_market_price,extra_trees,retrospective_audit_reused,reused_retrospective,harvest_post_14,1153,2025-12-29,0
124,11.07103066963306,0.3635118854856856,10.49848278516072,3.3399720216901407,0.2289640526340952,0.782258064516129,芹菜,60,harvest_market_price,catboost,retrospective_audit_reused,reused_retrospective,harvest_post_14,1153,2025-12-29,0
124,45.96931529870224,1.4735927419354835,34.45000506913709,10.703523573200991,1.4735927419354835,0.0,茄子,60,harvest_market_price,last_value,retrospective_audit_reused,reused_retrospective,harvest_post_14,1153,2025-12-29,0
124,19.645712578193407,0.6297631208397338,21.74630180454084,4.574319768016227,-0.629311507936508,1.0,茄子,60,harvest_market_price,seasonal_naive,retrospective_audit_reused,reused_retrospective,harvest_post_14,1153,2025-12-29,0
124,16.357330616171105,0.5243507221459375,16.02571299856546,3.808650894780076,0.2737065698053709,0.8306451612903226,茄子,60,harvest_market_price,same_season_mean,retrospective_audit_reused,reused_retrospective,harvest_post_14,1153,2025-12-29,0
124,16.472247484626276,0.5280344982078854,17.161326145388838,3.835408208924868,0.1872217741935484,0.782258064516129,茄子,60,harvest_market_price,same_season_median,retrospective_audit_reused,reused_retrospective,harvest_post_14,1153,2025-12-29,0
124,16.338980860743042,0.5237625022379537,14.929680118105418,3.804378326469879,0.5141020902091262,0.935483870967742,茄子,60,harvest_market_price,linear,retrospective_audit_reused,reused_retrospective,harvest_post_14,1153,2025-12-29,0
124,12.876165069439956,0.4127584513060081,12.105056575096212,2.9980941734206894,0.3713914479112678,0.9435483870967742,茄子,60,harvest_market_price,elasticnet,retrospective_audit_reused,reused_retrospective,harvest_post_14,1153,2025-12-29,0
124,32.2709842496403,1.0344789313563425,28.32703015126584,7.513995768742161,0.7814061431924426,0.7338709677419355,茄子,60,harvest_market_price,extra_trees,retrospective_audit_reused,reused_retrospective,harvest_post_14,1153,2025-12-29,0
124,20.108256270273703,0.6445904251632508,19.73185845969557,4.682018725019326,0.5902477844930805,0.6935483870967742,茄子,60,harvest_market_price,catboost,retrospective_audit_reused,reused_retrospective,harvest_post_14,1153,2025-12-29,0
124,42.74589161114093,1.7962629928315414,31.330445677979835,14.68835155978092,1.7826500896057345,0.0,西红柿,60,harvest_market_price,last_value,retrospective_audit_reused,reused_retrospective,harvest_post_14,1153,2025-12-29,0
124,8.47709149928349,0.3562233742959551,8.705389181476939,2.912899823885153,0.2133013312852022,0.8790322580645161,西红柿,60,harvest_market_price,seasonal_naive,retrospective_audit_reused,reused_retrospective,harvest_post_14,1153,2025-12-29,0
124,6.8232117538437995,0.2867242278434178,6.520720589722423,2.344593345227267,0.2053885398915248,0.8790322580645161,西红柿,60,harvest_market_price,same_season_mean,retrospective_audit_reused,reused_retrospective,harvest_post_14,1153,2025-12-29,0
124,7.4121534850471,0.3114726702508961,7.384337632891285,2.546965617043103,0.2307952508960573,0.8790322580645161,西红柿,60,harvest_market_price,same_season_median,retrospective_audit_reused,reused_retrospective,harvest_post_14,1153,2025-12-29,0
124,7.331725950004968,0.3080929535259515,7.302733751941782,2.51932909186468,0.1694301007310787,0.9032258064516128,西红柿,60,harvest_market_price,linear,retrospective_audit_reused,reused_retrospective,harvest_post_14,1153,2025-12-29,0
124,6.118120672091321,0.2570949706448748,5.995810008833137,2.1023098110654157,0.0206010390206402,0.9112903225806452,西红柿,60,harvest_market_price,elasticnet,retrospective_audit_reused,reused_retrospective,harvest_post_14,1153,2025-12-29,0
124,10.719918489147856,0.4504711948319318,10.086947081840275,3.683580468813071,0.4111970688027132,0.8709677419354839,西红柿,60,harvest_market_price,extra_trees,retrospective_audit_reused,reused_retrospective,harvest_post_14,1153,2025-12-29,0
124,8.938116918672259,0.3755965320051477,8.579593315663683,3.071317467844479,0.2776140933013052,0.8709677419354839,西红柿,60,harvest_market_price,catboost,retrospective_audit_reused,reused_retrospective,harvest_post_14,1153,2025-12-29,0
124,56.568775332763394,2.5132822580645167,39.85193945997242,13.9344554879696,2.421314516129032,0.0,青椒,60,harvest_market_price,last_value,retrospective_audit_reused,reused_retrospective,harvest_post_14,1153,2025-12-29,0
124,12.618499759030913,0.5606246799795186,11.48980294761427,3.1082858375994102,-0.2008469022017409,0.8145161290322581,青椒,60,harvest_market_price,seasonal_naive,retrospective_audit_reused,reused_retrospective,harvest_post_14,1153,2025-12-29,0
124,10.014980601837356,0.4449534732437443,10.385464379962125,2.4669669899739795,0.3746199796031296,0.8064516129032258,青椒,60,harvest_market_price,same_season_mean,retrospective_audit_reused,reused_retrospective,harvest_post_14,1153,2025-12-29,0
124,8.313654022898792,0.3693655913978494,8.880183336349694,2.0478831518448484,0.1995403225806452,0.7983870967741935,青椒,60,harvest_market_price,same_season_median,retrospective_audit_reused,reused_retrospective,harvest_post_14,1153,2025-12-29,0
124,15.033759731649967,0.6679317588775326,15.311412702600697,3.7032312360521593,0.6574635969055651,0.8225806451612904,青椒,60,harvest_market_price,linear,retrospective_audit_reused,reused_retrospective,harvest_post_14,1153,2025-12-29,0
124,14.50289318197648,0.6443460002528173,14.650028400140616,3.572464107667945,0.6347190810545483,0.8306451612903226,青椒,60,harvest_market_price,elasticnet,retrospective_audit_reused,reused_retrospective,harvest_post_14,1153,2025-12-29,0
124,12.111542012023456,0.5381011605353165,12.125489823741187,2.9834081092342126,0.4648985773216078,0.8387096774193549,青椒,60,harvest_market_price,extra_trees,retrospective_audit_reused,reused_retrospective,harvest_post_14,1153,2025-12-29,0
124,15.145400595476028,0.6728918274078924,15.546205810507866,3.7307314716233138,0.3941085954004011,0.8225806451612904,青椒,60,harvest_market_price,catboost,retrospective_audit_reused,reused_retrospective,harvest_post_14,1153,2025-12-29,0
124,50.28036767228437,2.296914874551972,44.57274362684214,15.4234433171128,0.9883987455197136,0.0,韭菜,60,harvest_market_price,last_value,retrospective_audit_reused,reused_retrospective,harvest_post_14,1153,2025-12-29,0
124,14.112542844516373,0.6446911802355351,14.265198958479372,4.329005826715648,-0.5526521377368153,0.9032258064516128,韭菜,60,harvest_market_price,seasonal_naive,retrospective_audit_reused,reused_retrospective,harvest_post_14,1153,2025-12-29,0
124,12.593906070632473,0.5753166001268396,12.738599062367742,3.863165792411514,-0.5094361379236001,0.9274193548387096,韭菜,60,harvest_market_price,same_season_mean,retrospective_audit_reused,reused_retrospective,harvest_post_14,1153,2025-12-29,0
124,15.4386306971168,0.7052697132616486,15.85033151934508,4.735781707142803,-0.5982948028673836,0.9032258064516128,韭菜,60,harvest_market_price,same_season_median,retrospective_audit_reused,reused_retrospective,harvest_post_14,1153,2025-12-29,0
124,17.557169131503368,0.8020490859577406,18.150533071307613,5.3856408663051845,-0.119969336388004,0.9758064516129032,韭菜,60,harvest_market_price,linear,retrospective_audit_reused,reused_retrospective,harvest_post_14,1153,2025-12-29,0
124,16.888802513879988,0.771516667506088,17.587451383933796,5.180620196823348,-0.3048163397039382,0.9112903225806452,韭菜,60,harvest_market_price,elasticnet,retrospective_audit_reused,reused_retrospective,harvest_post_14,1153,2025-12-29,0
124,15.276347654199398,0.6978562763195394,16.017026652863333,4.686001575659301,-0.1411066532115834,0.9274193548387096,韭菜,60,harvest_market_price,extra_trees,retrospective_audit_reused,reused_retrospective,harvest_post_14,1153,2025-12-29,0
124,15.464818569789866,0.7064660313687015,15.9862837767378,4.743814806112988,-0.3537873071318159,0.9274193548387096,韭菜,60,harvest_market_price,catboost,retrospective_audit_reused,reused_retrospective,harvest_post_14,1153,2025-12-29,0
124,64.54588007460508,2.610231630824373,56.52187259951263,13.289962161715184,0.9677800179211468,0.0,黄瓜,60,harvest_market_price,last_value,retrospective_audit_reused,reused_retrospective,harvest_post_14,1153,2025-12-29,0
124,23.379443307585788,0.945463325652842,22.95022004053025,4.813814864103571,-0.431551011264721,0.935483870967742,黄瓜,60,harvest_market_price,seasonal_naive,retrospective_audit_reused,reused_retrospective,harvest_post_14,1153,2025-12-29,0
124,16.269982879780354,0.6579571600338666,16.13096649723238,3.3499807670777617,-0.3908285062339734,0.967741935483871,黄瓜,60,harvest_market_price,same_season_mean,retrospective_audit_reused,reused_retrospective,harvest_post_14,1153,2025-12-29,0
124,19.102102270114926,0.7724879032258064,18.80721377681312,3.9331126337670335,-0.5142361111111112,0.9596774193548387,黄瓜,60,harvest_market_price,same_season_median,retrospective_audit_reused,reused_retrospective,harvest_post_14,1153,2025-12-29,0
124,23.76994349970479,0.9612551306779474,23.40243933402448,4.894218644660989,-0.2989511939443237,0.935483870967742,黄瓜,60,harvest_market_price,linear,retrospective_audit_reused,reused_retrospective,harvest_post_14,1153,2025-12-29,0
124,23.23265140941931,0.9395270698406968,22.949948823521453,4.783590490835688,-0.4025331911237478,0.9516129032258064,黄瓜,60,harvest_market_price,elasticnet,retrospective_audit_reused,reused_retrospective,harvest_post_14,1153,2025-12-29,0
124,19.095114566704172,0.7722053209068656,18.32173360224812,3.9316738693746536,-0.2336861285980075,0.9919354838709676,黄瓜,60,harvest_market_price,extra_trees,retrospective_audit_reused,reused_retrospective,harvest_post_14,1153,2025-12-29,0
124,18.17082812689428,0.734827231114841,17.759286861393043,3.7413637861057936,-0.3103411761081137,0.9435483870967742,黄瓜,60,harvest_market_price,catboost,retrospective_audit_reused,reused_retrospective,harvest_post_14,1153,2025-12-29,0
187,12.579629520632052,0.2396300388884739,12.837716243975947,8.31222332036016,0.0295331277145992,0.0,土豆,90,cycle_market_average,last_value,calibration,calibration,cycle_market_average,923,2024-12-30,0
187,10.59476349557533,0.2018202192914294,10.68693486007876,7.000686312516854,0.196664406033972,0.8235294117647058,土豆,90,cycle_market_average,seasonal_naive,calibration,calibration,cycle_market_average,923,2024-12-30,0
187,22.959842512634268,0.437363274105337,21.361231151470715,15.171141411780315,0.437363274105337,0.6149732620320856,土豆,90,cycle_market_average,same_season_mean,calibration,calibration,cycle_market_average,923,2024-12-30,0
187,19.399028034267292,0.3695331277145992,18.525055542425896,12.818267259325076,0.3695331277145992,0.6577540106951871,土豆,90,cycle_market_average,same_season_median,calibration,calibration,cycle_market_average,923,2024-12-30,0
187,6.837731533488182,0.1302523155066963,7.1380614129817666,4.5181578215641105,0.1034578483013426,0.8823529411764706,土豆,90,cycle_market_average,linear,calibration,calibration,cycle_market_average,923,2024-12-30,0
187,10.830508776052335,0.2063109438104485,10.624856101750137,7.156459375215712,0.2054630572078222,0.8021390374331551,土豆,90,cycle_market_average,elasticnet,calibration,calibration,cycle_market_average,923,2024-12-30,0
187,19.596430238560373,0.3732934529144661,18.73136196851232,12.948704423895329,0.372828872848703,0.7914438502673797,土豆,90,cycle_market_average,extra_trees,calibration,calibration,cycle_market_average,923,2024-12-30,0
187,21.917917214543113,0.417515583098939,20.678198926683574,14.482669963025652,0.417515583098939,0.7540106951871658,土豆,90,cycle_market_average,catboost,calibration,calibration,cycle_market_average,923,2024-12-30,0
187,20.06658319379372,0.8787552195682724,18.91820571133279,4.920516898104866,0.1162040179745469,0.0,尖椒,90,cycle_market_average,last_value,calibration,calibration,cycle_market_average,923,2024-12-30,0
187,33.8648650776657,1.4830091729905472,28.885471469057123,8.303986745398305,1.4715941863430348,0.6256684491978609,尖椒,90,cycle_market_average,seasonal_naive,calibration,calibration,cycle_market_average,923,2024-12-30,0
187,17.398818371651448,0.7619285411348855,14.906204346817209,4.266355611116024,0.5480896357098871,0.7272727272727273,尖椒,90,cycle_market_average,same_season_mean,calibration,calibration,cycle_market_average,923,2024-12-30,0
187,13.531969785090508,0.5925916218445314,11.50335304661926,3.3181675898254466,0.2111772800066325,0.7754010695187166,尖椒,90,cycle_market_average,same_season_median,calibration,calibration,cycle_market_average,923,2024-12-30,0
187,21.10823842980675,0.9243713549510106,23.90292814790963,5.1759406611492285,-0.4696514449836518,0.481283422459893,尖椒,90,cycle_market_average,linear,calibration,calibration,cycle_market_average,923,2024-12-30,0
187,17.770298000776798,0.77819636610063,18.020490402474433,4.357445946464114,-0.1375228681390896,0.5240641711229946,尖椒,90,cycle_market_average,elasticnet,calibration,calibration,cycle_market_average,923,2024-12-30,0
187,15.443921541464793,0.676319756786621,13.81976359002843,3.786996330361137,0.177035248456728,0.5561497326203209,尖椒,90,cycle_market_average,extra_trees,calibration,calibration,cycle_market_average,923,2024-12-30,0
187,12.420052134078473,0.5438985568558132,10.968706501469628,3.045514814897728,0.1690129915715872,0.6898395721925134,尖椒,90,cycle_market_average,catboost,calibration,calibration,cycle_market_average,923,2024-12-30,0
187,28.34752676981357,0.4600682744545184,29.71394752461937,5.7980173461873425,-0.1599627159394918,0.0,甘蓝,90,cycle_market_average,last_value,calibration,calibration,cycle_market_average,923,2024-12-30,0
187,54.76370379026229,0.8887915658431899,45.617245295551854,11.201009071998648,0.8363964164144136,0.5614973262032086,甘蓝,90,cycle_market_average,seasonal_naive,calibration,calibration,cycle_market_average,923,2024-12-30,0
187,35.428229479274464,0.5749850608083825,32.58317451793793,7.246257874047686,0.4568696382035533,0.5614973262032086,甘蓝,90,cycle_market_average,same_season_mean,calibration,calibration,cycle_market_average,923,2024-12-30,0
187,32.944922737136054,0.5346820510582164,30.121107185211372,6.738338587693761,0.2453314017075669,0.4331550802139037,甘蓝,90,cycle_market_average,same_season_median,calibration,calibration,cycle_market_average,923,2024-12-30,0
187,33.6978383701295,0.5469015508013118,29.4315612974253,6.892335016932879,0.5469015508013118,0.5989304812834224,甘蓝,90,cycle_market_average,linear,calibration,calibration,cycle_market_average,923,2024-12-30,0
187,21.187383998182447,0.3438622097582441,21.27616140747334,4.33352866863178,0.3371991679301965,0.5668449197860963,甘蓝,90,cycle_market_average,elasticnet,calibration,calibration,cycle_market_average,923,2024-12-30,0
187,29.231846476877383,0.4744204063000456,27.81950504564502,5.978890303562632,0.4744204063000456,0.6524064171122995,甘蓝,90,cycle_market_average,extra_trees,calibration,calibration,cycle_market_average,923,2024-12-30,0
187,22.649230977239828,0.3675873630187979,23.123730026448673,4.632525269318367,0.3297308796268212,0.7647058823529411,甘蓝,90,cycle_market_average,catboost,calibration,calibration,cycle_market_average,923,2024-12-30,0
187,13.983479784034293,1.11935360196953,13.315884025996274,3.9324951265657178,0.0903584732237972,0.0,芸豆,90,cycle_market_average,last_value,calibration,calibration,cycle_market_average,923,2024-12-30,0
187,15.717312939555686,1.2581439758836794,14.578327649930785,4.420091242816464,0.9795722984371772,0.6898395721925134,芸豆,90,cycle_market_average,seasonal_naive,calibration,calibration,cycle_market_average,923,2024-12-30,0
187,12.943379596975706,1.0360953637645811,11.505046480182688,3.639993619078434,0.7374732628018581,0.7540106951871658,芸豆,90,cycle_market_average,same_season_mean,calibration,calibration,cycle_market_average,923,2024-12-30,0
187,11.193923382865403,0.8960543907738528,9.99203947594711,3.1480039182041324,0.4097702379296797,0.8021390374331551,芸豆,90,cycle_market_average,same_season_median,calibration,calibration,cycle_market_average,923,2024-12-30,0
187,9.747423104824746,0.7802645214794155,8.818102584644581,2.741212805990022,0.5344046446379258,0.732620320855615,芸豆,90,cycle_market_average,linear,calibration,calibration,cycle_market_average,923,2024-12-30,0
187,9.319981711923075,0.7460485702165806,8.371514129889192,2.6210058746368214,0.5912994810696263,0.7593582887700535,芸豆,90,cycle_market_average,elasticnet,calibration,calibration,cycle_market_average,923,2024-12-30,0
187,9.740321041485632,0.779696013475483,8.741990004497104,2.7392155327861434,0.4835700105738493,0.8074866310160428,芸豆,90,cycle_market_average,extra_trees,calibration,calibration,cycle_market_average,923,2024-12-30,0
187,9.40452698093263,0.7528162741684521,8.68579467101882,2.6447820636462165,0.4370670182457167,0.8021390374331551,芸豆,90,cycle_market_average,catboost,calibration,calibration,cycle_market_average,923,2024-12-30,0
187,18.946537841867844,0.5854580468705515,18.74847249358486,5.135987813650318,-0.1237427651088736,0.0,芹菜,90,cycle_market_average,last_value,calibration,calibration,cycle_market_average,923,2024-12-30,0
187,53.39572786800309,1.649956251096834,41.94111044580749,14.474402126653482,1.649956251096834,0.6203208556149733,芹菜,90,cycle_market_average,seasonal_naive,calibration,calibration,cycle_market_average,923,2024-12-30,0
187,22.903186998605435,0.7077205998915437,21.729478574914683,6.2085479838249595,0.5614747500392182,0.679144385026738,芹菜,90,cycle_market_average,same_season_mean,calibration,calibration,cycle_market_average,923,2024-12-30,0
187,17.501048291130463,0.540791654719664,16.86788938007676,4.7441475323647015,0.2770058979927307,0.679144385026738,芹菜,90,cycle_market_average,same_season_median,calibration,calibration,cycle_market_average,923,2024-12-30,0
187,11.462563746598091,0.3541992863932612,11.108703072641136,3.107247783583129,0.0702793295285559,0.8770053475935828,芹菜,90,cycle_market_average,linear,calibration,calibration,cycle_market_average,923,2024-12-30,0
187,14.103671258523356,0.4358109063320769,13.662729689296322,3.823193678764747,-0.0552586590558727,0.7700534759358288,芹菜,90,cycle_market_average,elasticnet,calibration,calibration,cycle_market_average,923,2024-12-30,0
187,17.44841556822173,0.5391652757256331,16.952607660311138,4.729879964025059,0.1671521768776983,0.8074866310160428,芹菜,90,cycle_market_average,extra_trees,calibration,calibration,cycle_market_average,923,2024-12-30,0
187,19.133010603878112,0.5912201539083789,18.50334388042353,5.186536459595864,0.2144908411828646,0.7700534759358288,芹菜,90,cycle_market_average,catboost,calibration,calibration,cycle_market_average,923,2024-12-30,0
187,27.158395462109063,0.8329593780404597,27.161575933424498,5.6229941906084635,-0.1019082464286825,0.0,茄子,90,cycle_market_average,last_value,calibration,calibration,cycle_market_average,923,2024-12-30,0
187,36.19226585416847,1.110031971433043,32.16473852939449,7.493406630994771,0.9812445635160124,0.5240641711229946,茄子,90,cycle_market_average,seasonal_naive,calibration,calibration,cycle_market_average,923,2024-12-30,0
187,31.479974700087872,0.965504025578332,28.08018207190937,6.5177530501041305,0.7559802155176322,0.4491978609625668,茄子,90,cycle_market_average,same_season_mean,calibration,calibration,cycle_market_average,923,2024-12-30,0
187,29.846241270642786,0.9153967361704176,27.22811717283272,6.179497662535694,0.6649901492932426,0.4759358288770053,茄子,90,cycle_market_average,same_season_median,calibration,calibration,cycle_market_average,923,2024-12-30,0
187,15.786808130312282,0.4841880257548842,13.75832610316382,3.2685705062674133,0.095503805108862,0.8074866310160428,茄子,90,cycle_market_average,linear,calibration,calibration,cycle_market_average,923,2024-12-30,0
187,16.815208881812595,0.5157295080762966,14.874161139341346,3.4814951416484514,0.1705782796343855,0.7540106951871658,茄子,90,cycle_market_average,elasticnet,calibration,calibration,cycle_market_average,923,2024-12-30,0
187,33.302256194493424,1.021394163208606,30.59627178356828,6.8950462621052475,0.6132259531687125,0.5133689839572193,茄子,90,cycle_market_average,extra_trees,calibration,calibration,cycle_market_average,923,2024-12-30,0
187,30.569071981377217,0.9375662571968684,28.46737180036169,6.329155726574263,0.6954760598026015,0.46524064171123,茄子,90,cycle_market_average,catboost,calibration,calibration,cycle_market_average,923,2024-12-30,0
187,14.561538075057852,0.7059784307693893,14.483625235343492,5.606478149607036,-0.1898450829294353,0.0,西红柿,90,cycle_market_average,last_value,calibration,calibration,cycle_market_average,923,2024-12-30,0
187,11.039384196684622,0.5352159292283306,10.010451706999962,4.250379730822746,0.5033660114332236,0.8074866310160428,西红柿,90,cycle_market_average,seasonal_naive,calibration,calibration,cycle_market_average,923,2024-12-30,0
187,11.251719345889605,0.5455104485751353,10.85378502434423,4.332132933559644,-0.1325160571173556,0.786096256684492,西红柿,90,cycle_market_average,same_season_mean,calibration,calibration,cycle_market_average,923,2024-12-30,0
187,12.2034503000524,0.5916526570472878,12.359010608469749,4.698568043045644,-0.3107541738385261,0.786096256684492,西红柿,90,cycle_market_average,same_season_median,calibration,calibration,cycle_market_average,923,2024-12-30,0
187,10.671694190813042,0.5173894323282925,11.13099589078425,4.108811857077396,-0.5154409047830142,0.8342245989304813,西红柿,90,cycle_market_average,linear,calibration,calibration,cycle_market_average,923,2024-12-30,0
187,8.246560426039192,0.3998131075722209,8.422776739174592,3.1750877276622536,-0.3894084216223591,0.8663101604278075,西红柿,90,cycle_market_average,elasticnet,calibration,calibration,cycle_market_average,923,2024-12-30,0
187,9.903116449491982,0.4801269326565353,10.398411846435195,3.812894331691003,-0.384406588083196,0.7967914438502673,西红柿,90,cycle_market_average,extra_trees,calibration,calibration,cycle_market_average,923,2024-12-30,0
187,8.534364349259885,0.4137665348157788,8.246074213802114,3.285897890612817,-0.2477191546841866,0.8342245989304813,西红柿,90,cycle_market_average,catboost,calibration,calibration,cycle_market_average,923,2024-12-30,0
187,18.728232477761964,0.8714004232775798,17.401400538222866,4.512137427057894,0.2033860822486178,0.0,青椒,90,cycle_market_average,last_value,calibration,calibration,cycle_market_average,923,2024-12-30,0
187,37.19885346856834,1.7308145174106009,29.699549980035368,8.962209283682883,1.7212480790377418,0.5828877005347594,青椒,90,cycle_market_average,seasonal_naive,calibration,calibration,cycle_market_average,923,2024-12-30,0
187,18.30428012725589,0.851674468993363,14.478998464647647,4.409995846410652,0.7700677361088535,0.7058823529411765,青椒,90,cycle_market_average,same_season_mean,calibration,calibration,cycle_market_average,923,2024-12-30,0
187,13.93269388167442,0.6482702177209885,10.88749513506509,3.3567625560976713,0.5228513228903291,0.7593582887700535,青椒,90,cycle_market_average,same_season_median,calibration,calibration,cycle_market_average,923,2024-12-30,0
187,23.797891699115265,1.1072851068218472,26.76317288655865,5.733555366111104,-0.2570962468519722,0.4491978609625668,青椒,90,cycle_market_average,linear,calibration,calibration,cycle_market_average,923,2024-12-30,0
187,20.52068724667106,0.9548010242786604,20.710459617827496,4.9439882308487295,0.0915068716708346,0.4331550802139037,青椒,90,cycle_market_average,elasticnet,calibration,calibration,cycle_market_average,923,2024-12-30,0
187,17.72801312908169,0.8248615112448854,14.833578774359916,4.27115755008303,0.4915722495141533,0.6096256684491979,青椒,90,cycle_market_average,extra_trees,calibration,calibration,cycle_market_average,923,2024-12-30,0
187,14.270583762353324,0.6639917966470523,11.74850576597117,3.4381693614993947,0.5254624696090915,0.7540106951871658,青椒,90,cycle_market_average,catboost,calibration,calibration,cycle_market_average,923,2024-12-30,0
187,26.273158814276663,1.28216182300346,25.359570371963382,8.46208447250673,-0.2743451511144887,0.0,韭菜,90,cycle_market_average,last_value,calibration,calibration,cycle_market_average,923,2024-12-30,0
187,14.295976275939257,0.6976608763774617,13.314576268886636,4.604461904223477,0.158496444945076,0.9893048128342246,韭菜,90,cycle_market_average,seasonal_naive,calibration,calibration,cycle_market_average,923,2024-12-30,0
187,8.835833138672964,0.4311993089570646,7.916866047344579,2.845853706932095,-0.1645350920290831,0.983957219251337,韭菜,90,cycle_market_average,same_season_mean,calibration,calibration,cycle_market_average,923,2024-12-30,0
187,11.642432311121675,0.5681647319891605,11.279225612278696,3.7498058904366935,-0.3555216217027241,0.962566844919786,韭菜,90,cycle_market_average,same_season_median,calibration,calibration,cycle_market_average,923,2024-12-30,0
187,7.750855925948437,0.3782511130123818,7.046283743246612,2.496403193968619,-0.2292616800316446,0.9518716577540108,韭菜,90,cycle_market_average,linear,calibration,calibration,cycle_market_average,923,2024-12-30,0
187,7.480415265222137,0.3650532827468154,6.898516853688132,2.4092994036690327,-0.1864629604316688,0.946524064171123,韭菜,90,cycle_market_average,elasticnet,calibration,calibration,cycle_market_average,923,2024-12-30,0
187,11.860621855651122,0.5788126447944587,10.720175564696683,3.820080590554696,-0.3317668908928589,0.9786096256684492,韭菜,90,cycle_market_average,extra_trees,calibration,calibration,cycle_market_average,923,2024-12-30,0
187,12.306844436940604,0.6005888446924527,11.507044954922517,3.963800392315257,-0.1905590251426576,0.9518716577540108,韭菜,90,cycle_market_average,catboost,calibration,calibration,cycle_market_average,923,2024-12-30,0
187,29.671433765214054,1.342564429603659,29.314933539104835,6.680218046921605,-0.4107603024908877,0.0,黄瓜,90,cycle_market_average,last_value,calibration,calibration,cycle_market_average,923,2024-12-30,0
187,25.302711786349516,1.1448897645348095,23.26510344494408,5.696645239617347,0.0457188159284543,0.8235294117647058,黄瓜,90,cycle_market_average,seasonal_naive,calibration,calibration,cycle_market_average,923,2024-12-30,0
187,16.674614795887198,0.7544881342588374,14.634303043984431,3.7541179697066815,-0.3943959991022797,0.8556149732620321,黄瓜,90,cycle_market_average,same_season_mean,calibration,calibration,cycle_market_average,923,2024-12-30,0
187,20.60030685595292,0.9321167100508414,19.6053760808124,4.637947148768892,-0.738139981635273,0.8128342245989305,黄瓜,90,cycle_market_average,same_season_median,calibration,calibration,cycle_market_average,923,2024-12-30,0
187,17.800288006363154,0.805422269215085,18.00257509063018,4.007551711906683,-0.454796319714999,0.7967914438502673,黄瓜,90,cycle_market_average,linear,calibration,calibration,cycle_market_average,923,2024-12-30,0
187,17.462315307108724,0.790129778539151,16.97216370930382,3.931460635796531,-0.3548817810917756,0.8663101604278075,黄瓜,90,cycle_market_average,elasticnet,calibration,calibration,cycle_market_average,923,2024-12-30,0
187,20.414585773300963,0.9237132563664322,19.494111795857982,4.596133957743391,-0.6516432692548748,0.8235294117647058,黄瓜,90,cycle_market_average,extra_trees,calibration,calibration,cycle_market_average,923,2024-12-30,0
187,19.433314012749143,0.8793129563365784,17.754995972701444,4.3752107163644105,-0.4994018032174876,0.8556149732620321,黄瓜,90,cycle_market_average,catboost,calibration,calibration,cycle_market_average,923,2024-12-30,0
112,4.392153469842349,0.0957701890687047,4.3620968348520455,3.498031547082136,0.0191591894776118,0.0,土豆,90,cycle_market_average,last_value,retrospective_audit_reused,reused_retrospective,cycle_market_average,1172,2025-12-31,0
112,9.161956779310955,0.1997749712114241,9.96395347308325,7.2968337894129025,-0.1237817971598927,0.5,土豆,90,cycle_market_average,seasonal_naive,retrospective_audit_reused,reused_retrospective,cycle_market_average,1172,2025-12-31,0
112,10.531121177943474,0.2296293773070932,9.963555956626063,8.38727388729277,0.1931278328565667,0.5267857142857143,土豆,90,cycle_market_average,same_season_mean,retrospective_audit_reused,reused_retrospective,cycle_market_average,1172,2025-12-31,0
112,6.601395592980712,0.1439423527429177,6.415928582231531,5.257532597066645,0.1022841894776118,0.5803571428571429,土豆,90,cycle_market_average,same_season_median,retrospective_audit_reused,reused_retrospective,cycle_market_average,1172,2025-12-31,0
112,8.219372873991311,0.179222083101888,8.658454001490124,6.546134102068336,-0.1020252310141884,0.5,土豆,90,cycle_market_average,linear,retrospective_audit_reused,reused_retrospective,cycle_market_average,1172,2025-12-31,0
112,6.966744050348381,0.1519087161858866,6.906440040942795,5.548506133926177,0.0290379346474441,0.2857142857142857,土豆,90,cycle_market_average,elasticnet,retrospective_audit_reused,reused_retrospective,cycle_market_average,1172,2025-12-31,0
112,8.265678071037389,0.1802317603607579,8.74202229929232,6.583012831642158,-0.0690002799473118,0.4910714285714285,土豆,90,cycle_market_average,extra_trees,retrospective_audit_reused,reused_retrospective,cycle_market_average,1172,2025-12-31,0
112,6.977706131620695,0.1521477425776656,7.255684658884435,5.557236636258468,-0.0467662475207839,0.4732142857142857,土豆,90,cycle_market_average,catboost,retrospective_audit_reused,reused_retrospective,cycle_market_average,1172,2025-12-31,0
112,34.11204059942015,1.864246175269368,27.10827599886983,11.21920172289254,1.8606464020267377,0.0,尖椒,90,cycle_market_average,last_value,retrospective_audit_reused,reused_retrospective,cycle_market_average,1172,2025-12-31,0
112,21.778855756003264,1.1902292513559714,20.313191444337527,7.1629070476813785,-1.1902292513559714,0.9642857142857144,尖椒,90,cycle_market_average,seasonal_naive,retrospective_audit_reused,reused_retrospective,cycle_market_average,1172,2025-12-31,0
112,10.834576364819164,0.592116953247334,9.76422850216482,3.563413260626109,-0.506238860473757,0.9285714285714286,尖椒,90,cycle_market_average,same_season_mean,retrospective_audit_reused,reused_retrospective,cycle_market_average,1172,2025-12-31,0
112,15.103344319028416,0.8254080197419699,13.906067017990576,4.967379952296469,-0.8250678836875481,0.9732142857142856,尖椒,90,cycle_market_average,same_season_median,retrospective_audit_reused,reused_retrospective,cycle_market_average,1172,2025-12-31,0
112,9.3558376647809,0.5113028794678841,9.262000107393412,3.0770668715021707,0.1481276273796413,0.8660714285714286,尖椒,90,cycle_market_average,linear,retrospective_audit_reused,reused_retrospective,cycle_market_average,1172,2025-12-31,0
112,8.129299063370308,0.4442717122811633,7.824902723285421,2.6736672581007417,0.0140819529640489,0.9285714285714286,尖椒,90,cycle_market_average,elasticnet,retrospective_audit_reused,reused_retrospective,cycle_market_average,1172,2025-12-31,0
112,10.214020339758406,0.5582031452214505,10.320454214554076,3.3593169033524446,-0.1241688026225356,0.8392857142857143,尖椒,90,cycle_market_average,extra_trees,retrospective_audit_reused,reused_retrospective,cycle_market_average,1172,2025-12-31,0
112,11.92967927047854,0.6519650704378537,11.065936360876387,3.9235846309113303,-0.3654235389665877,0.8571428571428571,尖椒,90,cycle_market_average,catboost,retrospective_audit_reused,reused_retrospective,cycle_market_average,1172,2025-12-31,0
112,32.783603511600795,0.5221205732744237,27.09390372527465,7.117615731133297,0.3529085551338342,0.0089285714285714,甘蓝,90,cycle_market_average,last_value,retrospective_audit_reused,reused_retrospective,cycle_market_average,1172,2025-12-31,0
112,18.07880676064006,0.2879279865205398,19.61868844321569,3.925071853498861,-0.2879279865205398,0.7857142857142857,甘蓝,90,cycle_market_average,seasonal_naive,retrospective_audit_reused,reused_retrospective,cycle_market_average,1172,2025-12-31,0
112,17.70542601758149,0.2819814233995459,16.30405093197858,3.8440075296957894,0.2779934372359556,0.6875,甘蓝,90,cycle_market_average,same_season_mean,retrospective_audit_reused,reused_retrospective,cycle_market_average,1172,2025-12-31,0
112,13.437068597365824,0.2140024038755166,12.80993931520069,2.9173086721563446,0.1671049837052627,0.7946428571428571,甘蓝,90,cycle_market_average,same_season_median,retrospective_audit_reused,reused_retrospective,cycle_market_average,1172,2025-12-31,0
112,13.276927351034988,0.2114519508934475,13.06807112899991,2.8825405645660886,0.0979417944933074,0.8660714285714286,甘蓝,90,cycle_market_average,linear,retrospective_audit_reused,reused_retrospective,cycle_market_average,1172,2025-12-31,0
112,12.794739426377964,0.2037724950472089,12.284645223321467,2.7778532211907057,0.1509083388171023,0.8660714285714286,甘蓝,90,cycle_market_average,elasticnet,retrospective_audit_reused,reused_retrospective,cycle_market_average,1172,2025-12-31,0
112,25.663071079185965,0.4087170398795671,22.345080003986407,5.571683977869302,0.3524138510432902,0.6160714285714286,甘蓝,90,cycle_market_average,extra_trees,retrospective_audit_reused,reused_retrospective,cycle_market_average,1172,2025-12-31,0
112,18.27167112810469,0.2909995968171079,17.118499902127635,3.966944445551029,0.2889586276600409,0.6875,甘蓝,90,cycle_market_average,catboost,retrospective_audit_reused,reused_retrospective,cycle_market_average,1172,2025-12-31,0
112,12.263116000427924,1.0174703397375948,11.700821008082782,3.7052424674484503,0.8383603624133318,0.0,芸豆,90,cycle_market_average,last_value,retrospective_audit_reused,reused_retrospective,cycle_market_average,1172,2025-12-31,0
112,4.357068547839885,0.3615058371360052,4.258386049726848,1.316467643009896,-0.1707176136124818,0.9553571428571428,芸豆,90,cycle_market_average,seasonal_naive,retrospective_audit_reused,reused_retrospective,cycle_market_average,1172,2025-12-31,0
112,8.428586893109886,0.6993195831582363,7.432450597838926,2.546657643607087,0.579637963953423,0.6517857142857143,芸豆,90,cycle_market_average,same_season_mean,retrospective_audit_reused,reused_retrospective,cycle_market_average,1172,2025-12-31,0
112,6.256394094556036,0.5190928165971911,5.5788945972720665,1.8903398688745827,0.3833603624133316,0.75,芸豆,90,cycle_market_average,same_season_median,retrospective_audit_reused,reused_retrospective,cycle_market_average,1172,2025-12-31,0
112,5.919550309729231,0.4911448986149859,5.798598735891712,1.788564113316795,0.4221186944247918,0.8035714285714286,芸豆,90,cycle_market_average,linear,retrospective_audit_reused,reused_retrospective,cycle_market_average,1172,2025-12-31,0
112,6.590811023659936,0.5468393784382007,6.379696132391508,1.991382361460173,0.485671825975643,0.8125,芸豆,90,cycle_market_average,elasticnet,retrospective_audit_reused,reused_retrospective,cycle_market_average,1172,2025-12-31,0
112,11.181906062230665,0.9277623859755296,9.282878414990556,3.378560001173483,0.913708793680346,0.5625,芸豆,90,cycle_market_average,extra_trees,retrospective_audit_reused,reused_retrospective,cycle_market_average,1172,2025-12-31,0
112,5.071386344080802,0.4207727616922512,4.666094761798255,1.5322953848166012,0.4207727616922512,0.7678571428571429,芸豆,90,cycle_market_average,catboost,retrospective_audit_reused,reused_retrospective,cycle_market_average,1172,2025-12-31,0
112,12.435014416118689,0.4341242639884605,10.912160121058724,3.9921431846276674,0.3545702511264851,0.0,芹菜,90,cycle_market_average,last_value,retrospective_audit_reused,reused_retrospective,cycle_market_average,1172,2025-12-31,0
112,23.16233070977073,0.8086303268456589,26.409906114312623,7.436046118550859,-0.8086303268456589,0.7589285714285714,芹菜,90,cycle_market_average,seasonal_naive,retrospective_audit_reused,reused_retrospective,cycle_market_average,1172,2025-12-31,0
112,5.216041530497843,0.1820995227335976,5.4294049587690925,1.6745605553717822,-0.1561443718333984,0.7410714285714286,芹菜,90,cycle_market_average,same_season_mean,retrospective_audit_reused,reused_retrospective,cycle_market_average,1172,2025-12-31,0
112,12.290826700591628,0.4290904631592291,13.185876245843776,3.9458530890486663,-0.4290904631592291,0.7589285714285714,芹菜,90,cycle_market_average,same_season_median,retrospective_audit_reused,reused_retrospective,cycle_market_average,1172,2025-12-31,0
112,6.655292315670557,0.2323458406629129,6.5852593277942555,2.1366183400052687,-0.097239484955734,0.8392857142857143,芹菜,90,cycle_market_average,linear,retrospective_audit_reused,reused_retrospective,cycle_market_average,1172,2025-12-31,0
112,5.871665240605117,0.2049882907783509,5.736874080482186,1.885042315858716,-0.0248432140011574,0.9017857142857144,芹菜,90,cycle_market_average,elasticnet,retrospective_audit_reused,reused_retrospective,cycle_market_average,1172,2025-12-31,0
112,10.98308238793789,0.383435225600357,10.540214043019,3.526014207460483,0.3678294439377758,0.6517857142857143,芹菜,90,cycle_market_average,extra_trees,retrospective_audit_reused,reused_retrospective,cycle_market_average,1172,2025-12-31,0
112,8.654523399217807,0.3021418773737978,8.459713296829088,2.778452476870717,0.2567743303708975,0.6517857142857143,芹菜,90,cycle_market_average,catboost,retrospective_audit_reused,reused_retrospective,cycle_market_average,1172,2025-12-31,0
112,28.70569482455843,1.0892169672262746,23.495218792481193,7.970710340094786,1.0823575567954355,0.0,茄子,90,cycle_market_average,last_value,retrospective_audit_reused,reused_retrospective,cycle_market_average,1172,2025-12-31,0
112,23.628324729048977,0.8965598066622729,25.67492104638978,6.560876975387586,-0.8965598066622729,0.9285714285714286,茄子,90,cycle_market_average,seasonal_naive,retrospective_audit_reused,reused_retrospective,cycle_market_average,1172,2025-12-31,0
112,4.816466076735381,0.1827573450116146,4.43224134551339,1.3373881452855938,-0.0037194412157139,0.9910714285714286,茄子,90,cycle_market_average,same_season_mean,retrospective_audit_reused,reused_retrospective,cycle_market_average,1172,2025-12-31,0
112,5.32170643999814,0.2019283276182629,4.800401437130156,1.4776782379764146,-0.1911245860617072,0.9375,茄子,90,cycle_market_average,same_season_median,retrospective_audit_reused,reused_retrospective,cycle_market_average,1172,2025-12-31,0
112,13.072652633026811,0.4960324124384635,12.83743809026438,3.629883483098618,0.4783325175386397,0.8660714285714286,茄子,90,cycle_market_average,linear,retrospective_audit_reused,reused_retrospective,cycle_market_average,1172,2025-12-31,0
112,10.093467023116297,0.3829893547921205,9.94946174154665,2.8026530087587376,0.373524383041088,0.9375,茄子,90,cycle_market_average,elasticnet,retrospective_audit_reused,reused_retrospective,cycle_market_average,1172,2025-12-31,0
112,8.891862636701473,0.3373953396123582,8.532405020812465,2.469003516348403,0.2932769497250058,0.9285714285714286,茄子,90,cycle_market_average,extra_trees,retrospective_audit_reused,reused_retrospective,cycle_market_average,1172,2025-12-31,0
112,6.1906789829145765,0.2349008664675434,6.8126391624088924,1.718965845728618,0.0931749955662426,0.875,茄子,90,cycle_market_average,catboost,retrospective_audit_reused,reused_retrospective,cycle_market_average,1172,2025-12-31,0
112,27.43573771619844,1.341590394862872,22.203990439701013,11.10562952343011,1.3338126170850946,0.0,西红柿,90,cycle_market_average,last_value,retrospective_audit_reused,reused_retrospective,cycle_market_average,1172,2025-12-31,0
112,11.542178655677402,0.5644053088867944,10.57412365447434,4.672123686600003,-0.2976952512638502,0.9375,西红柿,90,cycle_market_average,seasonal_naive,retrospective_audit_reused,reused_retrospective,cycle_market_average,1172,2025-12-31,0
112,5.958929419114688,0.2913879172868032,5.015467959517347,2.4120970673182995,-0.1445523330614998,0.9642857142857144,西红柿,90,cycle_market_average,same_season_mean,retrospective_audit_reused,reused_retrospective,cycle_market_average,1172,2025-12-31,0
112,7.424566908131032,0.3630566727602287,6.355607325818578,3.005368046106517,-0.2526159543434771,0.9464285714285714,西红柿,90,cycle_market_average,same_season_median,retrospective_audit_reused,reused_retrospective,cycle_market_average,1172,2025-12-31,0
112,7.494224620666998,0.3664628912856084,7.179109085447107,3.0335645814749577,-0.1858215699335275,0.9642857142857144,西红柿,90,cycle_market_average,linear,retrospective_audit_reused,reused_retrospective,cycle_market_average,1172,2025-12-31,0
112,5.7468691202589115,0.2810183014587335,5.3060071477269215,2.326257818522388,-0.2141407058002794,0.9732142857142856,西红柿,90,cycle_market_average,elasticnet,retrospective_audit_reused,reused_retrospective,cycle_market_average,1172,2025-12-31,0
112,7.955126906956941,0.3890007244816097,7.116163096135519,3.22013182785215,-0.0850964807720587,0.9464285714285714,西红柿,90,cycle_market_average,extra_trees,retrospective_audit_reused,reused_retrospective,cycle_market_average,1172,2025-12-31,0
112,7.771218235635327,0.380007705612232,7.403442406294913,3.145687991459945,-0.1126890409344648,0.9375,西红柿,90,cycle_market_average,catboost,retrospective_audit_reused,reused_retrospective,cycle_market_average,1172,2025-12-31,0
112,34.0452144392035,1.836822633009724,27.112261428955232,10.3191292614392,1.8331481413551385,0.0089285714285714,青椒,90,cycle_market_average,last_value,retrospective_audit_reused,reused_retrospective,cycle_market_average,1172,2025-12-31,0
112,17.686492992533083,0.954229578587806,15.730526044794344,5.360788891413937,-0.7734220502513663,0.8482142857142857,青椒,90,cycle_market_average,seasonal_naive,retrospective_audit_reused,reused_retrospective,cycle_market_average,1172,2025-12-31,0
112,5.445052497985613,0.2937739071694359,6.167310274642996,1.6503993729390207,0.1173918059143314,0.8035714285714286,青椒,90,cycle_market_average,same_season_mean,retrospective_audit_reused,reused_retrospective,cycle_market_average,1172,2025-12-31,0
112,8.241728898040163,0.4446614428610612,8.218066809311072,2.498074024133097,-0.2044411443591472,0.8035714285714286,青椒,90,cycle_market_average,same_season_median,retrospective_audit_reused,reused_retrospective,cycle_market_average,1172,2025-12-31,0
112,12.65149262736088,0.6825789874459607,12.906877713428056,3.834676618207734,0.6825789874459607,0.7767857142857143,青椒,90,cycle_market_average,linear,retrospective_audit_reused,reused_retrospective,cycle_market_average,1172,2025-12-31,0
112,11.303137866728695,0.6098319484728805,11.954298925665425,3.4259893094499283,0.6030146932646889,0.7946428571428571,青椒,90,cycle_market_average,elasticnet,retrospective_audit_reused,reused_retrospective,cycle_market_average,1172,2025-12-31,0
112,7.990526817042539,0.4311084758600881,9.260836759783292,2.4219344906551683,0.2599222978061922,0.7946428571428571,青椒,90,cycle_market_average,extra_trees,retrospective_audit_reused,reused_retrospective,cycle_market_average,1172,2025-12-31,0
112,9.978748268575588,0.5383778886620828,10.857086201075989,3.024565858872093,0.1983438934535327,0.7767857142857143,青椒,90,cycle_market_average,catboost,retrospective_audit_reused,reused_retrospective,cycle_market_average,1172,2025-12-31,0
112,34.04049093183603,1.6517221242395297,31.4701233997491,11.153076966235089,0.8565223175408939,0.0,韭菜,90,cycle_market_average,last_value,retrospective_audit_reused,reused_retrospective,cycle_market_average,1172,2025-12-31,0
112,12.598454928966335,0.6113057176254382,12.988250500886034,4.127776469492493,-0.6113057176254382,0.8928571428571429,韭菜,90,cycle_market_average,seasonal_naive,retrospective_audit_reused,reused_retrospective,cycle_market_average,1172,2025-12-31,0
112,13.265878733560486,0.6436906402312773,13.737085583302486,4.346452195310954,-0.6436906402312773,0.9017857142857144,韭菜,90,cycle_market_average,same_season_mean,retrospective_audit_reused,reused_retrospective,cycle_market_average,1172,2025-12-31,0
112,18.41192242430083,0.8933883967448206,20.178844874973674,6.032509587061383,-0.8933883967448206,0.8482142857142857,韭菜,90,cycle_market_average,same_season_median,retrospective_audit_reused,reused_retrospective,cycle_market_average,1172,2025-12-31,0
112,12.426542457008194,0.6029641330714856,12.518604109463318,4.071450812055758,-0.4056049858353754,0.9107142857142856,韭菜,90,cycle_market_average,linear,retrospective_audit_reused,reused_retrospective,cycle_market_average,1172,2025-12-31,0
112,11.509499963353507,0.5584671433344595,11.712433742325318,3.770989648510276,-0.3465308944889447,0.9196428571428572,韭菜,90,cycle_market_average,elasticnet,retrospective_audit_reused,reused_retrospective,cycle_market_average,1172,2025-12-31,0
112,8.275053876624149,0.4015244549399623,8.498394053254971,2.711250932618475,-0.1655893427542172,0.9107142857142856,韭菜,90,cycle_market_average,extra_trees,retrospective_audit_reused,reused_retrospective,cycle_market_average,1172,2025-12-31,0
112,9.58633002756344,0.4651505593293228,9.265558491959554,3.14087939669379,-0.3411336528394419,0.9375,韭菜,90,cycle_market_average,catboost,retrospective_audit_reused,reused_retrospective,cycle_market_average,1172,2025-12-31,0
112,36.93920144505815,1.593886553655244,32.5829949102174,8.27836935301291,0.9768939697364304,0.0,黄瓜,90,cycle_market_average,last_value,retrospective_audit_reused,reused_retrospective,cycle_market_average,1172,2025-12-31,0
112,16.487789049145615,0.7114302485402851,16.109739531612675,3.6950448906266025,-0.6750089461099897,0.8839285714285714,黄瓜,90,cycle_market_average,seasonal_naive,retrospective_audit_reused,reused_retrospective,cycle_market_average,1172,2025-12-31,0
112,11.239281558930674,0.4849628321329496,10.822582415506911,2.518812545141861,-0.4721870543471215,0.9285714285714286,黄瓜,90,cycle_market_average,same_season_mean,retrospective_audit_reused,reused_retrospective,cycle_market_average,1172,2025-12-31,0
112,17.811627830660164,0.7685524588349981,18.519002126044747,3.9917277091093,-0.7685524588349981,0.8214285714285714,黄瓜,90,cycle_market_average,same_season_median,retrospective_audit_reused,reused_retrospective,cycle_market_average,1172,2025-12-31,0
112,16.989081177359232,0.7330604611966498,17.003378375031502,3.8073884505512146,-0.5264978534711439,0.9017857142857144,黄瓜,90,cycle_market_average,linear,retrospective_audit_reused,reused_retrospective,cycle_market_average,1172,2025-12-31,0
112,16.456219418091965,0.7100680531361665,16.64206057950417,3.687969884779787,-0.4870686086043785,0.9017857142857144,黄瓜,90,cycle_market_average,elasticnet,retrospective_audit_reused,reused_retrospective,cycle_market_average,1172,2025-12-31,0
112,9.714194194529076,0.4191569633492208,10.245412049376228,2.177028315807405,-0.3375306367241541,0.875,黄瓜,90,cycle_market_average,extra_trees,retrospective_audit_reused,reused_retrospective,cycle_market_average,1172,2025-12-31,0
112,10.385106176841193,0.4481060890871983,10.290756218479295,2.327385036463715,-0.2727731932397201,0.9642857142857144,黄瓜,90,cycle_market_average,catboost,retrospective_audit_reused,reused_retrospective,cycle_market_average,1172,2025-12-31,0
178,23.5809212344808,0.439983012306046,23.609689074790563,15.055615779063698,0.0859545657214197,0.0,土豆,90,harvest_market_price,last_value,calibration,calibration,harvest_post_14,890,2024-12-31,0
178,12.924381841135055,0.2411486980560014,12.67638119356288,8.251778005072566,0.1903646780809702,0.949438202247191,土豆,90,harvest_market_price,seasonal_naive,calibration,calibration,harvest_post_14,890,2024-12-31,0
178,23.786677850953627,0.443822108116486,22.080597024409347,15.18698437704219,0.443822108116486,0.7640449438202247,土豆,90,harvest_market_price,same_season_mean,calibration,calibration,harvest_post_14,890,2024-12-31,0
178,21.56446280630326,0.4023590601034422,20.361934355601665,13.768175690221716,0.4012354645978242,0.7921348314606742,土豆,90,harvest_market_price,same_season_median,calibration,calibration,harvest_post_14,890,2024-12-31,0
178,12.27647003177306,0.2290596797026848,12.485951292001523,7.838108362420586,0.1871981811036652,0.9101123595505618,土豆,90,harvest_market_price,linear,calibration,calibration,harvest_post_14,890,2024-12-31,0
178,17.85924113460333,0.3332254339755369,17.30288883669672,11.402517736884231,0.3041830752563825,0.7584269662921348,土豆,90,harvest_market_price,elasticnet,calibration,calibration,harvest_post_14,890,2024-12-31,0
178,21.80129092374448,0.406777901397827,20.587030314678422,13.91938238424435,0.4061217475271548,0.848314606741573,土豆,90,harvest_market_price,extra_trees,calibration,calibration,harvest_post_14,890,2024-12-31,0
178,21.99436647067818,0.4103803883362215,20.975550677756154,14.042654550842991,0.4091338705572435,0.8033707865168539,土豆,90,harvest_market_price,catboost,calibration,calibration,harvest_post_14,890,2024-12-31,0
178,42.03968205763064,1.922616104868914,40.12742080821905,10.629388788734232,-0.0842353308364545,0.0,尖椒,90,harvest_market_price,last_value,calibration,calibration,harvest_post_14,890,2024-12-31,0
178,36.05562558307293,1.64894506866417,31.00792452336502,9.116369191806264,0.9530424469413232,0.8651685393258427,尖椒,90,harvest_market_price,seasonal_naive,calibration,calibration,harvest_post_14,890,2024-12-31,0
178,16.758472958855876,0.7664213530334781,15.18886082631422,4.237242430639068,-0.1910553543054409,0.904494382022472,尖椒,90,harvest_market_price,same_season_mean,calibration,calibration,harvest_post_14,890,2024-12-31,0
178,14.825043270116185,0.6779991082575353,13.431895452747208,3.748390592294458,-0.3108645443196004,0.9382022471910112,尖椒,90,harvest_market_price,same_season_median,calibration,calibration,harvest_post_14,890,2024-12-31,0
178,20.72566825951058,0.9478545419368312,20.669994416081195,5.2403152225239,-0.5618279433874498,0.8932584269662921,尖椒,90,harvest_market_price,linear,calibration,calibration,harvest_post_14,890,2024-12-31,0
178,24.031198945980172,1.09902758183358,23.687670544592205,6.076091543843611,-0.3393637830141988,0.8426966292134831,尖椒,90,harvest_market_price,elasticnet,calibration,calibration,harvest_post_14,890,2024-12-31,0
178,17.723264960934518,0.8105445373739847,17.078760746890744,4.481182174909654,-0.6329183582076302,0.9325842696629212,尖椒,90,harvest_market_price,extra_trees,calibration,calibration,harvest_post_14,890,2024-12-31,0
178,16.51742152800904,0.7553972600726299,15.370618382105189,4.176294553510995,-0.5182771581236039,0.9831460674157304,尖椒,90,harvest_market_price,catboost,calibration,calibration,harvest_post_14,890,2024-12-31,0
178,51.484238566870694,0.9547330123060458,55.344647134099546,11.827726420569606,-0.4162158016764757,0.0056179775280898,甘蓝,90,harvest_market_price,last_value,calibration,calibration,harvest_post_14,890,2024-12-31,0
178,63.37560284839312,1.1752486177991792,53.79186769043239,14.55958780969162,0.5301300160513643,0.7247191011235955,甘蓝,90,harvest_market_price,seasonal_naive,calibration,calibration,harvest_post_14,890,2024-12-31,0
178,35.507013778789755,0.6584484721277427,34.90128291363536,8.15720027482669,0.1193996136664064,0.797752808988764,甘蓝,90,harvest_market_price,same_season_mean,calibration,calibration,harvest_post_14,890,2024-12-31,0
178,38.21801544607559,0.7087217763509897,37.08157077209104,8.780011972910117,-0.0890809702158015,0.7359550561797753,甘蓝,90,harvest_market_price,same_season_median,calibration,calibration,harvest_post_14,890,2024-12-31,0
178,25.57907208219231,0.4743429294249986,28.107710039790742,5.876405577742808,0.3371800807161084,0.7921348314606742,甘蓝,90,harvest_market_price,linear,calibration,calibration,harvest_post_14,890,2024-12-31,0
178,32.4597373506492,0.6019392280454198,34.47605420502729,7.457134528043175,0.3589821180026948,0.6741573033707865,甘蓝,90,harvest_market_price,elasticnet,calibration,calibration,harvest_post_14,890,2024-12-31,0
178,33.11402805152333,0.6140725128944912,32.47771224374069,7.607447937056895,0.6074789438682013,0.8033707865168539,甘蓝,90,harvest_market_price,extra_trees,calibration,calibration,harvest_post_14,890,2024-12-31,0
178,27.12098804030311,0.5029364972505735,29.624491134854846,6.230637486841694,0.3702228507943375,0.797752808988764,甘蓝,90,harvest_market_price,catboost,calibration,calibration,harvest_post_14,890,2024-12-31,0
178,21.827954523517334,1.778736802211521,20.829295086770507,6.146688242113202,0.0225670144462277,0.0,芸豆,90,harvest_market_price,last_value,calibration,calibration,harvest_post_14,890,2024-12-31,0
178,25.78824718322823,2.101456839664705,24.59037493845449,7.261895088478283,0.3605379882289993,0.7191011235955056,芸豆,90,harvest_market_price,seasonal_naive,calibration,calibration,harvest_post_14,890,2024-12-31,0
178,14.87036500596019,1.2117702311465846,14.73987283164075,4.187451354619116,-0.1398419965111783,0.7696629213483146,芸豆,90,harvest_market_price,same_season_mean,calibration,calibration,harvest_post_14,890,2024-12-31,0
178,13.643952111699488,1.1118311485642949,13.686314152746814,3.84209706551216,-0.4645116372391654,0.8202247191011236,芸豆,90,harvest_market_price,same_season_median,calibration,calibration,harvest_post_14,890,2024-12-31,0
178,14.18263477399154,1.1557278258777748,13.791833168373431,3.9937885299127025,-0.0131244131824932,0.6853932584269663,芸豆,90,harvest_market_price,linear,calibration,calibration,harvest_post_14,890,2024-12-31,0
178,15.194846305158505,1.2382118671639042,14.995771169380056,4.278824340778632,-0.106927032142848,0.7415730337078652,芸豆,90,harvest_market_price,elasticnet,calibration,calibration,harvest_post_14,890,2024-12-31,0
178,14.717082527667731,1.1992794049915625,14.380171847194298,4.144287456415684,-0.2464400416372492,0.7528089887640449,芸豆,90,harvest_market_price,extra_trees,calibration,calibration,harvest_post_14,890,2024-12-31,0
178,12.348949414178366,1.006302755852909,12.052580757160127,3.4774280881335464,-0.3436145829029776,0.848314606741573,芸豆,90,harvest_market_price,catboost,calibration,calibration,harvest_post_14,890,2024-12-31,0
178,34.22046182705362,1.1419067683253077,34.91356472893141,9.903952361377543,-0.3950020955947922,0.0,芹菜,90,harvest_market_price,last_value,calibration,calibration,harvest_post_14,890,2024-12-31,0
178,50.148921836422645,1.6734254949170682,39.75529787614774,14.513905024207546,1.2320572052791154,0.7528089887640449,芹菜,90,harvest_market_price,seasonal_naive,calibration,calibration,harvest_post_14,890,2024-12-31,0
178,27.751645616596345,0.9260480504884294,26.49699421169617,8.031772847650865,0.2194727321869137,0.904494382022472,芹菜,90,harvest_market_price,same_season_mean,calibration,calibration,harvest_post_14,890,2024-12-31,0
178,22.12431043304536,0.7382688157660069,21.40460071541315,6.403131485033952,-0.0237661405386124,0.9157303370786516,芹菜,90,harvest_market_price,same_season_median,calibration,calibration,harvest_post_14,890,2024-12-31,0
178,22.20670621806811,0.7410182907752708,21.581284402867205,6.42697815121186,-0.2165027714491606,0.898876404494382,芹菜,90,harvest_market_price,linear,calibration,calibration,harvest_post_14,890,2024-12-31,0
178,24.841594177971512,0.8289421887752065,24.099570454571396,7.189557129962522,-0.062801690470542,0.8370786516853933,芹菜,90,harvest_market_price,elasticnet,calibration,calibration,harvest_post_14,890,2024-12-31,0
178,26.119013204280854,0.8715685402108546,25.617287305649988,7.559262753633655,-0.1843959937643561,0.7528089887640449,芹菜,90,harvest_market_price,extra_trees,calibration,calibration,harvest_post_14,890,2024-12-31,0
178,25.99352242667844,0.8673810231331827,25.312416711087472,7.522943703077067,-0.0598716560047738,0.7640449438202247,芹菜,90,harvest_market_price,catboost,calibration,calibration,harvest_post_14,890,2024-12-31,0
178,55.19651955620832,1.8930728999464952,54.42305039584945,12.497711332633552,-0.4629545657214198,0.0,茄子,90,harvest_market_price,last_value,calibration,calibration,harvest_post_14,890,2024-12-31,0
178,40.54851570551561,1.3906908774745854,36.641898739922304,9.181079682718746,0.3860766452648472,0.797752808988764,茄子,90,harvest_market_price,seasonal_naive,calibration,calibration,harvest_post_14,890,2024-12-31,0
178,29.780694758469263,1.021387338225671,28.263409350789033,6.7430071564133485,0.1194234823168121,0.8202247191011236,茄子,90,harvest_market_price,same_season_mean,calibration,calibration,harvest_post_14,890,2024-12-31,0
178,32.4500487349233,1.1129380684858214,30.339231130812255,7.347407863388498,0.0774948724808275,0.8370786516853933,茄子,90,harvest_market_price,same_season_median,calibration,calibration,harvest_post_14,890,2024-12-31,0
178,28.897750067347616,0.9911050182469284,27.305986769997183,6.543088973871375,-0.0581065508952116,0.9213483146067416,茄子,90,harvest_market_price,linear,calibration,calibration,harvest_post_14,890,2024-12-31,0
178,26.560947747338904,0.9109597993072494,24.700873764635023,6.01398530806583,-0.0254924107139329,0.9382022471910112,茄子,90,harvest_market_price,elasticnet,calibration,calibration,harvest_post_14,890,2024-12-31,0
178,31.16658670377724,1.0689192207612168,30.6147046567271,7.056803707535435,0.2421556492374059,0.8820224719101124,茄子,90,harvest_market_price,extra_trees,calibration,calibration,harvest_post_14,890,2024-12-31,0
178,32.51747604974888,1.1152506204988608,31.92985559692173,7.362674896951487,0.2725783360068923,0.8595505617977528,茄子,90,harvest_market_price,catboost,calibration,calibration,harvest_post_14,890,2024-12-31,0
178,29.860421673116747,1.5436252452291777,29.71021951546968,12.479836695241351,-0.5250869894774389,0.0,西红柿,90,harvest_market_price,last_value,calibration,calibration,harvest_post_14,890,2024-12-31,0
178,19.49369338336149,1.007720438737293,17.132924179798955,8.14717597342173,0.0867410379882289,0.9438202247191012,西红柿,90,harvest_market_price,seasonal_naive,calibration,calibration,harvest_post_14,890,2024-12-31,0
178,16.53544975379816,0.854794951009051,15.547989102343152,6.910810398754514,-0.6880096904682692,0.9101123595505618,西红柿,90,harvest_market_price,same_season_mean,calibration,calibration,harvest_post_14,890,2024-12-31,0
178,18.247426008629176,0.9432950329944711,17.73400669985957,7.626312152892734,-0.727221820938113,0.8370786516853933,西红柿,90,harvest_market_price,same_season_median,calibration,calibration,harvest_post_14,890,2024-12-31,0
178,21.33268239056776,1.102786405597976,22.051810698970616,8.915761318448535,-1.04245754725266,0.6404494382022472,西红柿,90,harvest_market_price,linear,calibration,calibration,harvest_post_14,890,2024-12-31,0
178,17.708166944506427,0.9154182027805176,17.82406996863192,7.400934724189525,-0.7733533919481919,0.7752808988764045,西红柿,90,harvest_market_price,elasticnet,calibration,calibration,harvest_post_14,890,2024-12-31,0
178,18.733388902058792,0.9684167341798876,17.888542791857244,7.829415029882869,-0.9050465902863296,0.8202247191011236,西红柿,90,harvest_market_price,extra_trees,calibration,calibration,harvest_post_14,890,2024-12-31,0
178,18.184852544463812,0.9400603171547396,17.246945094857356,7.6001602578261505,-0.8944329143655081,0.8202247191011236,西红柿,90,harvest_market_price,catboost,calibration,calibration,harvest_post_14,890,2024-12-31,0
178,36.01654780687152,1.7024872480827535,33.5006629917114,8.668448817557664,0.1501202068842518,0.0,青椒,90,harvest_market_price,last_value,calibration,calibration,harvest_post_14,890,2024-12-31,0
178,30.267125907068724,1.430714464062779,26.26804955793377,7.284680174981734,0.8946195826645268,0.898876404494382,青椒,90,harvest_market_price,seasonal_naive,calibration,calibration,harvest_post_14,890,2024-12-31,0
178,11.541386566478918,0.5455565469513196,10.87731323417339,2.777776461854085,0.0324760403300087,0.9325842696629212,青椒,90,harvest_market_price,same_season_mean,calibration,calibration,harvest_post_14,890,2024-12-31,0
178,12.09509782200883,0.5717302479044052,11.452013807875282,2.9110434730069663,-0.1240932762618154,0.9325842696629212,青椒,90,harvest_market_price,same_season_median,calibration,calibration,harvest_post_14,890,2024-12-31,0
178,14.741267153913062,0.6968135726025902,15.36847166586213,3.5479224859318603,-0.4525933949131453,0.8258426966292135,青椒,90,harvest_market_price,linear,calibration,calibration,harvest_post_14,890,2024-12-31,0
178,17.864061602625405,0.8444267685097796,18.12473802425,4.29951544791062,-0.1769025981799772,0.7696629213483146,青椒,90,harvest_market_price,elasticnet,calibration,calibration,harvest_post_14,890,2024-12-31,0
178,8.916487428753127,0.421478655493078,9.534888943064,2.146016751050094,-0.1109752357707866,0.898876404494382,青椒,90,harvest_market_price,extra_trees,calibration,calibration,harvest_post_14,890,2024-12-31,0
178,11.044476833566025,0.5220678303683549,10.99218649600168,2.6581804192294824,0.001292206290591,0.9719101123595506,青椒,90,harvest_market_price,catboost,calibration,calibration,harvest_post_14,890,2024-12-31,0
178,48.53350965175523,2.610892589620118,47.05604753651737,16.93974246221197,-0.7459713304797577,0.0,韭菜,90,harvest_market_price,last_value,calibration,calibration,harvest_post_14,890,2024-12-31,0
178,28.011993078493543,1.506923889780632,23.91924518669556,9.77707880612306,-0.2499544765471732,1.0,韭菜,90,harvest_market_price,seasonal_naive,calibration,calibration,harvest_post_14,890,2024-12-31,0
178,19.44964262571287,1.0463065244323784,16.277335994718445,6.788545469423327,-0.5422127618825909,1.0,韭菜,90,harvest_market_price,same_season_mean,calibration,calibration,harvest_post_14,890,2024-12-31,0
178,22.13962819384611,1.1910160959514895,19.273165474475565,7.727436208589068,-0.6444544765471731,0.9719101123595506,韭菜,90,harvest_market_price,same_season_median,calibration,calibration,harvest_post_14,890,2024-12-31,0
178,20.334042799295407,1.0938834228688152,16.822406871115657,7.0972293309763295,-0.6966264578153658,0.9606741573033708,韭菜,90,harvest_market_price,linear,calibration,calibration,harvest_post_14,890,2024-12-31,0
178,19.877655246464197,1.0693317494326298,16.674887049744495,6.937935522154486,-0.583793267319964,0.949438202247191,韭菜,90,harvest_market_price,elasticnet,calibration,calibration,harvest_post_14,890,2024-12-31,0
178,19.667688760075333,1.0580364619639346,16.252925604318204,6.864650523178644,-0.60644210426356,1.0,韭菜,90,harvest_market_price,extra_trees,calibration,calibration,harvest_post_14,890,2024-12-31,0
178,19.805800945503584,1.0654662992878423,16.504839030258317,6.9128560798926575,-0.5749080263330081,0.9775280898876404,韭菜,90,harvest_market_price,catboost,calibration,calibration,harvest_post_14,890,2024-12-31,0
178,49.841160315521506,2.531157437132157,51.13305647992176,12.369167555026864,-0.9575491795969324,0.0,黄瓜,90,harvest_market_price,last_value,calibration,calibration,harvest_post_14,890,2024-12-31,0
178,36.89737068313589,1.873813804173355,33.161127937709615,9.15688474005119,-0.7978697164258962,0.8258426966292135,黄瓜,90,harvest_market_price,seasonal_naive,calibration,calibration,harvest_post_14,890,2024-12-31,0
178,25.38978389606513,1.289406986692683,22.58888301132846,6.301026886377501,-1.0463790130564892,0.9101123595505618,黄瓜,90,harvest_market_price,same_season_mean,calibration,calibration,harvest_post_14,890,2024-12-31,0
178,28.41246891896293,1.4429124754770826,26.26123937066008,7.051171892585347,-1.2501896290351349,0.9157303370786516,黄瓜,90,harvest_market_price,same_season_median,calibration,calibration,harvest_post_14,890,2024-12-31,0
178,26.839535858121906,1.3630318870265976,26.397046761877753,6.6608143555774255,-1.3103112158849792,0.898876404494382,黄瓜,90,harvest_market_price,linear,calibration,calibration,harvest_post_14,890,2024-12-31,0
178,25.23382130890547,1.2814865077169837,23.50960955204067,6.262321379509665,-1.0612802496631448,0.904494382022472,黄瓜,90,harvest_market_price,elasticnet,calibration,calibration,harvest_post_14,890,2024-12-31,0
178,22.285210576457697,1.1317428432959402,20.056709588752852,5.530559518964879,-1.0090287102598656,0.9325842696629212,黄瓜,90,harvest_market_price,extra_trees,calibration,calibration,harvest_post_14,890,2024-12-31,0
178,27.316466115183015,1.3872525423948003,24.703305349352775,6.779174968057264,-1.2102485154123332,0.9325842696629212,黄瓜,90,harvest_market_price,catboost,calibration,calibration,harvest_post_14,890,2024-12-31,0
103,4.857741186092513,0.1048230852211433,4.830684198333266,3.781213448491119,0.0334056094929881,0.0,土豆,90,harvest_market_price,last_value,retrospective_audit_reused,reused_retrospective,harvest_post_14,1138,2025-12-31,0
103,19.599047472881484,0.422919325011558,22.23542322279731,15.255687580524796,-0.2946124980736632,0.4368932038834951,土豆,90,harvest_market_price,seasonal_naive,retrospective_audit_reused,reused_retrospective,harvest_post_14,1138,2025-12-31,0
103,13.281965939011611,0.2866057688530842,12.65361420832172,10.338539314275282,0.1114876631132326,0.203883495145631,土豆,90,harvest_market_price,same_season_mean,retrospective_audit_reused,reused_retrospective,harvest_post_14,1138,2025-12-31,0
103,12.380088715228911,0.2671445523193095,12.192052511993516,9.63652779146748,0.0324347357065803,0.2233009708737864,土豆,90,harvest_market_price,same_season_median,retrospective_audit_reused,reused_retrospective,harvest_post_14,1138,2025-12-31,0
103,14.937175436466935,0.3223228150200022,16.1087014659735,11.626936569725338,-0.2299056759364178,0.4368932038834951,土豆,90,harvest_market_price,linear,retrospective_audit_reused,reused_retrospective,harvest_post_14,1138,2025-12-31,0
103,11.944517555066875,0.2577455516125089,12.15081643754803,9.29748388906798,-0.0368381678570983,0.233009708737864,土豆,90,harvest_market_price,elasticnet,retrospective_audit_reused,reused_retrospective,harvest_post_14,1138,2025-12-31,0
103,13.527646635900355,0.2919072058050751,14.470989503410705,10.529774524123429,-0.15412538565069,0.3689320388349514,土豆,90,harvest_market_price,extra_trees,retrospective_audit_reused,reused_retrospective,harvest_post_14,1138,2025-12-31,0
103,10.11781825232529,0.2183280014900604,10.420016734760962,7.875600815171281,-0.0849731600915404,0.3495145631067961,土豆,90,harvest_market_price,catboost,retrospective_audit_reused,reused_retrospective,harvest_post_14,1138,2025-12-31,0
103,90.45256327029026,3.6389417475728143,57.46470400866496,21.468849974005245,3.634631067961165,0.0,尖椒,90,harvest_market_price,last_value,retrospective_audit_reused,reused_retrospective,harvest_post_14,1138,2025-12-31,0
103,10.887229161947834,0.4379974572353214,10.70840189835412,2.584075907412622,-0.3322369394359685,0.9902912621359224,尖椒,90,harvest_market_price,seasonal_naive,retrospective_audit_reused,reused_retrospective,harvest_post_14,1138,2025-12-31,0
103,12.952545866604144,0.5210859503283845,12.6761330719485,3.074277322142866,-0.0686068853125827,0.912621359223301,尖椒,90,harvest_market_price,same_season_mean,retrospective_audit_reused,reused_retrospective,harvest_post_14,1138,2025-12-31,0
103,9.99799697374105,0.4022233009708738,9.603161367322384,2.3730172955784745,-0.2616796116504854,0.9902912621359224,尖椒,90,harvest_market_price,same_season_median,retrospective_audit_reused,reused_retrospective,harvest_post_14,1138,2025-12-31,0
103,22.410674682392344,0.901590145647278,21.280261766351405,5.319157303865479,0.8355240797241023,0.8737864077669902,尖椒,90,harvest_market_price,linear,retrospective_audit_reused,reused_retrospective,harvest_post_14,1138,2025-12-31,0
103,11.370191422035674,0.4574272165168145,11.127046925251282,2.698706647880958,0.2233217854983782,0.8932038834951457,尖椒,90,harvest_market_price,elasticnet,retrospective_audit_reused,reused_retrospective,harvest_post_14,1138,2025-12-31,0
103,16.788463691055114,0.6754064140828719,16.594282544300533,3.9847296223133326,0.5353333297792664,0.8543689320388349,尖椒,90,harvest_market_price,extra_trees,retrospective_audit_reused,reused_retrospective,harvest_post_14,1138,2025-12-31,0
103,14.597019222408877,0.5872437520628382,14.210863402379958,3.464591874716932,0.1846412149490775,0.8640776699029126,尖椒,90,harvest_market_price,catboost,retrospective_audit_reused,reused_retrospective,harvest_post_14,1138,2025-12-31,0
103,63.73120739199158,0.8997028047464942,47.972034710739386,12.074623335655854,0.5927513484358143,0.0,甘蓝,90,harvest_market_price,last_value,retrospective_audit_reused,reused_retrospective,harvest_post_14,1138,2025-12-31,0
103,21.74160985780815,0.3069294960702727,24.44090925523142,4.119202514540842,-0.2183443519802743,0.8155339805825242,甘蓝,90,harvest_market_price,seasonal_naive,retrospective_audit_reused,reused_retrospective,harvest_post_14,1138,2025-12-31,0
103,26.64904013613573,0.3762084092776194,23.738515124846245,5.048972631594114,0.2517109167567553,0.941747572815534,甘蓝,90,harvest_market_price,same_season_mean,retrospective_audit_reused,reused_retrospective,harvest_post_14,1138,2025-12-31,0
103,20.17381144598729,0.2847966558791802,19.15031605293738,3.8221647513530206,0.1565377562028047,0.9320388349514565,甘蓝,90,harvest_market_price,same_season_median,retrospective_audit_reused,reused_retrospective,harvest_post_14,1138,2025-12-31,0
103,23.435852362311493,0.3308473660683536,22.326209295575037,4.440196591356445,0.1550301617973083,0.912621359223301,甘蓝,90,harvest_market_price,linear,retrospective_audit_reused,reused_retrospective,harvest_post_14,1138,2025-12-31,0
103,18.270678383147004,0.2579298472227612,17.72103176049002,3.4615939127983895,0.1543966212792675,0.9320388349514565,甘蓝,90,harvest_market_price,elasticnet,retrospective_audit_reused,reused_retrospective,harvest_post_14,1138,2025-12-31,0
103,37.62627212768908,0.5311756037700704,31.612738642671733,7.12873774181504,0.3557520043693088,0.883495145631068,甘蓝,90,harvest_market_price,extra_trees,retrospective_audit_reused,reused_retrospective,harvest_post_14,1138,2025-12-31,0
103,24.026522867919567,0.3391859482531843,21.840637627558383,4.552106033567878,0.2806701199161049,0.9611650485436892,甘蓝,90,harvest_market_price,catboost,retrospective_audit_reused,reused_retrospective,harvest_post_14,1138,2025-12-31,0
103,28.09100904120439,2.1186914778856525,24.99238233866827,7.610742481852607,1.7373710895361378,0.0,芸豆,90,harvest_market_price,last_value,retrospective_audit_reused,reused_retrospective,harvest_post_14,1138,2025-12-31,0
103,8.559016430991559,0.6455416088765604,8.706263056282056,2.3189081552276294,0.0352460317460318,0.8932038834951457,芸豆,90,harvest_market_price,seasonal_naive,retrospective_audit_reused,reused_retrospective,harvest_post_14,1138,2025-12-31,0
103,9.195250742526362,0.693527931183815,9.06425611105063,2.4912841455705728,0.150096442288894,0.9611650485436892,芸豆,90,harvest_market_price,same_season_mean,retrospective_audit_reused,reused_retrospective,harvest_post_14,1138,2025-12-31,0
103,8.995449862600525,0.6784584681769148,9.026030657109551,2.4371517702424876,-0.0102017259978425,0.912621359223301,芸豆,90,harvest_market_price,same_season_median,retrospective_audit_reused,reused_retrospective,harvest_post_14,1138,2025-12-31,0
103,8.58067147161046,0.6471748841336092,8.218314018260584,2.324775190382642,0.3264316247993468,0.9611650485436892,芸豆,90,harvest_market_price,linear,retrospective_audit_reused,reused_retrospective,harvest_post_14,1138,2025-12-31,0
103,6.4389217137115065,0.485638965179321,6.312115581955545,1.7445074668548213,0.2008609321258188,0.9611650485436892,芸豆,90,harvest_market_price,elasticnet,retrospective_audit_reused,reused_retrospective,harvest_post_14,1138,2025-12-31,0
103,10.979384182764878,0.8280915671749444,10.160682264949187,2.9746623021544036,0.296884512356347,0.912621359223301,芸豆,90,harvest_market_price,extra_trees,retrospective_audit_reused,reused_retrospective,harvest_post_14,1138,2025-12-31,0
103,7.2721549694912,0.5484834217640554,7.168060312176894,1.970256699563159,0.0916640727653642,0.941747572815534,芸豆,90,harvest_market_price,catboost,retrospective_audit_reused,reused_retrospective,harvest_post_14,1138,2025-12-31,0
103,19.806539798110244,0.6465981661272924,16.788995312131792,5.888994832479425,0.6086348435814456,0.0,芹菜,90,harvest_market_price,last_value,retrospective_audit_reused,reused_retrospective,harvest_post_14,1138,2025-12-31,0
103,21.55924328644049,0.7038163815688091,24.35561047228489,6.410118758761102,-0.6277257666820776,0.8155339805825242,芹菜,90,harvest_market_price,seasonal_naive,retrospective_audit_reused,reused_retrospective,harvest_post_14,1138,2025-12-31,0
103,12.500282711662848,0.40808035930663,12.42288208993817,3.716656268276501,-0.028293992382619,0.6407766990291263,芹菜,90,harvest_market_price,same_season_mean,retrospective_audit_reused,reused_retrospective,harvest_post_14,1138,2025-12-31,0
103,12.597564878444668,0.4112562028047465,13.338322544779956,3.74558076409001,-0.2725302049622438,0.8252427184466019,芹菜,90,harvest_market_price,same_season_median,retrospective_audit_reused,reused_retrospective,harvest_post_14,1138,2025-12-31,0
103,11.903979816254736,0.3886136395990278,11.401292459096366,3.539360046652472,0.265833382518577,0.6990291262135923,芹菜,90,harvest_market_price,linear,retrospective_audit_reused,reused_retrospective,harvest_post_14,1138,2025-12-31,0
103,10.620795747496183,0.3467232097652313,10.22537860820429,3.1578363465481254,0.2372559765520112,0.7184466019417476,芹菜,90,harvest_market_price,elasticnet,retrospective_audit_reused,reused_retrospective,harvest_post_14,1138,2025-12-31,0
103,17.14025872539387,0.5595555797103148,16.161469855181476,5.096240741193752,0.233597168287405,0.6407766990291263,芹菜,90,harvest_market_price,extra_trees,retrospective_audit_reused,reused_retrospective,harvest_post_14,1138,2025-12-31,0
103,12.354017320039778,0.4033054246155947,11.882590636491356,3.673167797083717,0.1771949973581273,0.7184466019417476,芹菜,90,harvest_market_price,catboost,retrospective_audit_reused,reused_retrospective,harvest_post_14,1138,2025-12-31,0
103,68.23330295534439,2.035339805825243,47.61854965584829,14.663422628458378,2.035339805825243,0.0,茄子,90,harvest_market_price,last_value,retrospective_audit_reused,reused_retrospective,harvest_post_14,1138,2025-12-31,0
103,20.442686860796485,0.6097874865156419,22.606182882874524,4.39315911904882,-0.6097874865156419,1.0,茄子,90,harvest_market_price,seasonal_naive,retrospective_audit_reused,reused_retrospective,harvest_post_14,1138,2025-12-31,0
103,15.18056649040152,0.4528230338360158,15.297652208242324,3.2623228327940055,0.1233601467864332,0.8446601941747572,茄子,90,harvest_market_price,same_season_mean,retrospective_audit_reused,reused_retrospective,harvest_post_14,1138,2025-12-31,0
103,19.20087806853853,0.5727454153182308,19.12361716883435,4.12629284765447,0.1193203883495145,0.8155339805825242,茄子,90,harvest_market_price,same_season_median,retrospective_audit_reused,reused_retrospective,harvest_post_14,1138,2025-12-31,0
103,20.13433353999979,0.6005895763912169,16.827457087228254,4.3268936025650335,0.5763348517281013,0.941747572815534,茄子,90,harvest_market_price,linear,retrospective_audit_reused,reused_retrospective,harvest_post_14,1138,2025-12-31,0
103,12.757993490038166,0.3805597980465364,11.587866997623305,2.741708847921125,0.2535207701713418,0.9223300970873788,茄子,90,harvest_market_price,elasticnet,retrospective_audit_reused,reused_retrospective,harvest_post_14,1138,2025-12-31,0
103,29.023320160145307,0.8657402801944702,24.8288434558894,6.2371480077373755,0.8480593967218811,0.7961165048543689,茄子,90,harvest_market_price,extra_trees,retrospective_audit_reused,reused_retrospective,harvest_post_14,1138,2025-12-31,0
103,22.488033519563395,0.6707983901505491,21.449838223720405,4.8327066886400605,0.6376371367188166,0.8155339805825242,茄子,90,harvest_market_price,catboost,retrospective_audit_reused,reused_retrospective,harvest_post_14,1138,2025-12-31,0
103,63.8988871142324,2.5173797195253496,44.74535450891297,20.53566323073843,2.5172632146709812,0.0,西红柿,90,harvest_market_price,last_value,retrospective_audit_reused,reused_retrospective,harvest_post_14,1138,2025-12-31,0
103,9.512309744632148,0.3747498073663123,9.435599646500911,3.0570421220799044,0.2766581137309291,0.883495145631068,西红柿,90,harvest_market_price,seasonal_naive,retrospective_audit_reused,reused_retrospective,harvest_post_14,1138,2025-12-31,0
103,5.670003552571771,0.2233771603465323,5.744748704543856,1.8222114457885437,0.1288243468670964,0.9514563106796116,西红柿,90,harvest_market_price,same_season_mean,retrospective_audit_reused,reused_retrospective,harvest_post_14,1138,2025-12-31,0
103,7.658493054697968,0.3017162891046385,7.562124875706246,2.461267188348214,0.2454185544768068,0.8932038834951457,西红柿,90,harvest_market_price,same_season_median,retrospective_audit_reused,reused_retrospective,harvest_post_14,1138,2025-12-31,0
103,11.771020792436314,0.4637346651752613,11.325438410336492,3.782940983672493,0.1975088733251863,0.9902912621359224,西红柿,90,harvest_market_price,linear,retrospective_audit_reused,reused_retrospective,harvest_post_14,1138,2025-12-31,0
103,8.35277050581353,0.3290682517771275,8.067856134290132,2.68439232508677,-0.044927771379615,0.9805825242718448,西红柿,90,harvest_market_price,elasticnet,retrospective_audit_reused,reused_retrospective,harvest_post_14,1138,2025-12-31,0
103,9.952218586259152,0.3920805880162471,9.390049573397254,3.1984189164476464,0.3920019425342167,0.970873786407767,西红柿,90,harvest_market_price,extra_trees,retrospective_audit_reused,reused_retrospective,harvest_post_14,1138,2025-12-31,0
103,11.282117634197926,0.4444736897350947,10.936596510137774,3.625818519362912,0.4444736897350947,0.9223300970873788,西红柿,90,harvest_market_price,catboost,retrospective_audit_reused,reused_retrospective,harvest_post_14,1138,2025-12-31,0
103,91.9114057799442,3.6469627831715217,58.03520768592887,20.006738803753834,3.573254045307444,0.0,青椒,90,harvest_market_price,last_value,retrospective_audit_reused,reused_retrospective,harvest_post_14,1138,2025-12-31,0
103,8.44280541605644,0.3350030050855292,8.32049063749299,1.8377806464452704,0.0912709970719679,0.970873786407767,青椒,90,harvest_market_price,seasonal_naive,retrospective_audit_reused,reused_retrospective,harvest_post_14,1138,2025-12-31,0
103,10.989236580564624,0.4360431274518864,10.950786959663086,2.3920729321277374,0.3247192254461871,0.9320388349514565,青椒,90,harvest_market_price,same_season_mean,retrospective_audit_reused,reused_retrospective,harvest_post_14,1138,2025-12-31,0
103,9.55346063016048,0.3790728155339806,9.481653967881272,2.0795415963627133,0.2103414239482201,0.941747572815534,青椒,90,harvest_market_price,same_season_median,retrospective_audit_reused,reused_retrospective,harvest_post_14,1138,2025-12-31,0
103,30.93242005412097,1.2273708988947212,27.621867538454513,6.73318880653912,1.2273708988947212,0.8737864077669902,青椒,90,harvest_market_price,linear,retrospective_audit_reused,reused_retrospective,harvest_post_14,1138,2025-12-31,0
103,23.079823104826477,0.9157868405038712,21.497551654743447,5.023881297176983,0.9157868405038712,0.8737864077669902,青椒,90,harvest_market_price,elasticnet,retrospective_audit_reused,reused_retrospective,harvest_post_14,1138,2025-12-31,0
103,14.830485718475488,0.5884604746567689,14.382530872303445,3.2282136431764266,0.5417679480001597,0.8737864077669902,青椒,90,harvest_market_price,extra_trees,retrospective_audit_reused,reused_retrospective,harvest_post_14,1138,2025-12-31,0
103,16.81611310923351,0.6672484023779293,16.361538632246216,3.66043343386908,0.4790771490351151,0.8737864077669902,青椒,90,harvest_market_price,catboost,retrospective_audit_reused,reused_retrospective,harvest_post_14,1138,2025-12-31,0
103,67.68757633871947,2.9349563106796124,55.71750029297614,19.54460188147311,1.5546456310679608,0.0,韭菜,90,harvest_market_price,last_value,retrospective_audit_reused,reused_retrospective,harvest_post_14,1138,2025-12-31,0
103,15.498795880066847,0.6720330559408229,15.309534178490358,4.475234769853084,-0.5684531514871323,0.9223300970873788,韭菜,90,harvest_market_price,seasonal_naive,retrospective_audit_reused,reused_retrospective,harvest_post_14,1138,2025-12-31,0
103,12.906521300075507,0.5596311492823954,12.93918142791414,3.7267226000590576,-0.4938009575293186,0.912621359223301,韭菜,90,harvest_market_price,same_season_mean,retrospective_audit_reused,reused_retrospective,harvest_post_14,1138,2025-12-31,0
103,15.178827434781434,0.6581591154261057,15.531799344842415,4.382844759514362,-0.5571990291262136,0.8932038834951457,韭菜,90,harvest_market_price,same_season_median,retrospective_audit_reused,reused_retrospective,harvest_post_14,1138,2025-12-31,0
103,21.039590000940887,0.9122837718160398,20.642077017754687,6.0751238640906475,0.2697447675573308,0.9320388349514565,韭菜,90,harvest_market_price,linear,retrospective_audit_reused,reused_retrospective,harvest_post_14,1138,2025-12-31,0
103,20.113627624637513,0.872133728532116,20.2541784383676,5.807754769480003,-0.0880213811253394,0.9029126213592232,韭菜,90,harvest_market_price,elasticnet,retrospective_audit_reused,reused_retrospective,harvest_post_14,1138,2025-12-31,0
103,18.654690850689743,0.8088737342585264,18.317233244891273,5.386490780437767,0.0466304270750112,0.912621359223301,韭菜,90,harvest_market_price,extra_trees,retrospective_audit_reused,reused_retrospective,harvest_post_14,1138,2025-12-31,0
103,14.540292285496212,0.630472014375135,14.841170779704337,4.1984694877856885,-0.3468990451588602,0.912621359223301,韭菜,90,harvest_market_price,catboost,retrospective_audit_reused,reused_retrospective,harvest_post_14,1138,2025-12-31,0
103,88.10320319479283,3.32567637540453,69.51309958006007,17.005279901218522,1.7091326860841425,0.0,黄瓜,90,harvest_market_price,last_value,retrospective_audit_reused,reused_retrospective,harvest_post_14,1138,2025-12-31,0
103,24.445386566163524,0.9227524271844664,23.589000168303116,4.7183374244861405,-0.3018991370010787,0.8737864077669902,黄瓜,90,harvest_market_price,seasonal_naive,retrospective_audit_reused,reused_retrospective,harvest_post_14,1138,2025-12-31,0
103,16.285971546739688,0.6147548427240803,16.102473055106543,3.1434442173829793,-0.3652211904070202,0.9320388349514565,黄瓜,90,harvest_market_price,same_season_mean,retrospective_audit_reused,reused_retrospective,harvest_post_14,1138,2025-12-31,0
103,19.094054230774283,0.7207529665587918,18.65800704830643,3.685447575901,-0.4277605177993528,0.912621359223301,黄瓜,90,harvest_market_price,same_season_median,retrospective_audit_reused,reused_retrospective,harvest_post_14,1138,2025-12-31,0
103,27.9607817908509,1.0554498368700618,27.139462296405075,5.396863035263808,0.2151998288878445,0.941747572815534,黄瓜,90,harvest_market_price,linear,retrospective_audit_reused,reused_retrospective,harvest_post_14,1138,2025-12-31,0
103,24.056435242259692,0.9080704839385508,23.53056174815382,4.643263807510938,-0.2865535470135949,0.9320388349514565,黄瓜,90,harvest_market_price,elasticnet,retrospective_audit_reused,reused_retrospective,harvest_post_14,1138,2025-12-31,0
103,19.79081948646464,0.7470541186852229,18.875119561177417,3.8199340391486705,-0.4106822948214447,0.9320388349514565,黄瓜,90,harvest_market_price,extra_trees,retrospective_audit_reused,reused_retrospective,harvest_post_14,1138,2025-12-31,0
103,18.774923439543652,0.7087065744348492,18.209466983913984,3.6238504008473806,-0.2744673198040722,0.941747572815534,黄瓜,90,harvest_market_price,catboost,retrospective_audit_reused,reused_retrospective,harvest_post_14,1138,2025-12-31,0
165,15.236960448168068,0.2884167134129012,15.233370653879996,10.028985177272048,0.0857910213303459,0.0,土豆,120,cycle_market_average,last_value,calibration,calibration,cycle_market_average,903,2024-12-31,0
165,11.713842637898145,0.2217284744257955,11.574745966569097,7.71006491642512,0.2217284744257955,0.7818181818181819,土豆,120,cycle_market_average,seasonal_naive,calibration,calibration,cycle_market_average,903,2024-12-31,0
165,23.91708465966419,0.4527206705972527,21.984605396328305,15.742253079364763,0.4527206705972527,0.5212121212121212,土豆,120,cycle_market_average,same_season_mean,calibration,calibration,cycle_market_average,903,2024-12-31,0
165,20.09945497129655,0.3804576879970126,18.96699167987942,13.229484756102751,0.3804576879970126,0.5818181818181818,土豆,120,cycle_market_average,same_season_median,calibration,calibration,cycle_market_average,903,2024-12-31,0
165,7.128151871323158,0.1349270507348612,7.216057712167789,4.691757893710286,0.0141536476239752,0.7878787878787878,土豆,120,cycle_market_average,linear,calibration,calibration,cycle_market_average,903,2024-12-31,0
165,14.19359747028693,0.2686671497121333,13.559391134633016,9.342242445657066,0.2679154245253681,0.6848484848484848,土豆,120,cycle_market_average,elasticnet,calibration,calibration,cycle_market_average,903,2024-12-31,0
165,20.618705411574172,0.3902864531193294,19.39534835379304,13.571256002838672,0.3902864531193294,0.7333333333333333,土豆,120,cycle_market_average,extra_trees,calibration,calibration,cycle_market_average,903,2024-12-31,0
165,25.5213767985997,0.483087925775208,23.330151517413864,16.798200040448638,0.483087925775208,0.6303030303030303,土豆,120,cycle_market_average,catboost,calibration,calibration,cycle_market_average,903,2024-12-31,0
165,25.271127003832593,1.075520275420044,23.482813985303324,6.084541447747615,0.2920747487956057,0.0,尖椒,120,cycle_market_average,last_value,calibration,calibration,cycle_market_average,903,2024-12-31,0
165,33.73827957894387,1.4358759599222075,28.95518970589367,8.123181860573453,1.4358759599222075,0.696969696969697,尖椒,120,cycle_market_average,seasonal_naive,calibration,calibration,cycle_market_average,903,2024-12-31,0
165,15.049337684188874,0.640488562640413,13.294826620741135,3.6234362989315887,0.5256139803988393,0.7575757575757576,尖椒,120,cycle_market_average,same_season_mean,calibration,calibration,cycle_market_average,903,2024-12-31,0
165,9.568095969170065,0.4072110124113786,8.182756054324535,2.303715085267583,0.1789232336440904,0.8848484848484849,尖椒,120,cycle_market_average,same_season_median,calibration,calibration,cycle_market_average,903,2024-12-31,0
165,21.229668131356053,0.9035188067492744,23.210244773981344,5.1114774441033966,-0.3184625994410405,0.6,尖椒,120,cycle_market_average,linear,calibration,calibration,cycle_market_average,903,2024-12-31,0
165,17.24375393378979,0.7338812779237108,16.54599194246744,4.151786958650195,0.1032115585181887,0.7878787878787878,尖椒,120,cycle_market_average,elasticnet,calibration,calibration,cycle_market_average,903,2024-12-31,0
165,17.560106689387776,0.7473450147320865,16.498884408923338,4.227955364327283,0.0092902034627122,0.6424242424242425,尖椒,120,cycle_market_average,extra_trees,calibration,calibration,cycle_market_average,903,2024-12-31,0
165,13.546254651973058,0.5765184723257714,12.193052339828856,3.261538271687442,0.1678598203745361,0.8545454545454545,尖椒,120,cycle_market_average,catboost,calibration,calibration,cycle_market_average,903,2024-12-31,0
165,34.52568889373937,0.537617127899874,35.75828577833721,6.787943020236372,-0.1609086279915009,0.0,甘蓝,120,cycle_market_average,last_value,calibration,calibration,cycle_market_average,903,2024-12-31,0
165,55.608134514601936,0.8659026517217805,45.83829800284968,10.932869426834351,0.8641827149074391,0.5757575757575758,甘蓝,120,cycle_market_average,seasonal_naive,calibration,calibration,cycle_market_average,903,2024-12-31,0
165,34.74888165585899,0.5410925763437296,31.68563904027204,6.831823962234661,0.4729473018057925,0.5818181818181818,甘蓝,120,cycle_market_average,same_season_mean,calibration,calibration,cycle_market_average,903,2024-12-31,0
165,31.826137887310296,0.4955810409976721,28.89238678625575,6.257196234321113,0.2727277356448628,0.6484848484848484,甘蓝,120,cycle_market_average,same_season_median,calibration,calibration,cycle_market_average,903,2024-12-31,0
165,22.19934778348964,0.3456773775996774,21.668146251252537,4.364515601832434,0.3453451450544193,0.793939393939394,甘蓝,120,cycle_market_average,linear,calibration,calibration,cycle_market_average,903,2024-12-31,0
165,20.932605467766145,0.3259522863012966,21.10551463096669,4.1154669966933035,0.2650538101865503,0.7515151515151515,甘蓝,120,cycle_market_average,elasticnet,calibration,calibration,cycle_market_average,903,2024-12-31,0
165,29.69193437225784,0.4623482685062194,27.473964131481033,5.837599918709547,0.4623482685062194,0.7090909090909091,甘蓝,120,cycle_market_average,extra_trees,calibration,calibration,cycle_market_average,903,2024-12-31,0
165,29.725498421517297,0.4628709114524353,27.595345444891052,5.844198798013672,0.4628709114524353,0.7818181818181819,甘蓝,120,cycle_market_average,catboost,calibration,calibration,cycle_market_average,903,2024-12-31,0
165,14.104926641506662,1.1162437330264483,13.059914682631948,3.9692968824010744,0.3405671810080541,0.0,芸豆,120,cycle_market_average,last_value,calibration,calibration,cycle_market_average,903,2024-12-31,0
165,12.089882132313624,0.9567759908449958,11.29532579000719,3.402238996066334,0.9118793863132432,0.7151515151515152,芸豆,120,cycle_market_average,seasonal_naive,calibration,calibration,cycle_market_average,903,2024-12-31,0
165,9.31191224337359,0.7369314246250995,8.276716551457623,2.620484684269652,0.6583036777394918,0.8242424242424242,芸豆,120,cycle_market_average,same_season_mean,calibration,calibration,cycle_market_average,903,2024-12-31,0
165,7.635266784394516,0.6042440995747702,6.739153497635914,2.1486563818356967,0.3267489991898721,0.896969696969697,芸豆,120,cycle_market_average,same_season_median,calibration,calibration,cycle_market_average,903,2024-12-31,0
165,7.6772859584962445,0.6075694369515686,7.026553020380294,2.1604810854305563,0.5319383473914581,0.8181818181818182,芸豆,120,cycle_market_average,linear,calibration,calibration,cycle_market_average,903,2024-12-31,0
165,9.04141187106454,0.7155244118099627,8.199508060352672,2.5443626092114897,0.5390182794796545,0.793939393939394,芸豆,120,cycle_market_average,elasticnet,calibration,calibration,cycle_market_average,903,2024-12-31,0
165,7.570463947983974,0.5991156957294965,6.905441363153922,2.1304200802176374,0.4155358037582362,0.8848484848484849,芸豆,120,cycle_market_average,extra_trees,calibration,calibration,cycle_market_average,903,2024-12-31,0
165,7.450555950470151,0.5896263482010461,6.975123882778083,2.096676520055758,0.4373849461065442,0.8363636363636363,芸豆,120,cycle_market_average,catboost,calibration,calibration,cycle_market_average,903,2024-12-31,0
165,22.24541633859361,0.6722124418983554,22.07531164747457,5.884468386959592,-0.1036202091065307,0.0,芹菜,120,cycle_market_average,last_value,calibration,calibration,cycle_market_average,903,2024-12-31,0
165,53.773222757684735,1.6249203354299973,42.52274175951105,14.224360855569266,1.6249203354299973,0.6060606060606061,芹菜,120,cycle_market_average,seasonal_naive,calibration,calibration,cycle_market_average,903,2024-12-31,0
165,21.17253894285094,0.6397922110034849,20.169674727951797,5.600665511695879,0.5915275511472551,0.6787878787878788,芹菜,120,cycle_market_average,same_season_mean,calibration,calibration,cycle_market_average,903,2024-12-31,0
165,15.585244142686236,0.4709552234615314,15.08593261515235,4.122686447615501,0.2832282757419542,0.7090909090909091,芹菜,120,cycle_market_average,same_season_median,calibration,calibration,cycle_market_average,903,2024-12-31,0
165,10.774650693505007,0.3255886130895725,10.273118197036682,2.8501642954851936,0.0956924686880171,0.896969696969697,芹菜,120,cycle_market_average,linear,calibration,calibration,cycle_market_average,903,2024-12-31,0
165,13.281063425823552,0.4013274438469876,12.686394526091386,3.5131730818127207,0.0182804434471866,0.8727272727272727,芹菜,120,cycle_market_average,elasticnet,calibration,calibration,cycle_market_average,903,2024-12-31,0
165,16.40612065582928,0.4957604865772218,15.946299893711474,4.339828793601067,0.3311519283124097,0.7757575757575758,芹菜,120,cycle_market_average,extra_trees,calibration,calibration,cycle_market_average,903,2024-12-31,0
165,17.68833240105261,0.5345063870885096,17.110250242446543,4.679005834179305,0.2547726905693365,0.7636363636363637,芹菜,120,cycle_market_average,catboost,calibration,calibration,cycle_market_average,903,2024-12-31,0
165,31.266868579598835,0.9208029157781914,30.826464852948117,6.1816331499845845,0.0773233837675226,0.0,茄子,120,cycle_market_average,last_value,calibration,calibration,cycle_market_average,903,2024-12-31,0
165,35.12179630049676,1.0343297525472903,31.077800937452388,6.943773718351118,1.003826048497705,0.5696969696969697,茄子,120,cycle_market_average,seasonal_naive,calibration,calibration,cycle_market_average,903,2024-12-31,0
165,29.63867275406783,0.8728528801105626,26.359223724935394,5.8597298143772525,0.7795594258230487,0.5575757575757576,茄子,120,cycle_market_average,same_season_mean,calibration,calibration,cycle_market_average,903,2024-12-31,0
165,27.365331279715424,0.805903436394634,24.92689953109236,5.41027760961566,0.7147173231614621,0.6,茄子,120,cycle_market_average,same_season_median,calibration,calibration,cycle_market_average,903,2024-12-31,0
165,15.2770554943275,0.4499061748978794,13.414763737194724,3.02035851263685,0.1091532788940805,0.8303030303030303,茄子,120,cycle_market_average,linear,calibration,calibration,cycle_market_average,903,2024-12-31,0
165,17.032943487365888,0.5016167189088208,15.346895037066446,3.3675072972295057,0.2634717926194407,0.7757575757575758,茄子,120,cycle_market_average,elasticnet,calibration,calibration,cycle_market_average,903,2024-12-31,0
165,33.6766285754723,0.99176985718702,30.00928083258103,6.658056052267731,0.6452881615357652,0.5515151515151515,茄子,120,cycle_market_average,extra_trees,calibration,calibration,cycle_market_average,903,2024-12-31,0
165,33.06689470826004,0.973813318899585,29.902714853542996,6.537508288533982,0.7413297614540295,0.4787878787878787,茄子,120,cycle_market_average,catboost,calibration,calibration,cycle_market_average,903,2024-12-31,0
165,17.34128947483904,0.8228298703041442,17.27841890212573,6.761958300057746,-0.1209174497548817,0.0,西红柿,120,cycle_market_average,last_value,calibration,calibration,cycle_market_average,903,2024-12-31,0
165,9.879620435526853,0.4687798340148629,9.20834638425988,3.852399875012813,0.457203726153754,0.8727272727272727,西红柿,120,cycle_market_average,seasonal_naive,calibration,calibration,cycle_market_average,903,2024-12-31,0
165,9.996119169227589,0.4743076027589725,9.734470838905423,3.8978266917692537,-0.1479920303678383,0.7333333333333333,西红柿,120,cycle_market_average,same_season_mean,calibration,calibration,cycle_market_average,903,2024-12-31,0
165,11.971739969575374,0.5680491788556616,12.22750834328349,4.668188404954509,-0.3543113891488211,0.7515151515151515,西红柿,120,cycle_market_average,same_season_median,calibration,calibration,cycle_market_average,903,2024-12-31,0
165,14.636266431431428,0.6944787598976059,15.614459261686896,5.707177855572527,-0.6944787598976059,0.7272727272727273,西红柿,120,cycle_market_average,linear,calibration,calibration,cycle_market_average,903,2024-12-31,0
165,11.220298785359622,0.5323939149811637,11.699508783722552,4.375175941262844,-0.5323939149811637,0.7575757575757576,西红柿,120,cycle_market_average,elasticnet,calibration,calibration,cycle_market_average,903,2024-12-31,0
165,9.067365691078976,0.4302390169090936,9.593979594498055,3.53567413677116,-0.3869011567908562,0.8,西红柿,120,cycle_market_average,extra_trees,calibration,calibration,cycle_market_average,903,2024-12-31,0
165,8.633270566808356,0.4096415616090418,8.667433390904456,3.366405690336696,-0.3027220954323975,0.8727272727272727,西红柿,120,cycle_market_average,catboost,calibration,calibration,cycle_market_average,903,2024-12-31,0
165,22.333262574244053,1.0147243769492016,20.20479740980677,5.2808757674139155,0.4040799818677738,0.0,青椒,120,cycle_market_average,last_value,calibration,calibration,cycle_market_average,903,2024-12-31,0
165,35.87688033808379,1.630086286180486,29.509916309411057,8.483370817763666,1.630086286180486,0.6848484848484848,青椒,120,cycle_market_average,seasonal_naive,calibration,calibration,cycle_market_average,903,2024-12-31,0
165,16.093882840627877,0.731234640879708,13.298317411965993,3.805525306216805,0.7059717869091554,0.7575757575757576,青椒,120,cycle_market_average,same_season_mean,calibration,calibration,cycle_market_average,903,2024-12-31,0
165,10.264910115150764,0.4663919786197421,8.182082572447925,2.4272188132645245,0.4190496788374707,0.8545454545454545,青椒,120,cycle_market_average,same_season_median,calibration,calibration,cycle_market_average,903,2024-12-31,0
165,23.02642789198431,1.0462187339795956,25.66722424447594,5.444780164144907,-0.2940032371136428,0.509090909090909,青椒,120,cycle_market_average,linear,calibration,calibration,cycle_market_average,903,2024-12-31,0
165,18.985247795675328,0.8626054378149869,18.80986381043542,4.489211313807513,0.0854181953716883,0.5151515151515151,青椒,120,cycle_market_average,elasticnet,calibration,calibration,cycle_market_average,903,2024-12-31,0
165,16.0283703262877,0.7282580428535478,13.852709506557146,3.790034356415302,0.410547070003864,0.6,青椒,120,cycle_market_average,extra_trees,calibration,calibration,cycle_market_average,903,2024-12-31,0
165,13.177715446892243,0.5987369311585778,10.783921109766435,3.1159745667265017,0.5203677269517553,0.7818181818181819,青椒,120,cycle_market_average,catboost,calibration,calibration,cycle_market_average,903,2024-12-31,0
165,30.305838496009773,1.4225207008987637,29.27091035688535,9.365793227815216,-0.0710954502810732,0.0,韭菜,120,cycle_market_average,last_value,calibration,calibration,cycle_market_average,903,2024-12-31,0
165,11.18768340774244,0.5251368063850356,10.95213325059092,3.4574700683160735,0.2248953432303012,0.9575757575757576,韭菜,120,cycle_market_average,seasonal_naive,calibration,calibration,cycle_market_average,903,2024-12-31,0
165,6.696925279030658,0.3143458592326245,6.166388645721326,2.0696347812250164,-0.1196691001070871,0.987878787878788,韭菜,120,cycle_market_average,same_season_mean,calibration,calibration,cycle_market_average,903,2024-12-31,0
165,10.399821025641009,0.488155465375571,10.676355480514475,3.2139870786041245,-0.3871560563416793,0.993939393939394,韭菜,120,cycle_market_average,same_season_median,calibration,calibration,cycle_market_average,903,2024-12-31,0
165,6.801340911722039,0.319247007208467,6.195421183984103,2.101903653299542,-0.2350993114081242,0.993939393939394,韭菜,120,cycle_market_average,linear,calibration,calibration,cycle_market_average,903,2024-12-31,0
165,6.652193458074551,0.3122461997459768,6.083529633381063,2.0558107457727814,-0.1888013265099326,1.0,韭菜,120,cycle_market_average,elasticnet,calibration,calibration,cycle_market_average,903,2024-12-31,0
165,8.632401268717262,0.4051948440506562,7.812024313713303,2.6677791922167295,-0.2739275491968253,0.9818181818181818,韭菜,120,cycle_market_average,extra_trees,calibration,calibration,cycle_market_average,903,2024-12-31,0
165,9.42706893192784,0.4424956170155995,8.946022048031216,2.9133653032705893,-0.0529823292764198,0.9515151515151516,韭菜,120,cycle_market_average,catboost,calibration,calibration,cycle_market_average,903,2024-12-31,0
165,33.603389770806274,1.46377439653742,33.38415799401734,7.250546434249053,-0.3224561978941278,0.0,黄瓜,120,cycle_market_average,last_value,calibration,calibration,cycle_market_average,903,2024-12-31,0
165,19.499922020914777,0.8494228345227567,18.47413377061753,4.207465111145121,0.1583859070804291,0.8181818181818182,黄瓜,120,cycle_market_average,seasonal_naive,calibration,calibration,cycle_market_average,903,2024-12-31,0
165,14.404512119916664,0.6274651509731025,12.81897060195486,3.1080371563851643,-0.3544741987470761,0.9272727272727272,黄瓜,120,cycle_market_average,same_season_mean,calibration,calibration,cycle_market_average,903,2024-12-31,0
165,19.14904767323588,0.8341386358143175,18.784955225741456,4.131757548075312,-0.744759228197158,0.8727272727272727,黄瓜,120,cycle_market_average,same_season_median,calibration,calibration,cycle_market_average,903,2024-12-31,0
165,18.476580508690255,0.8048457512366679,19.08083512055225,3.986660448190414,-0.5522623825823507,0.8303030303030303,黄瓜,120,cycle_market_average,linear,calibration,calibration,cycle_market_average,903,2024-12-31,0
165,17.393171843250514,0.7576521235617828,17.179833820995533,3.7528951974339817,-0.3897981238598936,0.8606060606060606,黄瓜,120,cycle_market_average,elasticnet,calibration,calibration,cycle_market_average,903,2024-12-31,0
165,16.993437574443387,0.7402395710755805,16.700239518240757,3.666645212027312,-0.5704836702185689,0.8909090909090909,黄瓜,120,cycle_market_average,extra_trees,calibration,calibration,cycle_market_average,903,2024-12-31,0
165,16.162977625113886,0.7040644703054084,14.7054820873572,3.487458276856004,-0.4214253783581822,0.9151515151515152,黄瓜,120,cycle_market_average,catboost,calibration,calibration,cycle_market_average,903,2024-12-31,0
90,4.1564227776551785,0.0903366806500644,4.112729172167441,3.2764155955468475,0.0283540073251627,0.0,土豆,120,cycle_market_average,last_value,retrospective_audit_reused,reused_retrospective,cycle_market_average,1150,2025-12-31,0
90,6.3464753036544135,0.1379358028355298,6.7891397745568485,5.0027852732962055,-0.0993668280505118,0.6777777777777778,土豆,120,cycle_market_average,seasonal_naive,retrospective_audit_reused,reused_retrospective,cycle_market_average,1150,2025-12-31,0
90,10.223624730802694,0.2222026901011379,9.632950633192918,8.05905590044847,0.2220866305678122,0.4111111111111111,土豆,120,cycle_market_average,same_season_mean,retrospective_audit_reused,reused_retrospective,cycle_market_average,1150,2025-12-31,0
90,5.402294854393532,0.1174147605153275,5.2295271388808695,4.258508833084323,0.1147984517696071,0.4444444444444444,土豆,120,cycle_market_average,same_season_median,retrospective_audit_reused,reused_retrospective,cycle_market_average,1150,2025-12-31,0
90,8.229521793983507,0.178862382865016,8.853804409092646,6.487148923986852,-0.1591538672845508,0.6777777777777778,土豆,120,cycle_market_average,linear,retrospective_audit_reused,reused_retrospective,cycle_market_average,1150,2025-12-31,0
90,6.067329516170796,0.1318687819361437,6.068803499421515,4.782740859994608,0.0140755874717294,0.4777777777777778,土豆,120,cycle_market_average,elasticnet,retrospective_audit_reused,reused_retrospective,cycle_market_average,1150,2025-12-31,0
90,5.549314713381938,0.1206101250778674,5.96083862056354,4.374401316744625,-0.0803158879175034,0.7111111111111111,土豆,120,cycle_market_average,extra_trees,retrospective_audit_reused,reused_retrospective,cycle_market_average,1150,2025-12-31,0
90,4.03617850856784,0.0877232631231133,4.143264668749339,3.1816297136507954,-0.0297939667659807,0.6888888888888889,土豆,120,cycle_market_average,catboost,retrospective_audit_reused,reused_retrospective,cycle_market_average,1150,2025-12-31,0
90,51.21199972049702,2.7824182577608463,40.15656650719874,16.58366312982266,2.7824182577608463,0.0,尖椒,120,cycle_market_average,last_value,retrospective_audit_reused,reused_retrospective,cycle_market_average,1150,2025-12-31,0
90,21.2332264338202,1.1536303449010907,20.929804084500752,6.875823562046651,-1.1536303449010907,1.0,尖椒,120,cycle_market_average,seasonal_naive,retrospective_audit_reused,reused_retrospective,cycle_market_average,1150,2025-12-31,0
90,10.125985353841443,0.5501586870287891,9.186545599591788,3.279034813757022,-0.5128466253517208,1.0,尖椒,120,cycle_market_average,same_season_mean,retrospective_audit_reused,reused_retrospective,cycle_market_average,1150,2025-12-31,0
90,16.45301833132993,0.8939150755724872,16.14943469834865,5.3278785238758575,-0.8939150755724872,1.0,尖椒,120,cycle_market_average,same_season_median,retrospective_audit_reused,reused_retrospective,cycle_market_average,1150,2025-12-31,0
90,11.242263736088374,0.6108076241618664,11.238554877541054,3.6405122946466673,0.2937405000262958,1.0,尖椒,120,cycle_market_average,linear,retrospective_audit_reused,reused_retrospective,cycle_market_average,1150,2025-12-31,0
90,8.387721428452215,0.4557164213643564,8.183479354415987,2.7161436256232268,0.0307393428556276,1.0,尖椒,120,cycle_market_average,elasticnet,retrospective_audit_reused,reused_retrospective,cycle_market_average,1150,2025-12-31,0
90,9.26719262058567,0.503499298727519,9.188094057942036,3.000937308008711,-0.1120274052052476,0.9777777777777776,尖椒,120,cycle_market_average,extra_trees,retrospective_audit_reused,reused_retrospective,cycle_market_average,1150,2025-12-31,0
90,10.507246742141582,0.5708731417186138,9.777856970143164,3.402496316187817,-0.2823620712028822,1.0,尖椒,120,cycle_market_average,catboost,retrospective_audit_reused,reused_retrospective,cycle_market_average,1150,2025-12-31,0
90,41.708772021179946,0.6516949377080471,31.469994147791137,8.817681151984765,0.5679555335335388,0.0,甘蓝,120,cycle_market_average,last_value,retrospective_audit_reused,reused_retrospective,cycle_market_average,1150,2025-12-31,0
90,17.033630329188142,0.2661485850191215,18.58544320972597,3.6010919004589104,-0.2661485850191215,0.8444444444444444,甘蓝,120,cycle_market_average,seasonal_naive,retrospective_audit_reused,reused_retrospective,cycle_market_average,1150,2025-12-31,0
90,19.420870755111977,0.3034489519509637,17.603804463272883,4.105780096463228,0.3034489519509637,0.7666666666666667,甘蓝,120,cycle_market_average,same_season_mean,retrospective_audit_reused,reused_retrospective,cycle_market_average,1150,2025-12-31,0
90,10.915186096013077,0.1705485723554933,9.878998185538958,2.307587254315377,0.1703999779779832,0.9666666666666668,甘蓝,120,cycle_market_average,same_season_median,retrospective_audit_reused,reused_retrospective,cycle_market_average,1150,2025-12-31,0
90,10.629840745199278,0.1660900828912279,9.781031672436171,2.247262190791578,0.1241702987440807,1.0,甘蓝,120,cycle_market_average,linear,retrospective_audit_reused,reused_retrospective,cycle_market_average,1150,2025-12-31,0
90,11.684059157657178,0.1825621286826635,11.037115628426935,2.470135255020966,0.1711912367627059,0.9666666666666668,甘蓝,120,cycle_market_average,elasticnet,retrospective_audit_reused,reused_retrospective,cycle_market_average,1150,2025-12-31,0
90,35.15110007978693,0.5492320408098653,30.26706166862817,7.431319063713322,0.5492320408098653,0.6888888888888889,甘蓝,120,cycle_market_average,extra_trees,retrospective_audit_reused,reused_retrospective,cycle_market_average,1150,2025-12-31,0
90,27.148648902461268,0.4241946285630926,24.34490596242038,5.739515169795024,0.4241946285630926,0.7444444444444445,甘蓝,120,cycle_market_average,catboost,retrospective_audit_reused,reused_retrospective,cycle_market_average,1150,2025-12-31,0
90,17.2380725108496,1.4204746350125617,15.770620665758434,5.15907622844049,1.36722222293662,0.0,芸豆,120,cycle_market_average,last_value,retrospective_audit_reused,reused_retrospective,cycle_market_average,1150,2025-12-31,0
90,3.04654618061106,0.2510455604145222,3.0160256256189797,0.9117819854478636,-0.1054538841902257,1.0,芸豆,120,cycle_market_average,seasonal_naive,retrospective_audit_reused,reused_retrospective,cycle_market_average,1150,2025-12-31,0
90,7.759276292869277,0.6393902307313059,6.931416859878594,2.322225866450469,0.6165255851243026,0.7666666666666667,芸豆,120,cycle_market_average,same_season_mean,retrospective_audit_reused,reused_retrospective,cycle_market_average,1150,2025-12-31,0
90,4.517716643319742,0.37227491043275,4.042276808050694,1.3520795046378489,0.3038888896032867,0.8666666666666667,芸豆,120,cycle_market_average,same_season_median,retrospective_audit_reused,reused_retrospective,cycle_market_average,1150,2025-12-31,0
90,4.211363941658568,0.3470304266423856,4.215758262663337,1.2603930971428154,0.2745909663943969,0.9888888888888888,芸豆,120,cycle_market_average,linear,retrospective_audit_reused,reused_retrospective,cycle_market_average,1150,2025-12-31,0
90,4.475589716090323,0.3688035112062561,4.470101657445214,1.339471596839007,0.3319255059405469,0.9888888888888888,芸豆,120,cycle_market_average,elasticnet,retrospective_audit_reused,reused_retrospective,cycle_market_average,1150,2025-12-31,0
90,9.053707961167431,0.7460557149620541,8.052546592983747,2.7096283237179173,0.7460557149620541,0.7111111111111111,芸豆,120,cycle_market_average,extra_trees,retrospective_audit_reused,reused_retrospective,cycle_market_average,1150,2025-12-31,0
90,2.9405277714812263,0.2423092901082842,2.920950283024503,0.8800523907397224,0.2185474476666404,0.9555555555555556,芸豆,120,cycle_market_average,catboost,retrospective_audit_reused,reused_retrospective,cycle_market_average,1150,2025-12-31,0
90,14.578176682631948,0.5083818848169092,12.435695900019118,4.640378023948432,0.4604974691052823,0.0,芹菜,120,cycle_market_average,last_value,retrospective_audit_reused,reused_retrospective,cycle_market_average,1150,2025-12-31,0
90,24.036229889731928,0.8382107118918742,27.33582518896182,7.650970034666059,-0.8382107118918742,0.7555555555555555,芹菜,120,cycle_market_average,seasonal_naive,retrospective_audit_reused,reused_retrospective,cycle_market_average,1150,2025-12-31,0
90,4.825928121467616,0.1682936410906286,4.9669805391504545,1.5361407182485889,-0.1665663857180096,0.7888888888888889,芹菜,120,cycle_market_average,same_season_mean,retrospective_audit_reused,reused_retrospective,cycle_market_average,1150,2025-12-31,0
90,12.105972568694709,0.4221691975613844,12.988697968402422,3.85345096916135,-0.4221691975613844,0.7555555555555555,芹菜,120,cycle_market_average,same_season_median,retrospective_audit_reused,reused_retrospective,cycle_market_average,1150,2025-12-31,0
90,5.448646432042921,0.1900095741138193,5.3630858294710855,1.7343581240608388,0.0116868521996526,0.9,芹菜,120,cycle_market_average,linear,retrospective_audit_reused,reused_retrospective,cycle_market_average,1150,2025-12-31,0
90,5.046835647976089,0.1759973057629341,4.919079708317283,1.6064577718590032,0.0727062768209902,0.9111111111111112,芹菜,120,cycle_market_average,elasticnet,retrospective_audit_reused,reused_retrospective,cycle_market_average,1150,2025-12-31,0
90,14.8302292595288,0.5171716646985347,13.917088222532062,4.720608855565748,0.516929110129552,0.6666666666666666,芹菜,120,cycle_market_average,extra_trees,retrospective_audit_reused,reused_retrospective,cycle_market_average,1150,2025-12-31,0
90,11.198747930441169,0.3905317313961434,10.668283630600769,3.564672381428097,0.3905317313961434,0.6666666666666666,芹菜,120,cycle_market_average,catboost,retrospective_audit_reused,reused_retrospective,cycle_market_average,1150,2025-12-31,0
90,41.52003859855922,1.5687038757713725,33.38147332317733,11.417970057400906,1.5687038757713725,0.0,茄子,120,cycle_market_average,last_value,retrospective_audit_reused,reused_retrospective,cycle_market_average,1150,2025-12-31,0
90,22.96255766268899,0.8675679122401835,25.04365713486148,6.314680927175794,-0.8675679122401835,1.0,茄子,120,cycle_market_average,seasonal_naive,retrospective_audit_reused,reused_retrospective,cycle_market_average,1150,2025-12-31,0
90,3.4756401430899535,0.1313161149961208,3.3897477471915094,0.955797644308519,0.0089382185482794,1.0,茄子,120,cycle_market_average,same_season_mean,retrospective_audit_reused,reused_retrospective,cycle_market_average,1150,2025-12-31,0
90,5.531888711394795,0.2090049902362578,5.023466067500442,1.5212639920274946,-0.1827405686730722,1.0,茄子,120,cycle_market_average,same_season_median,retrospective_audit_reused,reused_retrospective,cycle_market_average,1150,2025-12-31,0
90,16.393797949430446,0.6193880172061478,15.494499142889143,4.508278422462079,0.6193880172061478,0.9555555555555556,茄子,120,cycle_market_average,linear,retrospective_audit_reused,reused_retrospective,cycle_market_average,1150,2025-12-31,0
90,10.564201959928182,0.3991350952054736,10.15705778115364,2.905145219758578,0.3991350952054736,1.0,茄子,120,cycle_market_average,elasticnet,retrospective_audit_reused,reused_retrospective,cycle_market_average,1150,2025-12-31,0
90,12.450546877869527,0.4704046961908373,12.207884675254974,3.4238882295912334,0.4704046961908373,0.9444444444444444,茄子,120,cycle_market_average,extra_trees,retrospective_audit_reused,reused_retrospective,cycle_market_average,1150,2025-12-31,0
90,6.711802834863174,0.253584328816797,7.589495682273256,1.8457392234289864,0.2381262055030528,0.9444444444444444,茄子,120,cycle_market_average,catboost,retrospective_audit_reused,reused_retrospective,cycle_market_average,1150,2025-12-31,0
90,39.528924485258365,1.9265844404830932,31.583302077113277,15.838906139918963,1.9265844404830932,0.0,西红柿,120,cycle_market_average,last_value,retrospective_audit_reused,reused_retrospective,cycle_market_average,1150,2025-12-31,0
90,10.048385520564986,0.4897442429306606,9.326076775420818,4.026303199251067,-0.2925190395881529,1.0,西红柿,120,cycle_market_average,seasonal_naive,retrospective_audit_reused,reused_retrospective,cycle_market_average,1150,2025-12-31,0
90,5.227774992734379,0.2547944344679744,4.639480086000862,2.094725280507317,-0.1254765900652722,1.0,西红柿,120,cycle_market_average,same_season_mean,retrospective_audit_reused,reused_retrospective,cycle_market_average,1150,2025-12-31,0
90,7.156471584719462,0.348796406262501,6.5426388946561085,2.867537713191283,-0.2968600039613514,1.0,西红柿,120,cycle_market_average,same_season_median,retrospective_audit_reused,reused_retrospective,cycle_market_average,1150,2025-12-31,0
90,9.15716840351533,0.44630756831432,8.52482499652465,3.669200028571506,-0.3677291066504415,1.0,西红柿,120,cycle_market_average,linear,retrospective_audit_reused,reused_retrospective,cycle_market_average,1150,2025-12-31,0
90,7.890237596886708,0.3845591344521826,7.280913099743683,3.161551556135932,-0.3763404846038865,1.0,西红柿,120,cycle_market_average,elasticnet,retrospective_audit_reused,reused_retrospective,cycle_market_average,1150,2025-12-31,0
90,7.88992766788135,0.3845440289463498,7.363195568783919,3.1614273702014595,0.0175295755002082,1.0,西红柿,120,cycle_market_average,extra_trees,retrospective_audit_reused,reused_retrospective,cycle_market_average,1150,2025-12-31,0
90,5.963366359949559,0.2906461279072675,5.7307883971578795,2.3894705278008757,-0.0004739323781585,1.0,西红柿,120,cycle_market_average,catboost,retrospective_audit_reused,reused_retrospective,cycle_market_average,1150,2025-12-31,0
90,51.52931534762027,2.7567667822322055,40.236901010165205,15.271068521766482,2.7567667822322055,0.0,青椒,120,cycle_market_average,last_value,retrospective_audit_reused,reused_retrospective,cycle_market_average,1150,2025-12-31,0
90,15.911219939914982,0.8512343371776244,14.657948520814823,4.715399929693811,-0.7353479177407857,1.0,青椒,120,cycle_market_average,seasonal_naive,retrospective_audit_reused,reused_retrospective,cycle_market_average,1150,2025-12-31,0
90,4.935660938725212,0.2640529188569369,5.473128627002402,1.4627172103298642,0.1117385039200341,1.0,青椒,120,cycle_market_average,same_season_mean,retrospective_audit_reused,reused_retrospective,cycle_market_average,1150,2025-12-31,0
90,9.053532017222544,0.4843548989266258,8.795440683056336,2.683076747019058,-0.3198998844344606,1.0,青椒,120,cycle_market_average,same_season_median,retrospective_audit_reused,reused_retrospective,cycle_market_average,1150,2025-12-31,0
90,16.74780274736382,0.8959906798265282,16.494206155538688,4.963327023048312,0.8959906798265282,0.9111111111111112,青椒,120,cycle_market_average,linear,retrospective_audit_reused,reused_retrospective,cycle_market_average,1150,2025-12-31,0
90,14.225726986464696,0.7610621516088364,14.440673827441902,4.215892451058495,0.7610621516088364,0.9666666666666668,青椒,120,cycle_market_average,elasticnet,retrospective_audit_reused,reused_retrospective,cycle_market_average,1150,2025-12-31,0
90,9.169281941903977,0.4905474040133906,10.191141530251612,2.717380036695525,0.3293842313879434,0.9111111111111112,青椒,120,cycle_market_average,extra_trees,retrospective_audit_reused,reused_retrospective,cycle_market_average,1150,2025-12-31,0
90,10.08559302866654,0.5395691297851611,10.841484947444266,2.9889351563164115,0.1994642760264684,0.9111111111111112,青椒,120,cycle_market_average,catboost,retrospective_audit_reused,reused_retrospective,cycle_market_average,1150,2025-12-31,0
90,40.43097450605838,1.9161646651613364,32.84703613741955,12.80787202018834,1.5930962378504896,0.0,韭菜,120,cycle_market_average,last_value,retrospective_audit_reused,reused_retrospective,cycle_market_average,1150,2025-12-31,0
90,11.61811792901008,0.5506230637085098,12.347861713947786,3.680429902275031,-0.5506230637085098,0.8777777777777778,韭菜,120,cycle_market_average,seasonal_naive,retrospective_audit_reused,reused_retrospective,cycle_market_average,1150,2025-12-31,0
90,12.604010542779491,0.5973479476181328,13.368123117465608,3.992744571339353,-0.5973479476181328,0.9,韭菜,120,cycle_market_average,same_season_mean,retrospective_audit_reused,reused_retrospective,cycle_market_average,1150,2025-12-31,0
90,19.17313310431633,0.9086815399272876,21.42400334982181,6.073735249426724,-0.9086815399272876,0.8444444444444444,韭菜,120,cycle_market_average,same_season_median,retrospective_audit_reused,reused_retrospective,cycle_market_average,1150,2025-12-31,0
90,8.368476022972585,0.3966112183139962,8.370258415362702,2.650996450510656,-0.310789985732292,0.9,韭菜,120,cycle_market_average,linear,retrospective_audit_reused,reused_retrospective,cycle_market_average,1150,2025-12-31,0
90,7.667590112834125,0.3633937945015794,7.730288795500269,2.428967247715619,-0.3056758578295817,0.9,韭菜,120,cycle_market_average,elasticnet,retrospective_audit_reused,reused_retrospective,cycle_market_average,1150,2025-12-31,0
90,6.459437990062092,0.3061352585380563,6.899230943629026,2.0462443982561185,-0.3034473989561134,0.9666666666666668,韭菜,120,cycle_market_average,extra_trees,retrospective_audit_reused,reused_retrospective,cycle_market_average,1150,2025-12-31,0
90,7.132010716960021,0.3380108220083334,6.874259404400853,2.259304447280833,-0.3119702856272817,0.9666666666666668,韭菜,120,cycle_market_average,catboost,retrospective_audit_reused,reused_retrospective,cycle_market_average,1150,2025-12-31,0
90,47.56130468295102,2.0020709488633472,37.00322145888029,10.451519855720065,1.675213283902303,0.0,黄瓜,120,cycle_market_average,last_value,retrospective_audit_reused,reused_retrospective,cycle_market_average,1150,2025-12-31,0
90,14.445064103916245,0.6080582395647831,14.64923945019846,3.1742794968647696,-0.606305836931713,0.9111111111111112,黄瓜,120,cycle_market_average,seasonal_naive,retrospective_audit_reused,reused_retrospective,cycle_market_average,1150,2025-12-31,0
90,10.317767010646053,0.4343215924553859,10.407549480562505,2.267312629401356,-0.4282495080181791,0.9555555555555556,黄瓜,120,cycle_market_average,same_season_mean,retrospective_audit_reused,reused_retrospective,cycle_market_average,1150,2025-12-31,0
90,17.722228291551065,0.7460089383199194,19.103012140893444,3.894431031938153,-0.7460089383199194,0.8222222222222222,黄瓜,120,cycle_market_average,same_season_median,retrospective_audit_reused,reused_retrospective,cycle_market_average,1150,2025-12-31,0
90,11.854498131614326,0.4990095726109775,12.191890044269115,2.605006810222686,-0.3436792800441247,0.9111111111111112,黄瓜,120,cycle_market_average,linear,retrospective_audit_reused,reused_retrospective,cycle_market_average,1150,2025-12-31,0
90,11.94059530402901,0.502633792947652,12.022860024387622,2.62392652474717,-0.4301029386903683,0.9111111111111112,黄瓜,120,cycle_market_average,elasticnet,retrospective_audit_reused,reused_retrospective,cycle_market_average,1150,2025-12-31,0
90,8.095215223755664,0.3407643110784386,8.86824370006143,1.7789104653754022,-0.2904411016764504,0.9222222222222224,黄瓜,120,cycle_market_average,extra_trees,retrospective_audit_reused,reused_retrospective,cycle_market_average,1150,2025-12-31,0
90,8.712178249643953,0.3667350820420985,8.480158085065215,1.9144870934410323,-0.2847331858776904,0.9888888888888888,黄瓜,120,cycle_market_average,catboost,retrospective_audit_reused,reused_retrospective,cycle_market_average,1150,2025-12-31,0
156,29.226398949416655,0.5252814916564917,28.15112552111553,17.998433486735024,0.2022028388278388,0.0,土豆,120,harvest_market_price,last_value,calibration,calibration,harvest_post_14,872,2024-12-31,0
156,14.1199409942775,0.2537754884004883,13.66128192535381,8.695454382251194,0.2062569698819699,0.9615384615384616,土豆,120,harvest_market_price,seasonal_naive,calibration,calibration,harvest_post_14,872,2024-12-31,0
156,26.223511178157345,0.4713110599760737,23.84765187768648,16.149171252524006,0.4713110599760737,0.8333333333333334,土豆,120,harvest_market_price,same_season_mean,calibration,calibration,harvest_post_14,872,2024-12-31,0
156,24.354279923235836,0.4377156593406593,22.45108853577677,14.998046392042262,0.4377156593406593,0.7756410256410257,土豆,120,harvest_market_price,same_season_median,calibration,calibration,harvest_post_14,872,2024-12-31,0
156,16.598882513402284,0.2983291161378208,15.774110688439729,10.22205586766491,0.2977224546747237,0.9551282051282052,土豆,120,harvest_market_price,linear,calibration,calibration,harvest_post_14,872,2024-12-31,0
156,25.293478667538334,0.4545957312996773,23.090545843034597,15.576431233753697,0.4477341264596254,0.6923076923076923,土豆,120,harvest_market_price,elasticnet,calibration,calibration,harvest_post_14,872,2024-12-31,0
156,27.102401489979236,0.4871072179220206,24.547561001357664,16.690416475612903,0.4871072179220206,0.8397435897435898,土豆,120,harvest_market_price,extra_trees,calibration,calibration,harvest_post_14,872,2024-12-31,0
156,31.29881871455477,0.562528767568048,27.923956834122155,19.274687511871356,0.562528767568048,0.717948717948718,土豆,120,harvest_market_price,catboost,calibration,calibration,harvest_post_14,872,2024-12-31,0
156,52.102736143090006,2.340973443223443,48.90927428143026,13.012047664630623,0.1216201668701668,0.0,尖椒,120,harvest_market_price,last_value,calibration,calibration,harvest_post_14,872,2024-12-31,0
156,38.31800697676257,1.7216262210012208,32.532912715635334,9.5694731237528,0.9752045685795684,0.8589743589743589,尖椒,120,harvest_market_price,seasonal_naive,calibration,calibration,harvest_post_14,872,2024-12-31,0
156,17.63004939523528,0.7921172762140407,15.832924180891569,4.4028981977181205,-0.2003520508676346,0.9807692307692308,尖椒,120,harvest_market_price,same_season_mean,calibration,calibration,harvest_post_14,872,2024-12-31,0
156,15.857775898027135,0.7124891127391129,14.244974122186369,3.960293664299728,-0.3381234228734228,0.9935897435897436,尖椒,120,harvest_market_price,same_season_median,calibration,calibration,harvest_post_14,872,2024-12-31,0
156,19.531431486700132,0.8775462826546205,18.590052367957483,4.877746089292754,-0.5938816325087439,0.8910256410256411,尖椒,120,harvest_market_price,linear,calibration,calibration,harvest_post_14,872,2024-12-31,0
156,24.05202711017851,1.0806564278311035,24.509718156677515,6.006711861141617,-0.5732697217665452,0.8717948717948718,尖椒,120,harvest_market_price,elasticnet,calibration,calibration,harvest_post_14,872,2024-12-31,0
156,18.169131708274417,0.8163382187585995,18.557388825318675,4.5375276869096375,-0.6209970321397502,0.8653846153846154,尖椒,120,harvest_market_price,extra_trees,calibration,calibration,harvest_post_14,872,2024-12-31,0
156,17.923140294156113,0.8052858362862002,16.939997458697427,4.476094214456161,-0.4025946166186591,0.9294871794871796,尖椒,120,harvest_market_price,catboost,calibration,calibration,harvest_post_14,872,2024-12-31,0
156,60.360628266802145,1.1447940069190068,65.05063703022195,14.305818938686588,-0.5226162494912494,0.0,甘蓝,120,harvest_market_price,last_value,calibration,calibration,harvest_post_14,872,2024-12-31,0
156,59.59899016574442,1.13034885022385,51.7518173347873,14.125306291893454,0.4307306166056166,0.8205128205128205,甘蓝,120,harvest_market_price,seasonal_naive,calibration,calibration,harvest_post_14,872,2024-12-31,0
156,32.89208516981932,0.6238281982593025,33.15696447268628,7.795614930901759,0.0378326649651862,0.8269230769230769,甘蓝,120,harvest_market_price,same_season_mean,calibration,calibration,harvest_post_14,872,2024-12-31,0
156,35.49414508849864,0.6731786223036222,35.328914086078875,8.412318221326473,-0.1983854802604802,0.8076923076923077,甘蓝,120,harvest_market_price,same_season_median,calibration,calibration,harvest_post_14,872,2024-12-31,0
156,36.294441749869165,0.6883569736230395,35.63157907435881,8.601993171099965,0.3891291475763251,0.8910256410256411,甘蓝,120,harvest_market_price,linear,calibration,calibration,harvest_post_14,872,2024-12-31,0
156,34.37344122258979,0.6519234580340839,36.33414256170621,8.146704905992642,0.3597070273313406,0.782051282051282,甘蓝,120,harvest_market_price,elasticnet,calibration,calibration,harvest_post_14,872,2024-12-31,0
156,35.61861959401164,0.6755393940851159,34.13149684750258,8.441819400977561,0.6569947439091463,0.8205128205128205,甘蓝,120,harvest_market_price,extra_trees,calibration,calibration,harvest_post_14,872,2024-12-31,0
156,32.233026589261975,0.611328555116165,32.5650919021616,7.639414225339739,0.4926999096592349,0.8269230769230769,甘蓝,120,harvest_market_price,catboost,calibration,calibration,harvest_post_14,872,2024-12-31,0
156,25.307801920596695,2.0301870675620672,23.73795101256806,7.196373660453202,0.3193010276760276,0.0,芸豆,120,harvest_market_price,last_value,calibration,calibration,harvest_post_14,872,2024-12-31,0
156,26.422336638014578,2.119594831094831,25.26588399348145,7.513296019386285,0.1764039479039479,0.6923076923076923,芸豆,120,harvest_market_price,seasonal_naive,calibration,calibration,harvest_post_14,872,2024-12-31,0
156,15.5318516618318,1.2459621929267837,15.403931245755508,4.4165435049618615,-0.2818810935237899,0.7756410256410257,芸豆,120,harvest_market_price,same_season_mean,calibration,calibration,harvest_post_14,872,2024-12-31,0
156,14.441770978789398,1.1585161273911273,14.47509087069597,4.106574747508025,-0.6181989723239725,0.8269230769230769,芸豆,120,harvest_market_price,same_season_median,calibration,calibration,harvest_post_14,872,2024-12-31,0
156,15.56121716421365,1.2483178879553425,15.370224757006088,4.424893701811425,-0.1570525904109155,0.6858974358974359,芸豆,120,harvest_market_price,linear,calibration,calibration,harvest_post_14,872,2024-12-31,0
156,15.659183458205948,1.2561767254689344,15.083601332647198,4.4527508053208615,-0.2298676445911821,0.7371794871794872,芸豆,120,harvest_market_price,elasticnet,calibration,calibration,harvest_post_14,872,2024-12-31,0
156,14.238862794790505,1.1422388713753924,14.015209386894275,4.048877002148653,-0.5401966236014064,0.7628205128205128,芸豆,120,harvest_market_price,extra_trees,calibration,calibration,harvest_post_14,872,2024-12-31,0
156,12.93063542402535,1.037293119946992,12.652325838810007,3.676877370477902,-0.5046944968701967,0.7756410256410257,芸豆,120,harvest_market_price,catboost,calibration,calibration,harvest_post_14,872,2024-12-31,0
156,36.13589482167605,1.2516344627594629,37.645976712640035,10.95872152255219,-0.5445849104599105,0.0,芹菜,120,harvest_market_price,last_value,calibration,calibration,harvest_post_14,872,2024-12-31,0
156,45.94891786831753,1.591526912901913,36.35925202227227,13.93465964151152,1.1076807590557591,0.8717948717948718,芹菜,120,harvest_market_price,seasonal_naive,calibration,calibration,harvest_post_14,872,2024-12-31,0
156,25.096985852053365,0.8692811554502887,24.044808389004388,7.611016147941308,0.0933538771130912,0.9102564102564102,芹菜,120,harvest_market_price,same_season_mean,calibration,calibration,harvest_post_14,872,2024-12-31,0
156,19.855384901328385,0.68772847985348,19.14657417437546,6.021426477205277,-0.1645849104599103,0.9487179487179488,芹菜,120,harvest_market_price,same_season_median,calibration,calibration,harvest_post_14,872,2024-12-31,0
156,19.73538957991097,0.6835722169354839,19.486779349011776,5.985036197736292,-0.254431403187254,0.9102564102564102,芹菜,120,harvest_market_price,linear,calibration,calibration,harvest_post_14,872,2024-12-31,0
156,21.866219195046902,0.7573774954192152,21.71493086652192,6.631240435365262,-0.2137770504855076,0.8910256410256411,芹菜,120,harvest_market_price,elasticnet,calibration,calibration,harvest_post_14,872,2024-12-31,0
156,21.591179095590626,0.7478509659443239,21.351623080409546,6.547830632664917,-0.2920523842790996,0.8846153846153846,芹菜,120,harvest_market_price,extra_trees,calibration,calibration,harvest_post_14,872,2024-12-31,0
156,18.56685058363875,0.6430976780862251,18.274918432393548,5.630660209218958,-0.1610592421820367,0.8782051282051282,芹菜,120,harvest_market_price,catboost,calibration,calibration,harvest_post_14,872,2024-12-31,0
156,62.737135521816214,2.147434218559219,61.080433513725986,14.23884899790712,-0.3316256105006108,0.0,茄子,120,harvest_market_price,last_value,calibration,calibration,harvest_post_14,872,2024-12-31,0
156,41.39644233344693,1.4169619963369962,37.58284148027061,9.395355502508552,0.30886513024013,0.8141025641025641,茄子,120,harvest_market_price,seasonal_naive,calibration,calibration,harvest_post_14,872,2024-12-31,0
156,29.675945877461142,1.0157802251460937,28.522428272278244,6.735266261436109,0.0108535408317569,0.8333333333333334,茄子,120,harvest_market_price,same_season_mean,calibration,calibration,harvest_post_14,872,2024-12-31,0
156,33.118442498338275,1.133613705738706,31.15530744957036,7.516576870420316,-0.0134204822954823,0.8141025641025641,茄子,120,harvest_market_price,same_season_median,calibration,calibration,harvest_post_14,872,2024-12-31,0
156,27.18174226571548,0.9304059386191912,25.587754746416593,6.169180667915008,-0.1348454447827458,0.9615384615384616,茄子,120,harvest_market_price,linear,calibration,calibration,harvest_post_14,872,2024-12-31,0
156,24.577393078812243,0.8412614707611058,22.575850546672953,5.5780963842335805,-0.1456557308280351,0.9743589743589745,茄子,120,harvest_market_price,elasticnet,calibration,calibration,harvest_post_14,872,2024-12-31,0
156,26.56816598270248,0.9094037890170578,26.98830408945473,6.029923113838743,0.2474624524791697,0.9807692307692308,茄子,120,harvest_market_price,extra_trees,calibration,calibration,harvest_post_14,872,2024-12-31,0
156,38.19819258452008,1.3074888606380342,37.839889132433385,8.669479275393785,0.4308797900819323,0.8076923076923077,茄子,120,harvest_market_price,catboost,calibration,calibration,harvest_post_14,872,2024-12-31,0
156,34.2726950704689,1.768311558811559,33.992888361007296,14.240008947160392,-0.5235089540089539,0.0,西红柿,120,harvest_market_price,last_value,calibration,calibration,harvest_post_14,872,2024-12-31,0
156,20.996020817739943,1.083296957671958,18.43120918986361,8.72366540432947,0.0964565018315018,0.9102564102564102,西红柿,120,harvest_market_price,seasonal_naive,calibration,calibration,harvest_post_14,872,2024-12-31,0
156,17.54213558152195,0.9050925540364982,16.50650163928295,7.288605903899685,-0.7947278427024403,0.9294871794871796,西红柿,120,harvest_market_price,same_season_mean,calibration,calibration,harvest_post_14,872,2024-12-31,0
156,19.129790135684164,0.98700814000814,18.598911120659707,7.948262665930934,-0.8553679283679284,0.8269230769230769,西红柿,120,harvest_market_price,same_season_median,calibration,calibration,harvest_post_14,872,2024-12-31,0
156,23.75590525787902,1.2256941501439105,24.274071089366032,9.870373564860818,-1.212003315022278,0.75,西红柿,120,harvest_market_price,linear,calibration,calibration,harvest_post_14,872,2024-12-31,0
156,22.56554873089082,1.164277293329702,23.43494497662388,9.3757907034964,-0.9953755222199044,0.7051282051282052,西红柿,120,harvest_market_price,elasticnet,calibration,calibration,harvest_post_14,872,2024-12-31,0
156,20.65453780412223,1.0656780234481853,19.891810917711673,8.581782159979378,-1.0263181184354029,0.8653846153846154,西红柿,120,harvest_market_price,extra_trees,calibration,calibration,harvest_post_14,872,2024-12-31,0
156,19.284102526797653,0.9949699412120656,18.216743439531413,8.012378132356778,-0.8743974705212022,0.8397435897435898,西红柿,120,harvest_market_price,catboost,calibration,calibration,harvest_post_14,872,2024-12-31,0
156,45.07908891180518,2.0939960826210826,41.25037742008229,10.724865270863008,0.3698393874643875,0.0,青椒,120,harvest_market_price,last_value,calibration,calibration,harvest_post_14,872,2024-12-31,0
156,32.116236830429855,1.4918507834757837,27.48200484001299,7.6408445984206015,0.8999533475783478,0.8269230769230769,青椒,120,harvest_market_price,seasonal_naive,calibration,calibration,harvest_post_14,872,2024-12-31,0
156,12.06811685309044,0.5605834107345292,11.30391908319362,2.871152244794631,0.0012645646383552,0.9615384615384616,青椒,120,harvest_market_price,same_season_mean,calibration,calibration,harvest_post_14,872,2024-12-31,0
156,13.14164459519684,0.6104504985754986,12.358564780985976,3.1265575929628326,-0.1579170227920226,0.9935897435897436,青椒,120,harvest_market_price,same_season_median,calibration,calibration,harvest_post_14,872,2024-12-31,0
156,20.33264932382707,0.9444842178754036,23.30194736666959,4.8373853567533605,-0.8125887521850105,0.8974358974358975,青椒,120,harvest_market_price,linear,calibration,calibration,harvest_post_14,872,2024-12-31,0
156,23.83110030291161,1.106992884804705,29.277182538035145,5.669709529959415,-0.7807453777738158,0.8589743589743589,青椒,120,harvest_market_price,elasticnet,calibration,calibration,harvest_post_14,872,2024-12-31,0
156,13.46230331185868,0.6253456109825367,14.706180150954436,3.2028462140761467,-0.3521704408519924,0.8589743589743589,青椒,120,harvest_market_price,extra_trees,calibration,calibration,harvest_post_14,872,2024-12-31,0
156,12.285366482781082,0.5706750049637984,11.915094208344575,2.9228385824030836,-0.1531610445780103,1.0,青椒,120,harvest_market_price,catboost,calibration,calibration,harvest_post_14,872,2024-12-31,0
156,55.09520547007507,3.0342512210012207,54.623873547235,20.006304417048167,-0.881261599511599,0.0,韭菜,120,harvest_market_price,last_value,calibration,calibration,harvest_post_14,872,2024-12-31,0
156,30.026329121520067,1.6536361925111929,25.8743759746143,10.90323333593678,-0.2241273402523403,0.903846153846154,韭菜,120,harvest_market_price,seasonal_naive,calibration,calibration,harvest_post_14,872,2024-12-31,0
156,20.845828315067067,1.1480396429799882,17.59885427797201,7.569587653562221,-0.5686920114399259,0.9423076923076924,韭菜,120,harvest_market_price,same_season_mean,calibration,calibration,harvest_post_14,872,2024-12-31,0
156,22.969756706154257,1.2650104802604805,19.964449400679506,8.34083367378409,-0.6720949328449328,0.9423076923076924,韭菜,120,harvest_market_price,same_season_median,calibration,calibration,harvest_post_14,872,2024-12-31,0
156,21.506956477019877,1.1844498698868136,17.707358964801053,7.809658112576945,-0.7542084615255064,1.0,韭菜,120,harvest_market_price,linear,calibration,calibration,harvest_post_14,872,2024-12-31,0
156,21.38528090201665,1.1777488464698105,18.301286772372453,7.765474983158248,-0.6641670385736257,1.0,韭菜,120,harvest_market_price,elasticnet,calibration,calibration,harvest_post_14,872,2024-12-31,0
156,23.437568098204913,1.2907741973646665,20.03705900858063,8.510706479217442,-0.493104295988334,0.935897435897436,韭菜,120,harvest_market_price,extra_trees,calibration,calibration,harvest_post_14,872,2024-12-31,0
156,22.24778753135688,1.2252495640162528,18.474856038749117,8.078670478865678,-0.7152062250518989,0.9487179487179488,韭菜,120,harvest_market_price,catboost,calibration,calibration,harvest_post_14,872,2024-12-31,0
156,58.535161396137546,3.0589921143671144,60.70173460724166,14.931529542780524,-1.284238654863655,0.0,黄瓜,120,harvest_market_price,last_value,calibration,calibration,harvest_post_14,872,2024-12-31,0
156,39.94880179345105,2.0876865588115585,36.74527062997952,10.190400093728242,-0.8623312474562473,0.8461538461538461,黄瓜,120,harvest_market_price,seasonal_naive,calibration,calibration,harvest_post_14,872,2024-12-31,0
156,26.92652794002325,1.4071548565210237,24.466580371597203,6.8685938132134705,-1.1340331318169778,0.9551282051282052,黄瓜,120,harvest_market_price,same_season_mean,calibration,calibration,harvest_post_14,872,2024-12-31,0
156,29.93253189885028,1.5642457773707774,28.11605875119704,7.63538484695106,-1.3595591676841678,0.9230769230769232,黄瓜,120,harvest_market_price,same_season_median,calibration,calibration,harvest_post_14,872,2024-12-31,0
156,28.34140838952909,1.4810951692250416,28.1832628054116,7.229510717299996,-1.3242756605878434,0.967948717948718,黄瓜,120,harvest_market_price,linear,calibration,calibration,harvest_post_14,872,2024-12-31,0
156,26.03729611562998,1.3606844432893148,23.75021143514939,6.6417627779925645,-1.1709174678495005,0.9166666666666666,黄瓜,120,harvest_market_price,elasticnet,calibration,calibration,harvest_post_14,872,2024-12-31,0
156,26.08658027408284,1.3632599867485742,23.62637847331851,6.654334501557992,-1.2615283872668468,0.9294871794871796,黄瓜,120,harvest_market_price,extra_trees,calibration,calibration,harvest_post_14,872,2024-12-31,0
156,29.34451570188376,1.533516607642044,26.48551549909352,7.485389852366176,-1.401295571050385,0.9807692307692308,黄瓜,120,harvest_market_price,catboost,calibration,calibration,harvest_post_14,872,2024-12-31,0
82,4.173847808396545,0.0907669376693766,4.139473187575885,3.248317423635183,0.0414390243902438,0.0,土豆,120,harvest_market_price,last_value,retrospective_audit_reused,reused_retrospective,harvest_post_14,1119,2025-12-31,0
82,21.471738390851005,0.4669369918699185,25.08238073378039,16.710485176394656,-0.4209383468834689,0.524390243902439,土豆,120,harvest_market_price,seasonal_naive,retrospective_audit_reused,reused_retrospective,harvest_post_14,1119,2025-12-31,0
82,11.477522307777509,0.2495969186545731,11.11643367644564,8.932437741863406,0.0342968582290883,0.573170731707317,土豆,120,harvest_market_price,same_season_mean,retrospective_audit_reused,reused_retrospective,harvest_post_14,1119,2025-12-31,0
82,10.466833406235162,0.2276178861788617,10.56849513691927,8.145864172470148,-0.0485609756097561,0.4024390243902439,土豆,120,harvest_market_price,same_season_median,retrospective_audit_reused,reused_retrospective,harvest_post_14,1119,2025-12-31,0
82,14.002227046567288,0.3045006257802404,15.245305649653698,10.897301524401692,-0.3045006257802404,0.6463414634146342,土豆,120,harvest_market_price,linear,retrospective_audit_reused,reused_retrospective,harvest_post_14,1119,2025-12-31,0
82,8.874246016304859,0.1929845485511603,9.370428291750253,6.90642526505113,-0.1198071745268379,0.5,土豆,120,harvest_market_price,elasticnet,retrospective_audit_reused,reused_retrospective,harvest_post_14,1119,2025-12-31,0
82,13.05393140544207,0.2838784336684439,14.003084483675076,10.159285814382857,-0.2177527962078705,0.5,土豆,120,harvest_market_price,extra_trees,retrospective_audit_reused,reused_retrospective,harvest_post_14,1119,2025-12-31,0
82,9.188101777351182,0.1998098396513191,9.542544101909368,7.150685042579221,-0.1443862789036921,0.5,土豆,120,harvest_market_price,catboost,retrospective_audit_reused,reused_retrospective,harvest_post_14,1119,2025-12-31,0
82,140.6213442670115,5.006962059620596,79.10230173501554,29.38469072260276,5.006962059620596,0.0,尖椒,120,harvest_market_price,last_value,retrospective_audit_reused,reused_retrospective,harvest_post_14,1119,2025-12-31,0
82,8.646082043686508,0.3078523035230352,8.78366524792692,1.8067132563714088,-0.1770880758807587,1.0,尖椒,120,harvest_market_price,seasonal_naive,retrospective_audit_reused,reused_retrospective,harvest_post_14,1119,2025-12-31,0
82,11.042490427830586,0.3931787944715426,10.852085383763136,2.3074744998382397,0.173358574778181,1.0,尖椒,120,harvest_market_price,same_season_mean,retrospective_audit_reused,reused_retrospective,harvest_post_14,1119,2025-12-31,0
82,7.325128000602803,0.2608184281842818,7.399122323432572,1.5306824289240268,-0.0690135501355013,1.0,尖椒,120,harvest_market_price,same_season_median,retrospective_audit_reused,reused_retrospective,harvest_post_14,1119,2025-12-31,0
82,38.74743876792875,1.3796408847444348,31.860362701282185,8.09679007424818,1.3796408847444348,1.0,尖椒,120,harvest_market_price,linear,retrospective_audit_reused,reused_retrospective,harvest_post_14,1119,2025-12-31,0
82,16.804144256714828,0.5983281782458428,15.256811148283424,3.5114483111750774,0.5983281782458428,1.0,尖椒,120,harvest_market_price,elasticnet,retrospective_audit_reused,reused_retrospective,harvest_post_14,1119,2025-12-31,0
82,19.30952135165929,0.6875346079298761,17.618656283744937,4.0349800087433145,0.6857834488027619,1.0,尖椒,120,harvest_market_price,extra_trees,retrospective_audit_reused,reused_retrospective,harvest_post_14,1119,2025-12-31,0
82,17.99669414512607,0.6407900966452436,16.83948700246696,3.76064739133534,0.5399938005899991,1.0,尖椒,120,harvest_market_price,catboost,retrospective_audit_reused,reused_retrospective,harvest_post_14,1119,2025-12-31,0
82,67.20785053869386,0.9630921409214092,48.05161432713438,12.910515750001624,0.8013848238482385,0.0,甘蓝,120,harvest_market_price,last_value,retrospective_audit_reused,reused_retrospective,harvest_post_14,1119,2025-12-31,0
82,25.475056687198244,0.3650589430894309,28.938581389698285,4.893715807841532,-0.2745887533875338,0.7682926829268293,甘蓝,120,harvest_market_price,seasonal_naive,retrospective_audit_reused,reused_retrospective,harvest_post_14,1119,2025-12-31,0
82,20.57664798141521,0.2948644808391532,19.243046048078337,3.952739683191526,0.1451439249185531,0.9634146341463414,甘蓝,120,harvest_market_price,same_season_mean,retrospective_audit_reused,reused_retrospective,harvest_post_14,1119,2025-12-31,0
82,16.193532647854774,0.2320542005420054,16.203045182240043,3.110750554028322,0.0768726287262872,0.9146341463414634,甘蓝,120,harvest_market_price,same_season_median,retrospective_audit_reused,reused_retrospective,harvest_post_14,1119,2025-12-31,0
82,30.622300520886096,0.4388192262095834,27.937355091032103,5.882492744632065,0.2647237335108034,0.7682926829268293,甘蓝,120,harvest_market_price,linear,retrospective_audit_reused,reused_retrospective,harvest_post_14,1119,2025-12-31,0
82,19.87951304456763,0.2848744994090359,19.364978026156766,3.818821227089954,0.1378364738552651,0.7926829268292683,甘蓝,120,harvest_market_price,elasticnet,retrospective_audit_reused,reused_retrospective,harvest_post_14,1119,2025-12-31,0
82,23.572651172712927,0.3377973689554463,21.613480292893385,4.528266888395551,0.2597796781169599,0.926829268292683,甘蓝,120,harvest_market_price,extra_trees,retrospective_audit_reused,reused_retrospective,harvest_post_14,1119,2025-12-31,0
82,18.937915853960135,0.2713813606325524,17.984116747854994,3.6379419806617945,0.1791494350868517,0.902439024390244,甘蓝,120,harvest_market_price,catboost,retrospective_audit_reused,reused_retrospective,harvest_post_14,1119,2025-12-31,0
82,35.5353437936069,2.5941869918699187,30.02257784181414,9.266729685317175,2.553357723577236,0.0,芸豆,120,harvest_market_price,last_value,retrospective_audit_reused,reused_retrospective,harvest_post_14,1119,2025-12-31,0
82,9.562558397749504,0.6980955284552844,9.683697335109075,2.4936762758419326,-0.0630806233062329,0.975609756097561,芸豆,120,harvest_market_price,seasonal_naive,retrospective_audit_reused,reused_retrospective,harvest_post_14,1119,2025-12-31,0
82,8.06816601044766,0.5890003888555563,8.158886990565936,2.1039760839047603,-0.0673645568960642,0.975609756097561,芸豆,120,harvest_market_price,same_season_mean,retrospective_audit_reused,reused_retrospective,harvest_post_14,1119,2025-12-31,0
82,9.110067484318682,0.6650623306233061,9.245577392973312,2.375677952702589,-0.2194471544715448,0.975609756097561,芸豆,120,harvest_market_price,same_season_median,retrospective_audit_reused,reused_retrospective,harvest_post_14,1119,2025-12-31,0
82,11.252179768434944,0.8214429711161926,11.250684809580145,2.934287308159957,-0.2480718109486141,0.9878048780487804,芸豆,120,harvest_market_price,linear,retrospective_audit_reused,reused_retrospective,harvest_post_14,1119,2025-12-31,0
82,11.997112134410996,0.8758252746859032,12.29957364394125,3.1285470544406664,-0.487359419721095,0.975609756097561,芸豆,120,harvest_market_price,elasticnet,retrospective_audit_reused,reused_retrospective,harvest_post_14,1119,2025-12-31,0
82,7.765645254186358,0.5669154636266941,7.678753292243597,2.025086230221241,-0.0720342698332028,0.9878048780487804,芸豆,120,harvest_market_price,extra_trees,retrospective_audit_reused,reused_retrospective,harvest_post_14,1119,2025-12-31,0
82,6.691616421160154,0.4885081279973403,6.659240771601779,1.7450063489712648,-0.0463100580766686,0.9878048780487804,芸豆,120,harvest_market_price,catboost,retrospective_audit_reused,reused_retrospective,harvest_post_14,1119,2025-12-31,0
82,22.426495398229942,0.7294986449864498,18.684865101770782,6.598539523421124,0.7215474254742547,0.0121951219512195,芹菜,120,harvest_market_price,last_value,retrospective_audit_reused,reused_retrospective,harvest_post_14,1119,2025-12-31,0
82,20.20756911402909,0.657320460704607,22.59276825786663,5.945665655887951,-0.5434180216802169,0.902439024390244,芹菜,120,harvest_market_price,seasonal_naive,retrospective_audit_reused,reused_retrospective,harvest_post_14,1119,2025-12-31,0
82,15.107934362427429,0.4914373579210645,15.045446601577105,4.445201991551377,-0.034586885048989,0.7804878048780488,芹菜,120,harvest_market_price,same_season_mean,retrospective_audit_reused,reused_retrospective,harvest_post_14,1119,2025-12-31,0
82,12.917448069189428,0.4201842818428184,13.450423167926576,3.800696012138115,-0.2322330623306234,0.8902439024390244,芹菜,120,harvest_market_price,same_season_median,retrospective_audit_reused,reused_retrospective,harvest_post_14,1119,2025-12-31,0
82,15.247856472414604,0.4959888042271755,14.390312714544612,4.486371222702122,0.4347852497497372,0.5365853658536586,芹菜,120,harvest_market_price,linear,retrospective_audit_reused,reused_retrospective,harvest_post_14,1119,2025-12-31,0
82,12.09943915827459,0.3935757377300225,11.664559917938714,3.560013550017518,0.3014638362606399,0.5609756097560976,芹菜,120,harvest_market_price,elasticnet,retrospective_audit_reused,reused_retrospective,harvest_post_14,1119,2025-12-31,0
82,11.405062253194169,0.3709887484402901,11.013897687518982,3.35570728767188,0.2224759291057628,0.7682926829268293,芹菜,120,harvest_market_price,extra_trees,retrospective_audit_reused,reused_retrospective,harvest_post_14,1119,2025-12-31,0
82,8.791779072988353,0.2859827541877736,8.493984081397436,2.586801935128891,0.2072439317920867,0.8780487804878049,芹菜,120,harvest_market_price,catboost,retrospective_audit_reused,reused_retrospective,harvest_post_14,1119,2025-12-31,0
82,107.69321882728828,2.8828482384823846,67.9760225239261,20.64717700591483,2.8828482384823846,0.0,茄子,120,harvest_market_price,last_value,retrospective_audit_reused,reused_retrospective,harvest_post_14,1119,2025-12-31,0
82,19.267189320688132,0.5157649051490515,21.594827469011165,3.6939472386716177,-0.5152771002710028,1.0,茄子,120,harvest_market_price,seasonal_naive,retrospective_audit_reused,reused_retrospective,harvest_post_14,1119,2025-12-31,0
82,17.806288317933856,0.4766579313929644,16.79061212708061,3.4138601364339154,0.2238910108962848,1.0,茄子,120,harvest_market_price,same_season_mean,retrospective_audit_reused,reused_retrospective,harvest_post_14,1119,2025-12-31,0
82,22.03590074297996,0.5898807588075881,20.422219877810623,4.224770585181829,0.2551653116531166,1.0,茄子,120,harvest_market_price,same_season_median,retrospective_audit_reused,reused_retrospective,harvest_post_14,1119,2025-12-31,0
82,20.967992414203128,0.5612938368268063,17.501199357716303,4.020028888996602,0.5554608101983087,1.0,茄子,120,harvest_market_price,linear,retrospective_audit_reused,reused_retrospective,harvest_post_14,1119,2025-12-31,0
82,15.173812522625903,0.4061889799400242,13.667776734698249,2.909156179198892,0.2362521952829156,1.0,茄子,120,harvest_market_price,elasticnet,retrospective_audit_reused,reused_retrospective,harvest_post_14,1119,2025-12-31,0
82,41.134265235599344,1.1011263788659913,33.97105749712987,7.886350362409854,1.0700304019223157,0.9146341463414634,茄子,120,harvest_market_price,extra_trees,retrospective_audit_reused,reused_retrospective,harvest_post_14,1119,2025-12-31,0
82,32.92736503642015,0.881435222447427,28.59693798451516,6.312905693121226,0.8808264642047867,1.0,茄子,120,harvest_market_price,catboost,retrospective_audit_reused,reused_retrospective,harvest_post_14,1119,2025-12-31,0
82,90.69539192105891,3.34569647696477,59.2438055614248,26.99934070482614,3.34569647696477,0.0,西红柿,120,harvest_market_price,last_value,retrospective_audit_reused,reused_retrospective,harvest_post_14,1119,2025-12-31,0
82,11.41947873154777,0.4212574525745255,10.753361994793448,3.3994935179610195,0.3394959349593494,1.0,西红柿,120,harvest_market_price,seasonal_naive,retrospective_audit_reused,reused_retrospective,harvest_post_14,1119,2025-12-31,0
82,5.924381040181263,0.2185467238686574,5.8737746543122435,1.7636439821362713,0.123238444282822,1.0,西红柿,120,harvest_market_price,same_season_mean,retrospective_audit_reused,reused_retrospective,harvest_post_14,1119,2025-12-31,0
82,8.623453407169167,0.3181138211382113,8.223268950652908,2.567137664447238,0.2595989159891598,1.0,西红柿,120,harvest_market_price,same_season_median,retrospective_audit_reused,reused_retrospective,harvest_post_14,1119,2025-12-31,0
82,9.82148572956386,0.3623084867703376,9.247592019317452,2.9237829378463807,0.3613519041811809,1.0,西红柿,120,harvest_market_price,linear,retrospective_audit_reused,reused_retrospective,harvest_post_14,1119,2025-12-31,0
82,3.5371800478432607,0.1304843672185666,3.5355193843637993,1.0529920784636746,0.1018630054029836,1.0,西红柿,120,harvest_market_price,elasticnet,retrospective_audit_reused,reused_retrospective,harvest_post_14,1119,2025-12-31,0
82,11.4374766786954,0.4219213856265689,10.803437151435269,3.4048513723870655,0.3914500720734523,1.0,西红柿,120,harvest_market_price,extra_trees,retrospective_audit_reused,reused_retrospective,harvest_post_14,1119,2025-12-31,0
82,12.949774075039494,0.4777090939533092,12.240402553431885,3.8550510108257527,0.4777090939533092,1.0,西红柿,120,harvest_market_price,catboost,retrospective_audit_reused,reused_retrospective,harvest_post_14,1119,2025-12-31,0
82,138.49392490218062,4.920813008130081,77.8868329588752,26.786780324712392,4.920813008130081,0.0,青椒,120,harvest_market_price,last_value,retrospective_audit_reused,reused_retrospective,harvest_post_14,1119,2025-12-31,0
82,9.142335766423356,0.3248353658536585,8.721665637358047,1.768263409408853,0.2388123306233061,1.0,青椒,120,harvest_market_price,seasonal_naive,retrospective_audit_reused,reused_retrospective,harvest_post_14,1119,2025-12-31,0
82,14.178552042852054,0.5037766340884255,13.171142595504998,2.7423423746755273,0.5022175487288393,1.0,青椒,120,harvest_market_price,same_season_mean,retrospective_audit_reused,reused_retrospective,harvest_post_14,1119,2025-12-31,0
82,11.651526592377335,0.4139891598915989,10.979593294648344,2.2535781515181985,0.3844715447154471,1.0,青椒,120,harvest_market_price,same_season_median,retrospective_audit_reused,reused_retrospective,harvest_post_14,1119,2025-12-31,0
82,31.968269813442404,1.1358612159811978,27.297558672730425,6.183137790763362,1.1358612159811978,1.0,青椒,120,harvest_market_price,linear,retrospective_audit_reused,reused_retrospective,harvest_post_14,1119,2025-12-31,0
82,22.24314460797494,0.790318820164495,19.688591662310305,4.302154255253216,0.790318820164495,1.0,青椒,120,harvest_market_price,elasticnet,retrospective_audit_reused,reused_retrospective,harvest_post_14,1119,2025-12-31,0
82,28.49480104738807,1.0124457643691065,24.45591848638348,5.511317385162436,1.0124457643691065,0.9878048780487804,青椒,120,harvest_market_price,extra_trees,retrospective_audit_reused,reused_retrospective,harvest_post_14,1119,2025-12-31,0
82,25.58980732490712,0.9092287394474926,22.54910440422714,4.949448489153261,0.9092287394474926,1.0,青椒,120,harvest_market_price,catboost,retrospective_audit_reused,reused_retrospective,harvest_post_14,1119,2025-12-31,0
82,60.10504141337779,2.6653197831978317,46.92706431862452,17.75820928256958,2.197027100271003,0.0,韭菜,120,harvest_market_price,last_value,retrospective_audit_reused,reused_retrospective,harvest_post_14,1119,2025-12-31,0
82,19.01919994230911,0.8433943089430894,19.04358715354036,5.619277934436078,-0.7488685636856369,0.7317073170731707,韭菜,120,harvest_market_price,seasonal_naive,retrospective_audit_reused,reused_retrospective,harvest_post_14,1119,2025-12-31,0
82,15.082149296856636,0.6688083054062762,15.247659560152282,4.456064871538837,-0.5760636947476209,0.8414634146341463,韭菜,120,harvest_market_price,same_season_mean,retrospective_audit_reused,reused_retrospective,harvest_post_14,1119,2025-12-31,0
82,17.32633301697053,0.7683252032520327,17.93017199921744,5.119115478163126,-0.6430948509485095,0.8414634146341463,韭菜,120,harvest_market_price,same_season_median,retrospective_audit_reused,reused_retrospective,harvest_post_14,1119,2025-12-31,0
82,21.7352974935833,0.9638379250903202,21.91075949912451,6.421756854892598,0.0984518697081222,0.8048780487804879,韭菜,120,harvest_market_price,linear,retrospective_audit_reused,reused_retrospective,harvest_post_14,1119,2025-12-31,0
82,22.93785732636136,1.0171646750169752,23.6194394811496,6.777056654761491,-0.3594570252236956,0.7560975609756098,韭菜,120,harvest_market_price,elasticnet,retrospective_audit_reused,reused_retrospective,harvest_post_14,1119,2025-12-31,0
82,15.66533958007176,0.694669507107005,15.406258986895086,4.628370136743931,-0.2252277089781001,0.8414634146341463,韭菜,120,harvest_market_price,extra_trees,retrospective_audit_reused,reused_retrospective,harvest_post_14,1119,2025-12-31,0
82,17.10610071467579,0.7585591420631166,17.40478925280355,5.054047203972374,-0.3894819454911883,0.8048780487804879,韭菜,120,harvest_market_price,catboost,retrospective_audit_reused,reused_retrospective,harvest_post_14,1119,2025-12-31,0
82,80.6749140591295,3.1825094850948505,62.29499652792503,16.506056802449635,2.234168021680217,0.0,黄瓜,120,harvest_market_price,last_value,retrospective_audit_reused,reused_retrospective,harvest_post_14,1119,2025-12-31,0
82,28.05122721639512,1.106580623306233,27.808001787427305,5.739270443757508,-0.5205413279132792,0.8414634146341463,黄瓜,120,harvest_market_price,seasonal_naive,retrospective_audit_reused,reused_retrospective,harvest_post_14,1119,2025-12-31,0
82,18.542536574370384,0.7314764349473009,18.82480759006556,3.7937959467019966,-0.5230998923911676,0.902439024390244,黄瓜,120,harvest_market_price,same_season_mean,retrospective_audit_reused,reused_retrospective,harvest_post_14,1119,2025-12-31,0
82,22.705495544264693,0.8956991869918698,22.733678662627685,4.645535772206858,-0.6210758807588077,0.8536585365853658,黄瓜,120,harvest_market_price,same_season_median,retrospective_audit_reused,reused_retrospective,harvest_post_14,1119,2025-12-31,0
82,37.22065322112802,1.4683013090146737,37.49505216636984,7.615331524765286,0.1455683385722586,0.7804878048780488,黄瓜,120,harvest_market_price,linear,retrospective_audit_reused,reused_retrospective,harvest_post_14,1119,2025-12-31,0
82,29.494418244097258,1.1635124364730804,29.684615642015828,6.034546780371609,-0.6346553760294764,0.7439024390243902,黄瓜,120,harvest_market_price,elasticnet,retrospective_audit_reused,reused_retrospective,harvest_post_14,1119,2025-12-31,0
82,21.14096509123569,0.8339807077774366,21.07782081420205,4.325433435216061,-0.5979704990787776,0.8292682926829268,黄瓜,120,harvest_market_price,extra_trees,retrospective_audit_reused,reused_retrospective,harvest_post_14,1119,2025-12-31,0
82,23.19508406890172,0.9150127510857704,23.04772214138685,4.745705398561381,-0.4512511025479945,0.8292682926829268,黄瓜,120,harvest_market_price,catboost,retrospective_audit_reused,reused_retrospective,harvest_post_14,1119,2025-12-31,0
144,16.7795563615117,0.3155271025537816,16.223950410127536,10.96998332083195,0.1673520039621744,0.0,土豆,150,cycle_market_average,last_value,calibration,calibration,cycle_market_average,882,2024-12-30,0
144,12.475633133760663,0.2345950208939147,12.10018450341231,8.15620415972924,0.2345950208939147,0.8194444444444444,土豆,150,cycle_market_average,seasonal_naive,calibration,calibration,cycle_market_average,882,2024-12-30,0
144,24.578470321727583,0.4621798907393842,22.330037165318107,16.06868523052082,0.4621798907393842,0.4652777777777778,土豆,150,cycle_market_average,same_season_mean,calibration,calibration,cycle_market_average,882,2024-12-30,0
144,20.429286008893047,0.3841575595177299,19.07362549165597,13.356069847479088,0.3841575595177299,0.5625,土豆,150,cycle_market_average,same_season_median,calibration,calibration,cycle_market_average,882,2024-12-30,0
144,8.492069694347432,0.159687067262893,8.435067052579631,5.551866861034286,-0.0615224818833433,0.7916666666666666,土豆,150,cycle_market_average,linear,calibration,calibration,cycle_market_average,882,2024-12-30,0
144,17.579216654220037,0.3305641208008385,16.517416939049063,11.492777838419052,0.3305641208008385,0.6388888888888888,土豆,150,cycle_market_average,elasticnet,calibration,calibration,cycle_market_average,882,2024-12-30,0
144,22.081237430554165,0.4152212798215588,20.41335858006906,14.436067384482769,0.4152212798215588,0.625,土豆,150,cycle_market_average,extra_trees,calibration,calibration,cycle_market_average,882,2024-12-30,0
144,27.722798568262153,0.5213066495005845,24.865366303789056,18.12435509905347,0.5213066495005845,0.4583333333333333,土豆,150,cycle_market_average,catboost,calibration,calibration,cycle_market_average,882,2024-12-30,0
144,28.433501668611527,1.1856107556259328,25.32055767737389,6.685375548556367,0.573983048872912,0.0,尖椒,150,cycle_market_average,last_value,calibration,calibration,cycle_market_average,882,2024-12-30,0
144,33.015235778920676,1.37665839034612,28.525712456299125,7.762647477566127,1.37665839034612,0.7083333333333334,尖椒,150,cycle_market_average,seasonal_naive,calibration,calibration,cycle_market_average,882,2024-12-30,0
144,13.8100896414097,0.5758485537885271,12.438601537508816,3.2470722983083227,0.5087116287193867,0.8333333333333334,尖椒,150,cycle_market_average,same_season_mean,calibration,calibration,cycle_market_average,882,2024-12-30,0
144,7.901967001556188,0.329493608519858,7.127732771068586,1.857935670161258,0.1109274933173563,0.9375,尖椒,150,cycle_market_average,same_season_median,calibration,calibration,cycle_market_average,882,2024-12-30,0
144,18.8182024946078,0.7846751884163292,19.979838821071187,4.424595756495046,-0.1933080121297052,0.6527777777777778,尖椒,150,cycle_market_average,linear,calibration,calibration,cycle_market_average,882,2024-12-30,0
144,16.742191804973483,0.6981103807780921,15.936878756859535,3.936477505539549,0.1691971091842677,0.8888888888888888,尖椒,150,cycle_market_average,elasticnet,calibration,calibration,cycle_market_average,882,2024-12-30,0
144,18.02646609337489,0.7516616256176765,18.10745179218579,4.2384401700535905,-0.1624067707485103,0.7847222222222222,尖椒,150,cycle_market_average,extra_trees,calibration,calibration,cycle_market_average,882,2024-12-30,0
144,10.02999944902132,0.41822760222352,8.805162448249321,2.3582854426454247,0.2020801489443229,0.9513888888888888,尖椒,150,cycle_market_average,catboost,calibration,calibration,cycle_market_average,882,2024-12-30,0
144,37.12813560036377,0.558937510241203,37.79396050548064,7.149011999455573,-0.1326506559508653,0.0,甘蓝,150,cycle_market_average,last_value,calibration,calibration,cycle_market_average,882,2024-12-30,0
144,56.4607203272088,0.8499757376938091,45.74474561968878,10.871495715857227,0.8499757376938091,0.5763888888888888,甘蓝,150,cycle_market_average,seasonal_naive,calibration,calibration,cycle_market_average,882,2024-12-30,0
144,33.90103848469528,0.5103558726778926,30.59578615226152,6.527635363374324,0.4768844491271235,0.6111111111111112,甘蓝,150,cycle_market_average,same_season_mean,calibration,calibration,cycle_market_average,882,2024-12-30,0
144,28.361038223805593,0.4269551335218183,25.922862967969767,5.460909881427439,0.2689465662713569,0.75,甘蓝,150,cycle_market_average,same_season_median,calibration,calibration,cycle_market_average,882,2024-12-30,0
144,23.000512328168423,0.3462562524915093,22.020318960263435,4.428742137703539,0.2263718507332701,0.7916666666666666,甘蓝,150,cycle_market_average,linear,calibration,calibration,cycle_market_average,882,2024-12-30,0
144,28.92531806797823,0.4354499627417929,26.97438080355372,5.569561805684081,0.3174172562231272,0.6527777777777778,甘蓝,150,cycle_market_average,elasticnet,calibration,calibration,cycle_market_average,882,2024-12-30,0
144,38.3165485615306,0.5768282168687251,32.79304105644808,7.377840578707127,0.5768282168687251,0.7013888888888888,甘蓝,150,cycle_market_average,extra_trees,calibration,calibration,cycle_market_average,882,2024-12-30,0
144,32.039552102354726,0.4823325273881513,28.549201592875168,6.1692066874123315,0.4823325273881513,0.7847222222222222,甘蓝,150,cycle_market_average,catboost,calibration,calibration,cycle_market_average,882,2024-12-30,0
144,13.271185409104689,1.0428865856366991,11.721321313021122,3.7978798030172456,0.6528335459342455,0.0,芸豆,150,cycle_market_average,last_value,calibration,calibration,cycle_market_average,882,2024-12-30,0
144,9.825995770326625,0.7721540211748049,9.42759319416969,2.8119530946387363,0.7721540211748049,0.7569444444444444,芸豆,150,cycle_market_average,seasonal_naive,calibration,calibration,cycle_market_average,882,2024-12-30,0
144,7.301053909049891,0.5737370813563362,6.636451100291341,2.0893781773930726,0.5580948526207039,0.8055555555555556,芸豆,150,cycle_market_average,same_season_mean,calibration,calibration,cycle_market_average,882,2024-12-30,0
144,5.680541721241869,0.4463927356608616,5.156891469404379,1.6256283073628433,0.204639101489801,0.8680555555555556,芸豆,150,cycle_market_average,same_season_median,calibration,calibration,cycle_market_average,882,2024-12-30,0
144,7.773237425628249,0.6108425727060766,7.481886730333784,2.2245052354251547,0.6108425727060766,0.7222222222222222,芸豆,150,cycle_market_average,linear,calibration,calibration,cycle_market_average,882,2024-12-30,0
144,8.757914055218118,0.6882211953786768,8.13712760720095,2.506294945141428,0.5254534346194635,0.8194444444444444,芸豆,150,cycle_market_average,elasticnet,calibration,calibration,cycle_market_average,882,2024-12-30,0
144,6.15131058398301,0.4833870595854869,5.781857073585575,1.7603505270122932,0.3240702746057327,0.8611111111111112,芸豆,150,cycle_market_average,extra_trees,calibration,calibration,cycle_market_average,882,2024-12-30,0
144,5.866440898919044,0.4610012090341153,5.673346535098438,1.6788279809815458,0.3884842677371066,0.8263888888888888,芸豆,150,cycle_market_average,catboost,calibration,calibration,cycle_market_average,882,2024-12-30,0
144,24.64339754624193,0.7365809205802347,24.429589244689147,6.625768746489552,-0.0917362572166725,0.0,芹菜,150,cycle_market_average,last_value,calibration,calibration,cycle_market_average,882,2024-12-30,0
144,51.18605315268783,1.5299298759973627,41.191603273126255,13.76218318106674,1.5299298759973627,0.5833333333333334,芹菜,150,cycle_market_average,seasonal_naive,calibration,calibration,cycle_market_average,882,2024-12-30,0
144,20.29564495467466,0.6066284008295605,19.289034908806947,5.456806423635315,0.5797664439571419,0.6805555555555556,芹菜,150,cycle_market_average,same_season_mean,calibration,calibration,cycle_market_average,882,2024-12-30,0
144,14.882996878609116,0.4448465971978133,14.4430880510049,4.0015300401396106,0.2524998538944386,0.8125,芹菜,150,cycle_market_average,same_season_median,calibration,calibration,cycle_market_average,882,2024-12-30,0
144,11.679574548767654,0.3490976338377778,11.014607699600177,3.14023907914113,0.1135423690701876,0.8888888888888888,芹菜,150,cycle_market_average,linear,calibration,calibration,cycle_market_average,882,2024-12-30,0
144,12.759074262943583,0.3813634320801579,12.13574200053812,3.4304797188341754,0.0868029230857291,0.8958333333333334,芹菜,150,cycle_market_average,elasticnet,calibration,calibration,cycle_market_average,882,2024-12-30,0
144,13.330725467243363,0.3984498492238908,13.107424428580448,3.5841772224448416,0.3938434533298593,0.8125,芹菜,150,cycle_market_average,extra_trees,calibration,calibration,cycle_market_average,882,2024-12-30,0
144,12.45765735661626,0.372354205900025,12.329260815334491,3.349438997324097,0.3599818320157564,0.7847222222222222,芹菜,150,cycle_market_average,catboost,calibration,calibration,cycle_market_average,882,2024-12-30,0
144,33.650931126650626,0.9652178653876788,31.792473076557187,6.524144080148419,0.3252867198634274,0.0,茄子,150,cycle_market_average,last_value,calibration,calibration,cycle_market_average,882,2024-12-30,0
144,34.30139142189498,0.9838751766915544,30.158936518146895,6.650253419251645,0.9838751766915544,0.4652777777777778,茄子,150,cycle_market_average,seasonal_naive,calibration,calibration,cycle_market_average,882,2024-12-30,0
144,28.271780181142137,0.8109263667756283,25.06484073914349,5.481250031681207,0.780580503736016,0.5833333333333334,茄子,150,cycle_market_average,same_season_mean,calibration,calibration,cycle_market_average,882,2024-12-30,0
144,25.98242785879057,0.7452603157120231,23.49317539050493,5.03739710098429,0.7204950531967605,0.5416666666666666,茄子,150,cycle_market_average,same_season_median,calibration,calibration,cycle_market_average,882,2024-12-30,0
144,13.52642263481406,0.3879816796976192,11.939531402652309,2.6224632485315524,0.1474265013497754,0.9375,茄子,150,cycle_market_average,linear,calibration,calibration,cycle_market_average,882,2024-12-30,0
144,15.626934179550524,0.4482311646762688,14.162107358620084,3.02970428172313,0.3454273220350198,0.875,茄子,150,cycle_market_average,elasticnet,calibration,calibration,cycle_market_average,882,2024-12-30,0
144,24.576752962257245,0.7049409997931122,21.93348058743633,4.764868964383395,0.6499551739455407,0.6527777777777778,茄子,150,cycle_market_average,extra_trees,calibration,calibration,cycle_market_average,882,2024-12-30,0
144,31.07930511663394,0.8914552892907008,27.841217798277967,6.025564752686108,0.8365201819139821,0.5694444444444444,茄子,150,cycle_market_average,catboost,calibration,calibration,cycle_market_average,882,2024-12-30,0
144,18.095463174649456,0.8446044235963885,17.908455692126456,6.919253274952746,0.0125072950902773,0.0,西红柿,150,cycle_market_average,last_value,calibration,calibration,cycle_market_average,882,2024-12-30,0
144,9.288337338140774,0.4335324676651265,8.819428409694767,3.551628268671904,0.430640202915675,0.9444444444444444,西红柿,150,cycle_market_average,seasonal_naive,calibration,calibration,cycle_market_average,882,2024-12-30,0
144,8.616382179907212,0.4021690096743104,8.511041567951137,3.2946893948583553,-0.1623062107571288,0.8125,西红柿,150,cycle_market_average,same_season_mean,calibration,calibration,cycle_market_average,882,2024-12-30,0
144,11.809665528562112,0.5512152770198748,12.288020733874776,4.515721211219172,-0.4111038160208338,0.7152777777777778,西红柿,150,cycle_market_average,same_season_median,calibration,calibration,cycle_market_average,882,2024-12-30,0
144,13.881360635281782,0.6479114949939871,14.809213268389607,5.30788568988007,-0.6459011086175254,0.7013888888888888,西红柿,150,cycle_market_average,linear,calibration,calibration,cycle_market_average,882,2024-12-30,0
144,11.532461586510438,0.5382768032468906,12.14352847817506,4.4097253455505925,-0.5376399760431619,0.7083333333333334,西红柿,150,cycle_market_average,elasticnet,calibration,calibration,cycle_market_average,882,2024-12-30,0
144,10.660584419767208,0.4975820000933769,11.250488299412478,4.076341287727963,-0.4784265616184089,0.75,西红柿,150,cycle_market_average,extra_trees,calibration,calibration,cycle_market_average,882,2024-12-30,0
144,9.418705041353094,0.4396173707021199,9.67698252819611,3.6014776231036607,-0.3870867009582962,0.7847222222222222,西红柿,150,cycle_market_average,catboost,calibration,calibration,cycle_market_average,882,2024-12-30,0
144,25.978871612067906,1.1615123561968337,22.764554875833497,6.032140920828875,0.6524837453505824,0.0,青椒,150,cycle_market_average,last_value,calibration,calibration,cycle_market_average,882,2024-12-30,0
144,34.45899033721905,1.5406574872233751,28.972894651127373,8.001174523955397,1.5406574872233751,0.7152777777777778,青椒,150,cycle_market_average,seasonal_naive,calibration,calibration,cycle_market_average,882,2024-12-30,0
144,14.872023048350677,0.664926436769453,12.71962633885942,3.453196125877671,0.6569136608344366,0.7916666666666666,青椒,150,cycle_market_average,same_season_mean,calibration,calibration,cycle_market_average,882,2024-12-30,0
144,7.507108372110374,0.3356419502633209,6.3024541563614545,1.743106332126773,0.2953309675728046,0.9027777777777778,青椒,150,cycle_market_average,same_season_median,calibration,calibration,cycle_market_average,882,2024-12-30,0
144,19.25091846677261,0.8607063463413579,20.886431810845245,4.469949841586515,-0.2483725063125701,0.6180555555555556,青椒,150,cycle_market_average,linear,calibration,calibration,cycle_market_average,882,2024-12-30,0
144,15.878639653578402,0.7099321491954611,15.508569881504892,3.686926570627218,0.0821984115248228,0.7361111111111112,青椒,150,cycle_market_average,elasticnet,calibration,calibration,cycle_market_average,882,2024-12-30,0
144,14.42780818826708,0.645065641562564,12.789997971623254,3.350052052679904,0.2475901859002776,0.8263888888888888,青椒,150,cycle_market_average,extra_trees,calibration,calibration,cycle_market_average,882,2024-12-30,0
144,10.382151658184402,0.4641848042887624,8.659941181257508,2.41067444340014,0.4109559179704604,0.8958333333333334,青椒,150,cycle_market_average,catboost,calibration,calibration,cycle_market_average,882,2024-12-30,0
144,33.82058008895292,1.5505089283754374,32.265720150368104,10.356318164509178,0.1086813335002237,0.0,韭菜,150,cycle_market_average,last_value,calibration,calibration,cycle_market_average,882,2024-12-30,0
144,8.553616020266599,0.3921416479089475,8.76467861127087,2.619232689975609,0.2415355279262873,0.9583333333333334,韭菜,150,cycle_market_average,seasonal_naive,calibration,calibration,cycle_market_average,882,2024-12-30,0
144,5.477620428890126,0.2511222267302269,5.13720731207568,1.6773213172807422,-0.0997674423389285,1.0,韭菜,150,cycle_market_average,same_season_mean,calibration,calibration,cycle_market_average,882,2024-12-30,0
144,10.059953795886518,0.4611999007273483,10.629878379897471,3.0804936508020764,-0.4456936664997762,0.9791666666666666,韭菜,150,cycle_market_average,same_season_median,calibration,calibration,cycle_market_average,882,2024-12-30,0
144,6.032976864224885,0.2765826153206214,5.536893851722109,1.847378954491793,-0.2544244556810903,0.9861111111111112,韭菜,150,cycle_market_average,linear,calibration,calibration,cycle_market_average,882,2024-12-30,0
144,6.542469624239861,0.2999403777028195,5.950625218718469,2.0033925152098866,-0.202312735685765,0.9930555555555556,韭菜,150,cycle_market_average,elasticnet,calibration,calibration,cycle_market_average,882,2024-12-30,0
144,6.139897695807307,0.2814844148628481,5.7387493223722466,1.8801195564379776,-0.1477134726254748,0.9722222222222222,韭菜,150,cycle_market_average,extra_trees,calibration,calibration,cycle_market_average,882,2024-12-30,0
144,7.764280323480378,0.3559544494004203,7.581584317638121,2.3775274444410184,0.0360550575585704,0.9583333333333334,韭菜,150,cycle_market_average,catboost,calibration,calibration,cycle_market_average,882,2024-12-30,0
144,37.71412390589977,1.5946195442775226,36.64626448468024,8.045240055597855,-0.2798426896766292,0.0,黄瓜,150,cycle_market_average,last_value,calibration,calibration,cycle_market_average,882,2024-12-30,0
144,15.487209279850315,0.6548264694040051,15.193471845428949,3.303757413497471,0.2557254072943563,0.8333333333333334,黄瓜,150,cycle_market_average,seasonal_naive,calibration,calibration,cycle_market_average,882,2024-12-30,0
144,13.11732980726246,0.5546237937698104,12.277143581861989,2.7982107565639844,-0.2992804283446432,0.9097222222222222,黄瓜,150,cycle_market_average,same_season_mean,calibration,calibration,cycle_market_average,882,2024-12-30,0
144,17.28765314628552,0.7309524052723719,17.276269647146805,3.68783111353201,-0.7031065785655182,0.8333333333333334,黄瓜,150,cycle_market_average,same_season_median,calibration,calibration,cycle_market_average,882,2024-12-30,0
144,19.511306568532163,0.824972386106645,20.458460729640933,4.162184584583406,-0.694362378589623,0.8402777777777778,黄瓜,150,cycle_market_average,linear,calibration,calibration,cycle_market_average,882,2024-12-30,0
144,18.412419338665497,0.7785094997335044,18.639838542489333,3.9277681208636888,-0.5198491221548576,0.8333333333333334,黄瓜,150,cycle_market_average,elasticnet,calibration,calibration,cycle_market_average,882,2024-12-30,0
144,17.136159565052633,0.7245469899942838,17.658718731576396,3.6555142491407855,-0.6121224057469108,0.8333333333333334,黄瓜,150,cycle_market_average,extra_trees,calibration,calibration,cycle_market_average,882,2024-12-30,0
144,13.760714173262258,0.5818272172688085,13.027523122731388,2.9354585867244314,-0.3781573094941877,0.8819444444444444,黄瓜,150,cycle_market_average,catboost,calibration,calibration,cycle_market_average,882,2024-12-30,0
72,3.7335130677299384,0.0812423379260992,3.6450738010390498,2.9542668336763387,0.0611929315173022,0.0,土豆,150,cycle_market_average,last_value,retrospective_audit_reused,reused_retrospective,cycle_market_average,1129,2025-12-29,0
72,5.604401181270619,0.1219534112730612,5.961041905900374,4.434669500838591,-0.1170047527435874,0.875,土豆,150,cycle_market_average,seasonal_naive,retrospective_audit_reused,reused_retrospective,cycle_market_average,1129,2025-12-29,0
72,9.520529243853163,0.2071695049763725,9.032154931935908,7.533436544595366,0.2071695049763725,0.3194444444444444,土豆,150,cycle_market_average,same_season_mean,retrospective_audit_reused,reused_retrospective,cycle_market_average,1129,2025-12-29,0
72,5.141813873539399,0.1118873759617465,4.999014614630502,4.068631853154422,0.1118873759617465,0.4166666666666667,土豆,150,cycle_market_average,same_season_median,retrospective_audit_reused,reused_retrospective,cycle_market_average,1129,2025-12-29,0
72,7.952756238935182,0.1730543051775925,8.486248217495831,6.29288382463973,-0.1730543051775925,0.7361111111111112,土豆,150,cycle_market_average,linear,retrospective_audit_reused,reused_retrospective,cycle_market_average,1129,2025-12-29,0
72,3.9272178350587263,0.0854574104006655,4.013601294903692,3.1075421963878376,-0.0183891855942397,0.8472222222222222,土豆,150,cycle_market_average,elasticnet,retrospective_audit_reused,reused_retrospective,cycle_market_average,1129,2025-12-29,0
72,3.5528796866163903,0.0773117026442778,3.706457618034728,2.8113346416101033,-0.0768323819515784,0.7361111111111112,土豆,150,cycle_market_average,extra_trees,retrospective_audit_reused,reused_retrospective,cycle_market_average,1129,2025-12-29,0
72,1.9802730828724204,0.0430913223192491,2.0194394778654847,1.5669571752454252,-0.0391900964584536,0.9444444444444444,土豆,150,cycle_market_average,catboost,retrospective_audit_reused,reused_retrospective,cycle_market_average,1129,2025-12-29,0
72,66.13173290844429,3.5690116807990577,49.042469090056265,21.16192796436783,3.5690116807990577,0.0,尖椒,150,cycle_market_average,last_value,retrospective_audit_reused,reused_retrospective,cycle_market_average,1129,2025-12-29,0
72,21.086705143409063,1.1380118689855594,21.79086109809014,6.747673403152391,-1.1380118689855594,1.0,尖椒,150,cycle_market_average,seasonal_naive,retrospective_audit_reused,reused_retrospective,cycle_market_average,1129,2025-12-29,0
72,9.2350638792239,0.4983999270593273,8.512909947760471,2.955188802160015,-0.4944207954522308,1.0,尖椒,150,cycle_market_average,same_season_mean,retrospective_audit_reused,reused_retrospective,cycle_market_average,1129,2025-12-29,0
72,17.608398719462084,0.950293874756498,18.158935329475913,5.634627264115484,-0.950293874756498,1.0,尖椒,150,cycle_market_average,same_season_median,retrospective_audit_reused,reused_retrospective,cycle_market_average,1129,2025-12-29,0
72,11.778100960204414,0.6356431028776593,11.690940302416443,3.768951955666525,0.4800518644777102,1.0,尖椒,150,cycle_market_average,linear,retrospective_audit_reused,reused_retrospective,cycle_market_average,1129,2025-12-29,0
72,7.226557973423857,0.3900044454426809,7.025559729229106,2.3124737934153914,0.0868633970460681,1.0,尖椒,150,cycle_market_average,elasticnet,retrospective_audit_reused,reused_retrospective,cycle_market_average,1129,2025-12-29,0
72,8.159736880099949,0.4403664467350589,7.982952807542179,2.611087846494672,-0.1354123033126368,1.0,尖椒,150,cycle_market_average,extra_trees,retrospective_audit_reused,reused_retrospective,cycle_market_average,1129,2025-12-29,0
72,10.73014145176467,0.5790865972163916,10.37068769991022,3.4336085032595123,-0.2223656456429962,1.0,尖椒,150,cycle_market_average,catboost,retrospective_audit_reused,reused_retrospective,cycle_market_average,1129,2025-12-29,0
72,50.63119156394756,0.7947787018681848,36.26184512466853,10.710996125535395,0.7902587450181309,0.0,甘蓝,150,cycle_market_average,last_value,retrospective_audit_reused,reused_retrospective,cycle_market_average,1129,2025-12-29,0
72,17.311047787215102,0.2717386587855415,18.832268917160416,3.662141064636689,-0.2717386587855415,0.9722222222222222,甘蓝,150,cycle_market_average,seasonal_naive,retrospective_audit_reused,reused_retrospective,cycle_market_average,1129,2025-12-29,0
72,18.564583805804755,0.2914159308154004,17.05518969509562,3.927325805970988,0.2914159308154004,0.6944444444444444,甘蓝,150,cycle_market_average,same_season_mean,retrospective_audit_reused,reused_retrospective,cycle_market_average,1129,2025-12-29,0
72,9.545654602369162,0.1498420783514642,8.984768646663804,2.0193771132670446,0.1498420783514642,0.8055555555555556,甘蓝,150,cycle_market_average,same_season_median,retrospective_audit_reused,reused_retrospective,cycle_market_average,1129,2025-12-29,0
72,14.024302318375677,0.2201452592149217,12.536964356253558,2.966832167197512,0.219680955530903,0.9583333333333334,甘蓝,150,cycle_market_average,linear,retrospective_audit_reused,reused_retrospective,cycle_market_average,1129,2025-12-29,0
72,10.791785679979792,0.1694031119678684,10.09156596141631,2.2829953440831017,0.1694031119678684,0.9166666666666666,甘蓝,150,cycle_market_average,elasticnet,retrospective_audit_reused,reused_retrospective,cycle_market_average,1129,2025-12-29,0
72,38.832036318705526,0.6095624942442632,32.97391490463803,8.214892395549928,0.6095624942442632,0.6111111111111112,甘蓝,150,cycle_market_average,extra_trees,retrospective_audit_reused,reused_retrospective,cycle_market_average,1129,2025-12-29,0
72,34.72374173100042,0.5450728992248691,30.072954692073623,7.345785308550209,0.5450728992248691,0.6666666666666666,甘蓝,150,cycle_market_average,catboost,retrospective_audit_reused,reused_retrospective,cycle_market_average,1129,2025-12-29,0
72,22.32843482098238,1.8410034827242143,20.132089331184993,6.63551868773298,1.8410034827242143,0.0,芸豆,150,cycle_market_average,last_value,retrospective_audit_reused,reused_retrospective,cycle_market_average,1129,2025-12-29,0
72,1.7646533811354117,0.1454975705425831,1.7230046723228816,0.5244160901458135,-0.1329228304583243,1.0,芸豆,150,cycle_market_average,seasonal_naive,retrospective_audit_reused,reused_retrospective,cycle_market_average,1129,2025-12-29,0
72,7.032405138420189,0.5798293725269552,6.536503316402616,2.0898758058870315,0.5798293725269552,1.0,芸豆,150,cycle_market_average,same_season_mean,retrospective_audit_reused,reused_retrospective,cycle_market_average,1129,2025-12-29,0
72,2.974679061552414,0.2452654902240858,2.806393017995891,0.8840090521880394,0.1447534827242146,1.0,芸豆,150,cycle_market_average,same_season_median,retrospective_audit_reused,reused_retrospective,cycle_market_average,1129,2025-12-29,0
72,1.0067479979089595,0.083007455974224,1.015092571991282,0.299183315244519,0.0435295792936504,1.0,芸豆,150,cycle_market_average,linear,retrospective_audit_reused,reused_retrospective,cycle_market_average,1129,2025-12-29,0
72,1.2314889193427083,0.101537586831465,1.2482362409960452,0.3659713635796668,0.0983186669414809,1.0,芸豆,150,cycle_market_average,elasticnet,retrospective_audit_reused,reused_retrospective,cycle_market_average,1129,2025-12-29,0
72,7.793410653711435,0.6425750963206788,7.148233505258282,2.3160298717079675,0.6409087195696822,0.9027777777777778,芸豆,150,cycle_market_average,extra_trees,retrospective_audit_reused,reused_retrospective,cycle_market_average,1129,2025-12-29,0
72,2.6640787300462367,0.219656158597275,2.660926573250781,0.7917054796067428,0.2119535102647821,1.0,芸豆,150,cycle_market_average,catboost,retrospective_audit_reused,reused_retrospective,cycle_market_average,1129,2025-12-29,0
72,17.83103956394476,0.6206222000364817,15.034866825226462,5.687860266827683,0.6044278336333775,0.0,芹菜,150,cycle_market_average,last_value,retrospective_audit_reused,reused_retrospective,cycle_market_average,1129,2025-12-29,0
72,23.466080646817357,0.8167538715302697,26.459471363732245,7.485362098522458,-0.8167538715302697,0.9166666666666666,芹菜,150,cycle_market_average,seasonal_naive,retrospective_audit_reused,reused_retrospective,cycle_market_average,1129,2025-12-29,0
72,4.588651718152268,0.1597113345135116,4.604653321845171,1.4637177878716372,-0.1577224578158313,1.0,芹菜,150,cycle_market_average,same_season_mean,retrospective_audit_reused,reused_retrospective,cycle_market_average,1129,2025-12-29,0
72,13.224675903483623,0.4602943885888447,14.06462827059116,4.218492609101534,-0.4602943885888447,0.9166666666666666,芹菜,150,cycle_market_average,same_season_median,retrospective_audit_reused,reused_retrospective,cycle_market_average,1129,2025-12-29,0
72,6.1308991036079306,0.2133903677481984,6.056249195412963,1.955673828566524,0.1266009645533926,0.7638888888888888,芹菜,150,cycle_market_average,linear,retrospective_audit_reused,reused_retrospective,cycle_market_average,1129,2025-12-29,0
72,6.82531070140704,0.2375598645412159,6.725925494516377,2.1771817289770192,0.1704284972788999,0.6805555555555556,芹菜,150,cycle_market_average,elasticnet,retrospective_audit_reused,reused_retrospective,cycle_market_average,1129,2025-12-29,0
72,16.257029510187298,0.5658376442095873,15.190931029645268,5.185772364871744,0.5658376442095873,0.5972222222222222,芹菜,150,cycle_market_average,extra_trees,retrospective_audit_reused,reused_retrospective,cycle_market_average,1129,2025-12-29,0
72,14.279977665234332,0.4970249279795165,13.470697746372585,4.5551195869425944,0.4847436209640174,0.5972222222222222,芹菜,150,cycle_market_average,catboost,retrospective_audit_reused,reused_retrospective,cycle_market_average,1129,2025-12-29,0
72,52.32225802344648,1.9666164684788416,40.44046337143503,14.183781179310316,1.9666164684788416,0.0,茄子,150,cycle_market_average,last_value,retrospective_audit_reused,reused_retrospective,cycle_market_average,1129,2025-12-29,0
72,23.221950472653827,0.872834467680201,25.677024070253974,6.295123270737,-0.872834467680201,1.0,茄子,150,cycle_market_average,seasonal_naive,retrospective_audit_reused,reused_retrospective,cycle_market_average,1129,2025-12-29,0
72,4.195852945752456,0.1577079012670773,4.202616053150289,1.1374329451998926,0.004477739369743,1.0,茄子,150,cycle_market_average,same_season_mean,retrospective_audit_reused,reused_retrospective,cycle_market_average,1129,2025-12-29,0
72,6.801112201185357,0.2556307729079632,6.52504368529377,1.843679743223674,-0.1725501981878254,1.0,茄子,150,cycle_market_average,same_season_median,retrospective_audit_reused,reused_retrospective,cycle_market_average,1129,2025-12-29,0
72,18.91902266671418,0.711101985071282,17.11154183073672,5.128663933250679,0.711101985071282,1.0,茄子,150,cycle_market_average,linear,retrospective_audit_reused,reused_retrospective,cycle_market_average,1129,2025-12-29,0
72,9.89734285015013,0.3720075963572575,9.381991660000038,2.683021538944927,0.3720075963572575,1.0,茄子,150,cycle_market_average,elasticnet,retrospective_audit_reused,reused_retrospective,cycle_market_average,1129,2025-12-29,0
72,11.797606532805386,0.4434320721718798,11.669519462127026,3.198154587019696,0.4434320721718798,1.0,茄子,150,cycle_market_average,extra_trees,retrospective_audit_reused,reused_retrospective,cycle_market_average,1129,2025-12-29,0
72,7.280107792079749,0.2736345948561586,7.845658164737807,1.9735282800367455,0.2736345948561586,1.0,茄子,150,cycle_market_average,catboost,retrospective_audit_reused,reused_retrospective,cycle_market_average,1129,2025-12-29,0
72,50.81477083445929,2.4635562155409856,39.13033669431789,20.101934397643458,2.4635562155409856,0.0,西红柿,150,cycle_market_average,last_value,retrospective_audit_reused,reused_retrospective,cycle_market_average,1129,2025-12-29,0
72,9.1403604436871,0.4431347699409519,8.724979391021744,3.6158566297265176,-0.2739571579795731,1.0,西红柿,150,cycle_market_average,seasonal_naive,retrospective_audit_reused,reused_retrospective,cycle_market_average,1129,2025-12-29,0
72,5.2845745142175025,0.256202009321303,4.95337443485661,2.0905372288370208,-0.1247547611400829,1.0,西红柿,150,cycle_market_average,same_season_mean,retrospective_audit_reused,reused_retrospective,cycle_market_average,1129,2025-12-29,0
72,7.431385998579503,0.3602818012606235,7.08869863991428,2.9397994200085593,-0.3449160066812367,1.0,西红柿,150,cycle_market_average,same_season_median,retrospective_audit_reused,reused_retrospective,cycle_market_average,1129,2025-12-29,0
72,8.886789797394874,0.4308413849370717,8.52260444173799,3.5155460229240223,-0.4308413849370717,1.0,西红柿,150,cycle_market_average,linear,retrospective_audit_reused,reused_retrospective,cycle_market_average,1129,2025-12-29,0
72,9.195555588059246,0.445810691503772,9.0259916770192,3.637691406367584,-0.445810691503772,1.0,西红柿,150,cycle_market_average,elasticnet,retrospective_audit_reused,reused_retrospective,cycle_market_average,1129,2025-12-29,0
72,6.7042856520585605,0.3250311733707706,6.769178214050231,2.652164088268441,0.2314709090997359,1.0,西红柿,150,cycle_market_average,extra_trees,retrospective_audit_reused,reused_retrospective,cycle_market_average,1129,2025-12-29,0
72,5.7446374301571845,0.2785063676307283,5.694537297748781,2.272534596986845,0.1092817148774514,1.0,西红柿,150,cycle_market_average,catboost,retrospective_audit_reused,reused_retrospective,cycle_market_average,1129,2025-12-29,0
72,67.27160644844511,3.5805410268871345,49.88103619920808,19.6270302183336,3.5805410268871345,0.0,青椒,150,cycle_market_average,last_value,retrospective_audit_reused,reused_retrospective,cycle_market_average,1129,2025-12-29,0
72,14.321006157917925,0.7622376334066809,13.60973374063128,4.1782682985845865,-0.7212933185445412,1.0,青椒,150,cycle_market_average,seasonal_naive,retrospective_audit_reused,reused_retrospective,cycle_market_average,1129,2025-12-29,0
72,4.651373314687173,0.2475700204568307,5.049944600954894,1.3570754352964578,0.1192940323475113,1.0,青椒,150,cycle_market_average,same_season_mean,retrospective_audit_reused,reused_retrospective,cycle_market_average,1129,2025-12-29,0
72,9.35189413178166,0.4977559238697683,8.9040198923441,2.728490048231601,-0.4283478620017548,1.0,青椒,150,cycle_market_average,same_season_median,retrospective_audit_reused,reused_retrospective,cycle_market_average,1129,2025-12-29,0
72,20.015994098519073,1.0653541939510918,18.87518592370712,5.839826663314373,1.0653541939510918,1.0,青椒,150,cycle_market_average,linear,retrospective_audit_reused,reused_retrospective,cycle_market_average,1129,2025-12-29,0
72,15.96992352662498,0.8500014999218508,15.451809373022588,4.65935315342525,0.8500014999218508,1.0,青椒,150,cycle_market_average,elasticnet,retrospective_audit_reused,reused_retrospective,cycle_market_average,1129,2025-12-29,0
72,9.489564487377145,0.5050834485480075,10.39444641877158,2.7686564776078946,0.4348682360053526,1.0,青椒,150,cycle_market_average,extra_trees,retrospective_audit_reused,reused_retrospective,cycle_market_average,1129,2025-12-29,0
72,11.007102277822831,0.585854617922513,11.545639584829846,3.2114102877665216,0.2944606609775824,1.0,青椒,150,cycle_market_average,catboost,retrospective_audit_reused,reused_retrospective,cycle_market_average,1129,2025-12-29,0
72,47.337470699256265,2.2580689067273383,36.31591220423209,15.027148830610251,2.253182175335753,0.0,韭菜,150,cycle_market_average,last_value,retrospective_audit_reused,reused_retrospective,cycle_market_average,1129,2025-12-29,0
72,11.936047242679448,0.5693674957658119,12.795604376320668,3.7890651045654034,-0.5693674957658119,0.9861111111111112,韭菜,150,cycle_market_average,seasonal_naive,retrospective_audit_reused,reused_retrospective,cycle_market_average,1129,2025-12-29,0
72,12.78805277235495,0.6100094474058313,13.652086378550145,4.059531897780399,-0.6100094474058313,0.9861111111111112,韭菜,150,cycle_market_average,same_season_mean,retrospective_audit_reused,reused_retrospective,cycle_market_average,1129,2025-12-29,0
72,21.793766444886156,1.0395956024420252,24.53975686199856,6.918370734835424,-1.0395956024420252,0.9861111111111112,韭菜,150,cycle_market_average,same_season_median,retrospective_audit_reused,reused_retrospective,cycle_market_average,1129,2025-12-29,0
72,6.396420686008344,0.3051189354240238,6.716107153950573,2.030526012733327,-0.2834229834456054,0.9861111111111112,韭菜,150,cycle_market_average,linear,retrospective_audit_reused,reused_retrospective,cycle_market_average,1129,2025-12-29,0
72,8.223110050642696,0.392254779304148,8.685875494498237,2.610403487050613,-0.392254779304148,0.9861111111111112,韭菜,150,cycle_market_average,elasticnet,retrospective_audit_reused,reused_retrospective,cycle_market_average,1129,2025-12-29,0
72,10.83415627672204,0.5168056310933239,11.422169744995475,3.4392728724086687,-0.5168056310933239,0.9861111111111112,韭菜,150,cycle_market_average,extra_trees,retrospective_audit_reused,reused_retrospective,cycle_market_average,1129,2025-12-29,0
72,5.780909330648003,0.2757581133786959,5.732790799272585,1.835133639475923,-0.2757581133786959,0.9861111111111112,韭菜,150,cycle_market_average,catboost,retrospective_audit_reused,reused_retrospective,cycle_market_average,1129,2025-12-29,0
72,56.372680555124674,2.3924035686193696,41.02895639730473,12.584551508126513,2.3563717845548187,0.0,黄瓜,150,cycle_market_average,last_value,retrospective_audit_reused,reused_retrospective,cycle_market_average,1129,2025-12-29,0
72,14.822820704769002,0.6290665762543853,15.682973534639476,3.3090239601517752,-0.6290665762543853,0.9166666666666666,黄瓜,150,cycle_market_average,seasonal_naive,retrospective_audit_reused,reused_retrospective,cycle_market_average,1129,2025-12-29,0
72,10.614751686328708,0.4504800829818391,11.027319770497922,2.3696210296750353,-0.4504800829818391,0.9166666666666666,黄瓜,150,cycle_market_average,same_season_mean,retrospective_audit_reused,reused_retrospective,cycle_market_average,1129,2025-12-29,0
72,18.615329971861744,0.7900171043340704,20.42247717509603,4.155657963480841,-0.7900171043340704,0.9027777777777778,黄瓜,150,cycle_market_average,same_season_median,retrospective_audit_reused,reused_retrospective,cycle_market_average,1129,2025-12-29,0
72,9.82561622279728,0.4169899157503811,10.325327897223712,2.193455628457517,-0.4162241817091224,0.9027777777777778,黄瓜,150,cycle_market_average,linear,retrospective_audit_reused,reused_retrospective,cycle_market_average,1129,2025-12-29,0
72,11.955406736987626,0.5073762230251992,12.553090480686556,2.6689068250905836,-0.5073762230251992,0.9027777777777778,黄瓜,150,cycle_market_average,elasticnet,retrospective_audit_reused,reused_retrospective,cycle_market_average,1129,2025-12-29,0
72,6.021297903256173,0.255538222586097,6.478511385838603,1.344185390212262,-0.255538222586097,0.9027777777777778,黄瓜,150,cycle_market_average,extra_trees,retrospective_audit_reused,reused_retrospective,cycle_market_average,1129,2025-12-29,0
72,7.549162567654919,0.3203793626468513,7.380634544796158,1.6852635751988825,-0.2804542589475539,0.9166666666666666,黄瓜,150,cycle_market_average,catboost,retrospective_audit_reused,reused_retrospective,cycle_market_average,1129,2025-12-29,0
135,29.328076774920692,0.5075736625514402,26.815395610551352,17.393682826457894,0.3660658436213992,0.0,土豆,150,harvest_market_price,last_value,calibration,calibration,harvest_post_14,844,2024-12-29,0
135,14.299067420592834,0.2474703703703703,14.003146375490417,8.480387082204157,0.1963131687242799,0.9925925925925926,土豆,150,harvest_market_price,seasonal_naive,calibration,calibration,harvest_post_14,844,2024-12-29,0
135,26.67829651765443,0.4617145808101088,24.305510194838597,15.822170391175684,0.4617145808101088,0.7925925925925926,土豆,150,harvest_market_price,same_season_mean,calibration,calibration,harvest_post_14,844,2024-12-29,0
135,25.328970833709825,0.4383621399176955,23.227726341304905,15.021922111813716,0.4383621399176955,0.7925925925925926,土豆,150,harvest_market_price,same_season_median,calibration,calibration,harvest_post_14,844,2024-12-29,0
135,24.084129283206952,0.4168179796942312,22.02066821445248,14.28364052366817,0.4156104668147696,0.7925925925925926,土豆,150,harvest_market_price,linear,calibration,calibration,harvest_post_14,844,2024-12-29,0
135,33.01380497777946,0.5713616353343646,28.830440410905965,19.579587747433717,0.5713616353343646,0.5259259259259259,土豆,150,harvest_market_price,elasticnet,calibration,calibration,harvest_post_14,844,2024-12-29,0
135,30.51436702543479,0.5281044901240618,27.197990175735015,18.097239234739195,0.5281044901240618,0.5703703703703704,土豆,150,harvest_market_price,extra_trees,calibration,calibration,harvest_post_14,844,2024-12-29,0
135,37.07818636694865,0.6417028637599062,31.91482958712813,21.99006155079679,0.6417028637599062,0.3777777777777777,土豆,150,harvest_market_price,catboost,calibration,calibration,harvest_post_14,844,2024-12-29,0
135,52.632327954253384,2.410804938271605,49.30992013566311,13.368692033699269,0.2429432098765432,0.0,尖椒,150,harvest_market_price,last_value,calibration,calibration,harvest_post_14,844,2024-12-29,0
135,40.163198008216675,1.839660905349794,34.32040014463499,10.201513900867493,1.0150847736625517,0.7851851851851852,尖椒,150,harvest_market_price,seasonal_naive,calibration,calibration,harvest_post_14,844,2024-12-29,0
135,19.03308771372309,0.8718037684117319,17.425368380577314,4.83443347435265,-0.2370928655441613,1.0,尖椒,150,harvest_market_price,same_season_mean,calibration,calibration,harvest_post_14,844,2024-12-29,0
135,16.92994258673084,0.7754699588477367,15.489768919027709,4.300231386058689,-0.3852049382716049,0.9629629629629628,尖椒,150,harvest_market_price,same_season_median,calibration,calibration,harvest_post_14,844,2024-12-29,0
135,19.008853406329965,0.8706937246380703,18.05342300449394,4.8282779231015205,-0.3564331267372768,0.9629629629629628,尖椒,150,harvest_market_price,linear,calibration,calibration,harvest_post_14,844,2024-12-29,0
135,20.906039116137297,0.9575936368364668,21.44095021093669,5.310166003507048,-0.598484656088334,0.9333333333333332,尖椒,150,harvest_market_price,elasticnet,calibration,calibration,harvest_post_14,844,2024-12-29,0
135,22.27404144844062,1.0202544938890077,22.308458163624355,5.657640694306232,-0.721666256192675,0.9111111111111112,尖椒,150,harvest_market_price,extra_trees,calibration,calibration,harvest_post_14,844,2024-12-29,0
135,19.42931955422258,0.8899530260050285,18.115174339313135,4.93507696962399,-0.2880726881699223,0.9629629629629628,尖椒,150,harvest_market_price,catboost,calibration,calibration,harvest_post_14,844,2024-12-29,0
135,59.25598598371907,1.1930683127572017,64.86296776281998,15.151500265958434,-0.6206732510288065,0.0,甘蓝,150,harvest_market_price,last_value,calibration,calibration,harvest_post_14,844,2024-12-29,0
135,58.743824341924,1.182756378600823,51.701601864127625,15.020542741194545,0.3818279835390946,0.8592592592592593,甘蓝,150,harvest_market_price,seasonal_naive,calibration,calibration,harvest_post_14,844,2024-12-29,0
135,31.23053470833236,0.6287999555220085,31.78228462751794,7.985513144095408,-0.0391906111130024,0.8740740740740741,甘蓝,150,harvest_market_price,same_season_mean,calibration,calibration,harvest_post_14,844,2024-12-29,0
135,33.63891071324916,0.6772905349794238,33.83327322666019,8.60132451020871,-0.322228806584362,0.9111111111111112,甘蓝,150,harvest_market_price,same_season_median,calibration,calibration,harvest_post_14,844,2024-12-29,0
135,36.07679912956964,0.7263753214573493,35.48090190432585,9.224682072740968,0.3946093426712732,0.8740740740740741,甘蓝,150,harvest_market_price,linear,calibration,calibration,harvest_post_14,844,2024-12-29,0
135,30.207157920644672,0.6081951440901828,33.256215339666085,7.723840109491173,0.2959511527118006,0.7481481481481481,甘蓝,150,harvest_market_price,elasticnet,calibration,calibration,harvest_post_14,844,2024-12-29,0
135,25.967753859230392,0.5228383895500213,27.706898947706616,6.639842759726844,0.4542003057488032,0.8518518518518519,甘蓝,150,harvest_market_price,extra_trees,calibration,calibration,harvest_post_14,844,2024-12-29,0
135,19.569220976942866,0.3940094332300689,24.213385340252714,5.003765474735585,0.1516584629460944,0.8518518518518519,甘蓝,150,harvest_market_price,catboost,calibration,calibration,harvest_post_14,844,2024-12-29,0
135,27.769931809182797,2.248895473251029,26.070022661272695,7.995862015818717,0.4839111111111109,0.0,芸豆,150,harvest_market_price,last_value,calibration,calibration,harvest_post_14,844,2024-12-29,0
135,29.20470741854625,2.3650880658436217,28.139505823054733,8.408980343762856,0.2005909465020574,0.6222222222222222,芸豆,150,harvest_market_price,seasonal_naive,calibration,calibration,harvest_post_14,844,2024-12-29,0
135,16.74909281813056,1.3563936447009803,16.694644692986408,4.82260583080104,-0.3356772657056028,0.8962962962962963,芸豆,150,harvest_market_price,same_season_mean,calibration,calibration,harvest_post_14,844,2024-12-29,0
135,15.527314133882308,1.2574502057613168,15.66159078825378,4.470816210277479,-0.726237037037037,0.9333333333333332,芸豆,150,harvest_market_price,same_season_median,calibration,calibration,harvest_post_14,844,2024-12-29,0
135,15.322393104547965,1.2408550632737303,15.992289229330352,4.411812814591964,0.1378391775132735,0.8666666666666667,芸豆,150,harvest_market_price,linear,calibration,calibration,harvest_post_14,844,2024-12-29,0
135,11.016734105608354,0.8921694021560485,10.812703657852984,3.172074255662374,-0.3863629026020245,0.9333333333333332,芸豆,150,harvest_market_price,elasticnet,calibration,calibration,harvest_post_14,844,2024-12-29,0
135,15.58144428215036,1.2618338335729693,15.521046364363803,4.486402031640714,-0.053287406403557,0.9185185185185184,芸豆,150,harvest_market_price,extra_trees,calibration,calibration,harvest_post_14,844,2024-12-29,0
135,13.952602017595904,1.129925119480082,13.72248253936542,4.017405633579542,-0.3998033952136913,0.9777777777777776,芸豆,150,harvest_market_price,catboost,calibration,calibration,harvest_post_14,844,2024-12-29,0
135,36.22058902284204,1.3248609053497942,38.474144763217645,11.699745895766563,-0.7712378600823045,0.0,芹菜,150,harvest_market_price,last_value,calibration,calibration,harvest_post_14,844,2024-12-29,0
135,42.17829904949715,1.5427794238683126,32.74522576140507,13.624167759490756,0.9793489711934156,0.9925925925925926,芹菜,150,harvest_market_price,seasonal_naive,calibration,calibration,harvest_post_14,844,2024-12-29,0
135,22.757625975697795,0.8324185157442038,21.514342928488592,7.35102460478068,-0.0562924854053939,0.9925925925925926,芹菜,150,harvest_market_price,same_season_mean,calibration,calibration,harvest_post_14,844,2024-12-29,0
135,17.474293310747964,0.6391670781893005,16.364477804370928,5.644435857045677,-0.3326452674897119,0.9925925925925926,芹菜,150,harvest_market_price,same_season_median,calibration,calibration,harvest_post_14,844,2024-12-29,0
135,18.744332454947692,0.6856220159969934,18.40424439365995,6.054675879797458,-0.2539334529360439,0.837037037037037,芹菜,150,harvest_market_price,linear,calibration,calibration,harvest_post_14,844,2024-12-29,0
135,21.34914647397741,0.7808997669287414,21.541642943748283,6.896066452136276,-0.3389450369606015,0.725925925925926,芹菜,150,harvest_market_price,elasticnet,calibration,calibration,harvest_post_14,844,2024-12-29,0
135,18.990613699890684,0.6946303839431931,18.840264356851453,6.13422809201877,-0.3651592195824364,0.8296296296296296,芹菜,150,harvest_market_price,extra_trees,calibration,calibration,harvest_post_14,844,2024-12-29,0
135,19.697486069488576,0.7204860531307268,19.4817776761848,6.36255754021792,-0.2763738896347437,0.8074074074074075,芹菜,150,harvest_market_price,catboost,calibration,calibration,harvest_post_14,844,2024-12-29,0
135,65.75130469132637,2.2960279835390947,64.16397973236384,15.211816961045717,-0.217618106995885,0.0,茄子,150,harvest_market_price,last_value,calibration,calibration,harvest_post_14,844,2024-12-29,0
135,43.29983081791453,1.5120251028806584,40.02720165067971,10.01758222043693,0.2889271604938269,0.674074074074074,茄子,150,harvest_market_price,seasonal_naive,calibration,calibration,harvest_post_14,844,2024-12-29,0
135,30.418291200228467,1.0622032237236916,29.938477101135295,7.037388538188242,-0.045559366036559,0.9555555555555556,茄子,150,harvest_market_price,same_season_mean,calibration,calibration,harvest_post_14,844,2024-12-29,0
135,34.68209182406006,1.2110946502057616,33.29353417209922,8.023835194305697,-0.0624329218106995,0.8444444444444444,茄子,150,harvest_market_price,same_season_median,calibration,calibration,harvest_post_14,844,2024-12-29,0
135,30.10596567786495,1.051296852470884,29.51880613934425,6.965130828614862,-0.1081067799960116,0.9925925925925926,茄子,150,harvest_market_price,linear,calibration,calibration,harvest_post_14,844,2024-12-29,0
135,28.14359717269555,0.982771170386904,27.84508380553296,6.511129335398931,-0.0537977865593016,1.0,茄子,150,harvest_market_price,elasticnet,calibration,calibration,harvest_post_14,844,2024-12-29,0
135,36.99956098508001,1.2920204062750944,36.12838719773451,8.559990588572026,0.6143892424968806,0.8074074074074075,茄子,150,harvest_market_price,extra_trees,calibration,calibration,harvest_post_14,844,2024-12-29,0
135,38.59193733436917,1.347626004908577,39.00999003264414,8.928392974991596,0.6992653493941128,0.7333333333333333,茄子,150,harvest_market_price,catboost,calibration,calibration,harvest_post_14,844,2024-12-29,0
135,32.92729745704527,1.7478156378600822,32.75917347385416,14.045839682707811,-0.5624757201646088,0.0,西红柿,150,harvest_market_price,last_value,calibration,calibration,harvest_post_14,844,2024-12-29,0
135,20.881188299964585,1.1083954732510286,18.55797889861903,8.907315385611223,0.0074242798353909,0.8888888888888888,西红柿,150,harvest_market_price,seasonal_naive,calibration,calibration,harvest_post_14,844,2024-12-29,0
135,18.241914966514525,0.9683000642424736,17.471913661825234,7.781477160690232,-0.9407270140249788,0.9555555555555556,西红柿,150,harvest_market_price,same_season_mean,calibration,calibration,harvest_post_14,844,2024-12-29,0
135,19.668003649361143,1.043998353909465,19.49090379160167,8.389805646765293,-1.0280312757201646,0.9629629629629628,西红柿,150,harvest_market_price,same_season_median,calibration,calibration,harvest_post_14,844,2024-12-29,0
135,26.765437509080396,1.4207376203153306,28.04819238251362,11.417367148959237,-1.4192528709895156,0.8444444444444444,西红柿,150,harvest_market_price,linear,calibration,calibration,harvest_post_14,844,2024-12-29,0
135,26.00317647850992,1.3802760017722222,28.76412609341109,11.092208479446937,-1.3764701657910308,0.8814814814814815,西红柿,150,harvest_market_price,elasticnet,calibration,calibration,harvest_post_14,844,2024-12-29,0
135,22.392883689745,1.188637857108556,21.913309463463943,9.552161234914326,-1.1840329070848628,0.9333333333333332,西红柿,150,harvest_market_price,extra_trees,calibration,calibration,harvest_post_14,844,2024-12-29,0
135,21.716729343819928,1.152746872099641,20.75844846815951,9.26373320476642,-1.1219748027952925,0.9333333333333332,西红柿,150,harvest_market_price,catboost,calibration,calibration,harvest_post_14,844,2024-12-29,0
135,47.683438202410905,2.262497119341564,43.99160049607529,11.477223923486212,0.4378386831275721,0.0,青椒,150,harvest_market_price,last_value,calibration,calibration,harvest_post_14,844,2024-12-29,0
135,33.551993194756044,1.5919843621399177,28.85257251155654,8.075838351690642,0.9452650205761316,0.6962962962962963,青椒,150,harvest_market_price,seasonal_naive,calibration,calibration,harvest_post_14,844,2024-12-29,0
135,12.152326880096298,0.5766070064579526,11.452296165508084,2.9250192950057414,-0.0416216468467242,0.9851851851851852,青椒,150,harvest_market_price,same_season_mean,calibration,calibration,harvest_post_14,844,2024-12-29,0
135,13.273556166679908,0.6298074074074075,12.563645504904628,3.1948949599497207,-0.2207539094650205,0.9851851851851852,青椒,150,harvest_market_price,same_season_median,calibration,calibration,harvest_post_14,844,2024-12-29,0
135,20.327996668342553,0.9645284744124124,24.15273176951695,4.892872210432445,-0.7148423378980159,0.9333333333333332,青椒,150,harvest_market_price,linear,calibration,calibration,harvest_post_14,844,2024-12-29,0
135,24.797962924070685,1.1766206841689557,33.3536284442465,5.96877624716831,-0.950678774186582,0.8962962962962963,青椒,150,harvest_market_price,elasticnet,calibration,calibration,harvest_post_14,844,2024-12-29,0
135,12.413622830351224,0.5890050498255027,12.951608694879749,2.9879122457750564,-0.3528573125670985,0.9333333333333332,青椒,150,harvest_market_price,extra_trees,calibration,calibration,harvest_post_14,844,2024-12-29,0
135,9.426660062699735,0.4472788045680811,9.567800215889251,2.268961561264246,0.086634336280917,0.9925925925925926,青椒,150,harvest_market_price,catboost,calibration,calibration,harvest_post_14,844,2024-12-29,0
135,54.14957244942688,3.1783588477366256,54.473564165135,21.06081204717792,-1.144702880658436,0.0,韭菜,150,harvest_market_price,last_value,calibration,calibration,harvest_post_14,844,2024-12-29,0
135,32.45920173920019,1.905222633744856,29.51571896400044,12.6246083968473,-0.2335921810699588,0.7703703703703704,韭菜,150,harvest_market_price,seasonal_naive,calibration,calibration,harvest_post_14,844,2024-12-29,0
135,22.03038879290943,1.293093887387888,19.36426469798911,8.568449513189666,-0.6485325054466925,0.9333333333333332,韭菜,150,harvest_market_price,same_season_mean,calibration,calibration,harvest_post_14,844,2024-12-29,0
135,24.143966378155454,1.417152263374486,21.89068092254239,9.390499591453322,-0.78640658436214,0.9037037037037036,韭菜,150,harvest_market_price,same_season_median,calibration,calibration,harvest_post_14,844,2024-12-29,0
135,22.198806388325934,1.302979312706925,20.079368990371716,8.63395347124617,-0.94859113312457,0.9777777777777776,韭菜,150,harvest_market_price,linear,calibration,calibration,harvest_post_14,844,2024-12-29,0
135,20.32360279975064,1.192912517209653,17.384378263598098,7.904616035275408,-0.8323204139117324,0.9851851851851852,韭菜,150,harvest_market_price,elasticnet,calibration,calibration,harvest_post_14,844,2024-12-29,0
135,24.956935813479163,1.4648702504391815,21.824451127152404,9.706694082064375,-0.6367468060417948,0.9111111111111112,韭菜,150,harvest_market_price,extra_trees,calibration,calibration,harvest_post_14,844,2024-12-29,0
135,23.851509708008575,1.3999862507340526,20.573661003716452,9.276752156648374,-0.8365186621946383,0.9851851851851852,韭菜,150,harvest_market_price,catboost,calibration,calibration,harvest_post_14,844,2024-12-29,0
135,57.03086879459252,3.187991769547325,60.49347223491144,16.15652916753875,-1.5588296296296298,0.0,黄瓜,150,harvest_market_price,last_value,calibration,calibration,harvest_post_14,844,2024-12-29,0
135,43.50725244553047,2.43202962962963,42.19771205261371,12.325363579282063,-0.9135934156378602,0.8444444444444444,黄瓜,150,harvest_market_price,seasonal_naive,calibration,calibration,harvest_post_14,844,2024-12-29,0
135,28.893642900918103,1.615137516002566,27.734046593065507,8.185408957497675,-1.2733395986069875,0.7481481481481481,黄瓜,150,harvest_market_price,same_season_mean,calibration,calibration,harvest_post_14,844,2024-12-29,0
135,31.876277463721575,1.781865020576132,31.59448518257907,9.030372804771428,-1.5546814814814818,0.8148148148148148,黄瓜,150,harvest_market_price,same_season_median,calibration,calibration,harvest_post_14,844,2024-12-29,0
135,28.19791102499771,1.576246516424172,28.969698835331588,7.9883119715376765,-1.484831723098038,0.8814814814814815,黄瓜,150,harvest_market_price,linear,calibration,calibration,harvest_post_14,844,2024-12-29,0
135,26.362906007585966,1.4736708233612363,25.833368696524637,7.468465216385249,-1.3377714142577266,0.8740740740740741,黄瓜,150,harvest_market_price,elasticnet,calibration,calibration,harvest_post_14,844,2024-12-29,0
135,29.696185808881346,1.6599991889767285,28.935407681757923,8.412764917081773,-1.5159436142120557,0.8444444444444444,黄瓜,150,harvest_market_price,extra_trees,calibration,calibration,harvest_post_14,844,2024-12-29,0
135,29.39608983012313,1.643224001598799,27.884798614582103,8.327749388888947,-1.513271915364509,0.8444444444444444,黄瓜,150,harvest_market_price,catboost,calibration,calibration,harvest_post_14,844,2024-12-29,0
62,4.714262819988674,0.1033261648745517,4.632621615342402,3.688771134755759,0.0608028673835125,0.0,土豆,150,harvest_market_price,last_value,retrospective_audit_reused,reused_retrospective,harvest_post_14,1092,2025-12-31,0
62,26.285760074308342,0.5761254480286737,30.99321444065547,20.56782931280377,-0.5761254480286737,0.6774193548387096,土豆,150,harvest_market_price,seasonal_naive,retrospective_audit_reused,reused_retrospective,harvest_post_14,1092,2025-12-31,0
62,7.012925478052018,0.1537077422000601,7.296406182681145,5.487406634170995,-0.1289092979081359,0.8870967741935484,土豆,150,harvest_market_price,same_season_mean,retrospective_audit_reused,reused_retrospective,harvest_post_14,1092,2025-12-31,0
62,8.639490045886712,0.189358422939068,9.179395076218134,6.760145269192516,-0.189358422939068,0.8064516129032258,土豆,150,harvest_market_price,same_season_median,retrospective_audit_reused,reused_retrospective,harvest_post_14,1092,2025-12-31,0
62,11.373834071940133,0.2492891676701011,12.24896043891504,8.899688544767029,-0.2492891676701011,0.6774193548387096,土豆,150,harvest_market_price,linear,retrospective_audit_reused,reused_retrospective,harvest_post_14,1092,2025-12-31,0
62,5.533638800668719,0.1212850655355457,5.86006852459829,4.329908589636139,-0.1003155604843378,0.8709677419354839,土豆,150,harvest_market_price,elasticnet,retrospective_audit_reused,reused_retrospective,harvest_post_14,1092,2025-12-31,0
62,12.33124164192614,0.2702734140318167,13.252532582813442,9.648831633138483,-0.2702734140318167,0.7096774193548387,土豆,150,harvest_market_price,extra_trees,retrospective_audit_reused,reused_retrospective,harvest_post_14,1092,2025-12-31,0
62,9.353506809810478,0.2050080837003572,9.825180079347843,7.318842255140372,-0.2050080837003572,0.6774193548387096,土豆,150,harvest_market_price,catboost,retrospective_audit_reused,reused_retrospective,harvest_post_14,1092,2025-12-31,0
62,169.73673337850568,5.889949820788531,89.11815019506616,34.34125296323369,5.889949820788531,0.0,尖椒,150,harvest_market_price,last_value,retrospective_audit_reused,reused_retrospective,harvest_post_14,1092,2025-12-31,0
62,8.573724569898696,0.2975125448028675,8.778911446698277,1.7346418682125293,-0.161010752688172,1.0,尖椒,150,harvest_market_price,seasonal_naive,retrospective_audit_reused,reused_retrospective,harvest_post_14,1092,2025-12-31,0
62,13.833363209590116,0.4800246448453554,13.36074720014876,2.7987755853264367,0.2382245796351026,1.0,尖椒,150,harvest_market_price,same_season_mean,retrospective_audit_reused,reused_retrospective,harvest_post_14,1092,2025-12-31,0
62,7.833442132575322,0.2718243727598567,7.928664791901527,1.584867414926271,-0.0547275985663082,1.0,尖椒,150,harvest_market_price,same_season_median,retrospective_audit_reused,reused_retrospective,harvest_post_14,1092,2025-12-31,0
62,37.454979929191886,1.299706598156543,30.7006775462471,7.577917371680145,1.299706598156543,1.0,尖椒,150,harvest_market_price,linear,retrospective_audit_reused,reused_retrospective,harvest_post_14,1092,2025-12-31,0
62,14.319801629122084,0.4969043020940779,13.210843147643956,2.897192141858909,0.4826717782282108,1.0,尖椒,150,harvest_market_price,elasticnet,retrospective_audit_reused,reused_retrospective,harvest_post_14,1092,2025-12-31,0
62,25.866686649296557,0.8975870064299845,22.757315640176746,5.233365882936689,0.8975870064299845,1.0,尖椒,150,harvest_market_price,extra_trees,retrospective_audit_reused,reused_retrospective,harvest_post_14,1092,2025-12-31,0
62,23.949964881526007,0.8310757992924773,21.37796436085582,4.845573412933374,0.8310757992924773,1.0,尖椒,150,harvest_market_price,catboost,retrospective_audit_reused,reused_retrospective,harvest_post_14,1092,2025-12-31,0
62,65.55995546849681,1.00047311827957,46.05188364203259,13.288485172181776,0.9807311827956988,0.0,甘蓝,150,harvest_market_price,last_value,retrospective_audit_reused,reused_retrospective,harvest_post_14,1092,2025-12-31,0
62,27.930365505935185,0.4262293906810035,33.43444641119285,5.661264490296748,-0.319326164874552,0.9193548387096774,甘蓝,150,harvest_market_price,seasonal_naive,retrospective_audit_reused,reused_retrospective,harvest_post_14,1092,2025-12-31,0
62,17.427596502633296,0.2659526183706153,16.111406622047948,3.5324361655994805,0.0739593396177963,0.8870967741935484,甘蓝,150,harvest_market_price,same_season_mean,retrospective_audit_reused,reused_retrospective,harvest_post_14,1092,2025-12-31,0
62,10.812277166330809,0.165,10.89031389202427,2.191563184806429,-0.0252365591397849,0.9032258064516128,甘蓝,150,harvest_market_price,same_season_median,retrospective_audit_reused,reused_retrospective,harvest_post_14,1092,2025-12-31,0
62,16.48419115943975,0.2515558470677427,16.206306410879865,3.3412153536755222,0.0254206066546846,0.9032258064516128,甘蓝,150,harvest_market_price,linear,retrospective_audit_reused,reused_retrospective,harvest_post_14,1092,2025-12-31,0
62,14.867362979212547,0.2268823536275056,15.14855288491112,3.013497051468331,-0.0442460612611278,0.935483870967742,甘蓝,150,harvest_market_price,elasticnet,retrospective_audit_reused,reused_retrospective,harvest_post_14,1092,2025-12-31,0
62,12.26190251173034,0.1871219062655691,11.489622057961036,2.4853907929843673,0.0898887992153178,0.9032258064516128,甘蓝,150,harvest_market_price,extra_trees,retrospective_audit_reused,reused_retrospective,harvest_post_14,1092,2025-12-31,0
62,9.87309788105906,0.1506677201586735,9.556653640211312,2.00119896144525,0.0817587583742285,0.9032258064516128,甘蓝,150,harvest_market_price,catboost,retrospective_audit_reused,reused_retrospective,harvest_post_14,1092,2025-12-31,0
62,37.10589965570123,2.7526379928315414,31.27443747418106,9.737769293706911,2.7526379928315414,0.0,芸豆,150,harvest_market_price,last_value,retrospective_audit_reused,reused_retrospective,harvest_post_14,1092,2025-12-31,0
62,9.61818879323423,0.7135089605734765,9.85604024245537,2.5241189234295165,-0.2677670250896053,1.0,芸豆,150,harvest_market_price,seasonal_naive,retrospective_audit_reused,reused_retrospective,harvest_post_14,1092,2025-12-31,0
62,7.354993903262984,0.5456177007705392,7.548533997295018,1.9301845380695792,-0.2607491104792405,1.0,芸豆,150,harvest_market_price,same_season_mean,retrospective_audit_reused,reused_retrospective,harvest_post_14,1092,2025-12-31,0
62,8.208187218137384,0.6089103942652329,8.475825203554074,2.1540896243299903,-0.4634910394265231,1.0,芸豆,150,harvest_market_price,same_season_median,retrospective_audit_reused,reused_retrospective,harvest_post_14,1092,2025-12-31,0
62,9.64256067094172,0.7153169468278663,10.10121916386069,2.530514879990928,-0.6825199989244284,1.0,芸豆,150,harvest_market_price,linear,retrospective_audit_reused,reused_retrospective,harvest_post_14,1092,2025-12-31,0
62,9.628028622702823,0.7142389115702061,10.011756783335668,2.526701207921838,-0.7134242815517731,1.0,芸豆,150,harvest_market_price,elasticnet,retrospective_audit_reused,reused_retrospective,harvest_post_14,1092,2025-12-31,0
62,3.66643959137649,0.2719885789400071,3.718511464394571,0.962190465705408,-0.1993528772985957,1.0,芸豆,150,harvest_market_price,extra_trees,retrospective_audit_reused,reused_retrospective,harvest_post_14,1092,2025-12-31,0
62,6.024738857277307,0.4469349949552273,6.060596047810011,1.5810832668487451,-0.389684621630866,1.0,芸豆,150,harvest_market_price,catboost,retrospective_audit_reused,reused_retrospective,harvest_post_14,1092,2025-12-31,0
62,32.6747735755429,1.040799283154122,26.881701975491858,9.331952810002852,1.040799283154122,0.0,芹菜,150,harvest_market_price,last_value,retrospective_audit_reused,reused_retrospective,harvest_post_14,1092,2025-12-31,0
62,13.904470202215128,0.4429032258064515,14.652362595656406,3.971132637695912,-0.2930322580645161,1.0,芹菜,150,harvest_market_price,seasonal_naive,retrospective_audit_reused,reused_retrospective,harvest_post_14,1092,2025-12-31,0
62,16.615521414785306,0.5292591465938926,16.07100829148682,4.745411973487317,0.1233730017493154,0.6774193548387096,芹菜,150,harvest_market_price,same_season_mean,retrospective_audit_reused,reused_retrospective,harvest_post_14,1092,2025-12-31,0
62,12.53045154364712,0.3991362007168458,12.902770854655708,3.578711332857321,-0.1537168458781362,1.0,芹菜,150,harvest_market_price,same_season_median,retrospective_audit_reused,reused_retrospective,harvest_post_14,1092,2025-12-31,0
62,14.43137460414501,0.4596868684704623,13.55705165773515,4.121617139228093,0.4558218012201009,0.7258064516129032,芹菜,150,harvest_market_price,linear,retrospective_audit_reused,reused_retrospective,harvest_post_14,1092,2025-12-31,0
62,9.372078920099865,0.2985316179514404,9.140237434192692,2.676676489028776,0.2384649151794039,0.8387096774193549,芹菜,150,harvest_market_price,elasticnet,retrospective_audit_reused,reused_retrospective,harvest_post_14,1092,2025-12-31,0
62,19.55224488819948,0.6228034730414729,18.84493917054635,5.584143565813994,0.1624975807548288,0.6290322580645161,芹菜,150,harvest_market_price,extra_trees,retrospective_audit_reused,reused_retrospective,harvest_post_14,1092,2025-12-31,0
62,14.4834278618624,0.4613449363739121,14.172646465903917,4.136483609335454,0.1176057626681478,0.6612903225806451,芹菜,150,harvest_market_price,catboost,retrospective_audit_reused,reused_retrospective,harvest_post_14,1092,2025-12-31,0
62,128.15471513173566,3.355347670250896,76.46847682482435,23.629513995892896,3.355347670250896,0.0,茄子,150,harvest_market_price,last_value,retrospective_audit_reused,reused_retrospective,harvest_post_14,1092,2025-12-31,0
62,23.26777808503473,0.6091971326164876,25.807528891594306,4.290176037210094,-0.6091971326164876,1.0,茄子,150,harvest_market_price,seasonal_naive,retrospective_audit_reused,reused_retrospective,harvest_post_14,1092,2025-12-31,0
62,20.05488699880772,0.5250771951654147,18.95902263813459,3.697774463758504,0.1822375042215469,1.0,茄子,150,harvest_market_price,same_season_mean,retrospective_audit_reused,reused_retrospective,harvest_post_14,1092,2025-12-31,0
62,26.13124556797056,0.684168458781362,24.118316136167785,4.818149938874683,0.2442186379928316,1.0,茄子,150,harvest_market_price,same_season_median,retrospective_audit_reused,reused_retrospective,harvest_post_14,1092,2025-12-31,0
62,20.48554519342866,0.5363526911041356,18.874038432636297,3.7771803898438674,0.5351513128640332,1.0,茄子,150,harvest_market_price,linear,retrospective_audit_reused,reused_retrospective,harvest_post_14,1092,2025-12-31,0
62,9.728867816224705,0.2547212869053831,9.45557498159209,1.793835037527582,0.1123782611407114,1.0,茄子,150,harvest_market_price,elasticnet,retrospective_audit_reused,reused_retrospective,harvest_post_14,1092,2025-12-31,0
62,42.25805544468505,1.1064007105778728,35.18431353399085,7.791654887945128,1.0970954116667455,1.0,茄子,150,harvest_market_price,extra_trees,retrospective_audit_reused,reused_retrospective,harvest_post_14,1092,2025-12-31,0
62,40.58973653272686,1.0627207728657082,34.09169216666159,7.484045721640121,1.0627207728657082,1.0,茄子,150,harvest_market_price,catboost,retrospective_audit_reused,reused_retrospective,harvest_post_14,1092,2025-12-31,0
62,114.3357059966738,4.092878136200717,70.38678798046253,32.80436413895814,4.092878136200717,0.0,西红柿,150,harvest_market_price,last_value,retrospective_audit_reused,reused_retrospective,harvest_post_14,1092,2025-12-31,0
62,14.03182219142777,0.5022974910394263,12.77878018794372,4.025907748486733,0.4971720430107526,1.0,西红柿,150,harvest_market_price,seasonal_naive,retrospective_audit_reused,reused_retrospective,harvest_post_14,1092,2025-12-31,0
62,7.887986478289859,0.2823664498698128,7.62468207023536,2.263163361798162,0.1425793695149074,1.0,西红柿,150,harvest_market_price,same_season_mean,retrospective_audit_reused,reused_retrospective,harvest_post_14,1092,2025-12-31,0
62,9.828613538899628,0.3518351254480286,9.217371527124593,2.8199538779297617,0.2582007168458781,1.0,西红柿,150,harvest_market_price,same_season_median,retrospective_audit_reused,reused_retrospective,harvest_post_14,1092,2025-12-31,0
62,7.605441733338054,0.2722521885458369,7.127955718589099,2.1820976910337055,0.2442629112174189,1.0,西红柿,150,harvest_market_price,linear,retrospective_audit_reused,reused_retrospective,harvest_post_14,1092,2025-12-31,0
62,4.80961301312742,0.1721698377022164,4.741159524853182,1.379938972473686,0.0084481821816807,1.0,西红柿,150,harvest_market_price,elasticnet,retrospective_audit_reused,reused_retrospective,harvest_post_14,1092,2025-12-31,0
62,13.237822713233172,0.4738746717973605,12.210388621332177,3.7980992281143138,0.4685224459826874,1.0,西红柿,150,harvest_market_price,extra_trees,retrospective_audit_reused,reused_retrospective,harvest_post_14,1092,2025-12-31,0
62,11.498329354684136,0.4116059843981782,10.767360771358629,3.2990165220277134,0.4116059843981782,1.0,西红柿,150,harvest_market_price,catboost,retrospective_audit_reused,reused_retrospective,harvest_post_14,1092,2025-12-31,0
62,166.62369639449992,5.81879211469534,88.23633467800799,31.32798162817122,5.81879211469534,0.0,青椒,150,harvest_market_price,last_value,retrospective_audit_reused,reused_retrospective,harvest_post_14,1092,2025-12-31,0
62,10.047653894984895,0.3508817204301075,9.497319919580306,1.889123356638607,0.2802437275985663,1.0,青椒,150,harvest_market_price,seasonal_naive,retrospective_audit_reused,reused_retrospective,harvest_post_14,1092,2025-12-31,0
62,15.52392926239324,0.5421228740912973,14.217448103645868,2.9187527419739707,0.5406246662059926,1.0,青椒,150,harvest_market_price,same_season_mean,retrospective_audit_reused,reused_retrospective,harvest_post_14,1092,2025-12-31,0
62,12.378004284026654,0.4322616487455197,11.56529665872955,2.3272673646928643,0.3810501792114695,1.0,青椒,150,harvest_market_price,same_season_median,retrospective_audit_reused,reused_retrospective,harvest_post_14,1092,2025-12-31,0
62,19.32450818661257,0.6748457649769105,17.515227201280776,3.633323774130525,0.6748457649769105,1.0,青椒,150,harvest_market_price,linear,retrospective_audit_reused,reused_retrospective,harvest_post_14,1092,2025-12-31,0
62,13.74172300755018,0.4798851016325187,12.81714437614015,2.583668801229165,0.4656451042820769,1.0,青椒,150,harvest_market_price,elasticnet,retrospective_audit_reused,reused_retrospective,harvest_post_14,1092,2025-12-31,0
62,29.20787928877725,1.019990441756401,24.583346314381497,5.491559277320537,1.019990441756401,1.0,青椒,150,harvest_market_price,extra_trees,retrospective_audit_reused,reused_retrospective,harvest_post_14,1092,2025-12-31,0
62,29.362425972893423,1.0253874833918135,25.436008131194505,5.520616583006657,1.0253874833918135,1.0,青椒,150,harvest_market_price,catboost,retrospective_audit_reused,reused_retrospective,harvest_post_14,1092,2025-12-31,0
62,53.25565496405073,2.577071684587813,41.32844791929452,16.80364097469104,2.577071684587813,0.0,韭菜,150,harvest_market_price,last_value,retrospective_audit_reused,reused_retrospective,harvest_post_14,1092,2025-12-31,0
62,20.95701271834543,1.0141218637992837,22.781797225138437,6.612520639523179,-0.9539928315412188,1.0,韭菜,150,harvest_market_price,seasonal_naive,retrospective_audit_reused,reused_retrospective,harvest_post_14,1092,2025-12-31,0
62,16.181015377460586,0.7830086135506596,17.832667468081063,5.105560586802353,-0.7091624428243044,1.0,韭菜,150,harvest_market_price,same_season_mean,retrospective_audit_reused,reused_retrospective,harvest_post_14,1092,2025-12-31,0
62,18.32053548745016,0.886541218637993,20.509359648742123,5.780638713447588,-0.8155089605734767,1.0,韭菜,150,harvest_market_price,same_season_median,retrospective_audit_reused,reused_retrospective,harvest_post_14,1092,2025-12-31,0
62,20.615617172933796,0.9976015375744228,22.433235963396893,6.504800845647235,-0.9692534909669448,1.0,韭菜,150,harvest_market_price,linear,retrospective_audit_reused,reused_retrospective,harvest_post_14,1092,2025-12-31,0
62,22.710000834279437,1.0989499640271745,25.069641858155876,7.165637166827919,-1.0665639559225877,1.0,韭菜,150,harvest_market_price,elasticnet,retrospective_audit_reused,reused_retrospective,harvest_post_14,1092,2025-12-31,0
62,11.01231280604566,0.5328921319893846,11.475756965028918,3.474691106863606,-0.151783904690518,0.9516129032258064,韭菜,150,harvest_market_price,extra_trees,retrospective_audit_reused,reused_retrospective,harvest_post_14,1092,2025-12-31,0
62,12.085053774872764,0.5848026826628815,12.642649849921575,3.8131707314439622,-0.4878681014625911,1.0,韭菜,150,harvest_market_price,catboost,retrospective_audit_reused,reused_retrospective,harvest_post_14,1092,2025-12-31,0
62,72.2151692304268,3.0235663082437276,55.33797541373882,15.63073750139266,2.8779534050179216,0.0,黄瓜,150,harvest_market_price,last_value,retrospective_audit_reused,reused_retrospective,harvest_post_14,1092,2025-12-31,0
62,29.050517018065456,1.2163118279569891,29.674430984004935,6.287889520001304,-0.4565913978494624,0.9193548387096774,黄瓜,150,harvest_market_price,seasonal_naive,retrospective_audit_reused,reused_retrospective,harvest_post_14,1092,2025-12-31,0
62,18.31986220210318,0.7670316183737281,19.15559480589037,3.9652743349399993,-0.5233703691382755,1.0,黄瓜,150,harvest_market_price,same_season_mean,retrospective_audit_reused,reused_retrospective,harvest_post_14,1092,2025-12-31,0
62,22.948085890316328,0.9608100358422942,23.71197450603688,4.96703823495045,-0.6470465949820791,0.9516129032258064,黄瓜,150,harvest_market_price,same_season_median,retrospective_audit_reused,reused_retrospective,harvest_post_14,1092,2025-12-31,0
62,29.573738968813597,1.238218530923616,30.4654452336161,6.401139202225479,-1.0736506062776874,0.9193548387096774,黄瓜,150,harvest_market_price,linear,retrospective_audit_reused,reused_retrospective,harvest_post_14,1092,2025-12-31,0
62,33.44566848213272,1.4003317787235483,35.341551666808726,7.239205698386047,-1.4003317787235483,0.9193548387096774,黄瓜,150,harvest_market_price,elasticnet,retrospective_audit_reused,reused_retrospective,harvest_post_14,1092,2025-12-31,0
62,24.113420264618014,1.009601249510077,24.86503875028566,5.219271053902076,-0.7776511622809266,0.9193548387096774,黄瓜,150,harvest_market_price,extra_trees,retrospective_audit_reused,reused_retrospective,harvest_post_14,1092,2025-12-31,0
62,23.630139202976515,0.9893668257600068,24.59058651761767,5.114666446664933,-0.5426952777300544,0.9193548387096774,黄瓜,150,harvest_market_price,catboost,retrospective_audit_reused,reused_retrospective,harvest_post_14,1092,2025-12-31,0
125,17.70898108002461,0.3316093819009068,16.44227145315044,11.522020896556931,0.2669708092678698,0.0,土豆,180,cycle_market_average,last_value,calibration,calibration,cycle_market_average,862,2024-12-31,0
125,12.5529581071952,0.235060315449227,11.985286153864177,8.167349943574838,0.235060315449227,0.8,土豆,180,cycle_market_average,seasonal_naive,calibration,calibration,cycle_market_average,862,2024-12-31,0
125,24.719245401774664,0.4628800297260206,22.246080453642612,16.083119676921058,0.4628800297260206,0.376,土豆,180,cycle_market_average,same_season_mean,calibration,calibration,cycle_market_average,862,2024-12-31,0
125,21.067046527820818,0.3944908092678699,19.360871365028547,13.70688405083277,0.3944908092678699,0.488,土豆,180,cycle_market_average,same_season_median,calibration,calibration,cycle_market_average,862,2024-12-31,0
125,6.1890046965893255,0.1158921573603569,6.15067058387199,4.026761399809012,-0.030299013484106,0.864,土豆,180,cycle_market_average,linear,calibration,calibration,cycle_market_average,862,2024-12-31,0
125,19.295036309776865,0.3613090462701973,17.832897476484373,12.553958387354314,0.3613090462701973,0.632,土豆,180,cycle_market_average,elasticnet,calibration,calibration,cycle_market_average,862,2024-12-31,0
125,20.375507839541974,0.3815414071569049,18.78210833563281,13.256947197824664,0.3815414071569049,0.592,土豆,180,cycle_market_average,extra_trees,calibration,calibration,cycle_market_average,862,2024-12-31,0
125,27.951674985154717,0.5234088637305898,24.7666147386494,18.18624018046965,0.5234088637305898,0.432,土豆,180,cycle_market_average,catboost,calibration,calibration,cycle_market_average,862,2024-12-31,0
125,32.71521120983264,1.3573006417704672,28.629427979527467,7.632156821867635,0.7801234448426639,0.0,尖椒,180,cycle_market_average,last_value,calibration,calibration,cycle_market_average,862,2024-12-31,0
125,32.2007512432052,1.3359565386133774,27.991993340032774,7.512138059992933,1.3359565386133774,0.664,尖椒,180,cycle_market_average,seasonal_naive,calibration,calibration,cycle_market_average,862,2024-12-31,0
125,13.337387476157854,0.5533464071138134,12.16347001684345,3.111489397368034,0.4897041057353827,0.96,尖椒,180,cycle_market_average,same_season_mean,calibration,calibration,cycle_market_average,862,2024-12-31,0
125,7.486836406107962,0.3106166056414349,7.052150021007677,1.7466098318787582,0.0444434448426636,1.0,尖椒,180,cycle_market_average,same_season_median,calibration,calibration,cycle_market_average,862,2024-12-31,0
125,16.076617405593794,0.6669925797560622,16.049559128955085,3.750526457484127,-0.0504695263269421,0.792,尖椒,180,cycle_market_average,linear,calibration,calibration,cycle_market_average,862,2024-12-31,0
125,15.390843010328526,0.6385409209593876,14.316782298851669,3.5905416205984375,0.2683414425496281,0.92,尖椒,180,cycle_market_average,elasticnet,calibration,calibration,cycle_market_average,862,2024-12-31,0
125,16.368357919520076,0.6790964168440398,16.05329790975138,3.818586826689644,-0.082749479431125,0.888,尖椒,180,cycle_market_average,extra_trees,calibration,calibration,cycle_market_average,862,2024-12-31,0
125,10.72632421812604,0.4450176601863074,9.812960608090018,2.502352438743539,0.2830647963314358,0.976,尖椒,180,cycle_market_average,catboost,calibration,calibration,cycle_market_average,862,2024-12-31,0
125,34.1876726251007,0.5104566842262852,33.943257559067156,6.565628997891119,-0.0531015919799881,0.0,甘蓝,180,cycle_market_average,last_value,calibration,calibration,cycle_market_average,862,2024-12-31,0
125,55.59642151460852,0.8301110547185244,44.65942963122592,10.677108128363452,0.8301110547185244,0.504,甘蓝,180,cycle_market_average,seasonal_naive,calibration,calibration,cycle_market_average,862,2024-12-31,0
125,32.705992320195044,0.4883336920056847,29.31019073551337,6.281077215669175,0.4693546857731967,0.52,甘蓝,180,cycle_market_average,same_season_mean,calibration,calibration,cycle_market_average,862,2024-12-31,0
125,26.702987285484813,0.3987027282657875,24.55956839056011,5.128220033415642,0.2593784080200119,0.656,甘蓝,180,cycle_market_average,same_season_median,calibration,calibration,cycle_market_average,862,2024-12-31,0
125,25.17465123147928,0.3758831183126267,23.542625395481146,4.834708169512572,0.2352542994821538,0.616,甘蓝,180,cycle_market_average,linear,calibration,calibration,cycle_market_average,862,2024-12-31,0
125,30.80679424244215,0.459976735271903,28.004798363985294,5.916342531656834,0.3913719260643607,0.544,甘蓝,180,cycle_market_average,elasticnet,calibration,calibration,cycle_market_average,862,2024-12-31,0
125,37.615757220303095,0.5616414698916727,32.05688955751508,7.223981260482973,0.5616414698916727,0.616,甘蓝,180,cycle_market_average,extra_trees,calibration,calibration,cycle_market_average,862,2024-12-31,0
125,34.1439309689029,0.5098035768612372,29.96952010065555,6.557228558074772,0.5098035768612372,0.68,甘蓝,180,cycle_market_average,catboost,calibration,calibration,cycle_market_average,862,2024-12-31,0
125,14.962876367534056,1.1742941165761729,13.14449282346538,4.252112180890254,0.7871493462893518,0.0,芸豆,180,cycle_market_average,last_value,calibration,calibration,cycle_market_average,862,2024-12-31,0
125,8.825751141100115,0.6926494201239826,8.571308956172896,2.50807953035053,0.6926494201239826,0.832,芸豆,180,cycle_market_average,seasonal_naive,calibration,calibration,cycle_market_average,862,2024-12-31,0
125,7.2244642066590465,0.5669796103977972,6.775864821589768,2.0530298786798866,0.5019768701072128,0.904,芸豆,180,cycle_market_average,same_season_mean,calibration,calibration,cycle_market_average,862,2024-12-31,0
125,4.601289273198002,0.3611115128843337,4.410525492013886,1.3075826923770348,0.0931493462893518,0.792,芸豆,180,cycle_market_average,same_season_median,calibration,calibration,cycle_market_average,862,2024-12-31,0
125,7.480483329383318,0.5870721208323836,7.268333462856486,2.125784742352941,0.5260721251612448,0.88,芸豆,180,cycle_market_average,linear,calibration,calibration,cycle_market_average,862,2024-12-31,0
125,8.535937722766215,0.6699047162518879,8.064677175912985,2.425721089632751,0.4735259367136991,0.816,芸豆,180,cycle_market_average,elasticnet,calibration,calibration,cycle_market_average,862,2024-12-31,0
125,7.292782490768571,0.5723412639404586,6.917636218106546,2.07244439504052,0.4525921877295251,0.888,芸豆,180,cycle_market_average,extra_trees,calibration,calibration,cycle_market_average,862,2024-12-31,0
125,7.293185419711909,0.5723728860080302,7.0523188416945795,2.072558898363672,0.5468517885123946,0.872,芸豆,180,cycle_market_average,catboost,calibration,calibration,cycle_market_average,862,2024-12-31,0
125,26.68671707344156,0.7980152785030776,26.59367204227613,7.157199529074477,-0.1019889102602919,0.0,芹菜,180,cycle_market_average,last_value,calibration,calibration,cycle_market_average,862,2024-12-31,0
125,49.20711413220776,1.4714447183773596,40.004897264688545,13.19701981794694,1.4714447183773596,0.568,芹菜,180,cycle_market_average,seasonal_naive,calibration,calibration,cycle_market_average,862,2024-12-31,0
125,19.52240064436896,0.5837800859652775,18.4726089578517,5.2357776460010825,0.5613507357088354,0.744,芹菜,180,cycle_market_average,same_season_mean,calibration,calibration,cycle_market_average,862,2024-12-31,0
125,13.739400227439118,0.4108505092174347,13.370466988926092,3.684815504543867,0.201851089739708,0.792,芹菜,180,cycle_market_average,same_season_median,calibration,calibration,cycle_market_average,862,2024-12-31,0
125,19.86277698564694,0.593958390026931,19.170360949503255,5.327064310554037,-0.0582336392748948,0.856,芹菜,180,cycle_market_average,linear,calibration,calibration,cycle_market_average,862,2024-12-31,0
125,15.420887953066003,0.4611321865017886,14.48853740283866,4.135779297687916,0.1238229316381136,0.872,芹菜,180,cycle_market_average,elasticnet,calibration,calibration,cycle_market_average,862,2024-12-31,0
125,10.084857227022177,0.3015683842466731,9.93250315704238,2.704691446212349,0.2909295979486894,0.912,芹菜,180,cycle_market_average,extra_trees,calibration,calibration,cycle_market_average,862,2024-12-31,0
125,8.442490643915129,0.2524565499728856,8.428342600704077,2.2642196825693173,0.2295169052635177,0.92,芹菜,180,cycle_market_average,catboost,calibration,calibration,cycle_market_average,862,2024-12-31,0
125,34.935203382082896,0.9968916537366794,31.631217335002603,6.754199825836331,0.5173352736854764,0.0,茄子,180,cycle_market_average,last_value,calibration,calibration,cycle_market_average,862,2024-12-31,0
125,33.3534797768799,0.9517564632155372,29.25042427746419,6.4483971893970535,0.9517564632155372,0.56,茄子,180,cycle_market_average,seasonal_naive,calibration,calibration,cycle_market_average,862,2024-12-31,0
125,27.550676386778314,0.7861708730988932,24.39449074008525,5.326511817265872,0.763516508422591,0.656,茄子,180,cycle_market_average,same_season_mean,calibration,calibration,cycle_market_average,862,2024-12-31,0
125,25.05400783828336,0.7149273193997622,22.531732305246823,4.843818240503582,0.6953352736854763,0.688,茄子,180,cycle_market_average,same_season_median,calibration,calibration,cycle_market_average,862,2024-12-31,0
125,15.587200043292867,0.4447877248154787,14.049433871848375,3.0135523376308404,0.2111304515781106,0.952,茄子,180,cycle_market_average,linear,calibration,calibration,cycle_market_average,862,2024-12-31,0
125,17.16978136082737,0.4899473905416234,15.56037536529315,3.319520799939705,0.3967162175037942,0.936,茄子,180,cycle_market_average,elasticnet,calibration,calibration,cycle_market_average,862,2024-12-31,0
125,26.82092595377551,0.7653471181026845,24.03729798568893,5.185425469675884,0.6698000627819732,0.696,茄子,180,cycle_market_average,extra_trees,calibration,calibration,cycle_market_average,862,2024-12-31,0
125,30.645494263394703,0.8744828854061193,27.25018129011259,5.924848633417286,0.8720769946414612,0.584,茄子,180,cycle_market_average,catboost,calibration,calibration,cycle_market_average,862,2024-12-31,0
125,17.49956978773496,0.8141711223357053,16.936333766867424,6.631989936906739,0.1908392111384406,0.0,西红柿,180,cycle_market_average,last_value,calibration,calibration,cycle_market_average,862,2024-12-31,0
125,8.674846589172843,0.4035990409631144,8.369267179216319,3.2875948369843098,0.4001350518132138,0.912,西红柿,180,cycle_market_average,seasonal_naive,calibration,calibration,cycle_market_average,862,2024-12-31,0
125,7.685764439691709,0.3575817883395858,7.675073850514003,2.912752315613845,-0.1862324663588665,0.92,西红柿,180,cycle_market_average,same_season_mean,calibration,calibration,cycle_market_average,862,2024-12-31,0
125,11.902311666189362,0.5537575246245546,12.53442218312276,4.510740101246372,-0.4878007888615593,0.744,西红柿,180,cycle_market_average,same_season_median,calibration,calibration,cycle_market_average,862,2024-12-31,0
125,13.413617062829717,0.6240713223864337,14.31214961270553,5.083494877717308,-0.6235094516876046,0.688,西红柿,180,cycle_market_average,linear,calibration,calibration,cycle_market_average,862,2024-12-31,0
125,11.54550925023247,0.537157218047,12.197772533291198,4.375519060912649,-0.5284273629790215,0.736,西红柿,180,cycle_market_average,elasticnet,calibration,calibration,cycle_market_average,862,2024-12-31,0
125,10.87694039877629,0.5060519132451482,11.429954435008506,4.122144723784983,-0.4845834421451745,0.824,西红柿,180,cycle_market_average,extra_trees,calibration,calibration,cycle_market_average,862,2024-12-31,0
125,8.59012508756518,0.3996573554881822,8.860297830495401,3.2554870678838688,-0.3996573554881822,0.84,西红柿,180,cycle_market_average,catboost,calibration,calibration,cycle_market_average,862,2024-12-31,0
125,31.16274288213986,1.3875093055910996,27.088748751842303,7.154422757898772,0.8201779338757903,0.0,青椒,180,cycle_market_average,last_value,calibration,calibration,cycle_market_average,862,2024-12-31,0
125,33.386079247183524,1.4865025138470136,28.469266055094337,7.664862045887404,1.4865025138470136,0.592,青椒,180,cycle_market_average,seasonal_naive,calibration,calibration,cycle_market_average,862,2024-12-31,0
125,14.406151468827533,0.6414284293379416,12.648356420323491,3.3074013514191387,0.6279260821686125,0.84,青椒,180,cycle_market_average,same_season_mean,calibration,calibration,cycle_market_average,862,2024-12-31,0
125,5.71811480719691,0.254596892687874,5.163627375112001,1.3127795221239642,0.1734579338757902,0.976,青椒,180,cycle_market_average,same_season_median,calibration,calibration,cycle_market_average,862,2024-12-31,0
125,18.179235660404977,0.8094235716908568,19.45902594467253,4.173635736170965,-0.2767594158329327,0.696,青椒,180,cycle_market_average,linear,calibration,calibration,cycle_market_average,862,2024-12-31,0
125,13.724096473672247,0.6110601894085473,13.308068474584742,3.1508134092751185,0.0443280276636351,0.84,青椒,180,cycle_market_average,elasticnet,calibration,calibration,cycle_market_average,862,2024-12-31,0
125,13.88433216034055,0.6181946225738472,12.926174826400404,3.1876007308425107,0.1191324612104767,0.92,青椒,180,cycle_market_average,extra_trees,calibration,calibration,cycle_market_average,862,2024-12-31,0
125,9.595442834470392,0.4272334522814279,8.764122340001236,2.202946475112645,0.399229016644524,0.96,青椒,180,cycle_market_average,catboost,calibration,calibration,cycle_market_average,862,2024-12-31,0
125,37.083771033682126,1.6945675667326543,35.286540417703975,11.403960254469403,0.2376335306311548,0.0,韭菜,180,cycle_market_average,last_value,calibration,calibration,cycle_market_average,862,2024-12-31,0
125,7.530678775759,0.3441193722529594,7.735837485286749,2.3158260083617166,0.2196886459771717,0.896,韭菜,180,cycle_market_average,seasonal_naive,calibration,calibration,cycle_market_average,862,2024-12-31,0
125,4.980462042753543,0.2275855235253085,4.673916418237355,1.5315861791096657,-0.1063164860567742,0.952,韭菜,180,cycle_market_average,same_season_mean,calibration,calibration,cycle_market_average,862,2024-12-31,0
125,11.280861605237686,0.5154864693688451,12.02847660581062,3.4690780844659654,-0.5154864693688451,0.984,韭菜,180,cycle_market_average,same_season_median,calibration,calibration,cycle_market_average,862,2024-12-31,0
125,6.451334363097512,0.294798011882974,6.088440706949824,1.9839072083104627,-0.2730754750648517,0.992,韭菜,180,cycle_market_average,linear,calibration,calibration,cycle_market_average,862,2024-12-31,0
125,6.273456150359481,0.2866697487173843,5.7945392219297895,1.9292062970585264,-0.2162301689299586,0.992,韭菜,180,cycle_market_average,elasticnet,calibration,calibration,cycle_market_average,862,2024-12-31,0
125,6.414560290348957,0.2931175961852347,6.120868368148363,1.972598486130117,-0.1826226460139702,1.0,韭菜,180,cycle_market_average,extra_trees,calibration,calibration,cycle_market_average,862,2024-12-31,0
125,8.293722419594411,0.3789871587483125,8.115270102235556,2.550476345805042,-0.0131570851132208,0.952,韭菜,180,cycle_market_average,catboost,calibration,calibration,cycle_market_average,862,2024-12-31,0
125,37.07208407421193,1.5589511409426655,35.433747295630106,8.058699161573218,-0.1035888364892397,0.0,黄瓜,180,cycle_market_average,last_value,calibration,calibration,cycle_market_average,862,2024-12-31,0
125,15.35374332641882,0.645653900345776,15.044522967457471,3.3375841030122064,0.2580438897764204,0.752,黄瓜,180,cycle_market_average,seasonal_naive,calibration,calibration,cycle_market_average,862,2024-12-31,0
125,12.761681910873376,0.536652823064314,12.30786014936721,2.7741239232611337,-0.2971948022147415,0.92,黄瓜,180,cycle_market_average,same_season_mean,calibration,calibration,cycle_market_average,862,2024-12-31,0
125,17.310943080873248,0.7279578459278884,17.677754902309704,3.763038576752593,-0.7156688364892396,0.88,黄瓜,180,cycle_market_average,same_season_median,calibration,calibration,cycle_market_average,862,2024-12-31,0
125,17.5458612456245,0.7378365983668934,18.195727564793316,3.814104894295721,-0.6558279080262575,0.88,黄瓜,180,cycle_market_average,linear,calibration,calibration,cycle_market_average,862,2024-12-31,0
125,17.033768336283384,0.7163021245108279,17.298226265598668,3.702786558620454,-0.5380847625525722,0.872,黄瓜,180,cycle_market_average,elasticnet,calibration,calibration,cycle_market_average,862,2024-12-31,0
125,16.994769836135973,0.7146621639362306,17.774837147779156,3.694309096716466,-0.6412865191298955,0.888,黄瓜,180,cycle_market_average,extra_trees,calibration,calibration,cycle_market_average,862,2024-12-31,0
125,13.037661234703158,0.5482582747810225,12.547297585289504,2.8341160818111217,-0.3814567634913379,0.936,黄瓜,180,cycle_market_average,catboost,calibration,calibration,cycle_market_average,862,2024-12-31,0
50,4.587624222355418,0.1002092695477667,4.466505782233025,3.6293951642218607,0.090460902228028,0.0,土豆,180,cycle_market_average,last_value,retrospective_audit_reused,reused_retrospective,cycle_market_average,1110,2025-12-31,0
50,6.607886019345161,0.1443386378567643,6.909679237063555,5.227679601017366,-0.1443386378567643,0.8,土豆,180,cycle_market_average,seasonal_naive,retrospective_audit_reused,reused_retrospective,cycle_market_average,1110,2025-12-31,0
50,7.963199122499475,0.1739432718661906,7.639795836045672,6.299904915075293,0.1739432718661906,0.38,土豆,180,cycle_market_average,same_season_mean,retrospective_audit_reused,reused_retrospective,cycle_market_average,1110,2025-12-31,0
50,4.379397975598302,0.0956609022280279,4.2842006193558175,3.4646616776904975,0.0956609022280279,0.64,土豆,180,cycle_market_average,same_season_median,retrospective_audit_reused,reused_retrospective,cycle_market_average,1110,2025-12-31,0
50,6.197179346504432,0.1353674114247459,6.432662816098761,4.902758304051053,-0.1353674114247459,0.8,土豆,180,cycle_market_average,linear,retrospective_audit_reused,reused_retrospective,cycle_market_average,1110,2025-12-31,0
50,1.8793326447804284,0.0410509977371309,1.8867903518137028,1.486791524835997,0.0005217363463077,0.96,土豆,180,cycle_market_average,elasticnet,retrospective_audit_reused,reused_retrospective,cycle_market_average,1110,2025-12-31,0
50,5.191313996706056,0.1133959013181591,5.391750572530085,4.106990678048287,-0.1133959013181591,0.8,土豆,180,cycle_market_average,extra_trees,retrospective_audit_reused,reused_retrospective,cycle_market_average,1110,2025-12-31,0
50,3.9987189902414273,0.0873455823138761,4.082798301905039,3.1634961066652063,-0.0873455823138761,0.8,土豆,180,cycle_market_average,catboost,retrospective_audit_reused,reused_retrospective,cycle_market_average,1110,2025-12-31,0
50,81.41210572873345,4.507973054946706,57.333774347807285,26.504835743483707,4.507973054946706,0.0,尖椒,180,cycle_market_average,last_value,retrospective_audit_reused,reused_retrospective,cycle_market_average,1110,2025-12-31,0
50,22.299535740539906,1.2347759016469653,24.17392399192337,7.259921932597203,-1.2347759016469653,1.0,尖椒,180,cycle_market_average,seasonal_naive,retrospective_audit_reused,reused_retrospective,cycle_market_average,1110,2025-12-31,0
50,9.490925464021982,0.5255340821287496,9.210249975767422,3.089901903725922,-0.5255340821287496,1.0,尖椒,180,cycle_market_average,same_season_mean,retrospective_audit_reused,reused_retrospective,cycle_market_average,1110,2025-12-31,0
50,19.36758156555876,1.0724269450532944,20.749363879030177,6.305383745435815,-1.0724269450532944,1.0,尖椒,180,cycle_market_average,same_season_median,retrospective_audit_reused,reused_retrospective,cycle_market_average,1110,2025-12-31,0
50,12.985460805110488,0.7190344346399126,12.814117961349728,4.2275961616777815,0.6218922233109262,1.0,尖椒,180,cycle_market_average,linear,retrospective_audit_reused,reused_retrospective,cycle_market_average,1110,2025-12-31,0
50,6.241103438114206,0.3455840612439074,5.982767802907313,2.0318774462914506,-0.0201800503848488,1.0,尖椒,180,cycle_market_average,elasticnet,retrospective_audit_reused,reused_retrospective,cycle_market_average,1110,2025-12-31,0
50,8.282580472085279,0.4586252776460284,8.299837814986432,2.6965084980884613,-0.0934491987390885,1.0,尖椒,180,cycle_market_average,extra_trees,retrospective_audit_reused,reused_retrospective,cycle_market_average,1110,2025-12-31,0
50,10.71236327273336,0.5931678655897845,10.60937076027994,3.487557856744094,-0.3183207988009734,1.0,尖椒,180,cycle_market_average,catboost,retrospective_audit_reused,reused_retrospective,cycle_market_average,1110,2025-12-31,0
50,68.74750869028792,1.1165982436171256,49.88538745034836,14.915772731527252,1.1165982436171256,0.0,甘蓝,180,cycle_market_average,last_value,retrospective_audit_reused,reused_retrospective,cycle_market_average,1110,2025-12-31,0
50,18.700268919726753,0.3037300962425227,20.37078515343241,4.057295552071281,-0.3037300962425227,1.0,甘蓝,180,cycle_market_average,seasonal_naive,retrospective_audit_reused,reused_retrospective,cycle_market_average,1110,2025-12-31,0
50,16.01293796342683,0.2600824196504786,15.02758641138242,3.4742399830448187,0.2600824196504786,0.94,甘蓝,180,cycle_market_average,same_season_mean,retrospective_audit_reused,reused_retrospective,cycle_market_average,1110,2025-12-31,0
50,5.233231849620593,0.0849982436171256,5.288491802598823,1.1354258271668558,0.0849982436171256,0.96,甘蓝,180,cycle_market_average,same_season_median,retrospective_audit_reused,reused_retrospective,cycle_market_average,1110,2025-12-31,0
50,19.660781977832865,0.319330766202569,17.91995113929765,4.265692841708614,0.319330766202569,0.96,甘蓝,180,cycle_market_average,linear,retrospective_audit_reused,reused_retrospective,cycle_market_average,1110,2025-12-31,0
50,12.354844013306428,0.2006675934624874,11.78910803722038,2.6805632516248927,0.2006675934624874,0.98,甘蓝,180,cycle_market_average,elasticnet,retrospective_audit_reused,reused_retrospective,cycle_market_average,1110,2025-12-31,0
50,35.44782238828848,0.5757441538300633,30.425492875951974,7.690921062364977,0.5757441538300633,0.84,甘蓝,180,cycle_market_average,extra_trees,retrospective_audit_reused,reused_retrospective,cycle_market_average,1110,2025-12-31,0
50,34.89703539813804,0.5667982618621114,29.98323629912829,7.571419807336565,0.5667982618621114,0.84,甘蓝,180,cycle_market_average,catboost,retrospective_audit_reused,reused_retrospective,cycle_market_average,1110,2025-12-31,0
50,21.935288163063323,1.824977122775631,19.66382687162556,6.568117184260968,1.824977122775631,0.0,芸豆,180,cycle_market_average,last_value,retrospective_audit_reused,reused_retrospective,cycle_market_average,1110,2025-12-31,0
50,2.144768438674262,0.1784409352243091,2.1920135188685874,0.6422113233068046,-0.1782302248417954,1.0,芸豆,180,cycle_market_average,seasonal_naive,retrospective_audit_reused,reused_retrospective,cycle_market_average,1110,2025-12-31,0
50,7.062339103394358,0.5875741043913661,6.77497674388389,2.1146870960278608,0.5875741043913661,1.0,芸豆,180,cycle_market_average,same_season_mean,retrospective_audit_reused,reused_retrospective,cycle_market_average,1110,2025-12-31,0
50,2.2461212593360163,0.1868733103844379,2.2480716340556146,0.6725595548008753,0.0243771227756312,1.0,芸豆,180,cycle_market_average,same_season_median,retrospective_audit_reused,reused_retrospective,cycle_market_average,1110,2025-12-31,0
50,2.331331793021729,0.1939626758598268,2.3849548101183116,0.6980742763956254,-0.062677231902859,1.0,芸豆,180,cycle_market_average,linear,retrospective_audit_reused,reused_retrospective,cycle_market_average,1110,2025-12-31,0
50,1.490337923625334,0.1239934755177311,1.484266413669392,0.446254184296631,0.0280558416820206,1.0,芸豆,180,cycle_market_average,elasticnet,retrospective_audit_reused,reused_retrospective,cycle_market_average,1110,2025-12-31,0
50,10.282417513275162,0.8554789246011919,9.65594331642554,3.0788801433852204,0.8554789246011919,1.0,芸豆,180,cycle_market_average,extra_trees,retrospective_audit_reused,reused_retrospective,cycle_market_average,1110,2025-12-31,0
50,3.252503259404295,0.2706025102583867,3.1926294038042853,0.973902070086814,0.2706025102583867,1.0,芸豆,180,cycle_market_average,catboost,retrospective_audit_reused,reused_retrospective,cycle_market_average,1110,2025-12-31,0
50,26.15282029782713,0.917225138942846,22.184163521387415,8.337726877767343,0.917225138942846,0.0,芹菜,180,cycle_market_average,last_value,retrospective_audit_reused,reused_retrospective,cycle_market_average,1110,2025-12-31,0
50,22.36870386456194,0.7845095586822365,25.07369871882399,7.131320496545903,-0.7845095586822365,1.0,芹菜,180,cycle_market_average,seasonal_naive,retrospective_audit_reused,reused_retrospective,cycle_market_average,1110,2025-12-31,0
50,4.552336023321645,0.1596583846007856,4.5476789776779984,1.451320889526814,-0.1501249293102755,1.0,芹菜,180,cycle_market_average,same_season_mean,retrospective_audit_reused,reused_retrospective,cycle_market_average,1110,2025-12-31,0
50,13.491624449957616,0.4731748610571541,14.33801083244424,4.301237056658884,-0.4731748610571541,1.0,芹菜,180,cycle_market_average,same_season_median,retrospective_audit_reused,reused_retrospective,cycle_market_average,1110,2025-12-31,0
50,5.2480131457100745,0.1840569977513185,5.211371240108972,1.673108282837805,0.1604177175155146,0.88,芹菜,180,cycle_market_average,linear,retrospective_audit_reused,reused_retrospective,cycle_market_average,1110,2025-12-31,0
50,6.287749453414922,0.2205223681564267,6.214857133378937,2.004584477749814,0.1891345967276964,0.78,芹菜,180,cycle_market_average,elasticnet,retrospective_audit_reused,reused_retrospective,cycle_market_average,1110,2025-12-31,0
50,20.309934741578083,0.7123049255537398,18.54440590162977,6.474968544582765,0.7123049255537398,0.74,芹菜,180,cycle_market_average,extra_trees,retrospective_audit_reused,reused_retrospective,cycle_market_average,1110,2025-12-31,0
50,18.42210581069696,0.6460954638701131,17.044546229510274,5.873113683868486,0.5613023874198184,0.74,芹菜,180,cycle_market_average,catboost,retrospective_audit_reused,reused_retrospective,cycle_market_average,1110,2025-12-31,0
50,66.1067768806709,2.5268393960366904,49.01344206644382,18.065142407198874,2.5268393960366904,0.0,茄子,180,cycle_market_average,last_value,retrospective_audit_reused,reused_retrospective,cycle_market_average,1110,2025-12-31,0
50,23.821710988419326,0.9105516960113392,26.66253854553101,6.509810668363686,-0.9105516960113392,1.0,茄子,180,cycle_market_average,seasonal_naive,retrospective_audit_reused,reused_retrospective,cycle_market_average,1110,2025-12-31,0
50,5.019577377659484,0.1918663481691107,5.0524754395482,1.3717108053090752,-0.0161209505240568,1.0,茄子,180,cycle_market_average,same_season_mean,retrospective_audit_reused,reused_retrospective,cycle_market_average,1110,2025-12-31,0
50,7.536092462376688,0.288056629360135,7.420495215614826,2.0594043447678554,-0.2181606039633097,1.0,茄子,180,cycle_market_average,same_season_median,retrospective_audit_reused,reused_retrospective,cycle_market_average,1110,2025-12-31,0
50,20.650165383648492,0.7893237862778488,18.92153932468165,5.643115516903908,0.7893237862778488,1.0,茄子,180,cycle_market_average,linear,retrospective_audit_reused,reused_retrospective,cycle_market_average,1110,2025-12-31,0
50,8.960622737390068,0.3425073133837766,8.762432839586086,2.448688825055494,0.3425073133837766,1.0,茄子,180,cycle_market_average,elasticnet,retrospective_audit_reused,reused_retrospective,cycle_market_average,1110,2025-12-31,0
50,9.624465963551454,0.3678817953326485,9.623008278729026,2.630098704383105,0.3659439407422748,1.0,茄子,180,cycle_market_average,extra_trees,retrospective_audit_reused,reused_retrospective,cycle_market_average,1110,2025-12-31,0
50,7.513460685665359,0.2871915612431442,7.814882191293826,2.053219710022222,0.2425171827810739,1.0,茄子,180,cycle_market_average,catboost,retrospective_audit_reused,reused_retrospective,cycle_market_average,1110,2025-12-31,0
50,66.30622180922853,3.2758752796289783,49.46761753999305,26.56438787005365,3.2758752796289783,0.0,西红柿,180,cycle_market_average,last_value,retrospective_audit_reused,reused_retrospective,cycle_market_average,1110,2025-12-31,0
50,8.921607961778196,0.4407742468062412,8.801821980412763,3.57428078172069,-0.3373156285366818,1.0,西红柿,180,cycle_market_average,seasonal_naive,retrospective_audit_reused,reused_retrospective,cycle_market_average,1110,2025-12-31,0
50,5.903319622082995,0.2916549652515236,5.739112586691373,2.365058178297307,-0.1851605115592432,1.0,西红柿,180,cycle_market_average,same_season_mean,retrospective_audit_reused,reused_retrospective,cycle_market_average,1110,2025-12-31,0
50,9.250675712370487,0.4570319203710222,9.315267358806064,3.706115821084116,-0.4567247203710224,1.0,西红柿,180,cycle_market_average,same_season_median,retrospective_audit_reused,reused_retrospective,cycle_market_average,1110,2025-12-31,0
50,9.979451608696396,0.4930372736851092,10.110909842668448,3.9980866957939902,-0.4930372736851092,1.0,西红柿,180,cycle_market_average,linear,retrospective_audit_reused,reused_retrospective,cycle_market_average,1110,2025-12-31,0
50,9.798091472873931,0.4840771313419019,10.011965775668974,3.925428039325601,-0.4840771313419019,1.0,西红柿,180,cycle_market_average,elasticnet,retrospective_audit_reused,reused_retrospective,cycle_market_average,1110,2025-12-31,0
50,5.551516917383494,0.2742740656589109,5.617749261259099,2.22411479098956,0.0951810523644465,1.0,西红柿,180,cycle_market_average,extra_trees,retrospective_audit_reused,reused_retrospective,cycle_market_average,1110,2025-12-31,0
50,5.432822735798582,0.2684099502760662,5.382858494858458,2.1765621150640353,-0.0600041946313056,1.0,西红柿,180,cycle_market_average,catboost,retrospective_audit_reused,reused_retrospective,cycle_market_average,1110,2025-12-31,0
50,80.91171810401647,4.428791046539868,56.94646600754527,24.178050953099905,4.428791046539868,0.0,青椒,180,cycle_market_average,last_value,retrospective_audit_reused,reused_retrospective,cycle_market_average,1110,2025-12-31,0
50,14.868050664767242,0.8138189523916884,15.141539167201255,4.442872985145134,-0.8138189523916884,1.0,青椒,180,cycle_market_average,seasonal_naive,retrospective_audit_reused,reused_retrospective,cycle_market_average,1110,2025-12-31,0
50,3.974853408258637,0.2175679320413599,4.2260510211537206,1.1877662529972837,0.1087864624363275,1.0,青椒,180,cycle_market_average,same_season_mean,retrospective_audit_reused,reused_retrospective,cycle_market_average,1110,2025-12-31,0
50,11.57205344491632,0.6334089534601314,11.51369118088584,3.45796263358908,-0.6334089534601314,1.0,青椒,180,cycle_market_average,same_season_median,retrospective_audit_reused,reused_retrospective,cycle_market_average,1110,2025-12-31,0
50,19.9796280509175,1.0936067098630524,18.71670528296203,5.970315256661047,1.0936067098630524,1.0,青椒,180,cycle_market_average,linear,retrospective_audit_reused,reused_retrospective,cycle_market_average,1110,2025-12-31,0
50,14.666910095517744,0.802809304184207,14.087805103765255,4.38276813202858,0.802809304184207,1.0,青椒,180,cycle_market_average,elasticnet,retrospective_audit_reused,reused_retrospective,cycle_market_average,1110,2025-12-31,0
50,9.172438798989596,0.5020634313521455,9.531313085304248,2.740909448506101,0.4554996414441609,1.0,青椒,180,cycle_market_average,extra_trees,retrospective_audit_reused,reused_retrospective,cycle_market_average,1110,2025-12-31,0
50,11.700095900458376,0.6404174967709116,11.82854089540597,3.496224298114311,0.1592744947476517,1.0,青椒,180,cycle_market_average,catboost,retrospective_audit_reused,reused_retrospective,cycle_market_average,1110,2025-12-31,0
50,58.096676147527546,2.8789510994239067,44.60597132311806,18.999980773989005,2.8789510994239067,0.0,韭菜,180,cycle_market_average,last_value,retrospective_audit_reused,reused_retrospective,cycle_market_average,1110,2025-12-31,0
50,13.09468250717531,0.6489003003357487,14.045933764934864,4.282494840944688,-0.6489003003357487,1.0,韭菜,180,cycle_market_average,seasonal_naive,retrospective_audit_reused,reused_retrospective,cycle_market_average,1110,2025-12-31,0
50,13.796832236421348,0.6836949713740695,14.78457094832088,4.512126417840056,-0.6836949713740695,1.0,韭菜,180,cycle_market_average,same_season_mean,retrospective_audit_reused,reused_retrospective,cycle_market_average,1110,2025-12-31,0
50,25.27014052007506,1.252248900576093,28.849992506408924,8.264365810157624,-1.252248900576093,1.0,韭菜,180,cycle_market_average,same_season_median,retrospective_audit_reused,reused_retrospective,cycle_market_average,1110,2025-12-31,0
50,9.897649403628096,0.4904729585549646,10.420391503666586,3.236934724098165,-0.4904729585549646,1.0,韭菜,180,cycle_market_average,linear,retrospective_audit_reused,reused_retrospective,cycle_market_average,1110,2025-12-31,0
50,11.67980389114477,0.5787867135131772,12.427502100189123,3.8197718714955577,-0.5787867135131772,1.0,韭菜,180,cycle_market_average,elasticnet,retrospective_audit_reused,reused_retrospective,cycle_market_average,1110,2025-12-31,0
50,10.514659114709222,0.521048559499182,11.025568641502518,3.438722045254659,-0.521048559499182,1.0,韭菜,180,cycle_market_average,extra_trees,retrospective_audit_reused,reused_retrospective,cycle_market_average,1110,2025-12-31,0
50,8.255659911641766,0.4091050083267531,8.478237578863064,2.699937242527786,-0.4091050083267531,1.0,韭菜,180,cycle_market_average,catboost,retrospective_audit_reused,reused_retrospective,cycle_market_average,1110,2025-12-31,0
50,71.63939961995624,3.174783473233953,52.48448016937215,16.55928356606365,3.174783473233953,0.0,黄瓜,180,cycle_market_average,last_value,retrospective_audit_reused,reused_retrospective,cycle_market_average,1110,2025-12-31,0
50,16.47215582578494,0.7299827798901417,17.918378002521944,3.8075011894373394,-0.7299827798901417,1.0,黄瓜,180,cycle_market_average,seasonal_naive,retrospective_audit_reused,reused_retrospective,cycle_market_average,1110,2025-12-31,0
50,11.694970587683162,0.5182762493641954,12.39322013433702,2.703265734855106,-0.5182762493641954,1.0,黄瓜,180,cycle_market_average,same_season_mean,retrospective_audit_reused,reused_retrospective,cycle_market_average,1110,2025-12-31,0
50,20.73772676889747,0.919016526766047,23.09117475209525,4.7934781684862475,-0.919016526766047,1.0,黄瓜,180,cycle_market_average,same_season_median,retrospective_audit_reused,reused_retrospective,cycle_market_average,1110,2025-12-31,0
50,15.94971712456503,0.7068303000646583,17.397667431909273,3.6867406771315303,-0.7068303000646583,1.0,黄瓜,180,cycle_market_average,linear,retrospective_audit_reused,reused_retrospective,cycle_market_average,1110,2025-12-31,0
50,18.393129994432098,0.8151129886228157,20.33807035647086,4.251529980165095,-0.8151129886228157,1.0,黄瓜,180,cycle_market_average,elasticnet,retrospective_audit_reused,reused_retrospective,cycle_market_average,1110,2025-12-31,0
50,8.154771969445571,0.361388222318035,8.85998491113898,1.884956911629672,-0.361388222318035,1.0,黄瓜,180,cycle_market_average,extra_trees,retrospective_audit_reused,reused_retrospective,cycle_market_average,1110,2025-12-31,0
50,5.419397698988862,0.2401669240795693,5.400932965183456,1.2526813978188427,-0.2356283766896505,1.0,黄瓜,180,cycle_market_average,catboost,retrospective_audit_reused,reused_retrospective,cycle_market_average,1110,2025-12-31,0
115,28.556079202742417,0.4853236714975845,25.629749858913197,16.531462798741007,0.4755845410628019,0.0,土豆,180,harvest_market_price,last_value,calibration,calibration,harvest_post_14,826,2024-12-31,0
115,15.88116746161236,0.269907729468599,15.347437933550628,9.193801685036918,0.2142555555555556,0.9130434782608696,土豆,180,harvest_market_price,seasonal_naive,calibration,calibration,harvest_post_14,826,2024-12-31,0
115,27.90741256796561,0.4742992843423049,25.292918612772237,16.15594176640799,0.4742992843423049,0.5391304347826087,土豆,180,harvest_market_price,same_season_mean,calibration,calibration,harvest_post_14,826,2024-12-31,0
115,26.96997777184016,0.4583671497584541,24.51531906844458,15.613249320839168,0.4583671497584541,0.5652173913043478,土豆,180,harvest_market_price,same_season_median,calibration,calibration,harvest_post_14,826,2024-12-31,0
115,29.092047802288945,0.4944327038228051,26.089562224767693,16.841741562915534,0.4944327038228051,0.591304347826087,土豆,180,harvest_market_price,linear,calibration,calibration,harvest_post_14,826,2024-12-31,0
115,35.6817730525887,0.6064281087216921,30.79010529931816,20.656613942832205,0.6064281087216921,0.3304347826086956,土豆,180,harvest_market_price,elasticnet,calibration,calibration,harvest_post_14,826,2024-12-31,0
115,28.99796609633394,0.4928337420525053,26.09158617354969,16.7872765150007,0.4928337420525053,0.6,土豆,180,harvest_market_price,extra_trees,calibration,calibration,harvest_post_14,826,2024-12-31,0
115,35.42789141920635,0.6021132738466334,30.663012440620168,20.509638766452213,0.6021132738466334,0.2956521739130435,土豆,180,harvest_market_price,catboost,calibration,calibration,harvest_post_14,826,2024-12-31,0
115,49.44608935224924,2.377700483091788,46.47620344764121,12.963275829703443,0.274631884057971,0.0,尖椒,180,harvest_market_price,last_value,calibration,calibration,harvest_post_14,826,2024-12-31,0
115,44.64671921263032,2.146914492753623,39.00258224862229,11.70502548586928,1.156267149758454,0.6086956521739131,尖椒,180,harvest_market_price,seasonal_naive,calibration,calibration,harvest_post_14,826,2024-12-31,0
115,20.609404720765717,0.9910387697539872,19.497927548614395,5.403165378317734,-0.287428788774441,0.9217391304347826,尖椒,180,harvest_market_price,same_season_mean,calibration,calibration,harvest_post_14,826,2024-12-31,0
115,17.474908458469557,0.8403111111111111,16.343367013542633,4.581394836549476,-0.471368115942029,0.9391304347826088,尖椒,180,harvest_market_price,same_season_median,calibration,calibration,harvest_post_14,826,2024-12-31,0
115,23.855280006351062,1.1471222808201844,23.990935118800472,6.254136146422496,-0.4897433725211917,0.9652173913043478,尖椒,180,harvest_market_price,linear,calibration,calibration,harvest_post_14,826,2024-12-31,0
115,20.489823492418353,0.985288500154612,22.029831239298595,5.371814780779506,-0.7489831326344769,0.9391304347826088,尖椒,180,harvest_market_price,elasticnet,calibration,calibration,harvest_post_14,826,2024-12-31,0
115,18.357441721638537,0.882749245120712,18.00439110856662,4.81276848549159,-0.8282264264003024,0.9565217391304348,尖椒,180,harvest_market_price,extra_trees,calibration,calibration,harvest_post_14,826,2024-12-31,0
115,12.964288598792963,0.6234101759735867,11.777539461182144,3.3988461219812915,-0.3221660331193386,0.9739130434782608,尖椒,180,harvest_market_price,catboost,calibration,calibration,harvest_post_14,826,2024-12-31,0
115,49.018678664606725,1.0753855072463767,53.868234205143835,13.56564286664007,-0.7026975845410628,0.0,甘蓝,180,harvest_market_price,last_value,calibration,calibration,harvest_post_14,826,2024-12-31,0
115,61.29455406736156,1.344697101449275,55.375773201638104,16.96292215130966,0.4254623188405797,0.7913043478260869,甘蓝,180,harvest_market_price,seasonal_naive,calibration,calibration,harvest_post_14,826,2024-12-31,0
115,30.409148161381864,0.6671244128020444,31.047549679758568,8.415560253236796,-0.0996008976871104,0.8695652173913043,甘蓝,180,harvest_market_price,same_season_mean,calibration,calibration,harvest_post_14,826,2024-12-31,0
115,32.1087882914386,0.7044115942028985,32.55591123662587,8.885926073660414,-0.4273062801932366,0.9130434782608696,甘蓝,180,harvest_market_price,same_season_median,calibration,calibration,harvest_post_14,826,2024-12-31,0
115,33.936703538642675,0.744512911065551,35.13477671166333,9.391791309313142,0.2113536915524819,0.782608695652174,甘蓝,180,harvest_market_price,linear,calibration,calibration,harvest_post_14,826,2024-12-31,0
115,27.148900746373577,0.5956001915123169,29.206320532619017,7.51330516815996,0.1353999560292144,0.808695652173913,甘蓝,180,harvest_market_price,elasticnet,calibration,calibration,harvest_post_14,826,2024-12-31,0
115,16.506381670008516,0.3621216260531533,19.54337700728949,4.568048035074181,0.080179571573698,0.808695652173913,甘蓝,180,harvest_market_price,extra_trees,calibration,calibration,harvest_post_14,826,2024-12-31,0
115,23.841283929812704,0.5230367670187428,25.12262282957353,6.5979408683557,-0.2202188861233499,0.8434782608695652,甘蓝,180,harvest_market_price,catboost,calibration,calibration,harvest_post_14,826,2024-12-31,0
115,27.57290492744408,2.2556463768115944,25.84073031017484,7.922804244165384,0.5739458937198068,0.0,芸豆,180,harvest_market_price,last_value,calibration,calibration,harvest_post_14,826,2024-12-31,0
115,31.170017288324324,2.5499140096618356,29.34784752417152,8.956399259072779,0.6195062801932364,0.5130434782608696,芸豆,180,harvest_market_price,seasonal_naive,calibration,calibration,harvest_post_14,826,2024-12-31,0
115,17.68889060228087,1.447068493575301,17.520716825224245,5.0827295095351825,-0.1573774060120169,0.7217391304347827,芸豆,180,harvest_market_price,same_season_mean,calibration,calibration,harvest_post_14,826,2024-12-31,0
115,15.349287219796992,1.2556734299516912,15.224946061597066,4.410467386368126,-0.5806628019323672,0.8434782608695652,芸豆,180,harvest_market_price,same_season_median,calibration,calibration,harvest_post_14,826,2024-12-31,0
115,18.26397370982493,1.494114103434355,17.93521418072867,5.2479740094232925,1.0442800857085794,0.6086956521739131,芸豆,180,harvest_market_price,linear,calibration,calibration,harvest_post_14,826,2024-12-31,0
115,7.57511801346404,0.6196948615299308,7.7104755765404045,2.1766359875774564,0.0416995038608631,0.9304347826086956,芸豆,180,harvest_market_price,elasticnet,calibration,calibration,harvest_post_14,826,2024-12-31,0
115,20.55504160785756,1.6815386427357242,20.122591266554927,5.906289936380162,0.6090994516928825,0.6173913043478261,芸豆,180,harvest_market_price,extra_trees,calibration,calibration,harvest_post_14,826,2024-12-31,0
115,16.60202093393947,1.3581553509118105,16.50557547570999,4.770428152683258,0.0688586093197863,0.7043478260869566,芸豆,180,harvest_market_price,catboost,calibration,calibration,harvest_post_14,826,2024-12-31,0
115,36.567568404503255,1.391943961352657,39.68208303351452,12.219129262778695,-0.902672463768116,0.0,芹菜,180,harvest_market_price,last_value,calibration,calibration,harvest_post_14,826,2024-12-31,0
115,48.40726233245663,1.8426217391304347,38.05792215183629,16.175387686556803,1.2121405797101448,0.8347826086956521,芹菜,180,harvest_market_price,seasonal_naive,calibration,calibration,harvest_post_14,826,2024-12-31,0
115,24.012279443564346,0.9140270690152268,23.033934373585353,8.023753265988104,-0.0906746697240405,0.8695652173913043,芹菜,180,harvest_market_price,same_season_mean,calibration,calibration,harvest_post_14,826,2024-12-31,0
115,18.23827342307562,0.6942396135265702,17.51421906398563,6.094357109591619,-0.4044115942028985,0.8956521739130435,芹菜,180,harvest_market_price,same_season_median,calibration,calibration,harvest_post_14,826,2024-12-31,0
115,30.874843150258727,1.1752504570531033,31.941197573353836,10.316893243975422,-0.6924908946749645,0.7130434782608696,芹菜,180,harvest_market_price,linear,calibration,calibration,harvest_post_14,826,2024-12-31,0
115,25.049749082341677,0.953518335779494,25.38319155154145,8.370425909960444,-0.5725303202004882,0.7130434782608696,芹菜,180,harvest_market_price,elasticnet,calibration,calibration,harvest_post_14,826,2024-12-31,0
115,19.17200456960345,0.7297820760868164,19.100109029530845,6.406365319978969,-0.5156623998171135,0.8782608695652174,芹菜,180,harvest_market_price,extra_trees,calibration,calibration,harvest_post_14,826,2024-12-31,0
115,17.07035831942846,0.6497829420325469,16.386517779816508,5.704095841422124,-0.3048978125694502,0.9391304347826088,芹菜,180,harvest_market_price,catboost,calibration,calibration,harvest_post_14,826,2024-12-31,0
115,62.146289123588666,2.2921797101449277,61.25174605394912,15.0633125766255,-0.2267961352657005,0.0,茄子,180,harvest_market_price,last_value,calibration,calibration,harvest_post_14,826,2024-12-31,0
115,47.50046758913139,1.7519888888888888,45.82036082317582,11.513388826934309,0.3719038647342992,0.6260869565217392,茄子,180,harvest_market_price,seasonal_naive,calibration,calibration,harvest_post_14,826,2024-12-31,0
115,31.26727506971788,1.153250089700433,31.54616351124827,7.578710562393318,-0.0967027550647687,0.9304347826086956,茄子,180,harvest_market_price,same_season_mean,calibration,calibration,harvest_post_14,826,2024-12-31,0
115,36.3763911758989,1.3416927536231882,36.17614374621031,8.81708237803991,-0.0919265700483092,0.8173913043478261,茄子,180,harvest_market_price,same_season_median,calibration,calibration,harvest_post_14,826,2024-12-31,0
115,29.336145806251025,1.0820230642768716,29.643208454961428,7.1106342841199535,-0.0694546222364881,0.9304347826086956,茄子,180,harvest_market_price,linear,calibration,calibration,harvest_post_14,826,2024-12-31,0
115,24.9702977570212,0.920994812113349,26.19356698277602,6.052419308535231,0.0505951161109532,0.9304347826086956,茄子,180,harvest_market_price,elasticnet,calibration,calibration,harvest_post_14,826,2024-12-31,0
115,34.488125129286914,1.2720466785246072,32.73614559829176,8.359395489746701,0.5945516688320582,0.8347826086956521,茄子,180,harvest_market_price,extra_trees,calibration,calibration,harvest_post_14,826,2024-12-31,0
115,35.920770171553265,1.324887804584316,37.44923455240852,8.706646796097344,0.6082321022402677,0.7217391304347827,茄子,180,harvest_market_price,catboost,calibration,calibration,harvest_post_14,826,2024-12-31,0
115,30.852829339158394,1.6949024154589376,30.75022293593609,13.442554246814302,-0.5848115942028985,0.0,西红柿,180,harvest_market_price,last_value,calibration,calibration,harvest_post_14,826,2024-12-31,0
115,23.007388608071356,1.2639125603864731,20.58598062635081,10.024301695047496,0.0877850241545894,0.8434782608695652,西红柿,180,harvest_market_price,seasonal_naive,calibration,calibration,harvest_post_14,826,2024-12-31,0
115,18.46703052035732,1.014487659826447,17.32031542281634,8.046071133982108,-0.9704491792053576,0.982608695652174,西红柿,180,harvest_market_price,same_season_mean,calibration,calibration,harvest_post_14,826,2024-12-31,0
115,19.995638241367057,1.0984618357487923,19.60488317462147,8.712084353900728,-1.0748985507246376,1.0,西红柿,180,harvest_market_price,same_season_median,calibration,calibration,harvest_post_14,826,2024-12-31,0
115,26.483483756585,1.454872099261023,28.008102647449896,11.538833704002538,-1.4264105828390672,0.8695652173913043,西红柿,180,harvest_market_price,linear,calibration,calibration,harvest_post_14,826,2024-12-31,0
115,27.26258657427201,1.497672169007385,31.39182787325924,11.878288208335828,-1.497672169007385,0.8782608695652174,西红柿,180,harvest_market_price,elasticnet,calibration,calibration,harvest_post_14,826,2024-12-31,0
115,21.27749224323551,1.168880578229407,20.535323297701098,9.270587166307063,-1.0928539156917216,0.9043478260869564,西红柿,180,harvest_market_price,extra_trees,calibration,calibration,harvest_post_14,826,2024-12-31,0
115,22.07944763219949,1.2129360556348523,21.247803837100328,9.61999851854214,-1.113849625049001,0.8869565217391304,西红柿,180,harvest_market_price,catboost,calibration,calibration,harvest_post_14,826,2024-12-31,0
115,45.97636193240929,2.2732792270531403,42.63180158397839,11.35126112043845,0.4807652173913045,0.0,青椒,180,harvest_market_price,last_value,calibration,calibration,harvest_post_14,826,2024-12-31,0
115,37.4379776250472,1.8511028985507247,32.865154286595185,9.243190239101487,1.106990821256039,0.5826086956521739,青椒,180,harvest_market_price,seasonal_naive,calibration,calibration,harvest_post_14,826,2024-12-31,0
115,12.980060429528336,0.6417928800830405,12.570912861320194,3.2046914784439435,-0.0449017863489258,0.982608695652174,青椒,180,harvest_market_price,same_season_mean,calibration,calibration,harvest_post_14,826,2024-12-31,0
115,13.647228299398847,0.6747806763285024,13.207334720741276,3.369410833864026,-0.2589739130434781,0.9739130434782608,青椒,180,harvest_market_price,same_season_median,calibration,calibration,harvest_post_14,826,2024-12-31,0
115,15.526907799681917,0.7677205302428464,19.25812987934391,3.833491329441643,-0.6517766896310766,0.9739130434782608,青椒,180,harvest_market_price,linear,calibration,calibration,harvest_post_14,826,2024-12-31,0
115,16.021198096444635,0.7921604775665718,19.97965910350691,3.9555283500328153,-0.6090785471270962,0.9739130434782608,青椒,180,harvest_market_price,elasticnet,calibration,calibration,harvest_post_14,826,2024-12-31,0
115,13.345625737684014,0.6598680819092159,14.744374160283622,3.294947146683834,-0.6444775037652646,0.991304347826087,青椒,180,harvest_market_price,extra_trees,calibration,calibration,harvest_post_14,826,2024-12-31,0
115,8.189337073769687,0.4049178549730721,8.075452520994476,2.021893416976059,-0.0686211363741041,0.9565217391304348,青椒,180,harvest_market_price,catboost,calibration,calibration,harvest_post_14,826,2024-12-31,0
115,53.301369007038566,3.313142028985508,54.675787034906264,21.738048146278388,-1.2838666666666667,0.0,韭菜,180,harvest_market_price,last_value,calibration,calibration,harvest_post_14,826,2024-12-31,0
115,34.260071856004465,2.1295603864734303,32.72404243878482,13.972382048994591,-0.1416009661835749,0.7043478260869566,韭菜,180,harvest_market_price,seasonal_naive,calibration,calibration,harvest_post_14,826,2024-12-31,0
115,22.620251199250863,1.4060446542105014,20.73912834618078,9.225281053949926,-0.6442761930581726,0.8869565217391304,韭菜,180,harvest_market_price,same_season_mean,calibration,calibration,harvest_post_14,826,2024-12-31,0
115,25.41639581547737,1.5798492753623194,24.29626812460511,10.365640624891949,-0.7862144927536235,0.9043478260869564,韭菜,180,harvest_market_price,same_season_median,calibration,calibration,harvest_post_14,826,2024-12-31,0
115,23.16951845184506,1.44018637427542,21.77530753372893,9.449290271808666,-1.1012981326281095,0.9391304347826088,韭菜,180,harvest_market_price,linear,calibration,calibration,harvest_post_14,826,2024-12-31,0
115,22.305785070178683,1.3864978589155468,20.167169598013572,9.097031442701816,-0.882601749834234,0.8695652173913043,韭菜,180,harvest_market_price,elasticnet,calibration,calibration,harvest_post_14,826,2024-12-31,0
115,23.58201384946909,1.465826538197866,21.53122001907384,9.617519437038649,-0.9436524078417272,0.9217391304347826,韭菜,180,harvest_market_price,extra_trees,calibration,calibration,harvest_post_14,826,2024-12-31,0
115,22.897141534016225,1.4232557882324033,20.360690890953947,9.3382060226796,-1.0981171508721763,0.9391304347826088,韭菜,180,harvest_market_price,catboost,calibration,calibration,harvest_post_14,826,2024-12-31,0
115,55.89015132098298,3.3710260869565216,61.22868546338292,17.085001362201318,-1.845085990338164,0.0,黄瓜,180,harvest_market_price,last_value,calibration,calibration,harvest_post_14,826,2024-12-31,0
115,45.3962468346644,2.7380840579710144,47.025239287165085,13.877130776668428,-1.0361652173913043,0.6173913043478261,黄瓜,180,harvest_market_price,seasonal_naive,calibration,calibration,harvest_post_14,826,2024-12-31,0
115,30.605208316517572,1.845959497214417,31.492767738858497,9.355673824805836,-1.4429388279269284,0.9130434782608696,黄瓜,180,harvest_market_price,same_season_mean,calibration,calibration,harvest_post_14,826,2024-12-31,0
115,33.50052798310455,2.020591304347826,35.44051649571191,10.240741037516626,-1.7309990338164254,0.8608695652173913,黄瓜,180,harvest_market_price,same_season_median,calibration,calibration,harvest_post_14,826,2024-12-31,0
115,29.815107536972096,1.7983044045689165,31.19759376109964,9.114148751501144,-1.6908691688880189,0.808695652173913,黄瓜,180,harvest_market_price,linear,calibration,calibration,harvest_post_14,826,2024-12-31,0
115,27.839481733275505,1.6791441238232585,28.28802706523767,8.510221784950167,-1.531044629612177,0.7652173913043478,黄瓜,180,harvest_market_price,elasticnet,calibration,calibration,harvest_post_14,826,2024-12-31,0
115,27.944969083344045,1.6855066152554734,28.71975128817879,8.542468101644953,-1.4030871551305917,0.808695652173913,黄瓜,180,harvest_market_price,extra_trees,calibration,calibration,harvest_post_14,826,2024-12-31,0
115,32.869937275778284,1.9825570948431703,34.29383421597305,10.047976429817028,-1.8198435490721747,0.8347826086956521,黄瓜,180,harvest_market_price,catboost,calibration,calibration,harvest_post_14,826,2024-12-31,0
41,5.39160301893614,0.1163902439024389,5.212579492280212,4.150709962189442,0.1163902439024389,0.0,土豆,180,harvest_market_price,last_value,retrospective_audit_reused,reused_retrospective,harvest_post_14,1073,2025-12-30,0
41,31.573291554310217,0.6815826558265582,37.75313507648004,24.30660702082736,-0.6815826558265582,1.0,土豆,180,harvest_market_price,seasonal_naive,retrospective_audit_reused,reused_retrospective,harvest_post_14,1073,2025-12-30,0
41,7.601569983676186,0.164097501491515,7.953018548073647,5.852046626710053,-0.164097501491515,1.0,土豆,180,harvest_market_price,same_season_mean,retrospective_audit_reused,reused_retrospective,harvest_post_14,1073,2025-12-30,0
41,9.386722104216568,0.2026341463414633,9.915781748712856,7.226340814306346,-0.2026341463414633,1.0,土豆,180,harvest_market_price,same_season_median,retrospective_audit_reused,reused_retrospective,harvest_post_14,1073,2025-12-30,0
41,10.039368475664798,0.2167230304985707,10.693087909201571,7.728778732350892,-0.2167230304985707,1.0,土豆,180,harvest_market_price,linear,retrospective_audit_reused,reused_retrospective,harvest_post_14,1073,2025-12-30,0
41,5.681339155253614,0.1226448697446797,5.801605149744347,4.373762487235418,-0.0596814801837958,0.7560975609756098,土豆,180,harvest_market_price,elasticnet,retrospective_audit_reused,reused_retrospective,harvest_post_14,1073,2025-12-30,0
41,20.194206824570667,0.4359387457631952,22.58931078335842,15.546451612047418,-0.4359387457631952,1.0,土豆,180,harvest_market_price,extra_trees,retrospective_audit_reused,reused_retrospective,harvest_post_14,1073,2025-12-30,0
41,11.981728529005965,0.2586533728403072,12.766773329431503,9.224098991510626,-0.2586533728403072,1.0,土豆,180,harvest_market_price,catboost,retrospective_audit_reused,reused_retrospective,harvest_post_14,1073,2025-12-30,0
41,217.78187026805816,7.26839024390244,103.33343275570282,41.69367691279652,7.26839024390244,0.0,尖椒,180,harvest_market_price,last_value,retrospective_audit_reused,reused_retrospective,harvest_post_14,1073,2025-12-30,0
41,6.474741864551565,0.2160921409214092,6.52773271501262,1.239569643984111,0.0459783197831979,1.0,尖椒,180,harvest_market_price,seasonal_naive,retrospective_audit_reused,reused_retrospective,harvest_post_14,1073,2025-12-30,0
41,16.64059106693984,0.5553736388379951,15.414685420592283,3.185790565252197,0.5553736388379951,1.0,尖椒,180,harvest_market_price,same_season_mean,retrospective_audit_reused,reused_retrospective,harvest_post_14,1073,2025-12-30,0
41,5.808412990733437,0.1938536585365854,5.769123346252178,1.112003007016372,0.1679024390243904,1.0,尖椒,180,harvest_market_price,same_season_median,retrospective_audit_reused,reused_retrospective,harvest_post_14,1073,2025-12-30,0
41,44.12021387703453,1.4724959966043647,35.82687648601626,8.446680802439419,1.4724959966043647,1.0,尖椒,180,harvest_market_price,linear,retrospective_audit_reused,reused_retrospective,harvest_post_14,1073,2025-12-30,0
41,22.16952441525411,0.7398997665574906,19.9215080176272,4.244288044465057,0.7398997665574906,1.0,尖椒,180,harvest_market_price,elasticnet,retrospective_audit_reused,reused_retrospective,harvest_post_14,1073,2025-12-30,0
41,39.8235395356992,1.3290960624163255,32.983112088471614,7.624095563518305,1.3290960624163255,1.0,尖椒,180,harvest_market_price,extra_trees,retrospective_audit_reused,reused_retrospective,harvest_post_14,1073,2025-12-30,0
41,32.008674718842045,1.0682778082506024,27.496520567075745,6.127963454862187,1.0682778082506024,1.0,尖椒,180,harvest_market_price,catboost,retrospective_audit_reused,reused_retrospective,harvest_post_14,1073,2025-12-30,0
41,78.0830080743676,1.2783902439024388,55.89963375974077,16.77808939108,1.2783902439024388,0.0,甘蓝,180,harvest_market_price,last_value,retrospective_audit_reused,reused_retrospective,harvest_post_14,1073,2025-12-30,0
41,28.314248163486905,0.4635663956639566,33.780889301231944,6.084025173258588,-0.3237615176151762,1.0,甘蓝,180,harvest_market_price,seasonal_naive,retrospective_audit_reused,reused_retrospective,harvest_post_14,1073,2025-12-30,0
41,19.65615514187578,0.321814407330135,18.618468874052024,4.223617099141831,0.1232555279610546,1.0,甘蓝,180,harvest_market_price,same_season_mean,retrospective_audit_reused,reused_retrospective,harvest_post_14,1073,2025-12-30,0
41,12.174120311056818,0.1993170731707317,12.574450279743068,2.615914574424883,-0.0316097560975609,1.0,甘蓝,180,harvest_market_price,same_season_median,retrospective_audit_reused,reused_retrospective,harvest_post_14,1073,2025-12-30,0
41,23.347713104627257,0.382253314600295,27.24686904094587,5.016840759690454,-0.352198070781359,1.0,甘蓝,180,harvest_market_price,linear,retrospective_audit_reused,reused_retrospective,harvest_post_14,1073,2025-12-30,0
41,16.336785013087876,0.2674690318996431,17.973749510551794,3.5103673138640725,-0.2590681664488032,1.0,甘蓝,180,harvest_market_price,elasticnet,retrospective_audit_reused,reused_retrospective,harvest_post_14,1073,2025-12-30,0
41,14.056645752341351,0.2301381470174794,14.205655163917058,3.020422301698555,-0.0099130698858715,1.0,甘蓝,180,harvest_market_price,extra_trees,retrospective_audit_reused,reused_retrospective,harvest_post_14,1073,2025-12-30,0
41,12.142260576647542,0.1987954593824495,12.572480369176803,2.609068712756928,-0.0599892702712627,1.0,甘蓝,180,harvest_market_price,catboost,retrospective_audit_reused,reused_retrospective,harvest_post_14,1073,2025-12-30,0
41,39.99443730712688,2.9460487804878053,33.42196137346824,10.3702774436295,2.9460487804878053,0.0,芸豆,180,harvest_market_price,last_value,retrospective_audit_reused,reused_retrospective,harvest_post_14,1073,2025-12-30,0
41,13.477242258217853,0.9927533875338754,13.69123087240752,3.494554513155298,-0.2156260162601625,1.0,芸豆,180,harvest_market_price,seasonal_naive,retrospective_audit_reused,reused_retrospective,harvest_post_14,1073,2025-12-30,0
41,5.971761877044098,0.4398887190267906,5.890735747843445,1.5484360241568254,0.0722729135556661,1.0,芸豆,180,harvest_market_price,same_season_mean,retrospective_audit_reused,reused_retrospective,harvest_post_14,1073,2025-12-30,0
41,8.255963339205067,0.6081463414634146,8.442657910203302,2.140713463087872,-0.3351707317073169,1.0,芸豆,180,harvest_market_price,same_season_median,retrospective_audit_reused,reused_retrospective,harvest_post_14,1073,2025-12-30,0
41,4.8687397498248,0.3586384949570944,4.936131128520837,1.2624301129375624,0.2718585591286968,1.0,芸豆,180,harvest_market_price,linear,retrospective_audit_reused,reused_retrospective,harvest_post_14,1073,2025-12-30,0
41,6.008849521964904,0.4426206492262596,6.006265713112807,1.5580525906959688,0.0558102239480686,1.0,芸豆,180,harvest_market_price,elasticnet,retrospective_audit_reused,reused_retrospective,harvest_post_14,1073,2025-12-30,0
41,2.019558118914942,0.1487636064901803,2.0556775595085592,0.5236572737816816,0.095255457061316,1.0,芸豆,180,harvest_market_price,extra_trees,retrospective_audit_reused,reused_retrospective,harvest_post_14,1073,2025-12-30,0
41,5.017134278690925,0.3695694531160984,5.023217092642401,1.3009077748094091,0.0233902837942208,1.0,芸豆,180,harvest_market_price,catboost,retrospective_audit_reused,reused_retrospective,harvest_post_14,1073,2025-12-30,0
41,49.494375818385464,1.5303902439024388,39.13997568436907,13.673765139718403,1.5303902439024388,0.0,芹菜,180,harvest_market_price,last_value,retrospective_audit_reused,reused_retrospective,harvest_post_14,1073,2025-12-30,0
41,9.715626933668489,0.3004119241192411,9.779586587814125,2.684127210000221,-0.0627642276422765,1.0,芹菜,180,harvest_market_price,seasonal_naive,retrospective_audit_reused,reused_retrospective,harvest_post_14,1073,2025-12-30,0
41,17.871831812247546,0.5526057576014318,16.59191940691292,4.937434340296173,0.3572630660255798,0.902439024390244,芹菜,180,harvest_market_price,same_season_mean,retrospective_audit_reused,reused_retrospective,harvest_post_14,1073,2025-12-30,0
41,9.918437534510227,0.3066829268292682,9.84313690374109,2.740157505925783,0.0494146341463413,1.0,芹菜,180,harvest_market_price,same_season_median,retrospective_audit_reused,reused_retrospective,harvest_post_14,1073,2025-12-30,0
41,15.847138804256105,0.4900012621392106,14.771496225444531,4.378074287491529,0.4900012621392106,0.902439024390244,芹菜,180,harvest_market_price,linear,retrospective_audit_reused,reused_retrospective,harvest_post_14,1073,2025-12-30,0
41,11.850252389271544,0.3664155844871978,11.28107295347612,3.2738581977852643,0.3664155844871978,0.951219512195122,芹菜,180,harvest_market_price,elasticnet,retrospective_audit_reused,reused_retrospective,harvest_post_14,1073,2025-12-30,0
41,19.07514031625906,0.5898126435252259,17.55597311535481,5.269871260702135,0.3736665629813198,0.902439024390244,芹菜,180,harvest_market_price,extra_trees,retrospective_audit_reused,reused_retrospective,harvest_post_14,1073,2025-12-30,0
41,14.530109160118702,0.4492780630889972,13.869937230183345,4.014219733550633,0.237469797406247,0.951219512195122,芹菜,180,harvest_market_price,catboost,retrospective_audit_reused,reused_retrospective,harvest_post_14,1073,2025-12-30,0
41,168.15951891122015,4.146731707317073,90.3160628374354,28.970909738294463,4.146731707317073,0.0,茄子,180,harvest_market_price,last_value,retrospective_audit_reused,reused_retrospective,harvest_post_14,1073,2025-12-30,0
41,20.950044838318295,0.5166178861788616,23.342556757068607,3.609322041082766,-0.5166178861788616,1.0,茄子,180,harvest_market_price,seasonal_naive,retrospective_audit_reused,reused_retrospective,harvest_post_14,1073,2025-12-30,0
41,19.729229772267708,0.4865131821695986,17.77671550593453,3.3989972059815545,0.4537562370044023,1.0,茄子,180,harvest_market_price,same_season_mean,retrospective_audit_reused,reused_retrospective,harvest_post_14,1073,2025-12-30,0
41,27.559740465263495,0.6796097560975611,23.6846804364689,4.748055647396934,0.5706341463414636,1.0,茄子,180,harvest_market_price,same_season_median,retrospective_audit_reused,reused_retrospective,harvest_post_14,1073,2025-12-30,0
41,38.6183128907788,0.952308757685195,32.1547543879191,6.653252008853813,0.952308757685195,1.0,茄子,180,harvest_market_price,linear,retrospective_audit_reused,reused_retrospective,harvest_post_14,1073,2025-12-30,0
41,12.431268679905962,0.3065490216129786,11.720097221591129,2.141687637963459,0.3038999482262512,1.0,茄子,180,harvest_market_price,elasticnet,retrospective_audit_reused,reused_retrospective,harvest_post_14,1073,2025-12-30,0
41,56.30207105167103,1.3883816077093043,44.01437114937908,9.69985064822976,1.3883816077093043,1.0,茄子,180,harvest_market_price,extra_trees,retrospective_audit_reused,reused_retrospective,harvest_post_14,1073,2025-12-30,0
41,47.34711901539623,1.167556858764054,38.379595734562585,8.157070858935517,1.167556858764054,1.0,茄子,180,harvest_market_price,catboost,retrospective_audit_reused,reused_retrospective,harvest_post_14,1073,2025-12-30,0
41,142.979966380997,5.062048780487805,82.85582887202084,40.33984755190996,5.062048780487805,0.0,西红柿,180,harvest_market_price,last_value,retrospective_audit_reused,reused_retrospective,harvest_post_14,1073,2025-12-30,0
41,13.45479652542398,0.476352303523035,12.18623538590808,3.796087342972745,0.4652195121951217,1.0,西红柿,180,harvest_market_price,seasonal_naive,retrospective_audit_reused,reused_retrospective,harvest_post_14,1073,2025-12-30,0
41,9.311771856844002,0.3296730623541581,8.872881724070227,2.627189435352792,0.2196360964313072,1.0,西红柿,180,harvest_market_price,same_season_mean,retrospective_audit_reused,reused_retrospective,harvest_post_14,1073,2025-12-30,0
41,12.071151037504476,0.4273658536585365,11.131877224009433,3.405710638729938,0.3637560975609755,1.0,西红柿,180,harvest_market_price,same_season_median,retrospective_audit_reused,reused_retrospective,harvest_post_14,1073,2025-12-30,0
41,6.408776439644704,0.2268956958226992,6.3660029458042695,1.808148869476164,0.0464862594223985,1.0,西红柿,180,harvest_market_price,linear,retrospective_audit_reused,reused_retrospective,harvest_post_14,1073,2025-12-30,0
41,5.913217656882948,0.2093509810250003,5.968711296563402,1.6683337173565298,-0.0666753530308188,1.0,西红柿,180,harvest_market_price,elasticnet,retrospective_audit_reused,reused_retrospective,harvest_post_14,1073,2025-12-30,0
41,17.686112590351296,0.6261574046743983,16.20929335145369,4.989895463952982,0.6261574046743983,1.0,西红柿,180,harvest_market_price,extra_trees,retrospective_audit_reused,reused_retrospective,harvest_post_14,1073,2025-12-30,0
41,16.216778849397,0.5741372562592856,14.931622798748052,4.575342987733826,0.5741372562592856,1.0,西红柿,180,harvest_market_price,catboost,retrospective_audit_reused,reused_retrospective,harvest_post_14,1073,2025-12-30,0
41,197.65802064971044,6.891804878048781,98.04600921295952,36.65780901691125,6.891804878048781,0.0,青椒,180,harvest_market_price,last_value,retrospective_audit_reused,reused_retrospective,harvest_post_14,1073,2025-12-30,0
41,15.462722018585364,0.5391436314363144,14.423463350387284,2.8677283561562423,0.4812899728997291,1.0,青椒,180,harvest_market_price,seasonal_naive,retrospective_audit_reused,reused_retrospective,harvest_post_14,1073,2025-12-30,0
41,21.699134472501267,0.7565906018660709,19.78870920021182,4.024338221695087,0.7565906018660709,1.0,青椒,180,harvest_market_price,same_season_mean,retrospective_audit_reused,reused_retrospective,harvest_post_14,1073,2025-12-30,0
41,18.93169926410924,0.6600975609756099,17.541104606528474,3.5110875526736818,0.6205853658536586,1.0,青椒,180,harvest_market_price,same_season_median,retrospective_audit_reused,reused_retrospective,harvest_post_14,1073,2025-12-30,0
41,19.711573076495736,0.6872896684691523,17.720727729293376,3.655723551646975,0.6786988015973774,1.0,青椒,180,harvest_market_price,linear,retrospective_audit_reused,reused_retrospective,harvest_post_14,1073,2025-12-30,0
41,12.40639331665554,0.4325776495062949,11.75282390682429,2.300899276921446,0.388968169405068,1.0,青椒,180,harvest_market_price,elasticnet,retrospective_audit_reused,reused_retrospective,harvest_post_14,1073,2025-12-30,0
41,24.42418738687938,0.8516058858728607,21.055440161225228,4.529728637767722,0.8362595456400461,1.0,青椒,180,harvest_market_price,extra_trees,retrospective_audit_reused,reused_retrospective,harvest_post_14,1073,2025-12-30,0
41,29.207789491976428,1.0183972572231663,25.438851832233446,5.4168991750681466,1.0183972572231663,1.0,青椒,180,harvest_market_price,catboost,retrospective_audit_reused,reused_retrospective,harvest_post_14,1073,2025-12-30,0
41,51.540688088520874,2.7447804878048783,41.02216827439594,17.75742114017399,2.7447804878048783,0.0,韭菜,180,harvest_market_price,last_value,retrospective_audit_reused,reused_retrospective,harvest_post_14,1073,2025-12-30,0
41,24.05551688060024,1.2810677506775068,26.897770518811132,8.287897578311934,-1.1843848238482388,1.0,韭菜,180,harvest_market_price,seasonal_naive,retrospective_audit_reused,reused_retrospective,harvest_post_14,1073,2025-12-30,0
41,17.209620819696895,0.9164920605502191,18.701342603067935,5.9292666802041945,-0.8234253606995473,1.0,韭菜,180,harvest_market_price,same_season_mean,retrospective_audit_reused,reused_retrospective,harvest_post_14,1073,2025-12-30,0
41,20.202982449712387,1.0759024390243903,22.690195359727763,6.96057582760499,-0.968878048780488,1.0,韭菜,180,harvest_market_price,same_season_median,retrospective_audit_reused,reused_retrospective,harvest_post_14,1073,2025-12-30,0
41,23.615907031089304,1.2576564889746735,26.313992141252985,8.136437876770371,-1.1965172051236073,1.0,韭菜,180,harvest_market_price,linear,retrospective_audit_reused,reused_retrospective,harvest_post_14,1073,2025-12-30,0
41,25.898316010395774,1.3792053441399643,29.368910825662187,8.922801019420895,-1.3272312488021236,1.0,韭菜,180,harvest_market_price,elasticnet,retrospective_audit_reused,reused_retrospective,harvest_post_14,1073,2025-12-30,0
41,10.509749613766829,0.5596928706508058,10.564954418646847,3.620946031005817,-0.020733050768182,1.0,韭菜,180,harvest_market_price,extra_trees,retrospective_audit_reused,reused_retrospective,harvest_post_14,1073,2025-12-30,0
41,11.487572542912629,0.6117664730023693,11.673213497145028,3.9578374113369943,-0.0730936355033021,1.0,韭菜,180,harvest_market_price,catboost,retrospective_audit_reused,reused_retrospective,harvest_post_14,1073,2025-12-30,0
41,49.39864338507723,2.536487804878049,39.832229152286445,12.997681294594972,2.536487804878049,0.0,黄瓜,180,harvest_market_price,last_value,retrospective_audit_reused,reused_retrospective,harvest_post_14,1073,2025-12-30,0
41,33.77456040905339,1.7342330623306237,38.55947901179662,8.886700969495354,-1.1272086720867207,1.0,黄瓜,180,harvest_market_price,seasonal_naive,retrospective_audit_reused,reused_retrospective,harvest_post_14,1073,2025-12-30,0
41,20.82797788833283,1.0694607846252149,22.97547878024336,5.480219699417927,-1.0599211297388702,1.0,黄瓜,180,harvest_market_price,same_season_mean,retrospective_audit_reused,reused_retrospective,harvest_post_14,1073,2025-12-30,0
41,26.26208888297771,1.3484878048780486,29.74933734412557,6.910033111038566,-1.263024390243903,1.0,黄瓜,180,harvest_market_price,same_season_median,retrospective_audit_reused,reused_retrospective,harvest_post_14,1073,2025-12-30,0
41,44.28484581298294,2.273908019495712,56.30288344219144,11.6521481687352,-2.273908019495712,1.0,黄瓜,180,harvest_market_price,linear,retrospective_audit_reused,reused_retrospective,harvest_post_14,1073,2025-12-30,0
41,44.77660125264222,2.299158341978354,57.23376374190996,11.781537966543,-2.299158341978354,1.0,黄瓜,180,harvest_market_price,elasticnet,retrospective_audit_reused,reused_retrospective,harvest_post_14,1073,2025-12-30,0
41,31.132621882753956,1.5985766071329008,36.327736776638616,8.191558904619836,-1.5985766071329008,1.0,黄瓜,180,harvest_market_price,extra_trees,retrospective_audit_reused,reused_retrospective,harvest_post_14,1073,2025-12-30,0
41,29.95760239175133,1.5382425087612333,34.34109340691837,7.882389911051826,-1.5382425087612333,1.0,黄瓜,180,harvest_market_price,catboost,retrospective_audit_reused,reused_retrospective,harvest_post_14,1073,2025-12-30,0
