n,MAE,RMSE,sMAPE,WAPE,bias,direction_accuracy,MASE,method,family,crop,fold,horizon,target
248,0.0623898219443972,0.08769265583245646,2.983128073599889,3.008798453574673,-0.004147195903016554,0.38306451612903225,2.124031971576416,b_drift_trend90,rowwise,土豆,fold1_test2024,7,target_lh_full_7
250,0.05069131229613317,0.06712116782243906,2.753295727661059,2.6218071206830955,0.0014151769133603515,0.488,1.7829107691548274,b_drift_trend90,rowwise,土豆,fold2_test2025,7,target_lh_full_7
170,0.04987380066965265,0.06241577822999595,2.2645854239639904,2.2754722451707567,0.012974520864254106,0.38235294117647056,1.8755959226194163,b_drift_trend90,rowwise,土豆,fold3_test2026,7,target_lh_full_7
248,0.4880035550005596,0.6597747265413251,7.477659621152263,8.090632214650844,0.17931655151927,0.4475806451612903,2.8669330028046325,b_drift_trend90,rowwise,尖椒,fold1_test2024,7,target_lh_full_7
250,0.256676360150041,0.34782055682640484,5.091809292647995,5.1123104330622215,-0.025524406098959347,0.56,1.457814839024525,b_drift_trend90,rowwise,尖椒,fold2_test2025,7,target_lh_full_7
170,0.3645030653236338,0.5585637217217259,5.677199086124754,6.16904434178177,0.1548807872335302,0.5470588235294118,2.216305283183875,b_drift_trend90,rowwise,尖椒,fold3_test2026,7,target_lh_full_7
248,0.1961124276234591,0.26782418819187687,8.24301487940851,8.340796944641708,0.05459072462631634,0.45564516129032256,2.528038670102195,b_drift_trend90,rowwise,甘蓝,fold1_test2024,7,target_lh_full_7
250,0.11903139787429422,0.16875262489032242,6.432796151430972,6.374132376029635,0.010836898969963954,0.548,1.4993436725571698,b_drift_trend90,rowwise,甘蓝,fold2_test2025,7,target_lh_full_7
170,0.11507612645967,0.15542585198350456,6.688806859109555,6.425525744707151,0.01333518032052795,0.47058823529411764,1.5593245468358277,b_drift_trend90,rowwise,甘蓝,fold3_test2026,7,target_lh_full_7
248,0.6147324980434229,0.792999643243059,6.84359994731498,7.018229750538597,0.06777707859451751,0.375,2.171384280865604,b_drift_trend90,rowwise,芸豆,fold1_test2024,7,target_lh_full_7
250,0.5512592292962067,0.7684604875247957,6.303710069063054,6.483759128229694,-0.030420497646288035,0.42,1.979727044941761,b_drift_trend90,rowwise,芸豆,fold2_test2025,7,target_lh_full_7
170,0.379184899477238,0.514959014735665,4.524013461434521,4.46610264032741,0.02387043693608215,0.5470588235294118,1.3850681812024348,b_drift_trend90,rowwise,芸豆,fold3_test2026,7,target_lh_full_7
248,0.3598554825633613,0.502022907495083,7.571121282044271,7.764480261331107,0.09953114133174515,0.4838709677419355,3.2697935652575785,b_drift_trend90,rowwise,芹菜,fold1_test2024,7,target_lh_full_7
250,0.19581582405943598,0.27074038786271576,5.549778963398995,5.78836697466792,-0.0019926462503548803,0.508,1.7013903665401355,b_drift_trend90,rowwise,芹菜,fold2_test2025,7,target_lh_full_7
170,0.15359059706523293,0.22520386267837764,4.263054168997328,4.2804872512660825,0.0036221910090949733,0.5529411764705883,1.3964842478551067,b_drift_trend90,rowwise,芹菜,fold3_test2026,7,target_lh_full_7
248,0.32841622179045243,0.4478493060015155,7.675443182592582,7.707180523938863,0.1107912830893811,0.47580645161290325,2.1926278587792623,b_drift_trend90,rowwise,茄子,fold1_test2024,7,target_lh_full_7
250,0.22704902695418455,0.33799066592578475,6.144782782034734,6.134444111183583,0.01914801115859558,0.556,1.5438453432281485,b_drift_trend90,rowwise,茄子,fold2_test2025,7,target_lh_full_7
170,0.3059386185128707,0.48896739654313637,6.819689397499156,7.643025427076612,0.08974282965588863,0.6,2.2161122883810953,b_drift_trend90,rowwise,茄子,fold3_test2026,7,target_lh_full_7
248,0.3243212574983673,0.44776055511565394,5.39995797849049,5.878382346333896,0.11851004744645936,0.4475806451612903,2.6693406930231176,b_drift_trend90,rowwise,西红柿,fold1_test2024,7,target_lh_full_7
250,0.22123575590588868,0.3006403814159845,4.313740114197475,4.159330948001639,-0.03854446358537602,0.5,1.7517619117850567,b_drift_trend90,rowwise,西红柿,fold2_test2025,7,target_lh_full_7
170,0.27636594435244205,0.38624469830478947,4.9862784808304905,5.282106912839047,0.07583839719414288,0.5352941176470588,2.2946680377558204,b_drift_trend90,rowwise,西红柿,fold3_test2026,7,target_lh_full_7
248,0.5247732315515357,0.7896523638622575,7.098648548925249,7.762408306430364,0.23255092357513157,0.5,2.801334923336925,b_drift_trend90,rowwise,青椒,fold1_test2024,7,target_lh_full_7
250,0.2534276489767104,0.3580095548713591,4.661000882031964,4.839051601818215,-0.02584280453557687,0.536,1.3305493546574505,b_drift_trend90,rowwise,青椒,fold2_test2025,7,target_lh_full_7
170,0.3728536443971517,0.5951601154822921,5.918428603273072,6.3433646286925285,0.12352281083291175,0.5529411764705883,2.1296044965103893,b_drift_trend90,rowwise,青椒,fold3_test2026,7,target_lh_full_7
248,0.35897589516027534,0.5268195319619323,6.387007874222764,6.6012469002177,0.0749653021034904,0.4959677419354839,2.3862371585549913,b_drift_trend90,rowwise,韭菜,fold1_test2024,7,target_lh_full_7
250,0.39607775423843566,0.5679815831566483,6.51735981476379,7.024407167244472,0.04499399516327654,0.516,2.5764994346988854,b_drift_trend90,rowwise,韭菜,fold2_test2025,7,target_lh_full_7
170,0.3366856733683068,0.4701454430015949,6.427408172928891,6.23370210967634,0.0549536571905351,0.4823529411764706,2.2122493311453546,b_drift_trend90,rowwise,韭菜,fold3_test2026,7,target_lh_full_7
248,0.43175071073250537,0.6356831304211792,8.606002938676083,9.064109652937912,0.029326916895021614,0.4596774193548387,2.202564787862517,b_drift_trend90,rowwise,黄瓜,fold1_test2024,7,target_lh_full_7
250,0.4919991524517485,0.7277750059989798,8.987654737249187,9.513078167700941,0.07514397953661484,0.52,2.5046302110296375,b_drift_trend90,rowwise,黄瓜,fold2_test2025,7,target_lh_full_7
170,0.42949258376016497,0.6383539080932344,9.149045038071298,8.674459976590656,0.007310857630536665,0.6764705882352942,2.190671786008625,b_drift_trend90,rowwise,黄瓜,fold3_test2026,7,target_lh_full_7
248,0.05767069892473115,0.08295437220173212,2.758975860808692,2.7812150176665837,0.001178763440860199,0.13306451612903225,1.9633716609811067,b_last_value,rowwise,土豆,fold1_test2024,7,target_lh_full_7
250,0.043118666666666666,0.060660735973847926,2.3213890725116655,2.230142053545753,-0.0030493333333333475,0.184,1.516566284622732,b_last_value,rowwise,土豆,fold2_test2025,7,target_lh_full_7
170,0.042294117647058795,0.05691066270402901,1.932976527274612,1.929652233190017,0.0009058823529411838,0.12352941176470589,1.590548014077425,b_last_value,rowwise,土豆,fold3_test2026,7,target_lh_full_7
248,0.37645833333333334,0.5120947602336714,5.999620806647445,6.241319121408736,0.012805107526881805,0.004032258064516129,2.2116249132917134,b_last_value,rowwise,尖椒,fold1_test2024,7,target_lh_full_7
250,0.2571853333333333,0.3531931577291194,5.02277780456843,5.122447825199047,-0.04339066666666663,0.004,1.4607055947561214,b_last_value,rowwise,尖椒,fold2_test2025,7,target_lh_full_7
170,0.27605686274509805,0.4136712573412937,4.399390197313224,4.672133622842414,0.09177058823529419,0.0,1.6785216410125396,b_last_value,rowwise,尖椒,fold3_test2026,7,target_lh_full_7
248,0.15480779569892472,0.21085876318226068,6.851358470862627,6.584082431795121,0.00045026881720429895,0.004032258064516129,1.9955904819636592,b_last_value,rowwise,甘蓝,fold1_test2024,7,target_lh_full_7
250,0.09909866666666664,0.1414975178423832,5.564568462548617,5.30673444907751,-0.018213333333333352,0.024,1.2482669403112707,b_last_value,rowwise,甘蓝,fold2_test2025,7,target_lh_full_7
170,0.09597254901960788,0.13999735291615129,5.375706087533012,5.35883595914033,0.0221372549019608,0.03529411764705882,1.300463928642289,b_last_value,rowwise,甘蓝,fold3_test2026,7,target_lh_full_7
248,0.5097271505376345,0.6957252375635052,5.706100331515115,5.819412938061063,-0.004969086021505114,0.004032258064516129,1.8004799253831751,b_last_value,rowwise,芸豆,fold1_test2024,7,target_lh_full_7
250,0.5143306666666667,0.7301405167652473,5.906244117878955,6.049415552073389,-0.0408746666666665,0.004,1.8471061829529944,b_last_value,rowwise,芸豆,fold2_test2025,7,target_lh_full_7
170,0.3584666666666667,0.4811799603561708,4.338641415417097,4.222079857812135,0.04453725490196091,0.0,1.3093896268184695,b_last_value,rowwise,芸豆,fold3_test2026,7,target_lh_full_7
248,0.27479032258064523,0.3942903690952777,6.091737015403257,5.929058022081279,-0.009072580645161258,0.0,2.496856855337876,b_last_value,rowwise,芹菜,fold1_test2024,7,target_lh_full_7
250,0.16947733333333326,0.24562449208316153,4.849504272838739,5.009794299993297,-0.006280000000000035,0.012,1.4725423936766346,b_last_value,rowwise,芹菜,fold2_test2025,7,target_lh_full_7
170,0.15041568627450982,0.22085337755869835,4.124134611417263,4.192004196813047,0.02278431372549018,0.047058823529411764,1.36761716228927,b_last_value,rowwise,芹菜,fold3_test2026,7,target_lh_full_7
248,0.2614059139784946,0.36535208996470386,6.404140049551603,6.13460126321952,0.002295698924731188,0.008064516129032258,1.7452423218138535,b_last_value,rowwise,茄子,fold1_test2024,7,target_lh_full_7
250,0.2099786666666667,0.30388176648163673,5.840200491547781,5.67323459821493,-0.04793599999999999,0.008,1.4277735124405668,b_last_value,rowwise,茄子,fold2_test2025,7,target_lh_full_7
170,0.2755372549019608,0.4058177462078943,6.380857101086204,6.8835319174783445,0.07727058823529417,0.0,1.9958954494309487,b_last_value,rowwise,茄子,fold3_test2026,7,target_lh_full_7
248,0.2479704301075269,0.37291403945731616,4.255410967582908,4.494509579792953,0.024911290322580718,0.012096774193548387,2.040931775049616,b_last_value,rowwise,西红柿,fold1_test2024,7,target_lh_full_7
250,0.22267333333333333,0.2899820339262416,4.268265314865909,4.18635804522485,-0.060462666666666574,0.012,1.7631447615975921,b_last_value,rowwise,西红柿,fold2_test2025,7,target_lh_full_7
170,0.23313137254901967,0.3093074987098922,4.327093435336702,4.455776334621133,0.08647254901960788,0.03529411764705882,1.93569113748748,b_last_value,rowwise,西红柿,fold3_test2026,7,target_lh_full_7
248,0.3843387096774193,0.5594734059233591,5.464757867136898,5.685110849999105,0.018991935483871143,0.004032258064516129,2.0516699120234603,b_last_value,rowwise,青椒,fold1_test2024,7,target_lh_full_7
250,0.24742000000000003,0.35668802615170586,4.5186497090303765,4.724339085163872,-0.03585466666666662,0.024,1.2990079127459366,b_last_value,rowwise,青椒,fold2_test2025,7,target_lh_full_7
170,0.29604901960784324,0.47926051493574,4.631850999435151,5.036686398428133,0.06555882352941181,0.0058823529411764705,1.690924395720273,b_last_value,rowwise,青椒,fold3_test2026,7,target_lh_full_7
248,0.3013131720430107,0.4575900605678252,5.4296088704638565,5.540880793836089,0.0007889784946237104,0.008064516129032258,2.002933058137746,b_last_value,rowwise,韭菜,fold1_test2024,7,target_lh_full_7
250,0.31353733333333345,0.49401904911540495,5.420328897671172,5.560559430307086,-0.036273333333333255,0.004,2.039571153506448,b_last_value,rowwise,韭菜,fold2_test2025,7,target_lh_full_7
170,0.2741058823529412,0.3967593762148276,5.18635813674687,5.075043437411283,0.06859215686274509,0.011764705882352941,1.8010583843137258,b_last_value,rowwise,韭菜,fold3_test2026,7,target_lh_full_7
248,0.37561155913978483,0.5765492208235634,7.488248878430827,7.885532725997805,-0.00975134408602145,0.0,1.9161723965012656,b_last_value,rowwise,黄瓜,fold1_test2024,7,target_lh_full_7
250,0.4407546666666667,0.6729542543475333,8.34748865014119,8.522237438590269,-0.04021866666666666,0.004,2.2437588526006564,b_last_value,rowwise,黄瓜,fold2_test2025,7,target_lh_full_7
170,0.4268666666666666,0.6170250553699163,8.939419305386863,8.621424339677036,0.03512156862745104,0.011764705882352941,2.1772780215837266,b_last_value,rowwise,黄瓜,fold3_test2026,7,target_lh_full_7
248,0.3007073229280744,0.33944084606103647,13.859912384977747,14.501848218302552,0.2965169254628142,0.4798387096774194,10.237438544953923,b_same_season_mean,rowwise,土豆,fold1_test2024,7,target_lh_full_7
250,0.35102940108110897,0.3972578802237556,17.475468372665254,18.155603823138318,0.35102940108110897,0.472,12.346377932007488,b_same_season_mean,rowwise,土豆,fold2_test2025,7,target_lh_full_7
170,0.2020652424146434,0.25436250056332527,8.937297666436997,9.219146017640451,0.10131311360979499,0.45294117647058824,7.59903475747377,b_same_season_mean,rowwise,土豆,fold3_test2026,7,target_lh_full_7
248,1.328888911563312,1.746812652969965,23.185278858440192,22.031707202571717,-0.7967996480350057,0.5403225806451613,7.8069830405592375,b_same_season_mean,rowwise,尖椒,fold1_test2024,7,target_lh_full_7
250,1.1827919629475014,1.615736871912457,20.29222671114954,23.558070126847593,0.3088749221929013,0.536,6.717765804594833,b_same_season_mean,rowwise,尖椒,fold2_test2025,7,target_lh_full_7
170,0.8857647260720584,1.3460803214998938,13.396210413925852,14.991154784042948,-0.4975826395531768,0.5235294117647059,5.3857572920776615,b_same_season_mean,rowwise,尖椒,fold3_test2026,7,target_lh_full_7
248,0.623736753352669,0.8272729936422564,25.750965483129946,26.527954753655592,-0.2029463525210478,0.5806451612903226,8.04044216650613,b_same_season_mean,rowwise,甘蓝,fold1_test2024,7,target_lh_full_7
250,0.6864083606209018,0.7831094592185285,34.50505052574265,36.757173592397066,0.2805108811712605,0.48,8.646139175599355,b_same_season_mean,rowwise,甘蓝,fold2_test2025,7,target_lh_full_7
170,0.3874616165968973,0.4518194390487921,21.85910432424438,21.63476186697808,0.18555403808625628,0.5235294117647059,5.250249798145376,b_same_season_mean,rowwise,甘蓝,fold3_test2026,7,target_lh_full_7
248,1.4866782791574382,1.855587203016622,16.471129561294504,16.97299192977633,0.14620543470030095,0.5564516129032258,5.251308262278921,b_same_season_mean,rowwise,芸豆,fold1_test2024,7,target_lh_full_7
250,1.6299653587374607,1.9718338779301567,17.885797641191985,19.171203331878473,0.35900520032630107,0.532,5.853664358836259,b_same_season_mean,rowwise,芸豆,fold2_test2025,7,target_lh_full_7
170,0.8047330667100789,1.0510611440515265,9.072210244852855,9.47827953841923,0.4344448076377717,0.6470588235294118,2.939489854681028,b_same_season_mean,rowwise,芸豆,fold3_test2026,7,target_lh_full_7
248,1.2406367675491505,1.6552303981766305,27.302016888166513,26.76880069882193,-1.1013347674340321,0.5362903225806451,11.272931262454524,b_same_season_mean,rowwise,芹菜,fold1_test2024,7,target_lh_full_7
250,0.7957062517308429,0.9217278085145773,22.711009227669983,23.521284917492665,0.2758605881164266,0.54,6.913674917710915,b_same_season_mean,rowwise,芹菜,fold2_test2025,7,target_lh_full_7
170,0.4158619928144886,0.5133670357452891,11.412963837550391,11.589849851110912,-0.09370469908467775,0.47058823529411764,3.7811215878040585,b_same_season_mean,rowwise,芹菜,fold3_test2026,7,target_lh_full_7
248,0.6687746601400907,0.857674351736958,16.89284696453213,15.69461766363145,-0.18659053344196802,0.5201612903225806,4.464986361131768,b_same_season_mean,rowwise,茄子,fold1_test2024,7,target_lh_full_7
250,1.2123194582614565,1.4456187976429478,30.20994933006273,32.75462600025117,0.34668872538319945,0.42,8.243302229696372,b_same_season_mean,rowwise,茄子,fold2_test2025,7,target_lh_full_7
170,0.6396858351904029,0.8214729990522998,15.83654110573891,15.980771330754065,-0.05523410983713502,0.48823529411764705,4.633660330165666,b_same_season_mean,rowwise,茄子,fold3_test2026,7,target_lh_full_7
248,0.9082745227373943,1.2280790071645946,17.182677714462642,16.4626425084431,-0.6491004048063721,0.532258064516129,7.475594300170974,b_same_season_mean,rowwise,西红柿,fold1_test2024,7,target_lh_full_7
250,0.9570116389823559,1.3095475048334981,16.83364560238329,17.992245924796883,-0.3301720528189944,0.46,7.577692545401336,b_same_season_mean,rowwise,西红柿,fold2_test2025,7,target_lh_full_7
170,0.7622494279968264,1.2139344195323734,12.31960713150432,14.56866540616537,-0.3484215682788883,0.5,6.328961418601497,b_same_season_mean,rowwise,西红柿,fold3_test2026,7,target_lh_full_7
248,1.2709082309502269,1.7327176876348824,19.901835272805975,18.799184134204324,-0.9111097623622999,0.5080645161290323,6.78433921103612,b_same_season_mean,rowwise,青椒,fold1_test2024,7,target_lh_full_7
250,1.252664857635558,1.7686928982076109,19.590184481082872,23.918897209356167,0.6873222199758738,0.492,6.576758394985659,b_same_season_mean,rowwise,青椒,fold2_test2025,7,target_lh_full_7
170,0.7128258694131168,0.9858559084456163,11.845298972620087,12.127317177663901,0.10767208212992196,0.47058823529411764,4.071402276851924,b_same_season_mean,rowwise,青椒,fold3_test2026,7,target_lh_full_7
248,0.7461093570473466,1.0446367094391709,13.197515666385923,13.720286366952841,-0.2273600790615335,0.5483870967741935,4.959647419604714,b_same_season_mean,rowwise,韭菜,fold1_test2024,7,target_lh_full_7
250,0.9518799522196573,1.4978964841519982,14.90410267219583,16.88151451874505,-0.34570933128438025,0.592,6.192011877846471,b_same_season_mean,rowwise,韭菜,fold2_test2025,7,target_lh_full_7
170,0.7886910209319492,1.0118044563595159,15.272412365279889,14.602536638641183,-0.619798639943583,0.6058823529411764,5.182225801536862,b_same_season_mean,rowwise,韭菜,fold3_test2026,7,target_lh_full_7
248,1.0526658637588966,1.446750533800263,21.672509777152456,22.099509230285292,-0.22184917681619865,0.5967741935483871,5.370146955789757,b_same_season_mean,rowwise,黄瓜,fold1_test2024,7,target_lh_full_7
250,1.3177505314302234,1.8092859035260154,22.98516648801712,25.479441882279648,-0.5349952582928381,0.548,6.708299750463864,b_same_season_mean,rowwise,黄瓜,fold2_test2025,7,target_lh_full_7
170,0.9439230846660384,1.2281139648064465,19.212991743009606,19.06441072213684,-0.622218526289012,0.6176470588235294,4.814578290587726,b_same_season_mean,rowwise,黄瓜,fold3_test2026,7,target_lh_full_7
248,0.25994489247311825,0.30672415528822633,12.250787952476093,12.536047805758962,0.24101747311827956,0.4596774193548387,8.849700884752727,b_same_season_median,rowwise,土豆,fold1_test2024,7,target_lh_full_7
250,0.28239866666666663,0.3343117380862093,14.480743484946451,14.605951229133149,0.28047066666666665,0.46,9.932503247373448,b_same_season_median,rowwise,土豆,fold2_test2025,7,target_lh_full_7
170,0.16368235294117642,0.2115814403069251,7.459018155825846,7.4679420084486,0.030729411764705835,0.4647058823529412,6.155575666163901,b_same_season_median,rowwise,土豆,fold3_test2026,7,target_lh_full_7
248,1.6091680107526882,2.0224042424309903,30.03614992603717,26.678466607822944,-1.1582836021505376,0.5040322580645161,9.453572273831226,b_same_season_median,rowwise,尖椒,fold1_test2024,7,target_lh_full_7
250,0.9579133333333332,1.3378208823804976,16.608174453811884,19.07908591623616,0.01888933333333341,0.464,5.440548833622518,b_same_season_median,rowwise,尖椒,fold2_test2025,7,target_lh_full_7
170,0.9615666666666665,1.58357523869291,13.35985656580084,16.274067267388048,-0.8027588235294117,0.5647058823529412,5.846659428157798,b_same_season_median,rowwise,尖椒,fold3_test2026,7,target_lh_full_7
248,0.7014475806451613,0.9341602627522626,30.11166466472403,29.833049890672115,-0.4259610215053763,0.6008064516129032,9.042193961952028,b_same_season_median,rowwise,甘蓝,fold1_test2024,7,target_lh_full_7
250,0.6618906666666667,0.8374250220500672,33.68556512645473,35.44425087108014,0.04042666666666667,0.448,8.33730932101933,b_same_season_median,rowwise,甘蓝,fold2_test2025,7,target_lh_full_7
170,0.37663137254901957,0.44994540409550426,20.56858828783852,21.03003164106551,0.02413725490196079,0.5235294117647059,5.103495941271361,b_same_season_median,rowwise,甘蓝,fold3_test2026,7,target_lh_full_7
248,1.5236061827956988,1.955465356915528,17.207261760963277,17.39458752259751,-0.14771102150537602,0.5685483870967742,5.3817465744564155,b_same_season_median,rowwise,芸豆,fold1_test2024,7,target_lh_full_7
250,1.5193226666666664,1.9123831835928928,16.691863997765186,17.86985448080926,0.07204533333333353,0.54,5.456315311098108,b_same_season_median,rowwise,芸豆,fold2_test2025,7,target_lh_full_7
170,0.7548313725490197,0.9861921407931071,8.60903099691766,8.89052910754297,0.29524313725490214,0.6411764705882353,2.757211370316628,b_same_season_median,rowwise,芸豆,fold3_test2026,7,target_lh_full_7
248,1.5707419354838712,1.982519678813232,36.93518961832262,33.89136846501189,-1.472983870967742,0.5564516129032258,14.272401344951243,b_same_season_median,rowwise,芹菜,fold1_test2024,7,target_lh_full_7
250,0.5643733333333333,0.7486264251577314,16.215895699848815,16.68302334472389,-0.0030800000000000692,0.508,4.903686191234589,b_same_season_median,rowwise,芹菜,fold2_test2025,7,target_lh_full_7
170,0.4566627450980392,0.5655946884775236,12.954648283268233,12.72694485125358,-0.3535098039215687,0.5235294117647059,4.152092265393242,b_same_season_median,rowwise,芹菜,fold3_test2026,7,target_lh_full_7
248,0.6128172043010751,0.798921264753909,15.251359434802172,14.381423657986971,-0.25778494623655906,0.4959677419354839,4.091393741649893,b_same_season_median,rowwise,茄子,fold1_test2024,7,target_lh_full_7
250,1.2292586666666667,1.4553936539644523,30.834971186054222,33.21229203231226,0.300304,0.42,8.358482278539444,b_same_season_median,rowwise,茄子,fold2_test2025,7,target_lh_full_7
170,0.6598078431372549,0.8567730177366516,16.48656031525994,16.48346373071716,-0.10125882352941169,0.48823529411764705,4.779417113976353,b_same_season_median,rowwise,茄子,fold3_test2026,7,target_lh_full_7
248,1.0131048387096775,1.3410143465297326,19.36846120779772,18.36271123512894,-0.7781129032258064,0.5080645161290323,8.338404929501047,b_same_season_median,rowwise,西红柿,fold1_test2024,7,target_lh_full_7
250,0.9134466666666667,1.315661124048793,16.15555208321238,17.173205002322483,-0.4266626666666666,0.464,7.232741708326617,b_same_season_median,rowwise,西红柿,fold2_test2025,7,target_lh_full_7
170,0.8267313725490195,1.3737696639329622,13.346016685762027,15.801091224297597,-0.4804098039215687,0.5352941176470588,6.864355377951154,b_same_season_median,rowwise,西红柿,fold3_test2026,7,target_lh_full_7
248,1.5022849462365588,1.9868425422348917,24.402074631761522,22.22169204556073,-1.1611290322580645,0.49193548387096775,8.019470185728249,b_same_season_median,rowwise,青椒,fold1_test2024,7,target_lh_full_7
250,1.178804,1.6571964361535418,18.58105925003698,22.508567662062536,0.48110533333333355,0.444,6.188973096663814,b_same_season_median,rowwise,青椒,fold2_test2025,7,target_lh_full_7
170,0.6526058823529411,1.0219127845445943,10.034196524408728,11.102793637132407,-0.09438235294117633,0.4823529411764706,3.727447598789168,b_same_season_median,rowwise,青椒,fold3_test2026,7,target_lh_full_7
248,0.7417567204301075,1.0424981921973615,13.009416640411128,13.640245257327654,-0.3840497311827956,0.5161290322580645,4.93071393584223,b_same_season_median,rowwise,韭菜,fold1_test2024,7,target_lh_full_7
250,1.0509026666666665,1.6381743479319355,16.73100576297493,18.63767440815617,-0.47011333333333316,0.564,6.836158046281574,b_same_season_median,rowwise,韭菜,fold2_test2025,7,target_lh_full_7
170,0.8976156862745099,1.1405719251059396,17.702360915793662,16.6192660983439,-0.7471137254901961,0.6176470588235294,5.897933469281047,b_same_season_median,rowwise,韭菜,fold3_test2026,7,target_lh_full_7
248,1.047646505376344,1.4994312268431178,22.15243616268283,21.99413357337054,-0.48769489247311826,0.5806451612903226,5.344540832264641,b_same_season_median,rowwise,黄瓜,fold1_test2024,7,target_lh_full_7
250,1.4194986666666667,2.0241789615655144,25.26247260881629,27.446798856572443,-0.8394986666666666,0.552,7.22627107655089,b_same_season_median,rowwise,黄瓜,fold2_test2025,7,target_lh_full_7
170,1.0778705882352941,1.386095644117145,21.850283181697026,21.769747909808927,-0.8303490196078431,0.6294117647058823,5.497791523995539,b_same_season_median,rowwise,黄瓜,fold3_test2026,7,target_lh_full_7
248,0.5948077956989247,0.663124672360477,24.30855630172338,28.68507586811284,0.5948077956989247,0.4475806451612903,20.24995000199493,b_seasonal_naive_365,rowwise,土豆,fold1_test2024,7,target_lh_full_7
250,0.21668666666666664,0.2893833297817197,11.26296200829143,11.20725859896682,0.13775066666666666,0.404,7.621286055396371,b_seasonal_naive_365,rowwise,土豆,fold2_test2025,7,target_lh_full_7
170,0.33038823529411754,0.41025472718357625,16.97870503826025,15.073831339269894,-0.21909411764705888,0.4411764705882353,12.424856711915535,b_seasonal_naive_365,rowwise,土豆,fold3_test2026,7,target_lh_full_7
248,2.21476747311828,2.7067861195931644,46.27069441548246,36.718726497701546,-1.8387271505376344,0.5806451612903226,13.01136005497693,b_seasonal_naive_365,rowwise,尖椒,fold1_test2024,7,target_lh_full_7
250,1.8797773333333334,2.330061508487133,32.07111199120398,37.440164989936434,1.0981293333333333,0.48,10.676352465779837,b_seasonal_naive_365,rowwise,尖椒,fold2_test2025,7,target_lh_full_7
170,1.4893588235294115,2.203021042357947,22.503061723919913,25.206703309940977,-1.3919941176470587,0.6,9.055819122437246,b_seasonal_naive_365,rowwise,尖椒,fold3_test2026,7,target_lh_full_7
248,0.7901868279569894,1.0744083486883296,37.12006094739393,33.60719134523316,-0.6806787634408602,0.5846774193548387,10.186110497373203,b_seasonal_naive_365,rowwise,甘蓝,fold1_test2024,7,target_lh_full_7
250,1.0452826666666666,1.1857496085692891,47.51376218636828,55.97489575598331,0.5093866666666667,0.476,13.166592851034721,b_seasonal_naive_365,rowwise,甘蓝,fold2_test2025,7,target_lh_full_7
170,0.48461568627450985,0.6388446403546044,28.920201237011355,27.059570601180255,-0.3932745098039216,0.5117647058823529,6.566723773539334,b_seasonal_naive_365,rowwise,甘蓝,fold3_test2026,7,target_lh_full_7
248,2.13900940860215,2.665488003040876,23.936990135969207,24.42047478523443,0.038337365591398186,0.5483870967741935,7.555500028459954,b_seasonal_naive_365,rowwise,芸豆,fold1_test2024,7,target_lh_full_7
250,2.3115866666666665,2.79990809388848,25.891732409089112,27.188245301269514,0.3165653333333335,0.508,8.301558318704895,b_seasonal_naive_365,rowwise,芸豆,fold2_test2025,7,target_lh_full_7
170,1.204211764705882,1.5567906521560704,13.878888963291114,14.183405903770996,-0.2275803921568626,0.5764705882352941,4.398686237303269,b_seasonal_naive_365,rowwise,芸豆,fold3_test2026,7,target_lh_full_7
248,2.0448629032258063,2.432312310278263,51.75563103022816,44.1213165244173,-1.801975806451613,0.5080645161290323,18.580457674767786,b_seasonal_naive_365,rowwise,芹菜,fold1_test2024,7,target_lh_full_7
250,1.6754693333333335,2.1196436000212655,39.59197157116585,49.527311710987355,1.29948,0.544,14.557696738040464,b_seasonal_naive_365,rowwise,芹菜,fold2_test2025,7,target_lh_full_7
170,0.7407921568627451,0.8552595630926543,23.28037053304367,20.645478589695955,-0.6812156862745098,0.5294117647058824,6.735468171622893,b_seasonal_naive_365,rowwise,芹菜,fold3_test2026,7,target_lh_full_7
248,1.346231182795699,1.679652245487324,42.21313110373038,31.592978861386516,-0.89802688172043,0.5201612903225806,8.987936039403703,b_seasonal_naive_365,rowwise,茄子,fold1_test2024,7,target_lh_full_7
250,1.5914986666666668,1.9182085865028686,38.179779167735504,42.99934580058735,0.6031839999999999,0.396,10.82157381710751,b_seasonal_naive_365,rowwise,茄子,fold2_test2025,7,target_lh_full_7
170,1.0247529411764704,1.3526577918900198,26.423258558026134,25.600601924512546,-1.011670588235294,0.611764705882353,7.4229516905539255,b_seasonal_naive_365,rowwise,茄子,fold3_test2026,7,target_lh_full_7
248,1.406,1.849590448467155,28.131415386062358,25.484008179719964,-1.0215403225806452,0.5040322580645161,11.572146221125813,b_seasonal_naive_365,rowwise,西红柿,fold1_test2024,7,target_lh_full_7
250,1.1598306666666667,1.7279802873104004,19.0497148400407,21.80533416289258,0.26217733333333343,0.516,9.183629371606733,b_seasonal_naive_365,rowwise,西红柿,fold2_test2025,7,target_lh_full_7
170,1.0882607843137257,1.7180750946099401,18.750303423631795,20.799631536599563,-0.616821568627451,0.5294117647058824,9.035835599639508,b_seasonal_naive_365,rowwise,西红柿,fold3_test2026,7,target_lh_full_7
248,2.1496532258064516,2.5973609968291775,41.28898278403175,31.79751758032674,-1.8309274193548384,0.5483870967741935,11.475239765395894,b_seasonal_naive_365,rowwise,青椒,fold1_test2024,7,target_lh_full_7
250,2.247652,2.9788040197367804,33.426573230148286,42.91759030574225,1.6507053333333335,0.512,11.800653678357568,b_seasonal_naive_365,rowwise,青椒,fold2_test2025,7,target_lh_full_7
170,1.2600764705882352,1.9016499064408956,18.428271896528695,21.437699840377892,-0.961264705882353,0.6,7.197098802803459,b_seasonal_naive_365,rowwise,青椒,fold3_test2026,7,target_lh_full_7
248,1.0799529569892472,1.510452330984208,18.948231311586465,19.859372748477277,-0.32203360215053756,0.5080645161290323,7.178821503623507,b_seasonal_naive_365,rowwise,韭菜,fold1_test2024,7,target_lh_full_7
250,1.4859373333333334,2.017304774748283,23.389084883471963,26.35297928916077,-0.1417933333333333,0.52,9.666073538244126,b_seasonal_naive_365,rowwise,韭菜,fold2_test2025,7,target_lh_full_7
170,0.9774313725490196,1.2641493624004707,18.57467465272056,18.097045675173113,-0.8065843137254901,0.5588235294117647,6.422375738562091,b_seasonal_naive_365,rowwise,韭菜,fold3_test2026,7,target_lh_full_7
248,1.4581384408602152,2.0342702381644675,31.26446495609571,30.61193968782935,-0.46773521505376325,0.6048387096774194,7.438654542614665,b_seasonal_naive_365,rowwise,黄瓜,fold1_test2024,7,target_lh_full_7
250,1.9518373333333334,2.597493410022653,34.15087818631925,37.73986404266817,-0.3772586666666668,0.472,9.93625848280629,b_seasonal_naive_365,rowwise,黄瓜,fold2_test2025,7,target_lh_full_7
170,1.414243137254902,1.8328777323376884,28.936842062636998,28.563462921483584,-0.8554666666666666,0.5764705882352941,7.213494845980125,b_seasonal_naive_365,rowwise,黄瓜,fold3_test2026,7,target_lh_full_7
248,0.14925848987997356,0.17635029526566678,7.214280446659932,7.198108594283062,0.12286835248852891,0.4475806451612903,5.081434674021363,m_catboost,trained,土豆,fold1_test2024,7,target_lh_full_7
250,0.11611222688179205,0.16786250566736163,6.566820025802173,6.00544451204266,0.10736558301101048,0.516,4.0838899282922565,m_catboost,trained,土豆,fold2_test2025,7,target_lh_full_7
170,0.05960577290692845,0.07469972507565231,2.735439774164381,2.7194895933446688,0.011526476935142036,0.4176470588235294,2.2415846221408993,m_catboost,trained,土豆,fold3_test2026,7,target_lh_full_7
248,0.5030551144305524,0.7208098873519683,7.894926092819887,8.340172674668379,-0.341378694948291,0.5241935483870968,2.9553582038740633,m_catboost,trained,尖椒,fold1_test2024,7,target_lh_full_7
250,0.3475808206375375,0.46460528389330297,6.613221531552094,6.922885514812874,0.0950868509520782,0.536,1.974114319641769,m_catboost,trained,尖椒,fold2_test2025,7,target_lh_full_7
170,0.4283718842030567,0.7443767442820568,6.010956485033846,7.249994306837776,-0.3201564094069012,0.5882352941176471,2.6046498930913327,m_catboost,trained,尖椒,fold3_test2026,7,target_lh_full_7
248,0.20669848047440822,0.28252485367958297,8.728298259176977,8.791029081100408,-0.08336799387911308,0.5645161290322581,2.6645009601021363,m_catboost,trained,甘蓝,fold1_test2024,7,target_lh_full_7
250,0.19215248881825528,0.2329328908241145,12.623989958509474,10.289767422580358,0.13217029175727724,0.528,2.420391790912349,m_catboost,trained,甘蓝,fold2_test2025,7,target_lh_full_7
170,0.1145864108524479,0.15120180763517366,6.632459835915094,6.398181408930494,0.04708322771174997,0.5411764705882353,1.5526887172263069,m_catboost,trained,甘蓝,fold3_test2026,7,target_lh_full_7
248,0.5811140483797381,0.7639525345368833,6.604427842532466,6.63441727218807,0.09165133392370496,0.5887096774193549,2.0526357628042726,m_catboost,trained,芸豆,fold1_test2024,7,target_lh_full_7
250,0.5511346121152683,0.7447900032572584,6.2031739097568375,6.482293415291925,0.13213298164587556,0.552,1.9792795095713631,m_catboost,trained,芸豆,fold2_test2025,7,target_lh_full_7
170,0.4172981766968047,0.5253991761095264,4.880158096861476,4.915007141156709,0.16320204200983413,0.4764705882352941,1.5242865088071138,m_catboost,trained,芸豆,fold3_test2026,7,target_lh_full_7
248,0.7950340890175264,1.1402886007026607,16.254854986073486,17.15418213803379,-0.6811575493827878,0.4959677419354839,7.224003730364748,m_catboost,trained,芹菜,fold1_test2024,7,target_lh_full_7
250,0.2587814243593043,0.3188202640491418,7.948103596928356,7.649646588134047,0.17307136952760918,0.552,2.248481319419897,m_catboost,trained,芹菜,fold2_test2025,7,target_lh_full_7
170,0.16397426901120649,0.2155155592322496,4.540005362446459,4.569874598117736,0.06585109413339929,0.4823529411764706,1.490895198684918,m_catboost,trained,芹菜,fold3_test2026,7,target_lh_full_7
248,0.32993950404595973,0.41754367982716084,8.097174504896278,7.74292848811707,-0.0668558378667443,0.5161290322580645,2.2027978530992764,m_catboost,trained,茄子,fold1_test2024,7,target_lh_full_7
250,0.40201046076159425,0.5590691138312188,10.650681700043998,10.8615779452373,0.08359452945056972,0.484,2.7335152504354348,m_catboost,trained,茄子,fold2_test2025,7,target_lh_full_7
170,0.2872310892719132,0.40685066347643833,6.943400579074687,7.175669843262332,-0.04893396350264477,0.4764705882352941,2.0806014933148935,m_catboost,trained,茄子,fold3_test2026,7,target_lh_full_7
248,0.36341596084211986,0.5436690817849893,6.263247579768374,6.586981023286893,-0.20396912352637359,0.5766129032258065,2.9911114067965463,m_catboost,trained,西红柿,fold1_test2024,7,target_lh_full_7
250,0.33599233601340917,0.5142556448953823,5.795402170378802,6.316805869601029,-0.10563655018760278,0.456,2.6604134330363483,m_catboost,trained,西红柿,fold2_test2025,7,target_lh_full_7
170,0.20873301880496997,0.2960805806335107,3.920529179205439,3.9894572544055658,-0.10221207915354828,0.6647058823529411,1.7331114649395,m_catboost,trained,西红柿,fold3_test2026,7,target_lh_full_7
248,0.7115084353788953,1.154403520898479,9.638132155878667,10.524582156279475,-0.6043419936347403,0.5241935483870968,3.798161393222612,m_catboost,trained,青椒,fold1_test2024,7,target_lh_full_7
250,0.43022606461707624,0.5793289542689712,7.507303747088659,8.214913153854543,0.17771048932277372,0.424,2.2587788465246406,m_catboost,trained,青椒,fold2_test2025,7,target_lh_full_7
170,0.29606398388390354,0.4491443336427653,4.7364835583129725,5.03694098588056,-0.03810841992445015,0.6764705882352942,1.6910098662260973,m_catboost,trained,青椒,fold3_test2026,7,target_lh_full_7
248,0.38111376863428065,0.5134880127945701,6.614249484044736,7.008342670763636,-0.009350902674784344,0.5483870967741935,2.5333952742036048,m_catboost,trained,韭菜,fold1_test2024,7,target_lh_full_7
250,0.5765261554989473,0.939314127619403,8.36264112399624,10.224645073989148,-0.370511203439371,0.612,3.750322500662203,m_catboost,trained,韭菜,fold2_test2025,7,target_lh_full_7
170,0.34687916016437176,0.4664669905569896,6.368325776749968,6.422433514579562,-0.036965478535736875,0.5823529411764706,2.2792273350533656,m_catboost,trained,韭菜,fold3_test2026,7,target_lh_full_7
248,0.4484113975036218,0.6570348282510144,8.985913678421555,9.413881611692632,-0.11006707233451062,0.5725806451612904,2.287558839085755,m_catboost,trained,黄瓜,fold1_test2024,7,target_lh_full_7
250,0.6515499527220266,0.9249677477191967,11.027042475760563,12.598081926603255,-0.3520367514408838,0.58,3.3168587536186114,m_catboost,trained,黄瓜,fold2_test2025,7,target_lh_full_7
170,0.48438162734113466,0.674312091053946,10.012558454821622,9.78305376772895,-0.10432341927726883,0.5588235294117647,2.4706390862146144,m_catboost,trained,黄瓜,fold3_test2026,7,target_lh_full_7
248,0.07912086069286449,0.09992812281902312,3.779635958162743,3.8156660153694544,0.05671532608414717,0.45161290322580644,2.69363227034149,m_elasticnet,trained,土豆,fold1_test2024,7,target_lh_full_7
250,0.0440632214745091,0.059396772928131315,2.3726441846518944,2.278995405508899,0.006442057470382885,0.516,1.5497880905432644,m_elasticnet,trained,土豆,fold2_test2025,7,target_lh_full_7
170,0.04547927874587762,0.059299579503561545,2.0714057335041796,2.07497393675872,0.0034790050068552476,0.4647058823529412,1.7103318502723213,m_elasticnet,trained,土豆,fold3_test2026,7,target_lh_full_7
248,0.8794903883352203,1.0598736419430401,15.984493160247604,14.581109492803911,-0.7694907463306727,0.5362903225806451,5.166847647175058,m_elasticnet,trained,尖椒,fold1_test2024,7,target_lh_full_7
250,0.2627807817451136,0.363144255310969,5.060984333211088,5.23389427580511,0.032065887982026316,0.624,1.4924854116466257,m_elasticnet,trained,尖椒,fold2_test2025,7,target_lh_full_7
170,0.275191418962992,0.4117504330779081,4.417167258484751,4.657486390555379,-0.09380936752577161,0.6529411764705882,1.6732594421202551,m_elasticnet,trained,尖椒,fold3_test2026,7,target_lh_full_7
248,0.17552967846419357,0.24433605782075124,7.468167539721408,7.465398412379633,-0.09388889204008279,0.6088709677419355,2.2627113451478413,m_elasticnet,trained,甘蓝,fold1_test2024,7,target_lh_full_7
250,0.10770473522281038,0.14416300650070626,6.0067973664339736,5.767589493995814,0.013449224149002948,0.52,1.3566707284350925,m_elasticnet,trained,甘蓝,fold2_test2025,7,target_lh_full_7
170,0.09485320779590868,0.12963532119421964,5.476755398403283,5.296335107997137,0.021747927968845344,0.5411764705882353,1.2852964364777772,m_elasticnet,trained,甘蓝,fold3_test2026,7,target_lh_full_7
248,0.581021668850627,0.7911223794984199,6.717191989027508,6.633362600828395,-0.08722663081022707,0.6693548387096774,2.0523094559016375,m_elasticnet,trained,芸豆,fold1_test2024,7,target_lh_full_7
250,0.5999759759796564,0.749330485422042,6.915157713170117,7.056752076410786,0.27193608162245353,0.532,2.154682593665969,m_elasticnet,trained,芸豆,fold2_test2025,7,target_lh_full_7
170,0.38105795332142545,0.4961887158470568,4.538549960698788,4.488163779182184,0.1152324991613967,0.4823529411764706,1.391909981297427,m_elasticnet,trained,芸豆,fold3_test2026,7,target_lh_full_7
248,0.37610908011987665,0.5198949644767638,8.091241210601979,8.115178648650973,-0.298594646404844,0.5282258064516129,3.417480376429679,m_elasticnet,trained,芹菜,fold1_test2024,7,target_lh_full_7
250,0.1922846011233418,0.2621282936861433,5.498083101318016,5.6839831010884625,0.02995689079560727,0.524,1.6707085321458295,m_elasticnet,trained,芹菜,fold2_test2025,7,target_lh_full_7
170,0.15620614736967595,0.2190337864887738,4.415391434712973,4.353381230110753,-0.010337405155257664,0.5294117647058824,1.420265487523548,m_elasticnet,trained,芹菜,fold3_test2026,7,target_lh_full_7
248,0.4844640038860451,0.6364642196190157,13.16070975955747,11.369266459932575,-0.2880844262015551,0.45161290322580644,3.2344604225246236,m_elasticnet,trained,茄子,fold1_test2024,7,target_lh_full_7
250,0.2753581608650549,0.3811723381105299,7.366160677415258,7.439667419168589,-0.10248513302324797,0.516,1.8723287215723852,m_elasticnet,trained,茄子,fold2_test2025,7,target_lh_full_7
170,0.2819826314424241,0.396725994090887,6.65699210874961,7.044551722775568,0.057437200959636996,0.5235294117647059,2.042583501511445,m_elasticnet,trained,茄子,fold3_test2026,7,target_lh_full_7
248,0.2865590414684129,0.4073629245921039,4.96408466218278,5.193935246624286,0.044495215446637884,0.45564516129032256,2.3585370760015145,m_elasticnet,trained,西红柿,fold1_test2024,7,target_lh_full_7
250,0.2144645963736562,0.2754723956675447,4.094881181767318,4.032030126843908,-0.025728117546024075,0.592,1.6981473442906825,m_elasticnet,trained,西红柿,fold2_test2025,7,target_lh_full_7
170,0.22696528065907398,0.29400397319247823,4.3943346735026685,4.337925502191696,0.05301257920536915,0.5647058823529412,1.8844940407870276,m_elasticnet,trained,西红柿,fold3_test2026,7,target_lh_full_7
248,0.7549517815873071,0.9445356688426328,11.93584918508936,11.167193042643232,-0.6405567252509735,0.532258064516129,4.030069874073335,m_elasticnet,trained,青椒,fold1_test2024,7,target_lh_full_7
250,0.38184926543891184,0.4889169616941085,6.912178044860556,7.291186683995495,0.27909063714778565,0.528,2.0047903050738416,m_elasticnet,trained,青椒,fold2_test2025,7,target_lh_full_7
170,0.30400200818814227,0.45245899398622663,5.187157958349863,5.17199071209317,-0.09835910206368359,0.6764705882352942,1.736348975835843,m_elasticnet,trained,青椒,fold3_test2026,7,target_lh_full_7
248,0.4343682228844655,0.5785921095374337,7.743670062593525,7.987644640008284,-0.05415625353818766,0.4717741935483871,2.887396084017368,m_elasticnet,trained,韭菜,fold1_test2024,7,target_lh_full_7
250,0.33873055774905797,0.4730974411686223,5.865671977058513,6.007359242359346,0.02757929885767946,0.564,2.203453946141858,m_elasticnet,trained,韭菜,fold2_test2025,7,target_lh_full_7
170,0.3076133790173666,0.40547538231726415,5.802978796863221,5.695431440730058,0.10556497726366591,0.5176470588235295,2.02122497573011,m_elasticnet,trained,韭菜,fold3_test2026,7,target_lh_full_7
248,0.47985855293963714,0.709951244794998,10.025472906806929,10.074078475437055,-0.17200115136291586,0.6491935483870968,2.44798566762367,m_elasticnet,trained,黄瓜,fold1_test2024,7,target_lh_full_7
250,0.4342760700073326,0.614273242239782,8.509745438166297,8.396970156868079,-0.036740278425842265,0.56,2.2107781272535023,m_elasticnet,trained,黄瓜,fold2_test2025,7,target_lh_full_7
170,0.43359312858770704,0.5991479739250978,9.389629916067882,8.757278663882804,0.011561224639346277,0.5176470588235295,2.211587043222883,m_elasticnet,trained,黄瓜,fold3_test2026,7,target_lh_full_7
248,0.08323855161130303,0.10779277135290909,3.9732985235143783,4.014244913041865,0.04051154645897349,0.45161290322580644,2.833817109587032,m_extra_trees,trained,土豆,fold1_test2024,7,target_lh_full_7
250,0.10028752630952349,0.14663807936471618,5.7183542763922715,5.186974625118535,0.07746490759523832,0.496,3.5273048293679112,m_extra_trees,trained,土豆,fold2_test2025,7,target_lh_full_7
170,0.051618411017740305,0.06632953185366426,2.375035836286904,2.3550693958271878,0.008919824556489729,0.45294117647058824,1.9412052006671572,m_extra_trees,trained,土豆,fold3_test2026,7,target_lh_full_7
248,0.5115954625896048,0.6599061200224332,8.148201063526434,8.481763479144966,0.1523990223054267,0.5766129032258065,3.005531211307587,m_extra_trees,trained,尖椒,fold1_test2024,7,target_lh_full_7
250,0.32715966920634915,0.45322238671730203,6.095995728300191,6.51615049077022,0.13695213465079364,0.576,1.858130683404482,m_extra_trees,trained,尖椒,fold2_test2025,7,target_lh_full_7
170,0.3436961845588247,0.6098071824162907,4.787037966882895,5.816897591141123,-0.24388848521241963,0.6352941176470588,2.089792218815872,m_extra_trees,trained,尖椒,fold3_test2026,7,target_lh_full_7
248,0.18445379189068126,0.24076306140758083,7.8608752307452985,7.844947117697789,0.026917321124551977,0.5282258064516129,2.377749969226555,m_extra_trees,trained,甘蓝,fold1_test2024,7,target_lh_full_7
250,0.14300002998412714,0.18148227924062865,9.058742101828846,7.6576528308744605,0.061303775793650664,0.524,1.8012574325861068,m_extra_trees,trained,甘蓝,fold2_test2025,7,target_lh_full_7
170,0.11870430563725454,0.15347216013061307,6.782172827450271,6.62811301827297,0.050692862009803774,0.4764705882352941,1.6084877314682975,m_extra_trees,trained,甘蓝,fold3_test2026,7,target_lh_full_7
248,0.5482745274977594,0.7137616568088767,6.111421899131505,6.259497606836237,0.1567809461805579,0.5685483870967742,1.9366386101220185,m_extra_trees,trained,芸豆,fold1_test2024,7,target_lh_full_7
250,0.587696151888888,0.7794138746639957,6.590150621308101,6.912320169768198,0.167465496253968,0.544,2.110582289185518,m_extra_trees,trained,芸豆,fold2_test2025,7,target_lh_full_7
170,0.48718928888888946,0.6134823099546732,5.604962804695565,5.738196253188388,0.25395497696078306,0.48823529411764705,1.7795813683322812,m_extra_trees,trained,芸豆,fold3_test2026,7,target_lh_full_7
248,0.5464867521761391,0.8530752262251835,10.764135934914638,11.79136015970928,-0.40782273257488405,0.5846774193548387,4.965601338168929,m_extra_trees,trained,芹菜,fold1_test2024,7,target_lh_full_7
250,0.24346701183333364,0.31374850338594784,7.389764055751394,7.196948548394098,0.1371500416111114,0.596,2.115418559726894,m_extra_trees,trained,芹菜,fold2_test2025,7,target_lh_full_7
170,0.17571096928104607,0.22299006477794703,4.806175771319183,4.8969701159223975,0.0015577558823531897,0.4117647058823529,1.5976082225405812,m_extra_trees,trained,芹菜,fold3_test2026,7,target_lh_full_7
248,0.3034011762432793,0.3933346315539174,7.275061923601897,7.120134394501229,-0.004613946740590863,0.5080645161290323,2.0256181859429416,m_extra_trees,trained,茄子,fold1_test2024,7,target_lh_full_7
250,0.3710936042777785,0.47525198137908803,10.542326023515946,10.026261754995614,0.13969105330952447,0.54,2.5232926146017065,m_extra_trees,trained,茄子,fold2_test2025,7,target_lh_full_7
170,0.29487938766339883,0.4134808349721986,6.9516214217601275,7.366741305126616,-0.020027160702614382,0.5411764705882353,2.136003090318129,m_extra_trees,trained,茄子,fold3_test2026,7,target_lh_full_7
248,0.29749691347446316,0.4458714332486801,5.146781279204051,5.392186185223799,-0.07704413928091483,0.532258064516129,2.4485617233713386,m_extra_trees,trained,西红柿,fold1_test2024,7,target_lh_full_7
250,0.2626993716031747,0.35042731747285183,4.792127956864157,4.938865428219796,-0.0744748573492064,0.528,2.0800740438180747,m_extra_trees,trained,西红柿,fold2_test2025,7,target_lh_full_7
170,0.22217053357843095,0.2827824899788576,4.296408777501539,4.246284809054479,0.03778792883986775,0.5941176470588235,1.8446832279864331,m_extra_trees,trained,西红柿,fold3_test2026,7,target_lh_full_7
248,0.5769788160282254,0.9383195518508463,7.3783083464507,8.53462959787425,-0.21114345682123542,0.5766129032258065,3.0800178251979453,m_extra_trees,trained,青椒,fold1_test2024,7,target_lh_full_7
250,0.5007297336666668,0.6693325901372799,8.594880539200956,9.561139163629171,0.38154681155555575,0.476,2.628938186808526,m_extra_trees,trained,青椒,fold2_test2025,7,target_lh_full_7
170,0.25468823244631156,0.37313033501875004,4.199566414009542,4.333014707838793,0.06348850676937429,0.6176470588235294,1.4546866127670648,m_extra_trees,trained,青椒,fold3_test2026,7,target_lh_full_7
248,0.37073933949372817,0.5171095480754333,6.344908901956396,6.81756616145227,0.048402827620967585,0.5403225806451613,2.464432849016451,m_extra_trees,trained,韭菜,fold1_test2024,7,target_lh_full_7
250,0.4912501863968251,0.7619779085551909,7.324407001630813,8.71228260943613,-0.25646814350793556,0.644,3.1955993842188803,m_extra_trees,trained,韭菜,fold2_test2025,7,target_lh_full_7
170,0.36325757263071845,0.4918708402109022,6.432988823568168,6.725678209618688,-0.00931955024509727,0.5470588235294118,2.3868444238989075,m_extra_trees,trained,韭菜,fold3_test2026,7,target_lh_full_7
248,0.4444669450924861,0.6357863469588967,8.86703259240286,9.33107236949203,0.04451260875095914,0.5645161290322581,2.267436319835174,m_extra_trees,trained,黄瓜,fold1_test2024,7,target_lh_full_7
250,0.5422554963571428,0.7494866624036355,9.67507393420563,10.484812622145482,-0.2812020185476187,0.62,2.760471215255128,m_extra_trees,trained,黄瓜,fold2_test2025,7,target_lh_full_7
170,0.41636655130718947,0.6044874756633156,8.624373583693044,8.409353552242367,-0.019711989215687276,0.6588235294117647,2.1237210864058023,m_extra_trees,trained,黄瓜,fold3_test2026,7,target_lh_full_7
248,0.10291419835288648,0.12512847895348242,4.9627929647104585,4.9631185216557485,0.017426886717995655,0.3870967741935484,3.503665194388621,m_linear,trained,土豆,fold1_test2024,7,target_lh_full_7
250,0.06272475393391912,0.08007964953090486,3.3889280918146456,3.2441891728178613,0.016855910890230138,0.416,2.2061500130053218,m_linear,trained,土豆,fold2_test2025,7,target_lh_full_7
170,0.05595880853690209,0.07120844327397498,2.5712773478974453,2.553098299886034,-0.010608254130755926,0.4764705882352941,2.1044338253193953,m_linear,trained,土豆,fold3_test2026,7,target_lh_full_7
248,1.06295606767654,1.3427371418435485,19.750209377489085,17.622794989459734,-0.8919877054856478,0.5241935483870968,6.244675473623983,m_linear,trained,尖椒,fold1_test2024,7,target_lh_full_7
250,0.28460189671153147,0.3943317692242989,5.595797184111899,5.668512850100997,0.006372397102218841,0.592,1.6164202577832503,m_linear,trained,尖椒,fold2_test2025,7,target_lh_full_7
170,0.3085734094486475,0.46759904949541903,4.670020801428628,5.222461006996809,-0.10060800545550158,0.611764705882353,1.876233542793079,m_linear,trained,尖椒,fold3_test2026,7,target_lh_full_7
248,0.19436605623667788,0.24877270310147032,8.614280915327749,8.266522563851105,-0.053811104969338,0.5887096774193549,2.5055266118321318,m_linear,trained,甘蓝,fold1_test2024,7,target_lh_full_7
250,0.15112102892642246,0.19798274893864812,8.373530850234125,8.092532393815107,0.0070844898565617315,0.56,1.9035511852969074,m_linear,trained,甘蓝,fold2_test2025,7,target_lh_full_7
170,0.1421466773332191,0.1693693275582838,8.36920878560814,7.937068815479133,0.028565250314395094,0.4176470588235294,1.926140634343664,m_linear,trained,甘蓝,fold3_test2026,7,target_lh_full_7
248,0.588283158465877,0.7802619196902578,6.7818864085332065,6.716265005716991,-0.1271530819049966,0.6733870967741935,2.077958798430961,m_linear,trained,芸豆,fold1_test2024,7,target_lh_full_7
250,0.6982011281137631,0.868682712392518,7.887973295526865,8.212049245012127,0.33974947772736513,0.552,2.5074367605606915,m_linear,trained,芸豆,fold2_test2025,7,target_lh_full_7
170,0.38922284711410987,0.5132614710929724,4.6230128487324595,4.58433125255935,0.09371026657489831,0.5058823529411764,1.4217343087185228,m_linear,trained,芸豆,fold3_test2026,7,target_lh_full_7
248,0.5945072373381163,0.8085352392707842,12.262748164430018,12.827481956503261,-0.5108651149563803,0.5564516129032258,5.401935035976447,m_linear,trained,芹菜,fold1_test2024,7,target_lh_full_7
250,0.23102155370272678,0.31500890215935445,6.8341823229169565,6.829057550953814,-0.028254882054825944,0.568,2.0072833634407865,m_linear,trained,芹菜,fold2_test2025,7,target_lh_full_7
170,0.21441751945849352,0.28114935210548564,6.227124567262351,5.975700830828636,-0.0671416043714758,0.5235294117647059,1.9495378890986272,m_linear,trained,芹菜,fold3_test2026,7,target_lh_full_7
248,0.6342656025455484,0.7950714384847833,17.368000392513306,14.88476870080573,-0.2866901186095345,0.45564516129032256,4.234591161255526,m_linear,trained,茄子,fold1_test2024,7,target_lh_full_7
250,0.303576597248047,0.4192204673854453,8.199146572054186,8.202077296976102,-0.17826378286861666,0.52,2.0642031470543007,m_linear,trained,茄子,fold2_test2025,7,target_lh_full_7
170,0.3135317799019682,0.42773834346739553,7.4833381957455565,7.832719444297674,0.04200658248096225,0.4764705882352941,2.2711144922343887,m_linear,trained,茄子,fold3_test2026,7,target_lh_full_7
248,0.3809659230963452,0.5104766333932483,6.518696940783119,6.905077311793619,0.15775767704988544,0.41935483870967744,3.1355571602681924,m_linear,trained,西红柿,fold1_test2024,7,target_lh_full_7
250,0.22123404277970188,0.29326417360368157,4.330046585011678,4.159298740464762,0.07161468219147454,0.596,1.7517483471187494,m_linear,trained,西红柿,fold2_test2025,7,target_lh_full_7
170,0.20852792000579348,0.27021630313426975,4.045003230567823,3.9855372569996494,-0.012212495095004971,0.7,1.7314085284211995,m_linear,trained,西红柿,fold3_test2026,7,target_lh_full_7
248,1.125616826094813,1.451730301329149,19.890566013764065,16.65004401025377,-0.9401766009438068,0.5080645161290323,6.008747275298856,m_linear,trained,青椒,fold1_test2024,7,target_lh_full_7
250,0.568174540605397,0.706283646747163,10.250904901810305,10.848958004110841,0.522817939233674,0.528,2.983037846848266,m_linear,trained,青椒,fold2_test2025,7,target_lh_full_7
170,0.3291916318153027,0.49113478033633917,5.502278140842246,5.600542155609188,-0.14303566045424923,0.6529411764705882,1.8802229503776215,m_linear,trained,青椒,fold3_test2026,7,target_lh_full_7
248,0.6242325003422735,0.8266381569496273,11.50397481191452,11.479079552290731,-0.43421065763490413,0.5080645161290323,4.149489723340236,m_linear,trained,韭菜,fold1_test2024,7,target_lh_full_7
250,0.3603808611070894,0.5206985160233828,6.114909791399713,6.3913256339422,-0.024648876073679056,0.6,2.3442899152567684,m_linear,trained,韭菜,fold2_test2025,7,target_lh_full_7
170,0.33168366331138716,0.4109421727022843,6.428236685733878,6.1410903857128645,0.13587444971251367,0.48823529411764705,2.179382790398021,m_linear,trained,韭菜,fold3_test2026,7,target_lh_full_7
248,0.609491197945316,0.8593398202609898,12.770256073556032,12.79556677811603,-0.057559584860259416,0.5967741935483871,3.1093031643860303,m_linear,trained,黄瓜,fold1_test2024,7,target_lh_full_7
250,0.4561960162277482,0.6188848389095913,9.411687902354766,8.820804549239448,0.04790123023026794,0.596,2.322366448603674,m_linear,trained,黄瓜,fold2_test2025,7,target_lh_full_7
170,0.47649051180623586,0.6343681157030484,10.193045828179224,9.623676939195965,0.08110009036803202,0.5117647058823529,2.430389627164373,m_linear,trained,黄瓜,fold3_test2026,7,target_lh_full_7
248,0.09012862991013158,0.12132211469588121,4.299530196906619,4.349408226580984,-0.007905459692812509,0.4314516129032258,3.076747291922859,b_drift_trend90,rowwise,土豆,fold1_test2024,14,target_lh_full_14
250,0.08131080053312516,0.10330659434785246,4.510140117855128,4.1984637212835,0.0031576217782659484,0.568,2.8656815087605723,b_drift_trend90,rowwise,土豆,fold2_test2025,14,target_lh_full_14
165,0.06600671994063867,0.08385930680753866,2.977401708710019,3.0111849688715884,0.02578734565728913,0.44242424242424244,2.4863337120496993,b_drift_trend90,rowwise,土豆,fold3_test2026,14,target_lh_full_14
248,0.8526880508858723,1.160207362485753,12.616805760272307,14.13766943529845,0.36263099785233377,0.4314516129032258,5.015010431932252,b_drift_trend90,rowwise,尖椒,fold1_test2024,14,target_lh_full_14
250,0.3994232213829601,0.5142309560960474,7.886281485709065,7.8954361380516485,-0.041667850963086075,0.56,2.2705514144473296,b_drift_trend90,rowwise,尖椒,fold2_test2025,14,target_lh_full_14
165,0.6493792372722172,1.0137266356825716,9.825193074779905,11.002548903618106,0.3244491498386584,0.5515151515151515,3.9509613390884337,b_drift_trend90,rowwise,尖椒,fold3_test2026,14,target_lh_full_14
248,0.3338453596048739,0.44693415387497454,13.751682609837507,14.200683371055394,0.11382397269461368,0.46774193548387094,4.3091929966535805,b_drift_trend90,rowwise,甘蓝,fold1_test2024,14,target_lh_full_14
250,0.20181670258377649,0.281748127458411,10.40266982385564,10.724160107126718,0.029337447981028136,0.564,2.544690355489955,b_drift_trend90,rowwise,甘蓝,fold2_test2025,14,target_lh_full_14
165,0.18110387278700535,0.23916463665552548,10.768356696573381,10.17161553133975,0.019918994208124784,0.47878787878787876,2.4558481210897214,b_drift_trend90,rowwise,甘蓝,fold3_test2026,14,target_lh_full_14
248,1.0082664616459533,1.239149094493783,11.258624462560162,11.496398707582212,0.13550029829706756,0.34274193548387094,3.557450219421965,b_drift_trend90,rowwise,芸豆,fold1_test2024,14,target_lh_full_14
250,0.8120786569121379,1.1313349113657443,9.201738047396283,9.515003015166442,-0.05018410926664165,0.452,2.9138178179752905,b_drift_trend90,rowwise,芸豆,fold2_test2025,14,target_lh_full_14
165,0.5324331665868262,0.6953510264863897,6.33733276537813,6.288642728850875,0.03698748156909682,0.5515151515151515,1.943393657028347,b_drift_trend90,rowwise,芸豆,fold3_test2026,14,target_lh_full_14
248,0.6203592790141572,0.8456203536685989,12.666823766555948,13.357056347953389,0.20734030851185292,0.4879032258064516,5.638236964119779,b_drift_trend90,rowwise,芹菜,fold1_test2024,14,target_lh_full_14
250,0.3113435613682771,0.4105673773094905,8.64035293139412,9.186342171453244,-0.0012315663069001558,0.5,2.705900586348566,b_drift_trend90,rowwise,芹菜,fold2_test2025,14,target_lh_full_14
165,0.2150588187952326,0.3182850144198035,5.969869410660022,5.985144637482623,-0.0032266560340497787,0.5151515151515151,1.9556564656839865,b_drift_trend90,rowwise,芹菜,fold3_test2026,14,target_lh_full_14
248,0.5372208714656463,0.7550717870644031,12.105230063069412,12.643552302163904,0.2438709522313112,0.49193548387096775,3.5899270146968925,b_drift_trend90,rowwise,茄子,fold1_test2024,14,target_lh_full_14
250,0.39113389267951626,0.6270277470127473,9.770933061953215,10.49665079169509,0.06980608539109755,0.572,2.6612899349788686,b_drift_trend90,rowwise,茄子,fold2_test2025,14,target_lh_full_14
165,0.47957763425508976,0.7495907899040118,10.58343789398322,11.977074483765417,0.16807911654562813,0.5454545454545454,3.47544515310536,b_drift_trend90,rowwise,茄子,fold3_test2026,14,target_lh_full_14
248,0.5658668079026746,0.7409982685743215,9.311598814535879,10.306674261106144,0.24514905834681017,0.4032258064516129,4.65546580165849,b_drift_trend90,rowwise,西红柿,fold1_test2024,14,target_lh_full_14
250,0.3495598111882945,0.4755995590223642,6.739714799828743,6.519926652536015,-0.05596732605282587,0.424,2.7672313291173114,b_drift_trend90,rowwise,西红柿,fold2_test2025,14,target_lh_full_14
165,0.45655768924532625,0.6351156582642429,7.94986984636111,8.74925910393057,0.13858008934040855,0.5151515151515151,3.7898035014713622,b_drift_trend90,rowwise,西红柿,fold3_test2026,14,target_lh_full_14
248,0.9698237074269103,1.4983459329295505,12.498958536533044,14.399167086529335,0.49752939377150807,0.45564516129032256,5.186675255531216,b_drift_trend90,rowwise,青椒,fold1_test2024,14,target_lh_full_14
250,0.3986714362831416,0.5468712746622276,7.332903417333589,7.568723733485222,-0.04327422593284753,0.532,2.096028495953256,b_drift_trend90,rowwise,青椒,fold2_test2025,14,target_lh_full_14
165,0.6571529367600802,1.0253757332115425,10.498049060238657,11.205720892281963,0.271586163084168,0.5575757575757576,3.757421573357145,b_drift_trend90,rowwise,青椒,fold3_test2026,14,target_lh_full_14
248,0.5999562829670071,0.8547539658315241,10.581108116061271,11.063277662806383,0.17159291870193438,0.5282258064516129,3.9989840994721715,b_drift_trend90,rowwise,韭菜,fold1_test2024,14,target_lh_full_14
250,0.6933239661011766,0.9484400457345807,11.159355843498775,12.233346582861735,0.10513993189904693,0.484,4.519281814014029,b_drift_trend90,rowwise,韭菜,fold2_test2025,14,target_lh_full_14
165,0.5583165035019158,0.7347074811480038,10.9093824555692,10.389556269806185,0.09134912218386411,0.4666666666666667,3.674467015047275,b_drift_trend90,rowwise,韭菜,fold3_test2026,14,target_lh_full_14
248,0.731759923825667,1.0010503164626345,14.553891669938334,15.378395772146236,0.07953855631095648,0.41935483870967744,3.740106277331187,b_drift_trend90,rowwise,黄瓜,fold1_test2024,14,target_lh_full_14
250,0.8206142472853433,1.1559024690295379,14.453016699786161,15.76327383082457,0.16444718972372097,0.532,4.183423579570914,b_drift_trend90,rowwise,黄瓜,fold2_test2025,14,target_lh_full_14
165,0.6134406909624781,0.9088813394030187,13.720820505187813,12.463564356165703,-0.0066409544521326665,0.696969696969697,3.1324414989973435,b_drift_trend90,rowwise,黄瓜,fold3_test2026,14,target_lh_full_14
248,0.07979000256016386,0.10744751093584141,3.8118203963125747,3.8504889498501402,0.002553635432667712,0.024193548387096774,2.7238145586401017,b_last_value,rowwise,土豆,fold1_test2024,14,target_lh_full_14
250,0.06681546031746029,0.08535375989252243,3.6189363275078406,3.450000299153771,-0.006279841269841227,0.024,2.354814217492154,b_last_value,rowwise,土豆,fold2_test2025,14,target_lh_full_14
165,0.051070177970177995,0.06623323813950378,2.331072623783613,2.3297893365962787,0.0009183742183742344,0.024242424242424242,1.9237057269596967,b_last_value,rowwise,土豆,fold3_test2026,14,target_lh_full_14
248,0.5737364311315923,0.7565403385370699,8.977542941897758,9.512618357791414,0.013196364567332359,0.0,3.3743808000068083,b_last_value,rowwise,尖椒,fold1_test2024,14,target_lh_full_14
250,0.3942881904761906,0.5209201080439061,7.550297721500823,7.7939315023147895,-0.08155269841269841,0.0,2.2413609441280853,b_last_value,rowwise,尖椒,fold2_test2025,14,target_lh_full_14
165,0.4356950937950939,0.6371151101712282,6.771283959144022,7.382060129738139,0.17549576719576718,0.0,2.6508615804316435,b_last_value,rowwise,尖椒,fold3_test2026,14,target_lh_full_14
248,0.22118068356374807,0.2986736028081047,9.980255828344234,9.408298676967823,0.000783026113671319,0.0,2.854945336775142,b_last_value,rowwise,甘蓝,fold1_test2024,14,target_lh_full_14
250,0.14720514285714284,0.20730263325898649,8.24889759006808,7.82220450726641,-0.03268819047619046,0.0,1.8560976495570036,b_last_value,rowwise,甘蓝,fold2_test2025,14,target_lh_full_14
165,0.13682563732563735,0.198602982069299,7.61665329721065,7.68474884766116,0.038183790283790306,0.006060606060606061,1.8554157852729287,b_last_value,rowwise,甘蓝,fold3_test2026,14,target_lh_full_14
248,0.7721618023553508,0.9857991445370441,8.648801326520285,8.804299542157677,-0.01616801075268825,0.0,2.7244059757120724,b_last_value,rowwise,芸豆,fold1_test2024,14,target_lh_full_14
250,0.7371933015873015,1.044758153404565,8.387165416189477,8.637582613038179,-0.07343780952380968,0.008,2.6451218230816242,b_last_value,rowwise,芸豆,fold2_test2025,14,target_lh_full_14
165,0.4668391534391535,0.5900838186955027,5.6584487472495635,5.513902649299515,0.0786289562289562,0.0,1.7039739568856942,b_last_value,rowwise,芸豆,fold3_test2026,14,target_lh_full_14
248,0.4140565476190476,0.567894814933635,9.183871468208697,8.915118746310313,-0.01886658346134151,0.0,3.7632207834973945,b_last_value,rowwise,芹菜,fold1_test2024,14,target_lh_full_14
250,0.24786342857142857,0.34384009149974026,6.948326941779072,7.313330189453864,-0.0125605714285714,0.0,2.1541919600272537,b_last_value,rowwise,芹菜,fold2_test2025,14,target_lh_full_14
165,0.20817570947570951,0.3017683003350785,5.624439243768627,5.793585858057841,0.033456613756613705,0.006060606060606061,1.8930642998749116,b_last_value,rowwise,芹菜,fold3_test2026,14,target_lh_full_14
248,0.3633672555043522,0.48733523229345765,8.826416172383027,8.551888327288902,0.014496735791090709,0.0,2.428166878983142,b_last_value,rowwise,茄子,fold1_test2024,14,target_lh_full_14
250,0.3387947301587302,0.4757887607495907,9.026348402976613,9.092052719288676,-0.07299326984126984,0.0,2.305172275454228,b_last_value,rowwise,茄子,fold2_test2025,14,target_lh_full_14
165,0.37867768157768167,0.5436188688059518,9.032816686912673,9.45717746958789,0.13005180375180378,0.0,2.744234549370796,b_last_value,rowwise,茄子,fold3_test2026,14,target_lh_full_14
248,0.37742210701484896,0.5311818253070649,6.418771995965448,6.874350397684823,0.0518019073220687,0.0,3.1051047480765575,b_last_value,rowwise,西红柿,fold1_test2024,14,target_lh_full_14
250,0.3364911111111111,0.4311315629987633,6.28705491647897,6.276171611996387,-0.1028471111111111,0.004,2.663775167605256,b_last_value,rowwise,西红柿,fold2_test2025,14,target_lh_full_14
165,0.33290134680134686,0.4376786148722301,6.019793415842795,6.379566499092203,0.15024083694083692,0.0,2.763354378803055,b_last_value,rowwise,西红柿,fold3_test2026,14,target_lh_full_14
248,0.5905216333845366,0.8426370096551519,8.152756968135586,8.767593122541793,0.044159050179211436,0.0,3.1581450528340276,b_last_value,rowwise,青椒,fold1_test2024,14,target_lh_full_14
250,0.3879286984126984,0.5408130894177424,6.996236196368125,7.364774296222586,-0.06607352380952371,0.0,2.0395481899876855,b_last_value,rowwise,青椒,fold2_test2025,14,target_lh_full_14
165,0.43440880230880247,0.708325198366389,6.648882313846845,7.40750519327001,0.13543737373737386,0.0,2.4838312577567523,b_last_value,rowwise,青椒,fold3_test2026,14,target_lh_full_14
248,0.4619522209421402,0.6660604773910176,8.129476144401544,8.518463481970114,0.015837909626216107,0.004032258064516129,3.0791236606902297,b_last_value,rowwise,韭菜,fold1_test2024,14,target_lh_full_14
250,0.502294888888889,0.7526893811992892,8.618980592054301,8.86273627195097,-0.06517222222222216,0.004,3.2741002296414066,b_last_value,rowwise,韭菜,fold2_test2025,14,target_lh_full_14
165,0.4179285233285233,0.5488653993071261,8.133885291901938,7.777115458067059,0.12241808561808565,0.006060606060606061,2.750526921532788,b_last_value,rowwise,韭菜,fold3_test2026,14,target_lh_full_14
248,0.5799709101382489,0.8443670937598562,11.558581936263897,12.188454029852966,-0.004814804147465433,0.0,2.9642957629288276,b_last_value,rowwise,黄瓜,fold1_test2024,14,target_lh_full_14
250,0.6831530793650793,1.0045156084190883,12.829538689782527,13.122766383872303,-0.07426177777777779,0.004,3.482657911590706,b_last_value,rowwise,黄瓜,fold2_test2025,14,target_lh_full_14
165,0.6360763828763829,0.8664097173757179,13.935428173257671,12.923464403670945,0.05873400673400672,0.0,3.2480272137277852,b_last_value,rowwise,黄瓜,fold3_test2026,14,target_lh_full_14
248,0.30146386996915714,0.3416009198497423,13.863443089206609,14.547979231107764,0.2978917974546217,0.5282258064516129,10.291159939577906,b_same_season_mean,rowwise,土豆,fold1_test2024,14,target_lh_full_14
250,0.34779889314460116,0.3975907181986005,17.290112931864865,17.95851259114447,0.34779889314460116,0.572,12.257668726872765,b_same_season_mean,rowwise,土豆,fold2_test2025,14,target_lh_full_14
165,0.20665144491134405,0.25430090140710215,9.132960575820112,9.4273086933005,0.1073446540017551,0.503030303030303,7.784123413327187,b_same_season_mean,rowwise,土豆,fold3_test2026,14,target_lh_full_14
248,1.3257893995155117,1.74436906214135,23.081478200305497,21.981746139986498,-0.7964083909945552,0.5806451612903226,7.797514767807389,b_same_season_mean,rowwise,尖椒,fold1_test2024,14,target_lh_full_14
250,1.2324374619450265,1.690145855559138,20.894055905713156,24.361706465733633,0.2707128904468695,0.524,7.005883665822681,b_same_season_mean,rowwise,尖椒,fold2_test2025,14,target_lh_full_14
165,0.8732422601353756,1.3410928328574334,13.043375026505036,14.795500256836643,-0.4633699807492271,0.5333333333333333,5.312991563983107,b_same_season_mean,rowwise,尖椒,fold3_test2026,14,target_lh_full_14
248,0.6191440909448547,0.8207012205140852,25.65756594902946,26.336352875996205,-0.20261359522458086,0.6048387096774194,7.99175817143832,b_same_season_mean,rowwise,甘蓝,fold1_test2024,14,target_lh_full_14
250,0.6834455372074801,0.7833408214669201,34.182082259893754,36.31701079087711,0.26603602402840343,0.472,8.61750908011482,b_same_season_mean,rowwise,甘蓝,fold2_test2025,14,target_lh_full_14
165,0.4110870235484548,0.47161281889634765,23.120254665319617,23.088513178155072,0.1907266572362557,0.4727272727272727,5.574520736909816,b_same_season_mean,rowwise,甘蓝,fold3_test2026,14,target_lh_full_14
248,1.446396924764358,1.8099823257063887,16.143861803225533,16.49202504402135,0.13500650996911784,0.5403225806451613,5.1032988333009,b_same_season_mean,rowwise,芸豆,fold1_test2024,14,target_lh_full_14
250,1.6448895624624091,1.9545745383094835,18.017810242741177,19.272922657464935,0.32644205746915783,0.528,5.902024976163253,b_same_season_mean,rowwise,芸豆,fold2_test2025,14,target_lh_full_14
165,0.8250789938655123,1.0794539712276945,9.203540689980574,9.745123596942225,0.4716548178068073,0.6303030303030303,3.011557851484981,b_same_season_mean,rowwise,芸豆,fold3_test2026,14,target_lh_full_14
248,1.2276389633016966,1.6408997471293145,26.998284517756165,26.432493818456503,-1.1111287702502122,0.5645161290322581,11.157597888244613,b_same_season_mean,rowwise,芹菜,fold1_test2024,14,target_lh_full_14
250,0.7868686612111792,0.9132391016899093,22.475503908212726,23.216939942846427,0.26958001668785525,0.52,6.8387101451316035,b_same_season_mean,rowwise,芹菜,fold2_test2025,14,target_lh_full_14
165,0.4030941282245921,0.48240741650912167,11.010641393362885,11.21821775763251,-0.11217647916656169,0.4909090909090909,3.6655722492936373,b_same_season_mean,rowwise,芹菜,fold3_test2026,14,target_lh_full_14
248,0.671854974098209,0.8489555654010607,16.98457323545127,15.8121807168523,-0.17438949657560854,0.532258064516129,4.4896065093179764,b_same_season_mean,rowwise,茄子,fold1_test2024,14,target_lh_full_14
250,1.2490836225574777,1.4787288333022846,30.887330813153646,33.52098818589023,0.3216314555419296,0.412,8.498812644147131,b_same_season_mean,rowwise,茄子,fold2_test2025,14,target_lh_full_14
165,0.6301143748906761,0.8089542405791086,15.341650985587002,15.736611264366562,-0.024526211031051733,0.6060606060606061,4.566367974013944,b_same_season_mean,rowwise,茄子,fold3_test2026,14,target_lh_full_14
248,0.9215515615480409,1.2410371576835089,17.57400946897202,16.785101417934705,-0.6222097878068841,0.5645161290322581,7.581734286824928,b_same_season_mean,rowwise,西红柿,fold1_test2024,14,target_lh_full_14
250,0.9747955228213636,1.3363780771638947,17.085537003072858,18.181710558804117,-0.3725564972634389,0.468,7.716804460629299,b_same_season_mean,rowwise,西红柿,fold2_test2025,14,target_lh_full_14
165,0.7667940836009779,1.2174420281949492,12.38936784592287,14.694485001173666,-0.3191540735414906,0.5454545454545454,6.365020174650928,b_same_season_mean,rowwise,西红柿,fold3_test2026,14,target_lh_full_14
248,1.247297280881959,1.701794760999917,19.722267817528145,18.51887288014825,-0.8859426476669594,0.592741935483871,6.670620540104067,b_same_season_mean,rowwise,青椒,fold1_test2024,14,target_lh_full_14
250,1.307205910373281,1.8243968664253005,20.32352899261348,24.81712883831398,0.657103362833017,0.524,6.872679075696241,b_same_season_mean,rowwise,青椒,fold2_test2025,14,target_lh_full_14
165,0.7735595328242132,1.0292515156113937,12.56819398369678,13.190677136936946,0.15936105358203276,0.49696969696969695,4.423002796335275,b_same_season_mean,rowwise,青椒,fold3_test2026,14,target_lh_full_14
248,0.7525630387850465,1.0513757555694785,13.419878022168904,13.87736755696607,-0.21231114792994116,0.5120967741935484,5.016178197299349,b_same_season_mean,rowwise,韭菜,fold1_test2024,14,target_lh_full_14
250,0.9417771284168123,1.5059743141769313,14.576357194081663,16.61717548943617,-0.37460822017326917,0.676,6.138769835467298,b_same_season_mean,rowwise,韭菜,fold2_test2025,14,target_lh_full_14
165,0.7863721156570647,0.9812596624760185,15.602066934832523,14.633379621380968,-0.5935580724976706,0.6121212121212121,5.175377017177695,b_same_season_mean,rowwise,韭菜,fold3_test2026,14,target_lh_full_14
248,1.0407204058149724,1.4199948993515599,21.547884816802632,21.87139493113891,-0.21691263687764267,0.6048387096774194,5.31923762972097,b_same_season_mean,rowwise,黄瓜,fold1_test2024,14,target_lh_full_14
250,1.315237623977536,1.7826343269822724,23.083949827856934,25.26455138689776,-0.5690383694039491,0.576,6.704972655651724,b_same_season_mean,rowwise,黄瓜,fold2_test2025,14,target_lh_full_14
165,0.899710961677186,1.1617797673373946,18.175283936879442,18.27985270298484,-0.5783110111397329,0.6424242424242425,4.594237054993163,b_same_season_mean,rowwise,黄瓜,fold3_test2026,14,target_lh_full_14
248,0.2592274705581158,0.30747514707730356,12.205441672682484,12.509744063850514,0.24239234511008706,0.5,8.849323670258498,b_same_season_median,rowwise,土豆,fold1_test2024,14,target_lh_full_14
250,0.2818601587301588,0.3332811133536771,14.417803236512055,14.553781824121682,0.2772401587301588,0.544,9.933753445217633,b_same_season_median,rowwise,土豆,fold2_test2025,14,target_lh_full_14
165,0.16183516113516105,0.20706951633542525,7.361002161489043,7.382818068877871,0.0384335257335257,0.4727272727272727,6.095988670353749,b_same_season_median,rowwise,土豆,fold3_test2026,14,target_lh_full_14
248,1.6147171658986172,2.0227847275622484,30.129532677122032,26.77220291671716,-1.1578923451100869,0.5282258064516129,9.496818236386305,b_same_season_median,rowwise,尖椒,fold1_test2024,14,target_lh_full_14
250,1.0075768888888887,1.4235979482738637,17.36518713213701,19.9168665077978,-0.01927269841269839,0.504,5.727646786058155,b_same_season_median,rowwise,尖椒,fold2_test2025,14,target_lh_full_14
165,0.9383405964405965,1.587725615292977,12.91717685629345,15.898473046282517,-0.7583224146224147,0.6,5.709063682120581,b_same_season_median,rowwise,尖椒,fold3_test2026,14,target_lh_full_14
248,0.6822640168970814,0.9177881374694306,29.335075646032916,29.021266885023948,-0.42562826420890926,0.6532258064516129,8.806494500811153,b_same_season_median,rowwise,甘蓝,fold1_test2024,14,target_lh_full_14
250,0.6688038095238095,0.8450391899490584,33.843049274837504,35.53897691204366,0.02595180952380957,0.456,8.432892729003441,b_same_season_median,rowwise,甘蓝,fold2_test2025,14,target_lh_full_14
165,0.4028970177970177,0.4705829678940829,22.04907888349571,22.62852528048568,0.03200197210197212,0.4727272727272727,5.463460658917802,b_same_season_median,rowwise,甘蓝,fold3_test2026,14,target_lh_full_14
248,1.4767719534050179,1.9043453791415117,16.80333582824569,16.83836547414653,-0.15890994623655907,0.5524193548387096,5.210470554679259,b_same_season_median,rowwise,芸豆,fold1_test2024,14,target_lh_full_14
250,1.5449919682539681,1.8967679292728497,16.95091480930937,18.102437628692613,0.03948219047619028,0.54,5.543582616547202,b_same_season_median,rowwise,芸豆,fold2_test2025,14,target_lh_full_14
165,0.7587259259259259,0.9914994407867789,8.576443879409265,8.961418214893712,0.3560835016835017,0.6363636363636364,2.7693675833903004,b_same_season_median,rowwise,芸豆,fold3_test2026,14,target_lh_full_14
248,1.5553477662570403,1.9517886481047313,36.573817411849525,33.48844525638926,-1.4827778737839221,0.5846774193548387,14.136033044766382,b_same_season_median,rowwise,芹菜,fold1_test2024,14,target_lh_full_14
250,0.5744532063492063,0.7557204305544943,16.522219090117503,16.94951934069427,-0.009360571428571404,0.512,4.992598083798082,b_same_season_median,rowwise,芹菜,fold2_test2025,14,target_lh_full_14
165,0.4543736892736893,0.5547765418328595,12.861826244005972,12.645341702350606,-0.35914944684944694,0.5393939393939394,4.131887491258162,b_same_season_median,rowwise,芹菜,fold3_test2026,14,target_lh_full_14
248,0.6250937660010238,0.7922079312985296,15.593302970918243,14.711650540732855,-0.24558390937019955,0.5241935483870968,4.177129215332791,b_same_season_median,rowwise,茄子,fold1_test2024,14,target_lh_full_14
250,1.2659067301587301,1.4866705191382112,31.528855475000135,33.97246091435088,0.2752467301587302,0.412,8.613277710387155,b_same_season_median,rowwise,茄子,fold2_test2025,14,target_lh_full_14
165,0.6413165464165463,0.8345486380719924,15.768912191160275,16.01637669369828,-0.07522092352092354,0.6,4.647548850587374,b_same_season_median,rowwise,茄子,fold3_test2026,14,target_lh_full_14
248,1.0313965693804403,1.3497919287209346,19.881655049150364,18.785813774846638,-0.7512222862263185,0.5120967741935484,8.485444612832596,b_same_season_median,rowwise,西红柿,fold1_test2024,14,target_lh_full_14
250,0.9334293333333334,1.3412116947039279,16.473325365346128,17.410155841343812,-0.4690471111111111,0.48,7.389335993563959,b_same_season_median,rowwise,西红柿,fold2_test2025,14,target_lh_full_14
165,0.8203867724867726,1.3646189542369673,13.20422665953207,15.7215103523691,-0.4558803751803754,0.593939393939394,6.809883474025815,b_same_season_median,rowwise,西红柿,fold3_test2026,14,target_lh_full_14
248,1.4643517025089607,1.9354031150120072,24.08246054776311,21.74152340925251,-1.135961917562724,0.5524193548387096,7.831440583102711,b_same_season_median,rowwise,青椒,fold1_test2024,14,target_lh_full_14
250,1.2536762539682538,1.7135037520127447,19.838631361132155,23.800875492813965,0.4508864761904763,0.46,6.591245105282976,b_same_season_median,rowwise,青椒,fold2_test2025,14,target_lh_full_14
165,0.6992454545454545,1.0361012896701172,10.617244534519513,11.923479239801184,-0.027835353535353394,0.503030303030303,3.998095129779867,b_same_season_median,rowwise,青椒,fold3_test2026,14,target_lh_full_14
248,0.7690942460317459,1.0754748708915547,13.70608988751196,14.182205327756927,-0.3690008000512032,0.4959677419354839,5.1263662840007695,b_same_season_median,rowwise,韭菜,fold1_test2024,14,target_lh_full_14
250,1.0480835238095236,1.6351173892518118,16.605268215047168,18.492897435306414,-0.49901222222222225,0.632,6.831705004163827,b_same_season_median,rowwise,韭菜,fold2_test2025,14,target_lh_full_14
165,0.8831320827320825,1.1150240215116054,17.75568320266658,16.433958891893333,-0.7238243386243386,0.6242424242424243,5.812186613820746,b_same_season_median,rowwise,韭菜,fold3_test2026,14,target_lh_full_14
248,1.0440356822836663,1.4746791383354805,22.176751074804322,21.941067554590486,-0.4827583525345622,0.5806451612903226,5.336182376116517,b_same_season_median,rowwise,黄瓜,fold1_test2024,14,target_lh_full_14
250,1.45650273015873,2.01416583480538,26.192106211519363,27.978129123137542,-0.8735417777777779,0.584,7.425130486354733,b_same_season_median,rowwise,黄瓜,fold2_test2025,14,target_lh_full_14
165,1.039107744107744,1.3209109430536914,20.929968682173282,21.11204299368722,-0.787872053872054,0.6545454545454545,5.306045502892313,b_same_season_median,rowwise,黄瓜,fold3_test2026,14,target_lh_full_14
248,0.5961826676907322,0.671404802046058,24.330694442016444,28.770456202259183,0.5961826676907322,0.4879032258064516,20.35206138313446,b_seasonal_naive_365,rowwise,土豆,fold1_test2024,14,target_lh_full_14
250,0.22125393650793648,0.29237070110986313,11.477383973219379,11.424394047643146,0.13452015873015882,0.5,7.7977748396779925,b_seasonal_naive_365,rowwise,土豆,fold2_test2025,14,target_lh_full_14
165,0.32472405002404986,0.4077828861520363,16.68891077465789,14.81370653386331,-0.2104755651755652,0.45454545454545453,12.23166903936745,b_seasonal_naive_365,rowwise,土豆,fold3_test2026,14,target_lh_full_14
248,2.1234479006656426,2.6340436468675628,45.09326868199327,35.2070190868752,-1.8383358934971838,0.6290322580645161,12.48887370057466,b_seasonal_naive_365,rowwise,尖椒,fold1_test2024,14,target_lh_full_14
250,1.9263259682539684,2.3832793249117437,32.631241406475766,38.077865404919486,1.0599673015873015,0.456,10.950345192154275,b_seasonal_naive_365,rowwise,尖椒,fold2_test2025,14,target_lh_full_14
165,1.4573405964405968,2.166803789715972,21.905813890925906,24.691983145195724,-1.3566254449254451,0.6363636363636364,8.866770022718157,b_seasonal_naive_365,rowwise,尖椒,fold3_test2026,14,target_lh_full_14
248,0.7920695724526369,1.0601637976752527,37.30238333219366,33.69203399909383,-0.6803460061443932,0.6290322580645161,10.223837343478442,b_seasonal_naive_365,rowwise,甘蓝,fold1_test2024,14,target_lh_full_14
250,1.0358438095238094,1.1752949498812744,46.980588767281695,55.04279238086407,0.4949118095238095,0.476,13.060870176466281,b_seasonal_naive_365,rowwise,甘蓝,fold2_test2025,14,target_lh_full_14
165,0.48005863395863396,0.6388417735515465,28.941789874852038,26.962271882889027,-0.39769499759499766,0.503030303030303,6.509806091263235,b_seasonal_naive_365,rowwise,甘蓝,fold3_test2026,14,target_lh_full_14
248,2.0888158602150537,2.5812957123306193,23.5064778242124,23.816977822064956,0.027138440860214944,0.5,7.369935153970661,b_seasonal_naive_365,rowwise,芸豆,fold1_test2024,14,target_lh_full_14
250,2.3246533015873014,2.7832143619387533,25.953035803188783,27.2376117578632,0.2840021904761903,0.512,8.34108390009446,b_seasonal_naive_365,rowwise,芸豆,fold2_test2025,14,target_lh_full_14
165,1.1825681577681577,1.5239043555931713,13.609014712880354,13.96747819898736,-0.18028013468013468,0.6242424242424243,4.316401759009426,b_seasonal_naive_365,rowwise,芸豆,fold3_test2026,14,target_lh_full_14
248,2.0482429275473626,2.4198946905184155,51.92858024601266,44.10105099261807,-1.811769809267793,0.5201612903225806,18.615791487711274,b_seasonal_naive_365,rowwise,芹菜,fold1_test2024,14,target_lh_full_14
250,1.6669580952380953,2.110413858069567,39.42313466456919,49.18440381754867,1.2931994285714286,0.536,14.487606127135537,b_seasonal_naive_365,rowwise,芹菜,fold2_test2025,14,target_lh_full_14
165,0.7366282347282348,0.8427861266842677,23.19798326515774,20.500561444540587,-0.6867858104858106,0.5272727272727272,6.698594264219909,b_seasonal_naive_365,rowwise,芹菜,fold3_test2026,14,target_lh_full_14
248,1.3323908090117766,1.6632068440223151,42.366722576752466,31.357964247932497,-0.8858258448540706,0.5120967741935484,8.903573955263008,b_seasonal_naive_365,rowwise,茄子,fold1_test2024,14,target_lh_full_14
250,1.6155333968253967,1.9211832742940116,38.605452870566445,43.35520451226097,0.5781267301587302,0.404,10.992150895285508,b_seasonal_naive_365,rowwise,茄子,fold2_test2025,14,target_lh_full_14
165,0.9982997113997113,1.3038865987503092,25.789872597245367,24.93175066249238,-0.9860694083694084,0.6606060606060606,7.234565679276742,b_seasonal_naive_365,rowwise,茄子,fold3_test2026,14,target_lh_full_14
248,1.394082053251408,1.8294367502148854,28.17336771566427,25.39175193782978,-0.9946497055811572,0.4838709677419355,11.46930909001829,b_seasonal_naive_365,rowwise,西红柿,fold1_test2024,14,target_lh_full_14
250,1.1374213333333334,1.7061969738288265,18.429129532704515,21.214977892205088,0.21979288888888884,0.608,9.004204279967821,b_seasonal_naive_365,rowwise,西红柿,fold2_test2025,14,target_lh_full_14
165,1.0712972101972102,1.7195132418134191,18.309146022542926,20.529841222971616,-0.5967894660894661,0.6181818181818182,8.892646020337398,b_seasonal_naive_365,rowwise,西红柿,fold3_test2026,14,target_lh_full_14
248,2.0801715949820787,2.5367120702248407,40.524578928142056,30.884724858158346,-1.8057603046594983,0.592741935483871,11.124882240276193,b_seasonal_naive_365,rowwise,青椒,fold1_test2024,14,target_lh_full_14
250,2.2918700317460314,3.038402773843235,34.04063272235719,43.510845083518824,1.6204864761904765,0.524,12.049583838630557,b_seasonal_naive_365,rowwise,青椒,fold2_test2025,14,target_lh_full_14
165,1.258038047138047,1.8592198024952487,18.46904381508703,21.45196717464745,-0.9169262626262624,0.6121212121212121,7.19311903516055,b_seasonal_naive_365,rowwise,青椒,fold3_test2026,14,target_lh_full_14
248,1.0931127432155658,1.4858730907881814,19.338524475889244,20.157151676351095,-0.3069846710189452,0.4879032258064516,7.286098342751824,b_seasonal_naive_365,rowwise,韭菜,fold1_test2024,14,target_lh_full_14
250,1.4870937460317462,2.003888985091282,23.34859334182132,26.23900814898088,-0.17069222222222213,0.58,9.693297867615515,b_seasonal_naive_365,rowwise,韭菜,fold2_test2025,14,target_lh_full_14
165,0.9905926887926887,1.2353691855216273,19.331294859035616,18.433663372150225,-0.7893394901394901,0.5696969696969697,6.519420682507615,b_seasonal_naive_365,rowwise,韭菜,fold3_test2026,14,target_lh_full_14
248,1.3903228686635944,1.9303672571689074,30.251617158184757,29.218510920349605,-0.4627986751152074,0.6088709677419355,7.106094662058371,b_seasonal_naive_365,rowwise,黄瓜,fold1_test2024,14,target_lh_full_14
250,1.9599800000000003,2.5945053803812805,34.35909156109497,37.649482135053056,-0.41130177777777777,0.508,9.991815977618902,b_seasonal_naive_365,rowwise,黄瓜,fold2_test2025,14,target_lh_full_14
165,1.3336208754208756,1.7400073939564178,27.674153880200446,27.09580543386355,-0.9166599326599325,0.6181818181818182,6.809931971651745,b_seasonal_naive_365,rowwise,黄瓜,fold3_test2026,14,target_lh_full_14
248,0.14336690594275145,0.16792930821107233,6.915022930839683,6.918569612659442,0.10979977594340908,0.5040322580645161,4.894157828101348,m_catboost,trained,土豆,fold1_test2024,14,target_lh_full_14
250,0.1253514836755798,0.1728211092376319,6.989867077200299,6.472493852850215,0.11122018134541488,0.624,4.417831659626453,m_catboost,trained,土豆,fold2_test2025,14,target_lh_full_14
165,0.07570780662987653,0.09340533198409752,3.4993534554080905,3.453742430394054,-0.0026315127358600312,0.4727272727272727,2.8517531557163514,m_catboost,trained,土豆,fold3_test2026,14,target_lh_full_14
248,0.6063181866443275,0.8586711389640341,9.695884150032564,10.052827744544524,-0.38029900244811154,0.5806451612903226,3.5660075545007595,m_catboost,trained,尖椒,fold1_test2024,14,target_lh_full_14
250,0.5592364446250465,0.7547792499839427,10.06556606073815,11.054479054372973,0.2838413453713945,0.492,3.1790217302775607,m_catboost,trained,尖椒,fold2_test2025,14,target_lh_full_14
165,0.6152060426829128,1.0043016429868563,8.698620491113552,10.42354633765823,-0.4423713104077109,0.5757575757575758,3.7430443579070825,m_catboost,trained,尖椒,fold3_test2026,14,target_lh_full_14
248,0.27666324635245243,0.3649643941033545,11.639174695703568,11.768344381091453,-0.10176158219044795,0.6290322580645161,3.571100479049544,m_catboost,trained,甘蓝,fold1_test2024,14,target_lh_full_14
250,0.303666844078113,0.3449557867661902,18.784840865287084,16.136285121236323,0.18010260656989968,0.516,3.828910489144839,m_catboost,trained,甘蓝,fold2_test2025,14,target_lh_full_14
165,0.17694145218995602,0.21933644168491973,10.04848398115151,9.937835097264166,0.08522839999097832,0.5212121212121212,2.399403868158305,m_catboost,trained,甘蓝,fold3_test2026,14,target_lh_full_14
248,0.7589667052017892,0.9666451193339305,8.56919138629715,8.653847153197928,0.0670605565140539,0.6290322580645161,2.6778499282287487,m_catboost,trained,芸豆,fold1_test2024,14,target_lh_full_14
250,0.6807573013751101,0.925077185873297,7.710919191948065,7.9763305192757485,0.13909821382991058,0.608,2.4426239226703195,m_catboost,trained,芸豆,fold2_test2025,14,target_lh_full_14
165,0.4908202141009834,0.5707739402007773,5.7797429485799725,5.797146316721491,0.2587029043476537,0.5515151515151515,1.791505395766131,m_catboost,trained,芸豆,fold3_test2026,14,target_lh_full_14
248,0.9591302928960885,1.2905178193498283,20.319125587578263,20.651190045228173,-0.824329284302615,0.5120967741935484,8.717212837386036,m_catboost,trained,芹菜,fold1_test2024,14,target_lh_full_14
250,0.40770309256062537,0.47785556533532875,12.49559656283106,12.029476685375858,0.28837441143994175,0.588,3.5433655103308186,m_catboost,trained,芹菜,fold2_test2025,14,target_lh_full_14
165,0.22467156531397256,0.2846801206206402,6.117570111988193,6.25266995265185,0.05194532499291899,0.5393939393939394,2.0430708297527054,m_catboost,trained,芹菜,fold3_test2026,14,target_lh_full_14
248,0.395681442843994,0.477763607925573,10.001269139922114,9.31240628076311,-0.07179240028260694,0.5403225806451613,2.64410334059542,m_catboost,trained,茄子,fold1_test2024,14,target_lh_full_14
250,0.5153345811385383,0.720434726275312,13.446007009751327,13.82975814762212,0.08942476863011857,0.472,3.5063561598694624,m_catboost,trained,茄子,fold2_test2025,14,target_lh_full_14
165,0.45928336901218714,0.625646746339424,10.787969899248465,11.470241159928115,-0.08496855339694838,0.509090909090909,3.328374896412021,m_catboost,trained,茄子,fold3_test2026,14,target_lh_full_14
248,0.4988720983296068,0.6920992605521532,9.020435632240167,9.086435436096673,-0.336377162294895,0.625,4.104290905103852,m_catboost,trained,西红柿,fold1_test2024,14,target_lh_full_14
250,0.4700601986501424,0.6866047447651775,8.040981274876934,8.76747818079284,-0.13653527363788695,0.48,3.721152336860339,m_catboost,trained,西红柿,fold2_test2025,14,target_lh_full_14
165,0.3281579745979412,0.48567897723267983,5.658599598202955,6.2886667214483785,-0.16014092790011053,0.7393939393939394,2.723980496797118,m_catboost,trained,西红柿,fold3_test2026,14,target_lh_full_14
248,0.8477359458039962,1.3239510906693706,11.631731618053502,12.586505604482415,-0.701849950152733,0.5201612903225806,4.5337425963649265,m_catboost,trained,青椒,fold1_test2024,14,target_lh_full_14
250,0.6337737661154806,0.8400119602748172,10.466321106079226,12.032109924854911,0.37306812439172804,0.596,3.3320869088353975,m_catboost,trained,青椒,fold2_test2025,14,target_lh_full_14
165,0.38079974924140836,0.5994407574167473,5.849157291788261,6.493367779634636,-0.1710453166305107,0.7636363636363637,2.1773092881285234,m_catboost,trained,青椒,fold3_test2026,14,target_lh_full_14
248,0.44778389505186134,0.615820226465324,7.7277847458837,8.257197573450737,-0.014816856843579706,0.6088709677419355,2.984685263160387,m_catboost,trained,韭菜,fold1_test2024,14,target_lh_full_14
250,0.76461260842244,1.204817355795478,11.342987222163252,13.491198195639267,-0.4698665975516462,0.704,4.983961358556446,m_catboost,trained,韭菜,fold2_test2025,14,target_lh_full_14
165,0.5724125595556292,0.698715211800299,10.555144449337202,10.651865849827217,0.09725664099140678,0.49696969696969695,3.7672378586221145,m_catboost,trained,韭菜,fold3_test2026,14,target_lh_full_14
248,0.6163072420801328,0.8806964218513331,12.391262626592741,12.952084935722985,-0.14384534700907603,0.6290322580645161,3.150014792854012,m_catboost,trained,黄瓜,fold1_test2024,14,target_lh_full_14
250,0.7821322311779647,1.1051156185159192,13.40990167945669,15.024068339974884,-0.4773038024807907,0.696,3.987245443369171,m_catboost,trained,黄瓜,fold2_test2025,14,target_lh_full_14
165,0.6511591694454861,0.8657749086904154,13.52303770162001,13.229908504696237,-0.15995748750661323,0.6303030303030303,3.325045167159356,m_catboost,trained,黄瓜,fold3_test2026,14,target_lh_full_14
248,0.11718459930014803,0.14438441877207128,5.52042217414132,5.655069435016067,0.0995793132194938,0.49193548387096775,4.00036479985663,m_elasticnet,trained,土豆,fold1_test2024,14,target_lh_full_14
250,0.06271952668914207,0.08101490420590388,3.3497832385644655,3.238507746743425,0.001657978626979843,0.58,2.21045896354283,m_elasticnet,trained,土豆,fold2_test2025,14,target_lh_full_14
165,0.0565168508631665,0.07531892466303042,2.576580226343701,2.5782631216969025,0.0002461425368967335,0.5212121212121212,2.1288703896565164,m_elasticnet,trained,土豆,fold3_test2026,14,target_lh_full_14
248,1.6409559771660707,1.9810364980246298,32.622643696044406,27.20724553246514,-1.5083575459453518,0.5524193548387096,9.651139517294455,m_elasticnet,trained,尖椒,fold1_test2024,14,target_lh_full_14
250,0.41921967189769505,0.5639479485531286,7.8036481435206415,8.286754425100689,0.14950662012999782,0.516,2.3830858298517157,m_elasticnet,trained,尖椒,fold2_test2025,14,target_lh_full_14
165,0.419406355944754,0.6143407818270973,6.559872074932461,7.10607712244428,-0.13900595721231554,0.6787878787878788,2.551757436326923,m_elasticnet,trained,尖椒,fold3_test2026,14,target_lh_full_14
248,0.3009568953283413,0.41214031317456756,12.965288700140013,12.801716291494744,-0.2122697947635667,0.6693548387096774,3.8846768670932867,m_elasticnet,trained,甘蓝,fold1_test2024,14,target_lh_full_14
250,0.16933883011535972,0.2151957935623254,9.385177149169115,8.998347031048134,0.025006689561277447,0.548,2.13517950837409,m_elasticnet,trained,甘蓝,fold2_test2025,14,target_lh_full_14
165,0.1370093609892712,0.17212733719161483,7.8034647660067815,7.695067602537764,0.03651238004731499,0.5575757575757576,1.857907158909458,m_elasticnet,trained,甘蓝,fold3_test2026,14,target_lh_full_14
248,0.8797049335305744,1.1649474525630372,10.132090182196261,10.030521737661315,-0.1779058773534603,0.6532258064516129,3.1038486628883173,m_elasticnet,trained,芸豆,fold1_test2024,14,target_lh_full_14
250,0.8918911495253897,1.06345372193315,10.100533025914867,10.450153941002444,0.4651504159554019,0.54,3.2001928643997357,m_elasticnet,trained,芸豆,fold2_test2025,14,target_lh_full_14
165,0.4856431838671873,0.5884427572805337,5.764265871939333,5.735999687285337,0.22798429023533145,0.5515151515151515,1.7726091129085104,m_elasticnet,trained,芸豆,fold3_test2026,14,target_lh_full_14
248,0.7922102228639342,1.0344459021348604,17.309011818732824,17.05720691892286,-0.7369950637609909,0.5604838709677419,7.200132428103921,m_elasticnet,trained,芹菜,fold1_test2024,14,target_lh_full_14
250,0.28761917863813585,0.37777323091343046,8.107291608108389,8.4863427990307,0.09976365677838482,0.524,2.4997109325200992,m_elasticnet,trained,芹菜,fold2_test2025,14,target_lh_full_14
165,0.2311677986994254,0.31196000054683454,6.61540847484039,6.433461871014422,-0.0395186028459466,0.5696969696969697,2.1021449049011856,m_elasticnet,trained,芹菜,fold3_test2026,14,target_lh_full_14
248,0.8691562219973529,1.1394353267239339,26.264013846781104,20.455687288533504,-0.6310926256300609,0.4637096774193548,5.808053199473867,m_elasticnet,trained,茄子,fold1_test2024,14,target_lh_full_14
250,0.41035740524166603,0.6000797487485134,9.987328426578127,11.012541902466166,-0.03970741336445541,0.504,2.792087448193883,m_elasticnet,trained,茄子,fold2_test2025,14,target_lh_full_14
165,0.3772940346331216,0.5183964702457482,9.153770619184892,9.422621974647075,0.1049796751357818,0.5333333333333333,2.7342074156522904,m_elasticnet,trained,茄子,fold3_test2026,14,target_lh_full_14
248,0.467488844614062,0.6248101934058317,8.047758194112536,8.514822171663248,0.10777854387934488,0.45564516129032256,3.8460964636256385,m_elasticnet,trained,西红柿,fold1_test2024,14,target_lh_full_14
250,0.313057023708357,0.3972375150278915,5.827272520324525,5.839083233570716,-0.04479803323451127,0.576,2.4782631643525606,m_elasticnet,trained,西红柿,fold2_test2025,14,target_lh_full_14
165,0.30500287133545395,0.38306061578840594,5.823250977874638,5.844933097431131,0.10865088680306054,0.6121212121212121,2.531774137144829,m_elasticnet,trained,西红柿,fold3_test2026,14,target_lh_full_14
248,1.2803380449049224,1.575561463638041,21.35506700083821,19.009435730066098,-1.1494438872906978,0.5201612903225806,6.847324524415222,m_elasticnet,trained,青椒,fold1_test2024,14,target_lh_full_14
250,0.807867780337873,0.9976123038479369,14.118466447845112,15.337261429029667,0.7173992838272811,0.568,4.247392048794973,m_elasticnet,trained,青椒,fold2_test2025,14,target_lh_full_14
165,0.4494721163786642,0.6332012426944459,7.578254307466141,7.664363656098853,-0.15541467544706458,0.6242424242424243,2.56995918641123,m_elasticnet,trained,青椒,fold3_test2026,14,target_lh_full_14
248,0.6650210886281366,0.8982196882717375,11.816365230658356,12.26308176777514,-0.11200476635114699,0.5,4.4326709040962555,m_elasticnet,trained,韭菜,fold1_test2024,14,target_lh_full_14
250,0.5150322344457386,0.6887286041158378,9.093641138127047,9.08748021614037,0.09337547792190312,0.568,3.3571258525079943,m_elasticnet,trained,韭菜,fold2_test2025,14,target_lh_full_14
165,0.47243988181050645,0.5558725611343092,9.22439838512664,8.79150214149813,0.20872904043054744,0.5575757575757576,3.1092843421555463,m_elasticnet,trained,韭菜,fold3_test2026,14,target_lh_full_14
248,0.7784361329622422,1.0903255864883847,16.493188957765554,16.359325710879435,-0.31356673193745616,0.7056451612903226,3.9786735684736825,m_elasticnet,trained,黄瓜,fold1_test2024,14,target_lh_full_14
250,0.7383788914754381,0.9563836023930151,14.105491631128883,14.183605385516579,-0.11649998473393197,0.524,3.764194535342613,m_elasticnet,trained,黄瓜,fold2_test2025,14,target_lh_full_14
165,0.6532661237030584,0.8346289650299612,14.321327788102359,13.272716489839098,0.04450528254515575,0.5333333333333333,3.335804008315708,m_elasticnet,trained,黄瓜,fold3_test2026,14,target_lh_full_14
248,0.1192115369543653,0.14970538687442325,5.634158350552758,5.752884960635505,0.07989096552846128,0.5120967741935484,4.069558960965346,m_extra_trees,trained,土豆,fold1_test2024,14,target_lh_full_14
250,0.11668393662433851,0.1653696586670101,6.588358904470034,6.024947135703713,0.08636627275925934,0.612,4.1123565056715305,m_extra_trees,trained,土豆,fold2_test2025,14,target_lh_full_14
165,0.06840817743441475,0.08566798450967748,3.1521307120724935,3.120737946434264,0.00351513578091799,0.47878787878787876,2.5767915431644637,m_extra_trees,trained,土豆,fold3_test2026,14,target_lh_full_14
248,0.6522662318988419,0.826918038572775,10.324462459365751,10.814651807086012,0.05297932833168049,0.6209677419354839,3.836246976806358,m_extra_trees,trained,尖椒,fold1_test2024,14,target_lh_full_14
250,0.5418627862394182,0.736392957856358,9.924466607440593,10.71105232571882,0.281056147318784,0.54,3.0802598593852544,m_extra_trees,trained,尖椒,fold2_test2025,14,target_lh_full_14
165,0.499842324825636,0.8896529383390783,6.692218916192849,8.468918171904596,-0.3559502449715399,0.7151515151515152,3.041146971870796,m_extra_trees,trained,尖椒,fold3_test2026,14,target_lh_full_14
248,0.26172321063081383,0.3498962795730445,11.033622511976143,11.132844408630103,0.009753515357745542,0.6129032258064516,3.3782582080722374,m_extra_trees,trained,甘蓝,fold1_test2024,14,target_lh_full_14
250,0.21607344164550255,0.2556145845857648,13.365120382822187,11.481736414469323,0.11587339189153437,0.544,2.7244524164425235,m_extra_trees,trained,甘蓝,fold2_test2025,14,target_lh_full_14
165,0.1676301773689274,0.21981921547754035,9.25893842254758,9.414871639174367,0.08414017794612831,0.5333333333333333,2.273138888717104,m_extra_trees,trained,甘蓝,fold3_test2026,14,target_lh_full_14
248,0.7714353808177065,0.9686979366090934,8.6038714765514,8.796016779669573,0.15434923913930526,0.5766129032258065,2.721842954371199,m_extra_trees,trained,芸豆,fold1_test2024,14,target_lh_full_14
250,0.7939861986878308,1.074515201274958,8.758397576556549,9.30301641375687,0.21927356023809522,0.576,2.8489003045100114,m_extra_trees,trained,芸豆,fold2_test2025,14,target_lh_full_14
165,0.6332566619929452,0.7555884195645166,7.196363193447093,7.479483159298823,0.401420291037358,0.47878787878787876,2.311401801050918,m_extra_trees,trained,芸豆,fold3_test2026,14,target_lh_full_14
248,0.6899534866698147,0.9883308474712521,14.17874094816417,14.855500531177368,-0.5162699635056659,0.5483870967741935,6.27075532463551,m_extra_trees,trained,芹菜,fold1_test2024,14,target_lh_full_14
250,0.37655348631349217,0.458600755494011,11.344895461586308,11.110392506359466,0.2520900374801583,0.608,3.2726429123165186,m_extra_trees,trained,芹菜,fold2_test2025,14,target_lh_full_14
165,0.26328170722302396,0.344954191805612,7.021559993202751,7.327200562900534,-0.015436089947089643,0.4666666666666667,2.3941755837377414,m_extra_trees,trained,芹菜,fold3_test2026,14,target_lh_full_14
248,0.4037616120405037,0.495550430305335,10.00886125353305,9.502573951590353,-0.03196403795042901,0.5161290322580645,2.6980982972744756,m_extra_trees,trained,茄子,fold1_test2024,14,target_lh_full_14
250,0.5939956719312166,0.7600293246664569,15.443230209917532,15.940743711384306,0.2107474525952381,0.52,4.041569224037596,m_extra_trees,trained,茄子,fold2_test2025,14,target_lh_full_14
165,0.41104263640371896,0.5389393099925835,10.273214688306592,10.26546677861135,-0.037343610966810464,0.5636363636363636,2.9787797352724286,m_extra_trees,trained,茄子,fold3_test2026,14,target_lh_full_14
248,0.4412167532975439,0.6154140762984408,7.929931520311902,8.036303404391854,-0.1427329845416779,0.5604838709677419,3.629952273943576,m_extra_trees,trained,西红柿,fold1_test2024,14,target_lh_full_14
250,0.4235526640216052,0.5769346491140445,7.415626958803038,7.900028019581358,-0.15758779131084627,0.492,3.352983277532257,m_extra_trees,trained,西红柿,fold2_test2025,14,target_lh_full_14
165,0.26522086395903505,0.344791191356572,5.136403793425816,5.0825692200729335,0.046123274973945305,0.7272727272727273,2.2015508282352303,m_extra_trees,trained,西红柿,fold3_test2026,14,target_lh_full_14
248,0.7537516734124318,1.199351093246748,9.914115016529566,11.19110226333032,-0.38889001588234884,0.6008064516129032,4.031109080304823,m_extra_trees,trained,青椒,fold1_test2024,14,target_lh_full_14
250,0.8420351374365089,1.1465909930637295,13.558734052437222,15.985924119775452,0.617091848960318,0.528,4.42702807884978,m_extra_trees,trained,青椒,fold2_test2025,14,target_lh_full_14
165,0.2976883443061569,0.4395442145596069,5.31532327506363,5.076158550894827,0.02784106490901055,0.7757575757575758,1.7021009029459626,m_extra_trees,trained,青椒,fold3_test2026,14,target_lh_full_14
248,0.5014639291788956,0.6903502623300404,8.559901050835162,9.247064901048939,0.05831293638583503,0.5362903225806451,3.3424873381241365,m_extra_trees,trained,韭菜,fold1_test2024,14,target_lh_full_14
250,0.7047130591044977,1.1064628019811027,10.542603679194814,12.4343013006938,-0.3812525348664017,0.716,4.5935191451962485,m_extra_trees,trained,韭菜,fold2_test2025,14,target_lh_full_14
165,0.5544148844676918,0.7011714559859704,9.992826895176133,10.316952128167593,0.02930818177408829,0.4666666666666667,3.648789159643369,m_extra_trees,trained,韭菜,fold3_test2026,14,target_lh_full_14
248,0.6288378288210444,0.8869397513185262,12.345121647876535,13.215423109739818,0.006687929320808408,0.6814516129032258,3.214060013974227,m_extra_trees,trained,黄瓜,fold1_test2024,14,target_lh_full_14
250,0.7756802004550256,1.0608993101208792,13.876661148328775,14.90013053681459,-0.452358550060846,0.66,3.9543535242345107,m_extra_trees,trained,黄瓜,fold2_test2025,14,target_lh_full_14
165,0.5341890724947892,0.7447856311902263,11.252730066053127,10.853371779027471,-0.08191040049302617,0.7333333333333333,2.7277551744540673,m_extra_trees,trained,黄瓜,fold3_test2026,14,target_lh_full_14
248,0.15774698844670892,0.19692114903192964,7.273783056543256,7.612520571461215,0.07778037317686104,0.4274193548387097,5.38505489317151,m_linear,trained,土豆,fold1_test2024,14,target_lh_full_14
250,0.09784921169584064,0.11925901988842262,5.240312262795349,5.052420622692232,0.024189669044768224,0.536,3.448553879251691,m_linear,trained,土豆,fold2_test2025,14,target_lh_full_14
165,0.0857879436666026,0.10741784082349329,3.9919418052127362,3.9135919299064152,-0.02967194630919176,0.5272727272727272,3.231450625292663,m_linear,trained,土豆,fold3_test2026,14,target_lh_full_14
248,1.9587638944590249,2.45177122235358,41.320881330383536,32.4765386507873,-1.7596844812595702,0.5685483870967742,11.520299075610055,m_linear,trained,尖椒,fold1_test2024,14,target_lh_full_14
250,0.4380875485734221,0.602507065875282,8.226363335884374,8.659717506310749,0.14550818631110987,0.564,2.4903416972631276,m_linear,trained,尖椒,fold2_test2025,14,target_lh_full_14
165,0.4635323496332337,0.7057409022473476,6.996112786073871,7.853711748887875,-0.1353228839565971,0.6303030303030303,2.8202293632157107,m_linear,trained,尖椒,fold3_test2026,14,target_lh_full_14
248,0.3102621248527956,0.38589839152288596,13.735473464762062,13.19753014473556,-0.11459318283802057,0.5846774193548387,4.0047864589908375,m_linear,trained,甘蓝,fold1_test2024,14,target_lh_full_14
250,0.21328801027828165,0.27747225519682517,11.444382183173497,11.333723828954554,-0.00408304616030324,0.608,2.6893311393366117,m_linear,trained,甘蓝,fold2_test2025,14,target_lh_full_14
165,0.2315185352435489,0.2662350763385708,13.758309050387602,13.003131808483792,0.05019786331102881,0.4121212121212121,3.1394931042916414,m_linear,trained,甘蓝,fold3_test2026,14,target_lh_full_14
248,0.9288065815255536,1.2385203464394927,10.633428615979364,10.59038576569625,-0.31709213509208234,0.6895161290322581,3.277093211902242,m_linear,trained,芸豆,fold1_test2024,14,target_lh_full_14
250,0.9918437619871924,1.1943699266510122,11.08439685955794,11.62128361034273,0.5123433784819901,0.564,3.5588326349015365,m_linear,trained,芸豆,fold2_test2025,14,target_lh_full_14
165,0.5162079750648103,0.6324047671972255,6.106588263444787,6.09700471850071,0.2139570622021304,0.503030303030303,1.8841713240356601,m_linear,trained,芸豆,fold3_test2026,14,target_lh_full_14
248,0.87586636084671,1.1976858366223666,18.8685415676918,18.85842080688761,-0.7837996510638148,0.5846774193548387,7.960454946692746,m_linear,trained,芹菜,fold1_test2024,14,target_lh_full_14
250,0.3684215842845625,0.47251773096454247,11.095560574674154,10.87045680891262,0.019523135412837178,0.548,3.2019681941000657,m_linear,trained,芹菜,fold2_test2025,14,target_lh_full_14
165,0.29665575302386693,0.3802382741832288,8.772948890303686,8.256009213366546,-0.08422422754649289,0.5151515151515151,2.697665432803624,m_linear,trained,芹菜,fold3_test2026,14,target_lh_full_14
248,0.9556352846784901,1.2112863986481137,28.46193387979011,22.49098154109679,-0.6226660107293592,0.4959677419354839,6.385941252255028,m_linear,trained,茄子,fold1_test2024,14,target_lh_full_14
250,0.43676730687538584,0.6254160373453881,10.8924093634117,11.721290287815929,-0.11128974058404231,0.524,2.971781426949106,m_linear,trained,茄子,fold2_test2025,14,target_lh_full_14
165,0.4436042565684875,0.581855187144443,10.763318674625006,11.078667649897335,0.09608268715579685,0.4121212121212121,3.2147501327549537,m_linear,trained,茄子,fold3_test2026,14,target_lh_full_14
248,0.6654579774142136,0.8400865037241086,11.141960833428891,12.120623637713832,0.39006636289206087,0.40725806451612906,5.474816357890244,m_linear,trained,西红柿,fold1_test2024,14,target_lh_full_14
250,0.3358059431357923,0.4481962130862021,6.386682406701897,6.263391982299943,0.10635321625305641,0.596,2.6583511508094904,m_linear,trained,西红柿,fold2_test2025,14,target_lh_full_14
165,0.2707977503825336,0.34757709173847523,5.125567946809469,5.189442076366375,0.020963555863422557,0.7515151515151515,2.2478435623035558,m_linear,trained,西红柿,fold3_test2026,14,target_lh_full_14
248,1.849387291145077,2.365430727966868,36.75843542075144,27.458224014294636,-1.6471814189822338,0.5483870967741935,9.890633965141525,m_linear,trained,青椒,fold1_test2024,14,target_lh_full_14
250,1.0861744195052445,1.3147642319180808,18.79362497803651,20.620875636987574,1.0422906862109025,0.568,5.710598572307975,m_linear,trained,青椒,fold2_test2025,14,target_lh_full_14
165,0.4632761264935008,0.701856010913427,7.958827081118159,7.8997485655899755,-0.19352064323468507,0.6242424242424243,2.64888675791391,m_linear,trained,青椒,fold3_test2026,14,target_lh_full_14
248,1.006825218288815,1.3028194035534997,19.68024799295941,18.565997663628693,-0.7302848136391838,0.5524193548387096,6.710952369684549,m_linear,trained,韭菜,fold1_test2024,14,target_lh_full_14
250,0.5342541540367169,0.7738852540336345,8.987302038081202,9.426641150770493,-0.06382464756680978,0.648,3.482419763991319,m_linear,trained,韭菜,fold2_test2025,14,target_lh_full_14
165,0.4760884145775718,0.5622144061169988,9.50273500981522,8.859396671299589,0.20713090135690898,0.509090909090909,3.1332965524731926,m_linear,trained,韭菜,fold3_test2026,14,target_lh_full_14
248,0.9138449896250185,1.274736920375306,19.05738098130571,19.205028134602347,-0.15739715527747938,0.6491935483870968,4.67076328030565,m_linear,trained,黄瓜,fold1_test2024,14,target_lh_full_14
250,0.8151354790657522,1.007539597150095,16.325709392075694,15.658031539471807,0.03704601820946141,0.56,4.1554932722034,m_linear,trained,黄瓜,fold2_test2025,14,target_lh_full_14
165,0.7231928305225963,0.8942089272663528,15.563823775645583,14.693450431196359,0.09634780148321584,0.5575757575757576,3.6928740911399647,m_linear,trained,黄瓜,fold3_test2026,14,target_lh_full_14
248,0.14250468645427022,0.1962526980712274,6.766883341783021,6.881664360584011,-0.017503203070167256,0.4314516129032258,4.864723990275643,b_drift_trend90,rowwise,土豆,fold1_test2024,30,target_lh_full_30
250,0.15514711570661918,0.1847309087032082,8.706612632429383,7.981137529083522,0.009167061830319349,0.596,5.46793559653701,b_drift_trend90,rowwise,土豆,fold2_test2025,30,target_lh_full_30
154,0.11866109796893687,0.14216734158537683,5.265350049538916,5.414164319536486,0.058685979291741144,0.487012987012987,4.469712908842129,b_drift_trend90,rowwise,土豆,fold3_test2026,30,target_lh_full_30
248,1.6512920668756623,2.3412097909041742,23.06883112675533,27.350772457523487,0.8421231704614056,0.3709677419354839,9.711930327796768,b_drift_trend90,rowwise,尖椒,fold1_test2024,30,target_lh_full_30
250,0.6199944222090282,0.784300230566677,12.394905774394555,12.066030968634765,-0.054584073421730404,0.588,3.524405034394476,b_drift_trend90,rowwise,尖椒,fold2_test2025,30,target_lh_full_30
154,1.4510984587563698,2.232326973974628,20.65201942504449,24.831531261649634,0.8751860975527174,0.5324675324675324,8.828791529954444,b_drift_trend90,rowwise,尖椒,fold3_test2026,30,target_lh_full_30
248,0.6674892039725621,0.883617316110243,26.01414706041164,28.46401215693954,0.27341585996960405,0.375,8.615784884668637,b_drift_trend90,rowwise,甘蓝,fold1_test2024,30,target_lh_full_30
250,0.39312336725283603,0.5596285782458694,19.115732329507757,20.56756591155863,0.09073071056779199,0.604,4.956860499446319,b_drift_trend90,rowwise,甘蓝,fold2_test2025,30,target_lh_full_30
154,0.34764703143596926,0.4350981941806631,20.533720687006007,19.808990339059832,0.04240260982200435,0.4025974025974026,4.714246558153694,b_drift_trend90,rowwise,甘蓝,fold3_test2026,30,target_lh_full_30
248,1.7739872399913064,2.1512262197020133,20.054866207753502,20.125590131145028,0.29506931332031827,0.31451612903225806,6.259130434485147,b_drift_trend90,rowwise,芸豆,fold1_test2024,30,target_lh_full_30
250,1.1534519164397574,1.5593220164043973,13.146221955220339,13.483512098691385,-0.031785214557104424,0.44,4.138698533316516,b_drift_trend90,rowwise,芸豆,fold2_test2025,30,target_lh_full_30
154,0.9346960200151392,1.124853916989797,11.162151596659147,11.110273148399903,0.1032432174568205,0.564935064935065,3.4116625908030107,b_drift_trend90,rowwise,芸豆,fold3_test2026,30,target_lh_full_30
248,1.280038458182506,1.6663620145063953,25.045338184711692,27.557929830550833,0.511902948367666,0.41935483870967744,11.633839284049449,b_drift_trend90,rowwise,芹菜,fold1_test2024,30,target_lh_full_30
250,0.5055190660323023,0.6803517661506474,13.870699274104856,14.850442465833217,0.010333089597762636,0.504,4.3934884382245665,b_drift_trend90,rowwise,芹菜,fold2_test2025,30,target_lh_full_30
154,0.3469348086198921,0.4941481065404549,9.470560016853367,9.68466105434212,0.005014656016185206,0.5584415584415584,3.154882489586933,b_drift_trend90,rowwise,芹菜,fold3_test2026,30,target_lh_full_30
248,1.070813037128769,1.5069147735287518,22.26308050273783,25.371809126373872,0.6000942049322323,0.4274193548387097,7.155605550451916,b_drift_trend90,rowwise,茄子,fold1_test2024,30,target_lh_full_30
250,0.7149702629917113,1.3394666441563154,15.922348968119785,18.922458804500074,0.22657657721971503,0.588,4.864684959091716,b_drift_trend90,rowwise,茄子,fold2_test2025,30,target_lh_full_30
154,0.917607265612993,1.370307930382257,18.653573623288676,23.16137253314113,0.4529518447287679,0.4935064935064935,6.649796604219129,b_drift_trend90,rowwise,茄子,fold3_test2026,30,target_lh_full_30
248,1.0622099800068523,1.3633501229759608,17.216546946148767,19.4794688236036,0.5347249095938904,0.3467741935483871,8.73895087508432,b_drift_trend90,rowwise,西红柿,fold1_test2024,30,target_lh_full_30
250,0.597745166030086,0.8040032341574389,11.170225509991628,10.98029806316731,-0.06952938966585098,0.392,4.731948860608243,b_drift_trend90,rowwise,西红柿,fold2_test2025,30,target_lh_full_30
154,0.9222322396757296,1.275063566265833,15.471334933844824,17.863053497053187,0.37300747332602585,0.5909090909090909,7.655284432664137,b_drift_trend90,rowwise,西红柿,fold3_test2026,30,target_lh_full_30
248,2.075353126074595,3.258207941710493,24.866067602878406,31.019751619469897,1.1996196267720496,0.4153225806451613,11.099112780053057,b_drift_trend90,rowwise,青椒,fold1_test2024,30,target_lh_full_30
250,0.5957037344107478,0.8159703613581876,11.38837894347376,11.179001517555651,-0.06487590426554982,0.62,3.1319324356709544,b_drift_trend90,rowwise,青椒,fold2_test2025,30,target_lh_full_30
154,1.4366838945719371,2.1483934304159336,21.87549531377776,24.80831547829585,0.7947858247134375,0.5194805194805194,8.21456735196817,b_drift_trend90,rowwise,青椒,fold3_test2026,30,target_lh_full_30
248,1.0838908611127371,1.4517830124217252,19.35570303269536,20.093030896349717,0.41548802661245593,0.5,7.224630264254433,b_drift_trend90,rowwise,韭菜,fold1_test2024,30,target_lh_full_30
250,1.3170412817516755,1.7963535616382251,20.19259394024728,23.048353388432986,0.2928840155737884,0.444,8.584847782483099,b_drift_trend90,rowwise,韭菜,fold2_test2025,30,target_lh_full_30
154,1.058669415270685,1.3231170570574766,20.894819283828582,19.974778332426187,0.14662130527375,0.474025974025974,6.9674563117014685,b_drift_trend90,rowwise,韭菜,fold3_test2026,30,target_lh_full_30
248,1.2216921500744977,1.588059701950412,24.76915629426044,25.75177202747697,0.22115593316502175,0.4153225806451613,6.244204322602988,b_drift_trend90,rowwise,黄瓜,fold1_test2024,30,target_lh_full_30
250,1.3971543825331219,1.8610214457468286,23.348423528369427,26.58869911072248,0.4293695451474497,0.536,7.122577517420951,b_drift_trend90,rowwise,黄瓜,fold2_test2025,30,target_lh_full_30
154,0.9570374559860406,1.3002316219183725,23.756422821458393,19.791708412310552,-0.003623351412701447,0.6753246753246753,4.886966070871366,b_drift_trend90,rowwise,黄瓜,fold3_test2026,30,target_lh_full_30
248,0.12198451420170381,0.15635026606574842,5.832873720725282,5.890728963460447,0.003969967518956991,0.0,4.164220892970965,b_last_value,rowwise,土豆,fold1_test2024,30,target_lh_full_30
250,0.10795883564526283,0.13308376049069617,5.896055324529863,5.553659897834674,-0.01352234366665312,0.004,3.8048529468101235,b_last_value,rowwise,土豆,fold2_test2025,30,target_lh_full_30
154,0.0677281485596992,0.08234189739757754,3.08813220295742,3.090240454847151,0.0020873159181028023,0.0,2.5511762919007586,b_last_value,rowwise,土豆,fold3_test2026,30,target_lh_full_30
248,0.8456534862317875,1.0944936791899276,13.316400447741216,14.006774781882761,0.00705569006233454,0.0,4.97363725320917,b_last_value,rowwise,尖椒,fold1_test2024,30,target_lh_full_30
250,0.603944222463467,0.8016588526575543,11.370821896334624,11.753669759815013,-0.16098602132782935,0.0,3.433166463917109,b_last_value,rowwise,尖椒,fold2_test2025,30,target_lh_full_30
154,0.7928249024997849,1.0869084806607427,11.757638308170394,13.56700245434074,0.42401864640302994,0.0,4.823715263212378,b_last_value,rowwise,尖椒,fold3_test2026,30,target_lh_full_30
248,0.37162586066414527,0.47522529463960345,16.559380610208507,15.8473919170866,0.006665025028249737,0.0,4.796854322146807,b_last_value,rowwise,甘蓝,fold1_test2024,30,target_lh_full_30
250,0.2528918218362306,0.33757200332114656,13.797681406217174,13.230882840819714,-0.06217526406032904,0.0,3.188692371692093,b_last_value,rowwise,甘蓝,fold2_test2025,30,target_lh_full_30
154,0.21422978882723165,0.3096777691870898,11.917737517614855,12.206851874123,0.08318559936661336,0.0,2.9050501034374054,b_last_value,rowwise,甘蓝,fold3_test2026,30,target_lh_full_30
248,1.1530921825526528,1.4008678316261167,13.029066587042829,13.081638991718943,-0.060472052700536565,0.0,4.068436463848287,b_last_value,rowwise,芸豆,fold1_test2024,30,target_lh_full_30
250,0.9443291247369762,1.3504991432408533,10.835799274277786,11.038928452118686,-0.09325614753461194,0.0,3.3883454592371085,b_last_value,rowwise,芸豆,fold2_test2025,30,target_lh_full_30
154,0.6469487954961598,0.8013641712045275,7.8192224640389965,7.689963022282072,0.17424420442383146,0.0,2.3613784123351316,b_last_value,rowwise,芸豆,fold3_test2026,30,target_lh_full_30
248,0.6654172943004183,0.8923049600690164,14.542720040871682,14.32575950132225,-0.0193361206504776,0.004032258064516129,6.047754119598763,b_last_value,rowwise,芹菜,fold1_test2024,30,target_lh_full_30
250,0.3471667962240717,0.503816850022393,9.749103711861277,10.198587708744862,-0.027427368331702583,0.0,3.017241896171052,b_last_value,rowwise,芹菜,fold2_test2025,30,target_lh_full_30
154,0.2866992504990978,0.42185174193552044,7.491213238918844,8.003189638603727,0.07677856307087151,0.0,2.6071250929689507,b_last_value,rowwise,芹菜,fold3_test2026,30,target_lh_full_30
248,0.48316983387415263,0.6223504096376883,12.03839872596971,11.448210262313609,0.04298416587206462,0.004032258064516129,3.2287361333882,b_last_value,rowwise,茄子,fold1_test2024,30,target_lh_full_30
250,0.5139212548483507,0.7382056072796428,13.311599870353458,13.601480057272871,-0.12514155915635797,0.0,3.496739833845783,b_last_value,rowwise,茄子,fold2_test2025,30,target_lh_full_30
154,0.45872160544658636,0.6708908442529382,10.936917806066164,11.578615809729186,0.29443372912453375,0.0,3.3243038590620597,b_last_value,rowwise,茄子,fold3_test2026,30,target_lh_full_30
248,0.5741673241362706,0.7357218673828189,10.006150626097895,10.529438341345877,0.08912477775104483,0.0,4.723755315943384,b_last_value,rowwise,西红柿,fold1_test2024,30,target_lh_full_30
250,0.511121561961946,0.6288034462464089,9.395502220165332,9.389063125558303,-0.18523726844741106,0.0,4.046207698878157,b_last_value,rowwise,西红柿,fold2_test2025,30,target_lh_full_30
154,0.48960137797325687,0.6669877564167741,8.317253364208284,9.48326812999119,0.3418836450340611,0.0,4.064093235698905,b_last_value,rowwise,西红柿,fold3_test2026,30,target_lh_full_30
248,0.9606723588609697,1.2562714328737488,13.28393690235679,14.358914434924182,0.08901077791691864,0.0,5.137733295463404,b_last_value,rowwise,青椒,fold1_test2024,30,target_lh_full_30
250,0.6025950596098089,0.8252766240597574,10.780224173956828,11.308324418199337,-0.12749407231090193,0.0,3.1681638098741822,b_last_value,rowwise,青椒,fold2_test2025,30,target_lh_full_30
154,0.7808202422044649,1.1233915538291743,11.158976905042753,13.483018062382696,0.38366675241939613,0.0,4.46451755574233,b_last_value,rowwise,青椒,fold3_test2026,30,target_lh_full_30
248,0.6492334336574574,0.9024362215271198,11.90022840575323,12.035406801041077,0.04442813449658305,0.0,4.327438934720962,b_last_value,rowwise,韭菜,fold1_test2024,30,target_lh_full_30
250,0.8299224126984126,1.209790891582731,14.173846765934764,14.523724744157668,-0.11193324644945712,0.0,5.409669144775027,b_last_value,rowwise,韭菜,fold2_test2025,30,target_lh_full_30
154,0.7155832163806513,0.8299144997109212,14.355549645174314,13.501491513243934,0.234384727241629,0.0,4.709491674739859,b_last_value,rowwise,韭菜,fold3_test2026,30,target_lh_full_30
248,0.8913625822866061,1.1408457091695505,18.21002088526352,18.788829912239457,0.009439326287442524,0.0,4.5558531983537645,b_last_value,rowwise,黄瓜,fold1_test2024,30,target_lh_full_30
250,0.9930545342858036,1.3730684013582168,18.87416535386824,18.898432802244688,-0.12309251697872142,0.0,5.062509904347896,b_last_value,rowwise,黄瓜,fold2_test2025,30,target_lh_full_30
154,0.8720925721310708,1.1611601636776374,19.701364296350707,18.035032786022764,0.17159538418818293,0.0,4.453207953363161,b_last_value,rowwise,黄瓜,fold3_test2026,30,target_lh_full_30
248,0.3081919229763925,0.3514939528068932,14.077905588649662,14.882832455107229,0.299308129540911,0.5685483870967742,10.520837444834177,b_same_season_mean,rowwise,土豆,fold1_test2024,30,target_lh_full_30
250,0.341308535160232,0.40358699772027495,16.906935381286484,17.55772478629219,0.34055639074778926,0.656,12.028925451205888,b_same_season_mean,rowwise,土豆,fold2_test2025,30,target_lh_full_30
154,0.21978826091980788,0.2569705832911771,9.679120904795543,10.0283056578198,0.12694588820653702,0.538961038961039,8.27895952304771,b_same_season_mean,rowwise,土豆,fold3_test2026,30,target_lh_full_30
248,1.2951338656447093,1.6901454490165924,23.137445950348486,21.45163316160259,-0.8025490654995528,0.6411290322580645,7.617216917967925,b_same_season_mean,rowwise,尖椒,fold1_test2024,30,target_lh_full_30
250,1.3805508777576725,1.8657533089031064,22.889080900202682,26.867612107619728,0.1912795675317388,0.488,7.847845544272385,b_same_season_mean,rowwise,尖椒,fold2_test2025,30,target_lh_full_30
154,0.8495660890017674,1.2757394209820248,12.871004548283386,14.537970714933198,-0.2879174728062174,0.5844155844155844,5.1689407051976195,b_same_season_mean,rowwise,尖椒,fold3_test2026,30,target_lh_full_30
248,0.6123481728042186,0.8165213090650565,25.808804536079077,26.112610857591438,-0.19673159631000237,0.592741935483871,7.904038147735968,b_same_season_mean,rowwise,甘蓝,fold1_test2024,30,target_lh_full_30
250,0.6768139511050064,0.7778107639306271,33.63943031284907,35.409789162346506,0.2365489504442648,0.464,8.533891951400902,b_same_season_mean,rowwise,甘蓝,fold2_test2025,30,target_lh_full_30
154,0.47227693996923725,0.5376315511892376,26.393353391880183,26.910424928896465,0.22022485841224473,0.42207792207792205,6.404282900242185,b_same_season_mean,rowwise,甘蓝,fold3_test2026,30,target_lh_full_30
248,1.3981015469930098,1.7218583298890404,15.760316330362656,15.8612294734651,0.09070246802126956,0.6008064516129032,4.932899034452807,b_same_season_mean,rowwise,芸豆,fold1_test2024,30,target_lh_full_30
250,1.563302018551161,1.8522835769846642,17.102235213314753,18.274538696077624,0.3066237194583557,0.56,5.609280871697574,b_same_season_mean,rowwise,芸豆,fold2_test2025,30,target_lh_full_30
154,0.9270836694595462,1.2554539161675806,10.157605496357409,11.01978887098462,0.6435635639226047,0.6883116883116883,3.3838773311437538,b_same_season_mean,rowwise,芸豆,fold3_test2026,30,target_lh_full_30
248,1.1879213223958625,1.6033133590605235,26.236798031688764,25.57474131932119,-1.1115983074393485,0.6370967741935484,10.796617600436587,b_same_season_mean,rowwise,芹菜,fold1_test2024,30,target_lh_full_30
250,0.765468490100457,0.8916090978713024,21.89005618206801,22.486878409683328,0.25471321978472405,0.596,6.652720316718333,b_same_season_mean,rowwise,芹菜,fold2_test2025,30,target_lh_full_30
154,0.3674924845171542,0.44197163065626793,9.990788652067025,10.25852714728909,-0.10847448977707838,0.6103896103896104,3.3418255408560666,b_same_season_mean,rowwise,芹菜,fold3_test2026,30,target_lh_full_30
248,0.6946148886678098,0.8427091897706734,17.889669168761998,16.45818248428536,-0.1459020664946345,0.6209677419354839,4.641697458321301,b_same_season_mean,rowwise,茄子,fold1_test2024,30,target_lh_full_30
250,1.3488138679014021,1.5382709935738912,33.165138190483496,35.69781314191325,0.26948316622684143,0.42,9.177381040070388,b_same_season_mean,rowwise,茄子,fold2_test2025,30,target_lh_full_30
154,0.5904189653483912,0.7312476607648817,13.808502051183543,14.902795694332832,0.08098220473437359,0.6688311688311688,4.278699807610493,b_same_season_mean,rowwise,茄子,fold3_test2026,30,target_lh_full_30
248,0.9681617044184031,1.2666705642203524,18.75857915779188,17.754752913641,-0.584886917377908,0.532258064516129,7.965202486607922,b_same_season_mean,rowwise,西红柿,fold1_test2024,30,target_lh_full_30
250,1.0568268127988016,1.4018702892102637,18.43001069248324,19.413412378970023,-0.4549466545997389,0.448,8.366191341866621,b_same_season_mean,rowwise,西红柿,fold2_test2025,30,target_lh_full_30
154,0.790194132786284,1.1947928329200974,13.083023634959847,15.305559120316678,-0.19348983155351082,0.512987012987013,6.5592597864810624,b_same_season_mean,rowwise,西红柿,fold3_test2026,30,target_lh_full_30
248,1.2712343286085148,1.6687020105088315,20.45982949056482,19.00080166027723,-0.8410909199292523,0.6330645161290323,6.7986373045768556,b_same_season_mean,rowwise,青椒,fold1_test2024,30,target_lh_full_30
250,1.4666614704444656,1.9652624865298627,22.62486444364701,27.523431290987837,0.5956828143316387,0.5,7.71102205021027,b_same_season_mean,rowwise,青椒,fold2_test2025,30,target_lh_full_30
154,0.9070175035663043,1.1150408099460163,14.783118394009346,15.662162329392299,0.3659962935552917,0.487012987012987,5.186079137247797,b_same_season_mean,rowwise,青椒,fold3_test2026,30,target_lh_full_30
248,0.8247639301281562,1.0854579270492863,15.238180557605482,15.289368814538035,-0.1837209230595742,0.5403225806451613,5.4974302895700315,b_same_season_mean,rowwise,韭菜,fold1_test2024,30,target_lh_full_30
250,0.9434642118748987,1.5088875637628054,14.703373198268963,16.510717519583487,-0.42136924440050416,0.732,6.149766722872949,b_same_season_mean,rowwise,韭菜,fold2_test2025,30,target_lh_full_30
154,0.8195493194374489,0.990070457833986,17.13891547746598,15.46310467849697,-0.5358178850848444,0.7012987012987013,5.393727254324331,b_same_season_mean,rowwise,韭菜,fold3_test2026,30,target_lh_full_30
248,0.9882856698507811,1.3231523911900953,21.28394844150297,20.831849714731945,-0.20265850644273467,0.6491935483870968,5.051237868126215,b_same_season_mean,rowwise,黄瓜,fold1_test2024,30,target_lh_full_30
250,1.3107689266430813,1.7435717158676372,23.68170296863563,24.944731255116928,-0.6178691086048927,0.6,6.682191606138184,b_same_season_mean,rowwise,黄瓜,fold2_test2025,30,target_lh_full_30
154,0.9281099477457818,1.1498938017558404,19.61052857032833,19.19348228792544,-0.5075894927442531,0.6753246753246753,4.739252153928224,b_same_season_mean,rowwise,黄瓜,fold3_test2026,30,target_lh_full_30
248,0.2639809094632606,0.31372191252529447,12.324213391403918,12.74784753911115,0.2438086771963763,0.5604838709677419,9.011593198745816,b_same_season_median,rowwise,土豆,fold1_test2024,30,target_lh_full_30
250,0.2794864516549843,0.3381550018602492,14.22640614135122,14.377449416411004,0.2699976563333469,0.636,9.850095574086842,b_same_season_median,rowwise,土豆,fold2_test2025,30,target_lh_full_30
154,0.17244687571998477,0.20783943707347954,7.830950559743732,7.868254529240046,0.0490353678661547,0.5194805194805194,6.495709543298574,b_same_season_median,rowwise,土豆,fold3_test2026,30,target_lh_full_30
248,1.5440666049224396,1.9454493448270913,29.421335535339676,25.574769731921908,-1.1640330196150848,0.6048387096774194,9.081293121487258,b_same_season_median,rowwise,尖椒,fold1_test2024,30,target_lh_full_30
250,1.1866656502754211,1.6067899087398037,20.305337332586873,23.094311775616234,-0.09870602132782938,0.472,6.745690351652308,b_same_season_median,rowwise,尖椒,fold2_test2025,30,target_lh_full_30
154,0.87609087079808,1.5067436155305343,12.138872215340948,14.99186889421185,-0.5755917432073597,0.6688311688311688,5.330323116876199,b_same_season_median,rowwise,尖椒,fold3_test2026,30,target_lh_full_30
248,0.6373596906858385,0.8857308987045933,27.692294873777527,27.179187132996198,-0.4197462652943309,0.7056451612903226,8.22688060934369,b_same_season_median,rowwise,甘蓝,fold1_test2024,30,target_lh_full_30
250,0.678521090766131,0.8513233046152766,34.13321294567011,35.49910389259462,-0.003535264060329041,0.452,8.555417136261827,b_same_season_median,rowwise,甘蓝,fold2_test2025,30,target_lh_full_30
154,0.4581072955788086,0.5244120606807714,25.33331643385074,26.10303604460619,0.06389988508089907,0.42207792207792205,6.212136293892856,b_same_season_median,rowwise,甘蓝,fold3_test2026,30,target_lh_full_30
248,1.3882916621000925,1.7885299227833023,16.071656257222944,15.749937961250199,-0.20321398818440753,0.6169354838709677,4.89828697653724,b_same_season_median,rowwise,芸豆,fold1_test2024,30,target_lh_full_30
250,1.4689452085829544,1.7899221696049925,16.10659585140013,17.171535466669333,0.01966385246538806,0.572,5.270719389022853,b_same_season_median,rowwise,芸豆,fold2_test2025,30,target_lh_full_30
154,0.8318575424660217,1.1043242035549707,9.185857878028651,9.8878826050896,0.5427506979303249,0.7012987012987013,3.0362997142778956,b_same_season_median,rowwise,芸豆,fold3_test2026,30,target_lh_full_30
248,1.5161260187829053,1.8857903809843566,35.843981061052965,32.64065557781435,-1.483247410973058,0.657258064516129,13.779559765673232,b_same_season_median,rowwise,芹菜,fold1_test2024,30,target_lh_full_30
250,0.580495907129678,0.7536384182746195,16.757073843938148,17.053008777971773,-0.024227368331702536,0.54,5.045115462070333,b_same_season_median,rowwise,芹菜,fold2_test2025,30,target_lh_full_30
154,0.4211849880738143,0.5122454725522859,11.98695914881281,11.757349649919622,-0.3504941642018558,0.6688311688311688,3.830083089779564,b_same_season_median,rowwise,芹菜,fold3_test2026,30,target_lh_full_30
248,0.6568486493037045,0.7805109559912453,16.848462289182137,15.563350442329371,-0.21709647928922568,0.6008064516129032,4.389328181292233,b_same_season_median,rowwise,茄子,fold1_test2024,30,target_lh_full_30
250,1.3421907504054251,1.5539412139410975,33.101938016895524,35.52252519713836,0.22309844084364203,0.432,9.132317095830025,b_same_season_median,rowwise,茄子,fold2_test2025,30,target_lh_full_30
154,0.5467885325509063,0.712632551586948,12.815802410086674,13.801517679571635,0.013329833020637649,0.6883116883116883,3.962514970447606,b_same_season_median,rowwise,茄子,fold3_test2026,30,target_lh_full_30
248,1.084681765733767,1.3645371086584797,21.23518338906653,19.89157043977869,-0.7138994157973422,0.4798387096774194,8.923829416276018,b_same_season_median,rowwise,西红柿,fold1_test2024,30,target_lh_full_30
250,1.0054344672554831,1.3989479233632185,17.665284923208883,18.469359119654293,-0.5514372684474113,0.468,7.959352500236488,b_same_season_median,rowwise,西红柿,fold2_test2025,30,target_lh_full_30
154,0.8124794833693953,1.3049084025795368,13.38720384922042,15.737212225186092,-0.3440254458750299,0.538961038961039,6.744246485119293,b_same_season_median,rowwise,西红柿,fold3_test2026,30,target_lh_full_30
248,1.4072598859127432,1.833839669608836,23.90445558100671,21.033939514488104,-1.0911101898250168,0.6008064516129032,7.526110129572583,b_same_season_median,rowwise,青椒,fold1_test2024,30,target_lh_full_30
250,1.4240729956620608,1.8597311105723686,22.42298347468529,26.72421416891654,0.38946592768909816,0.432,7.48711171046948,b_same_season_median,rowwise,青椒,fold2_test2025,30,target_lh_full_30
154,0.774992725406822,1.0141408711328168,11.951864768400853,13.382389889604248,0.18074467449731824,0.525974025974026,4.4311974013159965,b_same_season_median,rowwise,青椒,fold3_test2026,30,target_lh_full_30
248,0.8432310237402055,1.153885094317577,15.727967172281659,15.631709446630602,-0.3404105751808363,0.5161290322580645,5.620521947770252,b_same_season_median,rowwise,韭菜,fold1_test2024,30,target_lh_full_30
250,1.0250739367849215,1.608338270155607,16.268679224248732,17.938895820234247,-0.5457732464494571,0.688,6.68172200448041,b_same_season_median,rowwise,韭菜,fold2_test2025,30,target_lh_full_30
154,0.8936862806598643,1.1191907589734746,18.751596849131637,16.861907123619833,-0.6750308571739553,0.7077922077922078,5.881647308449454,b_same_season_median,rowwise,韭菜,fold3_test2026,30,target_lh_full_30
248,1.0432612467788989,1.3852011010559075,22.804253400923592,21.990667444751395,-0.4685042220996542,0.6612903225806451,5.332224150203261,b_same_season_median,rowwise,黄瓜,fold1_test2024,30,target_lh_full_30
250,1.4992107527106537,1.9936687933513413,27.790579046721742,28.530894012665303,-0.9223725169787215,0.576,7.642852453980331,b_same_season_median,rowwise,黄瓜,fold2_test2025,30,target_lh_full_30
154,1.0391096181839419,1.3032325808665723,21.845274935678894,21.488975632970313,-0.7054176028248041,0.6623376623376623,5.306055072577109,b_same_season_median,rowwise,黄瓜,fold3_test2026,30,target_lh_full_30
248,0.5975989997770215,0.6915064312397179,24.31031986803674,28.858529786007246,0.5975989997770215,0.5443548387096774,20.400411124113532,b_seasonal_naive_365,rowwise,土豆,fold1_test2024,30,target_lh_full_30
250,0.24601863044420316,0.30885308089598645,12.696962927827183,12.65578490034532,0.1272776563333469,0.44,8.670570643162463,b_seasonal_naive_365,rowwise,土豆,fold2_test2025,30,target_lh_full_30
154,0.2956793636694926,0.38663837089852565,15.129190139408056,13.490998214273157,-0.17934125551046862,0.5,11.137617056414957,b_seasonal_naive_365,rowwise,土豆,fold3_test2026,30,target_lh_full_30
248,2.0650422335929024,2.597299926037858,44.48902778905636,34.20382219424079,-1.8444765680021815,0.6814516129032258,12.145365861629983,b_seasonal_naive_365,rowwise,尖椒,fold1_test2024,30,target_lh_full_30
250,1.9920183064613404,2.467143505033024,33.226436943178165,38.76769486120695,0.9805339786721706,0.436,11.323778241236043,b_seasonal_naive_365,rowwise,尖椒,fold2_test2025,30,target_lh_full_30
154,1.3673106331121692,2.043238926427642,20.54355955596873,23.397734678602657,-1.2039034315190482,0.7402597402597403,8.319008585250058,b_seasonal_naive_365,rowwise,尖椒,fold3_test2026,30,target_lh_full_30
248,0.7863755106952233,1.0283919858262953,37.487283180946676,33.533729029823334,-0.6744640072298148,0.6733870967741935,10.150339808342412,b_seasonal_naive_365,rowwise,甘蓝,fold1_test2024,30,target_lh_full_30
250,1.0055452985583389,1.1427377035240673,45.5972483807138,52.60847084639264,0.46542473593967104,0.476,12.678838720930363,b_seasonal_naive_365,rowwise,甘蓝,fold2_test2025,30,target_lh_full_30
154,0.48693321202629236,0.6502403288168409,30.222687452229792,27.745541945100037,-0.39408712790611394,0.5064935064935064,6.603028391653241,b_seasonal_naive_365,rowwise,甘蓝,fold3_test2026,30,target_lh_full_30
248,1.9120714491165094,2.3800856443571146,21.732215198565477,21.692132513068117,-0.01716560108763332,0.592741935483871,6.746330712127283,b_seasonal_naive_365,rowwise,芸豆,fold1_test2024,30,target_lh_full_30
250,2.241937656976666,2.6340037257446536,25.018109766336334,26.20758879629943,0.2641838524653879,0.52,8.04429205974708,b_seasonal_naive_365,rowwise,芸豆,fold2_test2025,30,target_lh_full_30
154,1.1041083623532055,1.4524794466482227,12.441225388271288,13.123994569890138,0.012945503125130174,0.7012987012987013,4.030021649147704,b_seasonal_naive_365,rowwise,芸豆,fold3_test2026,30,target_lh_full_30
248,2.01697372088273,2.3727550461655578,51.375458308948986,43.423398660281705,-1.812239346456929,0.5766129032258065,18.33159617892923,b_seasonal_naive_365,rowwise,芹菜,fold1_test2024,30,target_lh_full_30
250,1.6405040620624645,2.0700595896864744,38.96484693578594,48.192467555848,1.2783326316682975,0.508,14.257692961221204,b_seasonal_naive_365,rowwise,芹菜,fold2_test2025,30,target_lh_full_30
154,0.7093725585347955,0.8249228093706693,22.6214333309476,19.80208563675111,-0.6776370213447128,0.6558441558441559,6.450742352482959,b_seasonal_naive_365,rowwise,芹菜,fold3_test2026,30,target_lh_full_30
248,1.4053975078745033,1.7184890510397004,44.458210270593554,33.29944264788167,-0.8573384147730967,0.5120967741935484,9.391434227307377,b_seasonal_naive_365,rowwise,茄子,fold1_test2024,30,target_lh_full_30
250,1.6404984305147896,1.9038195192529201,38.74623975281971,43.41755955047743,0.525978440843642,0.476,11.162013937398374,b_seasonal_naive_365,rowwise,茄子,fold2_test2025,30,target_lh_full_30
154,0.8803519373241538,1.1629675399539194,22.66338793286402,22.221008861580795,-0.8572545825637778,0.6818181818181818,6.379811432100104,b_seasonal_naive_365,rowwise,茄子,fold3_test2026,30,target_lh_full_30
248,1.428593141803462,1.835526306349458,29.187802266842695,26.198431657735828,-0.957326835152181,0.49193548387096775,11.753236668537314,b_seasonal_naive_365,rowwise,西红柿,fold1_test2024,30,target_lh_full_30
250,1.1060246846170685,1.6239025394062085,17.586693036354767,20.317154186245265,0.137402731552589,0.692,8.755658002117421,b_seasonal_naive_365,rowwise,西红柿,fold2_test2025,30,target_lh_full_30
154,1.0076264357562656,1.6605665922834036,17.184983579557723,19.51708490833937,-0.5248696017191857,0.5844155844155844,8.36412634012668,b_seasonal_naive_365,rowwise,西红柿,fold3_test2026,30,target_lh_full_30
248,2.0944243592907137,2.528548813952205,40.828579603253736,31.30480427388728,-1.760908576921791,0.6008064516129032,11.201106877183296,b_seasonal_naive_365,rowwise,青椒,fold1_test2024,30,target_lh_full_30
250,2.3993219799409395,3.14925403205165,35.41946045627446,45.02577792532379,1.5590659276890981,0.492,12.614516073209472,b_seasonal_naive_365,rowwise,青椒,fold2_test2025,30,target_lh_full_30
154,1.2219903931994722,1.768085660854209,18.450183516762397,21.101039205963865,-0.7543851956325522,0.7012987012987013,6.9870083644154795,b_seasonal_naive_365,rowwise,青椒,fold3_test2026,30,target_lh_full_30
248,1.2358730533603575,1.5775318373595246,22.228065903076644,22.91045744185204,-0.2783944461485782,0.5120967741935484,8.237661359112689,b_seasonal_naive_365,rowwise,韭菜,fold1_test2024,30,target_lh_full_30
250,1.4116452926255034,1.9107406399689861,22.23154343827961,24.703932985515248,-0.21745324644945707,0.628,9.20150349724096,b_seasonal_naive_365,rowwise,韭菜,fold2_test2025,30,target_lh_full_30
154,1.0751665667281842,1.2521771313975787,22.124294305707682,20.286043528838565,-0.6887321558752539,0.5844155844155844,7.076029564493757,b_seasonal_naive_365,rowwise,韭菜,fold3_test2026,30,target_lh_full_30
248,1.2979706561124218,1.8230639798648431,28.636959120239645,27.359629373507527,-0.4485445446802994,0.7096774193548387,6.634072242352378,b_seasonal_naive_365,rowwise,黄瓜,fold1_test2024,30,target_lh_full_30
250,1.9266532279897606,2.507917224041183,34.1610768802535,36.665384734966835,-0.4601325169787215,0.552,9.82191884955924,b_seasonal_naive_365,rowwise,黄瓜,fold2_test2025,30,target_lh_full_30
154,1.2751278447002987,1.6405833210249559,27.18301210100153,26.369875424284782,-0.8816513690585703,0.6818181818181818,6.511246215179048,b_seasonal_naive_365,rowwise,黄瓜,fold3_test2026,30,target_lh_full_30
248,0.17053633481069871,0.2023710325105567,8.181430461607633,8.23533489776147,0.13486412856052934,0.6290322580645161,5.821648535281737,m_catboost,trained,土豆,fold1_test2024,30,target_lh_full_30
250,0.14562071658020284,0.1973606675279205,7.976401057058631,7.4910768454634376,0.13429333411889546,0.704,5.132191443944113,m_catboost,trained,土豆,fold2_test2025,30,target_lh_full_30
154,0.11914399152156122,0.14917792041509556,5.6198474478228055,5.436197362273351,-0.044467700867249396,0.538961038961039,4.48790248893793,m_catboost,trained,土豆,fold3_test2026,30,target_lh_full_30
248,0.8232692727429449,1.078957513109264,13.839506356687675,13.636019334039833,-0.720696523788882,0.6169354838709677,4.841986453083007,m_catboost,trained,尖椒,fold1_test2024,30,target_lh_full_30
250,0.8650904840171386,1.1381202708203626,14.929123400681926,16.83597173927936,0.29061430242264996,0.572,4.917672075522036,m_catboost,trained,尖椒,fold2_test2025,30,target_lh_full_30
154,0.7597312341182159,1.255985203046224,10.712157679839832,13.0006959738805,-0.5023854945751748,0.6493506493506493,4.622366348988653,m_catboost,trained,尖椒,fold3_test2026,30,target_lh_full_30
248,0.3668064833840082,0.5014934850135745,15.546124156225124,15.641877262056555,-0.20990031637457368,0.7096774193548387,4.734646997029639,m_catboost,trained,甘蓝,fold1_test2024,30,target_lh_full_30
250,0.4628376582475759,0.5089904096265805,26.09846498194986,24.214902586129064,0.25262592989495347,0.488,5.83588231311654,m_catboost,trained,甘蓝,fold2_test2025,30,target_lh_full_30
154,0.28195088444890093,0.3138936620478,16.42712366914927,16.06561207517846,0.1837606269329833,0.5584415584415584,3.8233779275818,m_catboost,trained,甘蓝,fold3_test2026,30,target_lh_full_30
248,0.9553933351265801,1.1944634383168535,10.952670770042742,10.83877845529456,-0.12890349711231583,0.6693548387096774,3.3708988238406667,m_catboost,trained,芸豆,fold1_test2024,30,target_lh_full_30
250,0.8618279708750647,1.053249862693,9.770861132401649,10.074514339663414,0.368122755130417,0.692,3.092323232719748,m_catboost,trained,芸豆,fold2_test2025,30,target_lh_full_30
154,0.534249025970812,0.6391801497701857,6.0693289347842,6.350356137930464,0.329579714649471,0.7207792207792207,1.9500215867486457,m_catboost,trained,芸豆,fold3_test2026,30,target_lh_full_30
248,1.1758754031202987,1.5857842014628214,25.951714503759643,25.315404893904876,-0.9812204493963688,0.5846774193548387,10.687136289164483,m_catboost,trained,芹菜,fold1_test2024,30,target_lh_full_30
250,0.7238272010725391,0.8160762202118471,21.100795546133906,21.26359800650124,0.5687281511576165,0.568,6.290814042177869,m_catboost,trained,芹菜,fold2_test2025,30,target_lh_full_30
154,0.2732181493570011,0.3392731523828714,7.351654554294185,7.626865637792514,0.03320967367376225,0.5584415584415584,2.4845335026274085,m_catboost,trained,芹菜,fold3_test2026,30,target_lh_full_30
248,0.6095871885868513,0.7214767863888005,16.490212729151267,14.443538935778374,-0.09770219510489454,0.5403225806451613,4.0735079970939045,m_catboost,trained,茄子,fold1_test2024,30,target_lh_full_30
250,0.7039523207888424,0.9023139847195168,17.866858602653306,18.630857085889062,0.06186065000129906,0.588,4.789718459799619,m_catboost,trained,茄子,fold2_test2025,30,target_lh_full_30
154,0.5068291120911184,0.5922784834205632,13.140023972580616,12.79289987742368,0.05063123614415713,0.5454545454545454,3.6729335466316657,m_catboost,trained,茄子,fold3_test2026,30,target_lh_full_30
248,0.6280766361886878,0.8533683026537041,11.884362108556585,11.518060914276516,-0.4526662315838221,0.6330645161290323,5.167274807007313,m_catboost,trained,西红柿,fold1_test2024,30,target_lh_full_30
250,0.6325034880096895,0.9135996250654876,10.662018865385827,11.61879211916504,-0.15485033688241626,0.608,5.007107258258523,m_catboost,trained,西红柿,fold2_test2025,30,target_lh_full_30
154,0.4415436862491046,0.607234421651277,7.904875434133844,8.552421124994632,-0.09394874515782027,0.7272727272727273,3.6651749551419024,m_catboost,trained,西红柿,fold3_test2026,30,target_lh_full_30
248,0.9831211908114927,1.4280988095840441,14.434248159126806,14.6944511599776,-0.8659645576503411,0.6169354838709677,5.257790992859022,m_catboost,trained,青椒,fold1_test2024,30,target_lh_full_30
250,0.8535609207550038,1.1239094056330443,14.113079018837993,16.017960400877804,0.5347160187335316,0.632,4.487625272616605,m_catboost,trained,青椒,fold2_test2025,30,target_lh_full_30
154,0.493219542314603,0.7486358488104441,7.667549896207138,8.516797642147361,-0.24102606963216666,0.8181818181818182,2.8200950570670935,m_catboost,trained,青椒,fold3_test2026,30,target_lh_full_30
248,0.49563736424342375,0.7006169619016082,9.020781293418487,9.188062405936842,-0.08631372776177985,0.7217741935483871,3.3036506075272585,m_catboost,trained,韭菜,fold1_test2024,30,target_lh_full_30
250,0.9653002373002126,1.3875557293492098,15.223778743968353,16.892850135754845,-0.42089702582670946,0.78,6.292100115947332,m_catboost,trained,韭菜,fold2_test2025,30,target_lh_full_30
154,0.7054647218685322,0.8080650417359533,13.205971599737776,13.310577633970514,0.016490016598947218,0.7142857142857143,4.642898489524099,m_catboost,trained,韭菜,fold3_test2026,30,target_lh_full_30
248,0.8094736416995234,1.0923332776370425,16.962741115622293,17.062711487527007,-0.2646824234886872,0.7741935483870968,4.137309724242009,m_catboost,trained,黄瓜,fold1_test2024,30,target_lh_full_30
250,1.1523060971579235,1.618906726593211,19.893714399373913,21.929087067124193,-0.7281847262329951,0.784,5.874361204037907,m_catboost,trained,黄瓜,fold2_test2025,30,target_lh_full_30
154,0.6976857649530909,0.9369070882756652,14.231935212794635,14.428268336838029,-0.35332114893025734,0.7402597402597403,3.5626261439713405,m_catboost,trained,黄瓜,fold3_test2026,30,target_lh_full_30
248,0.19740622718269082,0.23690712995010493,9.046174957716568,9.53290331680714,0.1835209694686989,0.5524193548387096,6.73891387785067,m_elasticnet,trained,土豆,fold1_test2024,30,target_lh_full_30
250,0.08947638407402257,0.11813204321920327,4.835895453914821,4.602878523699203,0.026199223306759944,0.7,3.153465685130309,m_elasticnet,trained,土豆,fold2_test2025,30,target_lh_full_30
154,0.09733329531844942,0.123482526167163,4.465630198721058,4.441038079337586,-0.010814951596342545,0.45454545454545453,3.6663396344006904,m_elasticnet,trained,土豆,fold3_test2026,30,target_lh_full_30
248,2.6676322562642496,3.173821203095435,62.62045108739579,44.18467471928288,-2.583124290509185,0.6088709677419355,15.689446544753778,m_elasticnet,trained,尖椒,fold1_test2024,30,target_lh_full_30
250,0.9002217316018365,1.0951968343199665,16.960474747502957,17.519679053634558,0.7433735375234417,0.572,5.11737830096018,m_elasticnet,trained,尖椒,fold2_test2025,30,target_lh_full_30
154,0.5923526094446075,0.8273629975004522,9.516005415543322,10.13647437262771,-0.16004945017125816,0.7337662337662337,3.603999211392593,m_elasticnet,trained,尖椒,fold3_test2026,30,target_lh_full_30
248,0.42857090675707665,0.6356485921854533,18.60559684709615,18.275722554675923,-0.3118471650229095,0.6733870967741935,5.5318868357279625,m_elasticnet,trained,甘蓝,fold1_test2024,30,target_lh_full_30
250,0.2921929434312043,0.35224603586780023,16.00020102605041,15.287052674863,0.05155130097933993,0.528,3.684237010972643,m_elasticnet,trained,甘蓝,fold2_test2025,30,target_lh_full_30
154,0.17953904094365122,0.22129497794297615,10.504649497772913,10.230166824225853,0.09687675367353657,0.6558441558441559,2.4346283134556663,m_elasticnet,trained,甘蓝,fold3_test2026,30,target_lh_full_30
248,1.131437476016481,1.511940973946034,12.956571716517534,12.83596994837264,-0.47265204079002343,0.7096774193548387,3.992032513653548,m_elasticnet,trained,芸豆,fold1_test2024,30,target_lh_full_30
250,1.0747497957060614,1.3278600270436962,12.125318777488896,12.563507561024224,0.6850226380719636,0.624,3.8563076100305005,m_elasticnet,trained,芸豆,fold2_test2025,30,target_lh_full_30
154,0.6732492612851805,0.796037425984842,7.883228456268834,8.002583759493978,0.5451457749551596,0.5194805194805194,2.4573757348139873,m_elasticnet,trained,芸豆,fold3_test2026,30,target_lh_full_30
248,1.3266128240154937,1.7189225692092736,31.17300559334783,28.560628692700863,-1.2790250589687424,0.6169354838709677,12.057138039953117,m_elasticnet,trained,芹菜,fold1_test2024,30,target_lh_full_30
250,0.568580332972269,0.6525493447310884,16.537862389301257,16.702969461233785,0.35415577218981353,0.548,4.941556682959836,m_elasticnet,trained,芹菜,fold2_test2025,30,target_lh_full_30
154,0.29193163833248187,0.4006020931350383,8.174582249579034,8.149251381075663,-0.05970464980937671,0.6818181818181818,2.6547062763616993,m_elasticnet,trained,芹菜,fold3_test2026,30,target_lh_full_30
248,1.1868255212767067,1.6545974508827412,41.64814189545674,28.120605136525544,-1.0049918424470572,0.6209677419354839,7.930847863261814,m_elasticnet,trained,茄子,fold1_test2024,30,target_lh_full_30
250,0.5495100612384048,0.7956424167458083,12.850884393057216,14.543376185930374,-0.026487265697691924,0.696,3.73888743091267,m_elasticnet,trained,茄子,fold2_test2025,30,target_lh_full_30
154,0.4366244713998145,0.5793040441105825,11.29477711678762,11.02086090438835,0.30597914431263046,0.5909090909090909,3.164168415006877,m_elasticnet,trained,茄子,fold3_test2026,30,target_lh_full_30
248,0.7863764011904623,0.9672334802384748,13.593325161514652,14.421060693205302,0.19693465832500157,0.5241935483870968,6.469629234028395,m_elasticnet,trained,西红柿,fold1_test2024,30,target_lh_full_30
250,0.42565035289108866,0.5392239029741007,7.692320133746203,7.8189971430086995,0.06459016565735226,0.68,3.369589277914974,m_elasticnet,trained,西红柿,fold2_test2025,30,target_lh_full_30
154,0.3755687660702526,0.4996445537918237,6.908111833549864,7.274528769991916,0.2662104616194052,0.7727272727272727,3.1175289743757015,m_elasticnet,trained,西红柿,fold3_test2026,30,target_lh_full_30
248,1.2495437539021008,1.5296478358478158,21.13600079856327,18.67659840473336,-1.0872751140331627,0.6330645161290323,6.682634812323399,m_elasticnet,trained,青椒,fold1_test2024,30,target_lh_full_30
250,2.1500988460093837,2.40525296393321,34.54359704766068,40.34884603536891,2.1490245907575125,0.636,11.304217057454764,m_elasticnet,trained,青椒,fold2_test2025,30,target_lh_full_30
154,0.5084702440780221,0.6841903401313917,8.702901945403822,8.780143129656311,-0.06276125521063801,0.6558441558441559,2.9072944175344237,m_elasticnet,trained,青椒,fold3_test2026,30,target_lh_full_30
248,0.9012206715126265,1.18688786446031,16.982802211054548,16.706714159894346,-0.16885473721265865,0.5685483870967742,6.007049576465252,m_elasticnet,trained,韭菜,fold1_test2024,30,target_lh_full_30
250,0.7718338337383207,0.9930552815577808,13.953790598411576,13.507168836416175,0.2543545909033281,0.744,5.031031348691757,m_elasticnet,trained,韭菜,fold2_test2025,30,target_lh_full_30
154,0.6014631949728136,0.7191743303756347,12.233938564396192,11.348296098289543,0.3493311834834052,0.6623376623376623,3.9584297738477443,m_elasticnet,trained,韭菜,fold3_test2026,30,target_lh_full_30
248,0.9911348064076434,1.2843529502111575,22.074770798389974,20.891906018673158,-0.3877239820958944,0.7701612903225806,5.065800121639066,m_elasticnet,trained,黄瓜,fold1_test2024,30,target_lh_full_30
250,1.0494115917789286,1.3079308361656032,19.76559205324247,19.97094194166677,-0.11750049339023952,0.568,5.349813523523292,m_elasticnet,trained,黄瓜,fold2_test2025,30,target_lh_full_30
154,0.7038654174297373,0.8555672032324708,15.903264133296108,14.556064672438277,-0.0107935600680423,0.6428571428571429,3.5941815985611845,m_elasticnet,trained,黄瓜,fold3_test2026,30,target_lh_full_30
248,0.15450244190454637,0.19769211437420658,7.239110442247251,7.4610454893278915,0.07586832979587618,0.4717741935483871,5.274294862789709,m_extra_trees,trained,土豆,fold1_test2024,30,target_lh_full_30
250,0.13719916448846756,0.1859227133388749,7.581135271907083,7.057852127450761,0.10462275770547165,0.676,4.835386026384388,m_extra_trees,trained,土豆,fold2_test2025,30,target_lh_full_30
154,0.10594232263405987,0.13048591607544976,4.934077377145795,4.83384321358887,-0.015548578871474782,0.5,3.9906235082548815,m_extra_trees,trained,土豆,fold3_test2026,30,target_lh_full_30
248,0.7066464107955955,0.9345512623013016,11.591134932503152,11.704365071022469,-0.33009550030443197,0.6169354838709677,4.156079257995511,m_extra_trees,trained,尖椒,fold1_test2024,30,target_lh_full_30
250,0.9053828317429302,1.1663773066321523,15.970641646173215,17.6201218832858,0.33463504549771766,0.548,5.1467169638072985,m_extra_trees,trained,尖椒,fold2_test2025,30,target_lh_full_30
154,0.6337097976558286,1.0153757673770198,9.055100645090654,10.844188108910634,-0.38067823923892813,0.7077922077922078,3.855625137103306,m_extra_trees,trained,尖椒,fold3_test2026,30,target_lh_full_30
248,0.33156008316116525,0.4684872294038395,14.174166391713976,14.138850758465951,-0.06649971153525362,0.6935483870967742,4.279695215829843,m_extra_trees,trained,甘蓝,fold1_test2024,30,target_lh_full_30
250,0.37496481121539615,0.4177579489773858,21.44502090551451,19.61754022173853,0.24256412439178068,0.496,4.727900746232058,m_extra_trees,trained,甘蓝,fold2_test2025,30,target_lh_full_30
154,0.2605008125543299,0.32019178807771054,14.578932090168431,14.84338312308123,0.15763148610021266,0.5454545454545454,3.532505524088386,m_extra_trees,trained,甘蓝,fold3_test2026,30,target_lh_full_30
248,1.046916215180315,1.306105649467179,11.868989699925848,11.877090304478124,0.06646076285115697,0.6612903225806451,3.6938175185652544,m_extra_trees,trained,芸豆,fold1_test2024,30,target_lh_full_30
250,0.9670086256126246,1.2107253435445915,10.754955207196657,11.304045116359852,0.48783592068035747,0.684,3.469721731340514,m_extra_trees,trained,芸豆,fold2_test2025,30,target_lh_full_30
154,0.48906821324620803,0.584081239893509,5.716755856774607,5.813313976962536,0.322365500870739,0.7337662337662337,1.7851105511885377,m_extra_trees,trained,芸豆,fold3_test2026,30,target_lh_full_30
248,0.9387447644381558,1.3153223348870084,20.192913298019256,20.210222733397888,-0.7529200930447721,0.657258064516129,8.53193562146805,m_extra_trees,trained,芹菜,fold1_test2024,30,target_lh_full_30
250,0.6304837490755556,0.7196677422163996,18.330152917478376,18.521482710389158,0.513634823249186,0.576,5.4795619951452625,m_extra_trees,trained,芹菜,fold2_test2025,30,target_lh_full_30
154,0.2923483559407954,0.37299185046703703,7.864073541939668,8.160884024130265,-0.033053125451380776,0.5,2.6584957349369303,m_extra_trees,trained,芹菜,fold3_test2026,30,target_lh_full_30
248,0.6280929290508118,0.7707194023113522,16.687831456909404,14.88201334588901,-0.06917540831957655,0.5725806451612904,4.197170835131629,m_extra_trees,trained,茄子,fold1_test2024,30,target_lh_full_30
250,0.8712365199095524,1.0412444390557207,22.04399817851923,23.058213761200356,0.2688479005120621,0.568,5.927926535686624,m_extra_trees,trained,茄子,fold2_test2025,30,target_lh_full_30
154,0.45730654895703277,0.5477118439190967,11.984722556106025,11.542898295561407,0.11040035792382707,0.5844155844155844,3.3140491039052056,m_extra_trees,trained,茄子,fold3_test2026,30,target_lh_full_30
248,0.6269498252043288,0.809240082450592,11.83189881871758,11.497396751961103,-0.24733052123273977,0.5725806451612904,5.158004374585134,m_extra_trees,trained,西红柿,fold1_test2024,30,target_lh_full_30
250,0.5717302456854391,0.7960758905892045,9.667287441424747,10.50241619024322,-0.1769917910642763,0.624,4.526006128354562,m_extra_trees,trained,西红柿,fold2_test2025,30,target_lh_full_30
154,0.3476046757469793,0.4505285843488965,6.70078011579521,6.732882078463653,0.18746577015041976,0.7402597402597403,2.885404075553428,m_extra_trees,trained,西红柿,fold3_test2026,30,target_lh_full_30
248,0.9344832134277562,1.3740794462280732,13.297608711223022,13.96747223828894,-0.6366192137432429,0.6008064516129032,4.99767217761102,m_extra_trees,trained,青椒,fold1_test2024,30,target_lh_full_30
250,1.010260788415741,1.435956237987362,15.784311339485413,18.95859675615083,0.750900637204294,0.644,5.311480101523238,m_extra_trees,trained,青椒,fold2_test2025,30,target_lh_full_30
154,0.5156636970750922,0.7993662748857804,8.040115154053991,8.9043579635553,-0.2030131060580336,0.7922077922077922,2.9484246232539326,m_extra_trees,trained,青椒,fold3_test2026,30,target_lh_full_30
248,0.5105797002372517,0.7160644011104449,9.389065732961523,9.465061529704153,-0.09641812244161292,0.6733870967741935,3.4032481377886006,m_extra_trees,trained,韭菜,fold1_test2024,30,target_lh_full_30
250,0.9583299835509878,1.3928459677596177,14.858724162360835,16.77087000206798,-0.41868119256729214,0.78,6.2466660295056435,m_extra_trees,trained,韭菜,fold2_test2025,30,target_lh_full_30
154,0.7294813788504914,0.8509041846426582,13.418346142833363,13.763719467087409,-0.019196556884016315,0.6298701298701299,4.800960114674701,m_extra_trees,trained,韭菜,fold3_test2026,30,target_lh_full_30
248,0.8546025665436733,1.1697769587874371,17.517258103064865,18.013973869265993,-0.1621493971724372,0.7741935483870968,4.367968673445441,m_extra_trees,trained,黄瓜,fold1_test2024,30,target_lh_full_30
250,1.0220261569718037,1.4184228629612485,17.92688505689849,19.449780432812762,-0.6845030300361541,0.804,5.210204841261294,m_extra_trees,trained,黄瓜,fold2_test2025,30,target_lh_full_30
154,0.6065322135399392,0.8123721367512993,12.57744814745163,12.543196337793963,-0.22033833985095722,0.8181818181818182,3.0971644107766494,m_extra_trees,trained,黄瓜,fold3_test2026,30,target_lh_full_30
248,0.32265177708017395,0.4265944547384807,14.432858307362215,15.581110281059079,0.15017274598966623,0.4959677419354839,11.014457696243415,m_linear,trained,土豆,fold1_test2024,30,target_lh_full_30
250,0.13994678795260382,0.17019576302210268,7.37564948213553,7.199196429248005,0.04881775897454131,0.572,4.932222039590337,m_linear,trained,土豆,fold2_test2025,30,target_lh_full_30
154,0.13359989287745758,0.15824269321539788,6.223930872347938,6.095778528025937,-0.027626899663872186,0.5194805194805194,5.032425757349899,m_linear,trained,土豆,fold3_test2026,30,target_lh_full_30
248,3.179282247656156,3.948948540129269,82.07803037110487,52.65926426838147,-3.0680132654972896,0.6129032258064516,18.6986713622737,m_linear,trained,尖椒,fold1_test2024,30,target_lh_full_30
250,0.8681748811597118,1.1256851850385625,16.453205002169774,16.89599878163444,0.7282091591492273,0.624,4.935205563611533,m_linear,trained,尖椒,fold2_test2025,30,target_lh_full_30
154,0.6687598813986926,0.8996684754637312,10.851485680867984,11.443973219929411,-0.1133100422296721,0.6493506493506493,4.068877298323571,m_linear,trained,尖椒,fold3_test2026,30,target_lh_full_30
248,0.42252204674013316,0.5667363545724267,18.087496974346326,18.017778569914515,-0.15371049795488362,0.657258064516129,5.453809652766363,m_linear,trained,甘蓝,fold1_test2024,30,target_lh_full_30
250,0.34616573477623896,0.4328445805758141,17.987256094474066,18.110820061617837,-0.022927870769992042,0.592,4.364775538439508,m_linear,trained,甘蓝,fold2_test2025,30,target_lh_full_30
154,0.34353842305271315,0.3933829946525331,21.041308830750975,19.574881094879817,0.11005626648220705,0.3961038961038961,4.658532022495034,m_linear,trained,甘蓝,fold3_test2026,30,target_lh_full_30
248,1.279948813648629,1.761078965277221,14.772433141422342,14.52080636863198,-0.7155386947440611,0.6935483870967742,4.516022659853266,m_linear,trained,芸豆,fold1_test2024,30,target_lh_full_30
250,1.1513968055631958,1.440942569967929,12.9306577404074,13.459488459757393,0.7577984415962687,0.668,4.1313245940569745,m_linear,trained,芸豆,fold2_test2025,30,target_lh_full_30
154,0.7332854999563074,0.8594606234365716,8.54393763408546,8.716205082528976,0.6132283553750179,0.5064935064935064,2.6765094266034177,m_linear,trained,芸豆,fold3_test2026,30,target_lh_full_30
248,1.358305224967119,1.8077057657850428,32.08163696760435,29.242933943768602,-1.2343373895555092,0.6209677419354839,12.34517961936033,m_linear,trained,芹菜,fold1_test2024,30,target_lh_full_30
250,0.744917545061913,0.8481947760389921,21.737449037088236,21.883161067608047,0.4424679809496794,0.516,6.474111149451707,m_linear,trained,芹菜,fold2_test2025,30,target_lh_full_30
154,0.3517391124680573,0.45134838461736126,10.466713476449147,9.818772862138633,-0.07856680947692522,0.6688311688311688,3.19857085324674,m_linear,trained,芹菜,fold3_test2026,30,target_lh_full_30
248,1.4063510877073557,1.8526867031853158,50.00140062012189,33.322036737295036,-1.281521933576146,0.6008064516129032,9.39780643319969,m_linear,trained,茄子,fold1_test2024,30,target_lh_full_30
250,0.6014679758834666,0.8135319159220791,14.812400792851625,15.91849841174847,0.02918926548489938,0.668,4.092411065339034,m_linear,trained,茄子,fold2_test2025,30,target_lh_full_30
154,0.4757874479747288,0.5988644345633853,12.417855790589732,12.009375625173954,0.25852671345333056,0.5454545454545454,3.447978099605446,m_linear,trained,茄子,fold3_test2026,30,target_lh_full_30
248,1.0631923889609223,1.2759044028528777,17.68209800383376,19.49748485146347,0.4446282448054476,0.4153225806451613,8.747033291697281,m_linear,trained,西红柿,fold1_test2024,30,target_lh_full_30
250,0.5489001279767031,0.6690092891608884,10.1894197739974,10.08303764650022,0.24430490663315652,0.652,4.345275349389186,m_linear,trained,西红柿,fold2_test2025,30,target_lh_full_30
154,0.31276046992768486,0.3880630189802319,6.166205840125175,6.057971913935853,0.11991637384922962,0.8311688311688312,2.5961685718469205,m_linear,trained,西红柿,fold3_test2026,30,target_lh_full_30
248,1.937542571789447,2.4757037281501564,40.46983432094001,28.959933889774714,-1.6669185270334612,0.6129032258064516,10.362093684326645,m_linear,trained,青椒,fold1_test2024,30,target_lh_full_30
250,2.7904781699737757,3.053557988476544,42.71837360176104,52.36623155921571,2.7902907667359678,0.636,14.671032909030751,m_linear,trained,青椒,fold2_test2025,30,target_lh_full_30
154,0.5920279157693029,0.7291395069092386,10.745859918588499,10.222997112902776,-0.03227750985744045,0.6493506493506493,3.3850544345256224,m_linear,trained,青椒,fold3_test2026,30,target_lh_full_30
248,1.2515249792013001,1.6778922255457316,24.990298545806805,23.200610851934833,-0.7792453349771907,0.7016129032258065,8.34198863151745,m_linear,trained,韭菜,fold1_test2024,30,target_lh_full_30
250,0.7970003976515811,1.0323273396950159,14.401848547856796,13.947586207293073,0.20676212219486556,0.72,5.195074134135902,m_linear,trained,韭菜,fold2_test2025,30,target_lh_full_30
154,0.6419819289260272,0.772009084460739,12.971564378157025,12.112796061499543,0.3191587393597184,0.6688311688311688,4.225097068238494,m_linear,trained,韭菜,fold3_test2026,30,target_lh_full_30
248,1.0396946317129385,1.3563452113135288,22.165069830355392,21.915487573879037,-0.1608934407516753,0.7096774193548387,5.313994784310575,m_linear,trained,黄瓜,fold1_test2024,30,target_lh_full_30
250,1.0843037327313612,1.3368522603302948,21.100981827141073,20.63496064189881,0.0238663192333085,0.584,5.527690773016576,m_linear,trained,黄瓜,fold2_test2025,30,target_lh_full_30
154,0.7678526047576968,0.9051860652021374,16.45196622169049,15.87933132809291,0.03232738194214531,0.7272727272727273,3.9209224293263176,m_linear,trained,黄瓜,fold3_test2026,30,target_lh_full_30
248,0.23635180510017825,0.3179249721906584,11.128310710782804,11.420203698034099,-0.03429685994651846,0.4637096774193548,8.068410415293654,b_drift_trend90,rowwise,土豆,fold1_test2024,60,target_lh_full_60
250,0.30036983007749296,0.3458894796002174,16.679670387278687,15.369224386971558,0.030510905453400412,0.556,10.586100028519095,b_drift_trend90,rowwise,土豆,fold2_test2025,60,target_lh_full_60
133,0.2331620223900275,0.28376424247827553,10.004536351976217,10.66216021330252,0.14634663290928565,0.39097744360902253,8.782720867805068,b_drift_trend90,rowwise,土豆,fold3_test2026,60,target_lh_full_60
248,3.518520652936089,5.042790369806334,43.75459842113675,58.9072803311648,2.117405685833699,0.33064516129032256,20.693872467324287,b_drift_trend90,rowwise,尖椒,fold1_test2024,60,target_lh_full_60
250,0.9520589202638432,1.2216651840119657,19.371883688623463,17.870760565782525,-0.053675291325633805,0.676,5.412050707912315,b_drift_trend90,rowwise,尖椒,fold2_test2025,60,target_lh_full_60
133,3.589284449975117,5.186881214390917,43.22625200983482,63.9248897207939,2.6994797163332174,0.5864661654135338,21.837969683804825,b_drift_trend90,rowwise,尖椒,fold3_test2026,60,target_lh_full_60
248,1.388966990028169,1.7731149186058548,49.71767172022859,59.44508633373078,0.6510827235342261,0.28225806451612906,17.928440979669105,b_drift_trend90,rowwise,甘蓝,fold1_test2024,60,target_lh_full_60
250,0.7451002813296513,1.1286796347035153,33.289452482526606,38.05426318982531,0.2787690144485858,0.608,9.39490872409504,b_drift_trend90,rowwise,甘蓝,fold2_test2025,60,target_lh_full_60
133,0.7687133837894125,0.9113609624567018,44.83009166320755,46.07315076513221,0.13217977843893303,0.39097744360902253,10.424091380177309,b_drift_trend90,rowwise,甘蓝,fold3_test2026,60,target_lh_full_60
248,3.150820591915996,3.8336918552287766,34.730556796749156,35.39677050302197,0.6810860073590439,0.29435483870967744,11.116989240892492,b_drift_trend90,rowwise,芸豆,fold1_test2024,60,target_lh_full_60
250,1.5843372840709327,1.993987744702289,17.946615570532046,18.577895676415856,0.10108489542877773,0.396,5.684757466182168,b_drift_trend90,rowwise,芸豆,fold2_test2025,60,target_lh_full_60
133,1.5715820069763027,1.8840531422792282,17.904253766515474,18.86525424338575,0.570168986438206,0.5864661654135338,5.736311513868782,b_drift_trend90,rowwise,芸豆,fold3_test2026,60,target_lh_full_60
248,2.6317632193050953,3.314647298842955,47.1724926076148,57.05374765232744,1.2705484427397813,0.2782258064516129,23.919211279433814,b_drift_trend90,rowwise,芹菜,fold1_test2024,60,target_lh_full_60
250,0.7439897057810378,1.0490575196004033,20.614786937037504,21.58903761014156,0.05677932071083939,0.648,6.466047257450461,b_drift_trend90,rowwise,芹菜,fold2_test2025,60,target_lh_full_60
133,0.6830483961042452,0.8686690838432605,17.967390907811165,19.368951711743847,0.10330141722046766,0.5714285714285714,6.211361243866164,b_drift_trend90,rowwise,芹菜,fold3_test2026,60,target_lh_full_60
248,2.3064584987410988,3.429791026342403,41.078301310320356,55.47905121668395,1.5110550528172573,0.41935483870967744,15.412687988682121,b_drift_trend90,rowwise,茄子,fold1_test2024,60,target_lh_full_60
250,1.5423635910244615,3.009677780576821,28.767284535924166,39.7283949361859,0.6765174033561108,0.604,10.494300743798023,b_drift_trend90,rowwise,茄子,fold2_test2025,60,target_lh_full_60
133,2.022514272201121,3.221150122108658,33.9189592622823,52.45437303284921,1.3914822167485321,0.5488721804511278,14.65693335621437,b_drift_trend90,rowwise,茄子,fold3_test2026,60,target_lh_full_60
248,2.143994044766858,2.6807871327058934,32.82463399431941,39.71252540078506,1.1614816450198677,0.2903225806451613,17.638940497970125,b_drift_trend90,rowwise,西红柿,fold1_test2024,60,target_lh_full_60
250,1.0265427643336273,1.4242723717215033,18.013124763345658,18.359231524112033,-0.041380290069654206,0.496,8.126452776382054,b_drift_trend90,rowwise,西红柿,fold2_test2025,60,target_lh_full_60
133,2.105877410482269,2.906809047872605,32.53848166077275,42.10812181047845,1.1674407303602705,0.5714285714285714,17.48051072605355,b_drift_trend90,rowwise,西红柿,fold3_test2026,60,target_lh_full_60
248,4.755754784197109,7.564050760509236,48.91899683377602,72.74671019553935,3.0814105441034743,0.31048387096774194,25.434061336790233,b_drift_trend90,rowwise,青椒,fold1_test2024,60,target_lh_full_60
250,0.8734703682344845,1.1030120704998254,17.90078465753619,15.918725256727805,-0.10740932422828973,0.624,4.592299862912657,b_drift_trend90,rowwise,青椒,fold2_test2025,60,target_lh_full_60
133,3.4875317393908807,4.858699064806845,45.6125852416483,62.78662509252094,2.5082024028865266,0.5338345864661654,19.94075695676187,b_drift_trend90,rowwise,青椒,fold3_test2026,60,target_lh_full_60
248,2.110557481070846,2.648605938649845,36.443246974940024,39.11952217244901,0.9347951663247044,0.4435483870967742,14.067834686362456,b_drift_trend90,rowwise,韭菜,fold1_test2024,60,target_lh_full_60
250,2.2026041448981966,3.3286932761287926,30.656009714227885,38.143936227867215,0.8022863281653065,0.432,14.357197128907163,b_drift_trend90,rowwise,韭菜,fold2_test2025,60,target_lh_full_60
133,2.225437614518941,2.7365530364355384,43.4850492386489,43.81344266674741,0.3124074944570521,0.39097744360902253,14.646346753687324,b_drift_trend90,rowwise,韭菜,fold3_test2026,60,target_lh_full_60
248,2.160952373828948,2.6619031690154853,42.94826025415636,45.58612734369909,0.5584668477224766,0.36693548387096775,11.044867688459066,b_drift_trend90,rowwise,黄瓜,fold1_test2024,60,target_lh_full_60
250,2.219767991758763,3.0367253475831735,34.28332257033069,41.764735027941704,1.0906403322266147,0.46,11.3161936788448,b_drift_trend90,rowwise,黄瓜,fold2_test2025,60,target_lh_full_60
133,1.9855764486171938,2.229255043718357,50.10416443822565,43.23026179082184,0.01156159882709398,0.556390977443609,10.139043853321267,b_drift_trend90,rowwise,黄瓜,fold3_test2026,60,target_lh_full_60
248,0.17379325052946498,0.2168566272467403,8.249036773326852,8.397457855457123,0.005164462250835303,0.0,5.932830815848155,b_last_value,rowwise,土豆,fold1_test2024,60,target_lh_full_60
250,0.17339647250964368,0.2089502426796852,9.27715874535928,8.872293509712739,-0.023959065328732678,0.0,6.111107770397186,b_last_value,rowwise,土豆,fold2_test2025,60,target_lh_full_60
133,0.08685046151311993,0.10350800657475387,3.957987906379775,3.97154530467718,0.015588168320888513,0.0,3.2714734281804034,b_last_value,rowwise,土豆,fold3_test2026,60,target_lh_full_60
248,1.1824634629013082,1.4196717747008225,19.277230049556152,19.79687305014449,0.07153514407474845,0.0,6.954555767103747,b_last_value,rowwise,尖椒,fold1_test2024,60,target_lh_full_60
250,0.9328459765132404,1.2308362331046299,16.632005723295602,17.510121208046435,-0.35010727124064317,0.0,5.302833280699184,b_last_value,rowwise,尖椒,fold2_test2025,60,target_lh_full_60
133,1.2443047812726313,1.6971799772529212,18.272111088284884,22.160975824153745,1.1394391879137316,0.0,7.570614831330378,b_last_value,rowwise,尖椒,fold3_test2026,60,target_lh_full_60
248,0.5657138908746552,0.7055294366427705,25.079051635379223,24.21145450155919,0.015138795601699869,0.0,7.302094417463104,b_last_value,rowwise,甘蓝,fold1_test2024,60,target_lh_full_60
250,0.3880489790894417,0.4918696999727992,21.45068673789188,19.81869870517385,-0.10879423999587844,0.0,4.892877952639808,b_last_value,rowwise,甘蓝,fold2_test2025,60,target_lh_full_60
133,0.3717095607598233,0.49286197312922075,20.385947466660152,22.278564410191148,0.19093569084642706,0.0,5.040545032721122,b_last_value,rowwise,甘蓝,fold3_test2026,60,target_lh_full_60
248,1.6594346973872265,1.9887379830042553,19.030041893649084,18.64232743015328,-0.1473223043929159,0.0,5.854956554539784,b_last_value,rowwise,芸豆,fold1_test2024,60,target_lh_full_60
250,0.9461071912862462,1.3928112599320164,10.92851192765413,11.094027057963105,-0.06679719273720934,0.0,3.3947253362954575,b_last_value,rowwise,芸豆,fold2_test2025,60,target_lh_full_60
133,0.7597139924609952,1.0106759343954415,8.943033114941871,9.11959894960189,0.5028198378180915,0.0,2.7729740496239597,b_last_value,rowwise,芸豆,fold3_test2026,60,target_lh_full_60
248,1.0529429087919822,1.3329447932531355,22.858386040264847,22.82665042578858,0.012785640773706428,0.0,9.56984416980611,b_last_value,rowwise,芹菜,fold1_test2024,60,target_lh_full_60
250,0.4862001890967256,0.6393809723487691,13.944053529459119,14.10852070519962,-0.06950576719966876,0.0,4.225587229033544,b_last_value,rowwise,芹菜,fold2_test2025,60,target_lh_full_60
133,0.3546492381632671,0.5433276423649932,9.069946338963112,10.056657782624683,0.23905196287285504,0.0,3.225034339671861,b_last_value,rowwise,芹菜,fold3_test2026,60,target_lh_full_60
248,0.6438609865441267,0.8135111121099797,16.743467882653874,15.487292170400305,0.10611744815921148,0.0,4.302539368952944,b_last_value,rowwise,茄子,fold1_test2024,60,target_lh_full_60
250,0.7895839216806959,1.006912451613467,20.76761683987155,20.33820174331103,-0.228990082901404,0.0,5.372359140739903,b_last_value,rowwise,茄子,fold2_test2025,60,target_lh_full_60
133,0.7397735856029243,0.965598662849994,16.538369756242137,19.1861981655304,0.6839401278377369,0.0,5.361055935130423,b_last_value,rowwise,茄子,fold3_test2026,60,target_lh_full_60
248,0.8457122327525766,0.9882161519587572,15.19819342969678,15.664860920168033,0.14331132016026168,0.0,6.957793464183952,b_last_value,rowwise,西红柿,fold1_test2024,60,target_lh_full_60
250,0.7062785399624517,0.8692336412593227,12.791078377285977,12.631457437722746,-0.33286556149706426,0.0,5.5911350227116055,b_last_value,rowwise,西红柿,fold2_test2025,60,target_lh_full_60
133,0.8608696693348687,1.1500768545246356,14.449528659443892,17.213539932980908,0.8175273076335197,0.0,7.1459247407455155,b_last_value,rowwise,西红柿,fold3_test2026,60,target_lh_full_60
248,1.4184063859166822,1.7769448089504645,20.377175284551,21.69674488656449,0.24201987921491064,0.0,7.58572227899054,b_last_value,rowwise,青椒,fold1_test2024,60,target_lh_full_60
250,0.9433977251557196,1.2330970006498774,16.278100445489095,17.19312954477282,-0.2857822750733491,0.0,4.959945295753517,b_last_value,rowwise,青椒,fold2_test2025,60,target_lh_full_60
133,1.2252083416741768,1.6967541267630084,17.87263094594344,22.057633466114797,1.0733924423438557,0.0,7.005407717662562,b_last_value,rowwise,青椒,fold3_test2026,60,target_lh_full_60
248,0.8566259826141933,1.1422391424736913,16.837871280683125,15.877700285788606,0.04363883845218157,0.0,5.709805499040447,b_last_value,rowwise,韭菜,fold1_test2024,60,target_lh_full_60
250,1.109018016265422,1.5986714865623597,18.86152052670035,19.205590158343796,-0.17213424546672,0.0,7.228893269774611,b_last_value,rowwise,韭菜,fold2_test2025,60,target_lh_full_60
133,1.1953889746669955,1.3402570476046303,23.821495158857058,23.53429544119383,0.4015533639165224,0.0,7.867253305275053,b_last_value,rowwise,韭菜,fold3_test2026,60,target_lh_full_60
248,1.2325019128714132,1.4800358494197885,26.154024139841702,26.00010524616788,0.013175603209408747,0.0,6.299454221342779,b_last_value,rowwise,黄瓜,fold1_test2024,60,target_lh_full_60
250,1.043974276592196,1.4618449956882364,20.59024104395246,19.642282076206563,-0.18333373601838965,0.008,5.322094540289716,b_last_value,rowwise,黄瓜,fold2_test2025,60,target_lh_full_60
133,1.3049610517219876,1.6633584531493506,28.83426329124552,28.411803500215637,0.30171249674090245,0.0,6.663584945067172,b_last_value,rowwise,黄瓜,fold3_test2026,60,target_lh_full_60
248,0.3005902248442608,0.35587537570701144,13.643260447014564,14.52411838320561,0.30050262427278934,0.625,10.261336061473838,b_same_season_mean,rowwise,土豆,fold1_test2024,60,target_lh_full_60
250,0.33365066479867833,0.4247550255432984,16.360125405453118,17.07212716014172,0.33011966908570967,0.68,11.759034891185514,b_same_season_mean,rowwise,土豆,fold2_test2025,60,target_lh_full_60
133,0.24082101985507545,0.2678639419725935,10.487541909103301,11.012395029455464,0.18246022785626728,0.47368421052631576,9.071219123967131,b_same_season_mean,rowwise,土豆,fold3_test2026,60,target_lh_full_60
248,1.4499718943357611,1.7576006745668813,26.596739546910065,24.27551498970787,-0.738069611487139,0.5524193548387096,8.527883284570242,b_same_season_mean,rowwise,尖椒,fold1_test2024,60,target_lh_full_60
250,1.7614684062638217,2.314668066873407,28.276357799390894,33.06389915847605,0.002158317618924798,0.408,10.01319995241826,b_same_season_mean,rowwise,尖椒,fold2_test2025,60,target_lh_full_60
133,0.7857613323900061,1.0221218239888683,12.632587663035785,13.9943510245457,0.2230371920103303,0.6992481203007519,4.78073900093318,b_same_season_mean,rowwise,尖椒,fold3_test2026,60,target_lh_full_60
248,0.6196728625958597,0.805897039744577,27.248426099773994,26.52079356827185,-0.18825782573655223,0.6048387096774194,7.998583424597558,b_same_season_mean,rowwise,甘蓝,fold1_test2024,60,target_lh_full_60
250,0.7016934785003435,0.8100344806593536,34.53287252075329,35.83736173308766,0.1899299745087154,0.564,8.847595884730113,b_same_season_mean,rowwise,甘蓝,fold2_test2025,60,target_lh_full_60
133,0.5511812466130289,0.6363611890098196,30.71172466788762,33.0352732366013,0.36128687380045843,0.5037593984962406,7.474259981543712,b_same_season_mean,rowwise,甘蓝,fold3_test2026,60,target_lh_full_60
248,1.469559425629341,1.7892409151291488,16.50565907127592,16.50924139032712,0.003852216328890187,0.6935483870967742,5.1850227097948,b_same_season_mean,rowwise,芸豆,fold1_test2024,60,target_lh_full_60
250,1.4119772587507973,1.8099663391534544,15.222952278958072,16.55680673192409,0.3330826742557582,0.652,5.066312801235358,b_same_season_mean,rowwise,芸豆,fold2_test2025,60,target_lh_full_60
133,1.2108881481808187,1.6177782235355438,13.096112916567673,14.5354888732053,1.035413857619809,0.5413533834586466,4.419770394152658,b_same_season_mean,rowwise,芸豆,fold3_test2026,60,target_lh_full_60
248,1.122969001869109,1.5013605647712103,25.342153902886842,24.344739520656205,-1.0794765460151645,0.7903225806451613,10.206287791746902,b_same_season_mean,rowwise,芹菜,fold1_test2024,60,target_lh_full_60
250,0.7647444034281979,0.8907840329598095,21.78261329872675,22.19129587340781,0.21263482091675787,0.588,6.646427247600659,b_same_season_mean,rowwise,芹菜,fold2_test2025,60,target_lh_full_60
133,0.281844171671329,0.33390112369413005,7.8762396862781285,7.992151335796816,-0.03086505005374874,0.6691729323308271,2.56297500252336,b_same_season_mean,rowwise,芹菜,fold3_test2026,60,target_lh_full_60
248,0.795083866997073,0.9403594175513573,20.883555679497363,19.124774455194384,-0.08276878420748777,0.5887096774193549,5.313071782366495,b_same_season_mean,rowwise,茄子,fold1_test2024,60,target_lh_full_60
250,1.5401748542220433,1.703188642362192,37.372905962685365,39.67201717895417,0.1656346424817955,0.364,10.479408495052486,b_same_season_mean,rowwise,茄子,fold2_test2025,60,target_lh_full_60
133,0.6054196146500054,0.7310692360431814,14.64247779681194,15.701697013833119,0.37508302903963137,0.6616541353383458,4.387407825217915,b_same_season_mean,rowwise,茄子,fold3_test2026,60,target_lh_full_60
248,1.0428810810350717,1.3342106589576628,20.779978205818203,19.316957302979386,-0.5307003749686912,0.5161290322580645,8.579929305184583,b_same_season_mean,rowwise,西红柿,fold1_test2024,60,target_lh_full_60
250,1.3220457593062103,1.623401004726739,23.156298515140808,23.644162741071025,-0.6025749476493921,0.376,10.465752430871367,b_same_season_mean,rowwise,西红柿,fold2_test2025,60,target_lh_full_60
133,0.8245001569258105,1.0397454248099365,14.977125358856211,16.486312483232247,0.1753969194391063,0.5488721804511278,6.84402794057884,b_same_season_mean,rowwise,西红柿,fold3_test2026,60,target_lh_full_60
248,1.4534782517528626,1.7057900932757397,24.54638893696284,22.233223947360344,-0.6880818186312603,0.6169354838709677,7.773288717411036,b_same_season_mean,rowwise,青椒,fold1_test2024,60,target_lh_full_60
250,1.813886679338346,2.3679136799199556,27.237197101304687,33.05751945951986,0.4373946115691912,0.464,9.536570273931035,b_same_season_mean,rowwise,青椒,fold2_test2025,60,target_lh_full_60
133,1.1210098695585613,1.3701373273249908,18.758312949236085,20.181730709433566,0.9324898957037437,0.47368421052631576,6.409629223590328,b_same_season_mean,rowwise,青椒,fold3_test2026,60,target_lh_full_60
248,1.084349647748663,1.2604240480398738,21.006496581179,20.098595024414397,-0.1845102191039757,0.5403225806451613,7.227688287837492,b_same_season_mean,rowwise,韭菜,fold1_test2024,60,target_lh_full_60
250,1.2062084106382172,1.6116574823999184,19.99227131857668,20.888699769076194,-0.48157024341776694,0.688,7.862407764096488,b_same_season_mean,rowwise,韭菜,fold2_test2025,60,target_lh_full_60
133,0.9066880553633346,1.071368685882015,20.63955711113987,17.850477978405745,-0.2645752236423217,0.706766917293233,5.967216321697893,b_same_season_mean,rowwise,韭菜,fold3_test2026,60,target_lh_full_60
248,0.9699911906995893,1.3165149816618043,22.053763019237856,20.462339881720094,-0.1989222295207685,0.7620967741935484,4.957732752464567,b_same_season_mean,rowwise,黄瓜,fold1_test2024,60,target_lh_full_60
250,1.5598743428774975,1.9270017033050615,28.882393024514474,29.348895402147683,-0.678110327644561,0.596,7.952110420637538,b_same_season_mean,rowwise,黄瓜,fold2_test2025,60,target_lh_full_60
133,1.0565624107945095,1.2132740775278417,25.00509247177234,23.0036318414222,-0.2081527689853938,0.631578947368421,5.395175101052821,b_same_season_mean,rowwise,黄瓜,fold3_test2026,60,target_lh_full_60
248,0.2565014288813523,0.3165152209262184,11.883160271417477,12.39380661984054,0.24500317192825463,0.6532258064516129,8.756263991496999,b_same_season_median,rowwise,土豆,fold1_test2024,60,target_lh_full_60
250,0.27334595030022263,0.35965056792603894,13.763064851180163,13.98647542048495,0.25956093467126734,0.664,9.633682489090944,b_same_season_median,rowwise,土豆,fold2_test2025,60,target_lh_full_60
133,0.17583091751837557,0.20375226928898638,7.880931480550049,8.040492159983447,0.0939340329825426,0.5488721804511278,6.623179249623795,b_same_season_median,rowwise,土豆,fold3_test2026,60,target_lh_full_60
248,1.5665745423309285,1.954006917494503,30.847830991177155,26.22768340090526,-1.099553565602671,0.5806451612903226,9.21367159306028,b_same_season_median,rowwise,尖椒,fold1_test2024,60,target_lh_full_60
250,1.6218662334179916,2.0782740420883576,27.125067003434715,30.443476249461725,-0.28782727124064333,0.368,9.219620876275586,b_same_season_median,rowwise,尖椒,fold2_test2025,60,target_lh_full_60
133,0.7654816205186923,1.137269735660426,11.582391950910404,13.633170860919439,-0.06071118802611829,0.7969924812030075,4.657352922394568,b_same_season_median,rowwise,尖椒,fold3_test2026,60,target_lh_full_60
248,0.5895976856184106,0.8327251103598482,26.578432161010536,25.233634474670612,-0.41127249472088073,0.7943548387096774,7.610380508859176,b_same_season_median,rowwise,甘蓝,fold1_test2024,60,target_lh_full_60
250,0.7464859145750786,0.8845706530894817,37.206754601235346,38.12503118378173,-0.05015423999587841,0.452,9.41238006076214,b_same_season_median,rowwise,甘蓝,fold2_test2025,60,target_lh_full_60
133,0.5102275185603351,0.5711768338819679,28.75327259617328,30.580694811461136,0.19552215701184056,0.48872180451127817,6.91890942751048,b_same_season_median,rowwise,甘蓝,fold3_test2026,60,target_lh_full_60
248,1.4298709574956883,1.7753938274847325,16.54481605830707,16.063375446151248,-0.2900642398767869,0.7056451612903226,5.044990530761394,b_same_season_median,rowwise,芸豆,fold1_test2024,60,target_lh_full_60
250,1.3992352666170613,1.7966350122482722,15.241399704114492,16.407394480536556,0.046122807262790846,0.66,5.0205932845361305,b_same_season_median,rowwise,芸豆,fold2_test2025,60,target_lh_full_60
133,1.061116745446193,1.4364943310332068,11.418369491667622,12.737634495619618,0.9456769806752344,0.556390977443609,3.873101230124829,b_same_season_median,rowwise,芸豆,fold3_test2026,60,target_lh_full_60
248,1.4813038322696415,1.7520425826351134,36.05876990916581,32.113046653586565,-1.451125649548874,0.7782258064516129,13.463072617318549,b_same_season_median,rowwise,芹菜,fold1_test2024,60,target_lh_full_60
250,0.6784895715352859,0.7921596766413864,19.443977588524064,19.68835961592609,-0.06630576719966882,0.46,5.896782709686638,b_same_season_median,rowwise,芹菜,fold2_test2025,60,target_lh_full_60
133,0.3451515280963761,0.4034245023287887,10.3321459494552,9.787334717513964,-0.28786533036022777,0.706766917293233,3.1386660697931323,b_same_season_median,rowwise,芹菜,fold3_test2026,60,target_lh_full_60
248,0.761153336457351,0.8541698047842009,20.086647198516275,18.308616851383185,-0.15396319700207886,0.5685483870967742,5.0863342621446375,b_same_season_median,rowwise,茄子,fold1_test2024,60,target_lh_full_60
250,1.5233999134184,1.7116429766363086,37.006597968652386,39.23992614856644,0.11924991709859614,0.376,10.365271157541873,b_same_season_median,rowwise,茄子,fold2_test2025,60,target_lh_full_60
133,0.5075971450074528,0.6170475375228119,12.310060717665294,13.164648754568834,0.27642133084525583,0.6917293233082706,3.6784993947568516,b_same_season_median,rowwise,茄子,fold3_test2026,60,target_lh_full_60
248,1.1327291140007585,1.3964122296035835,22.803724971886677,20.981184076402354,-0.6597128733881255,0.4637096774193548,9.319121706959068,b_same_season_median,rowwise,西红柿,fold1_test2024,60,target_lh_full_60
250,1.2675089004796838,1.624642345566258,22.302642442117996,22.668796830773104,-0.6990655614970644,0.396,10.03402057982308,b_same_season_median,rowwise,西红柿,fold2_test2025,60,target_lh_full_60
133,0.7868919134798958,1.0531445046594943,14.327242837127626,15.734315957595916,-0.011269684847683462,0.556390977443609,6.531848656223541,b_same_season_median,rowwise,西红柿,fold3_test2026,60,target_lh_full_60
248,1.5053402630307964,1.7901025412341325,26.89442581149147,23.026534552257434,-0.9381010885270248,0.5846774193548387,8.050649858964293,b_same_season_median,rowwise,青椒,fold1_test2024,60,target_lh_full_60
250,1.8280411838607507,2.304285396364969,28.298782670326194,33.31548089339507,0.23117772492665073,0.372,9.610988057912902,b_same_season_median,rowwise,青椒,fold2_test2025,60,target_lh_full_60
133,0.9313956169918133,1.1971741100221658,15.654358949024349,16.768073178051125,0.7600089836972393,0.518796992481203,5.325466552534045,b_same_season_median,rowwise,青椒,fold3_test2026,60,target_lh_full_60
248,1.097746581185025,1.3054733340197036,21.310956930602718,20.3469093391426,-0.3411998712252377,0.5241935483870968,7.316985000472545,b_same_season_median,rowwise,韭菜,fold1_test2024,60,target_lh_full_60
250,1.2221764566825846,1.6714613577559838,20.149282643138196,21.16522886369848,-0.6059742454667199,0.7,7.966492006993,b_same_season_median,rowwise,韭菜,fold2_test2025,60,target_lh_full_60
133,0.9180856409401182,1.1026029743044363,20.679231858317333,18.074868659568782,-0.384687237587237,0.7142857142857143,6.0422276315738985,b_same_season_median,rowwise,韭菜,fold3_test2026,60,target_lh_full_60
248,1.056491275979005,1.3574259055649704,24.37453545993043,22.28709268541164,-0.464767945177688,0.75,5.399844299448247,b_same_season_median,rowwise,黄瓜,fold1_test2024,60,target_lh_full_60
250,1.6813018587050035,2.1710691214462963,32.030130056033656,31.633543186269858,-0.9826137360183897,0.536,8.571137856003126,b_same_season_median,rowwise,黄瓜,fold2_test2025,60,target_lh_full_60
133,1.1084800346645904,1.3034744125747373,25.850478190250954,24.13398996640101,-0.38603186416135327,0.6390977443609023,5.660284543474736,b_same_season_median,rowwise,黄瓜,fold3_test2026,60,target_lh_full_60
248,0.6012923986338857,0.7154942358903802,24.32711975145939,29.053645990001865,0.5987934945088998,0.5604838709677419,20.526493756704074,b_seasonal_naive_365,rowwise,土豆,fold1_test2024,60,target_lh_full_60
250,0.28472028358803847,0.3533730341824094,14.46628146277749,14.568473554277354,0.11684093467126735,0.472,10.034554407257518,b_seasonal_naive_365,rowwise,土豆,fold2_test2025,60,target_lh_full_60
133,0.20167498047623122,0.2572252962355733,9.690709834457314,9.222303575902611,-0.07193062867159271,0.6992481203007519,7.596670510002119,b_seasonal_naive_365,rowwise,土豆,fold3_test2026,60,target_lh_full_60
248,2.164589951255738,2.6609138584545367,46.38865723939279,36.239692654423145,-1.7799971139897677,0.5524193548387096,12.730847084259414,b_seasonal_naive_365,rowwise,尖椒,fold1_test2024,60,target_lh_full_60
250,2.0916767322381355,2.6384115055143478,33.590886373597115,39.262122613679296,0.7914127287593566,0.46,11.890294075807773,b_seasonal_naive_365,rowwise,尖椒,fold2_test2025,60,target_lh_full_60
133,1.0341451687406784,1.5514312567378632,16.384679852648958,18.41804871929222,-0.7761999098306295,0.8947368421052632,6.291959068267416,b_seasonal_naive_365,rowwise,尖椒,fold3_test2026,60,target_lh_full_60
248,0.7320721763821162,0.9589158823542091,35.65152268315317,31.33126563841126,-0.6659902366563647,0.7580645161290323,9.449405854388592,b_seasonal_naive_365,rowwise,甘蓝,fold1_test2024,60,target_lh_full_60
250,0.9442750897561085,1.0767934025557324,43.069424166859825,48.226653095674905,0.41880576000412156,0.584,11.906287651460929,b_seasonal_naive_365,rowwise,甘蓝,fold2_test2025,60,target_lh_full_60
133,0.43934618060786074,0.5873506178811031,28.94534887059374,26.332392858111405,-0.2717710760708662,0.5263157894736842,5.95772732824286,b_seasonal_naive_365,rowwise,甘蓝,fold3_test2026,60,target_lh_full_60
248,1.8436503756456242,2.2121385355034495,21.140290495516165,20.711832784758656,-0.1040158527800127,0.7298387096774194,6.504921747244389,b_seasonal_naive_365,rowwise,芸豆,fold1_test2024,60,target_lh_full_60
250,2.036111359777824,2.3690440698849295,22.69504587185508,23.875386136418225,0.2906428072627907,0.596,7.30576713105812,b_seasonal_naive_365,rowwise,芸豆,fold2_test2025,60,target_lh_full_60
133,1.0195687412630445,1.44623158491298,11.190303295822138,12.238892680848913,0.2862784844346329,0.7368421052631579,3.7214500317043218,b_seasonal_naive_365,rowwise,芸豆,fold3_test2026,60,target_lh_full_60
248,1.8657196024796157,2.194809491760843,48.18008489856303,40.44676003108641,-1.7801175850327453,0.7298387096774194,16.956898338169882,b_seasonal_naive_365,rowwise,芹菜,fold1_test2024,60,target_lh_full_60
250,1.547681776658958,1.9553621501166871,36.79039992679579,44.91051398317957,1.2362542328003312,0.572,13.450970395976103,b_seasonal_naive_365,rowwise,芹菜,fold2_test2025,60,target_lh_full_60
133,0.6855593261376637,0.7867886184481817,22.753356566563884,19.440153229595637,-0.6555345032925586,0.6842105263157895,6.234194609092682,b_seasonal_naive_365,rowwise,芹菜,fold3_test2026,60,target_lh_full_60
248,1.5784389069509712,1.8443955284223095,48.7425445894306,37.967426254986506,-0.7942051324859498,0.4274193548387097,10.54776680148824,b_seasonal_naive_365,rowwise,茄子,fold1_test2024,60,target_lh_full_60
250,1.6701086458279832,1.9345935066025892,38.58574706850341,43.01886808915242,0.42212991709859593,0.46,11.363482972581492,b_seasonal_naive_365,rowwise,茄子,fold2_test2025,60,target_lh_full_60
133,0.6005093931347392,0.8631134059171051,15.276664089576888,15.574349288985973,-0.5661350601321877,0.9172932330827067,4.351824002397628,b_seasonal_naive_365,rowwise,茄子,fold3_test2026,60,target_lh_full_60
248,1.46167808949563,1.846254272921904,30.22731499352466,27.074202187524417,-0.9031402927429641,0.532258064516129,12.025431185655977,b_seasonal_naive_365,rowwise,西红柿,fold1_test2024,60,target_lh_full_60
250,1.1719625151335118,1.6304986510169461,18.914137265188213,20.959994946614778,-0.01022556149706429,0.644,9.277643723985323,b_seasonal_naive_365,rowwise,西红柿,fold2_test2025,60,target_lh_full_60
133,0.9638632207618835,1.4087103066483988,17.883031322901395,19.272949938328427,-0.23329976003565328,0.631578947368421,8.000855740751813,b_seasonal_naive_365,rowwise,西红柿,fold3_test2026,60,target_lh_full_60
248,2.1377265835997625,2.6126226312707033,42.45156246310101,32.699872746001304,-1.6078994756237992,0.5443548387096774,11.432689765509556,b_seasonal_naive_365,rowwise,青椒,fold1_test2024,60,target_lh_full_60
250,2.6016073953818823,3.3648552224812787,37.26101573822518,47.413484027700505,1.4007777249266509,0.456,13.678038454027423,b_seasonal_naive_365,rowwise,青椒,fold2_test2025,60,target_lh_full_60
133,0.8869017150104392,1.3350094315171275,14.348282974736955,15.967041918305275,-0.37081808397193383,0.7293233082706767,5.071062535088879,b_seasonal_naive_365,rowwise,青椒,fold3_test2026,60,target_lh_full_60
248,1.5057010461732234,1.7928944128893165,28.021847626990205,27.908410924192157,-0.27918374219297964,0.4798387096774194,10.036188824338819,b_seasonal_naive_365,rowwise,韭菜,fold1_test2024,60,target_lh_full_60
250,1.420059690461871,1.817212004002121,23.084897067635683,24.592102216009415,-0.27765424546672,0.696,9.25635092351935,b_seasonal_naive_365,rowwise,韭菜,fold2_test2025,60,target_lh_full_60
133,1.1627119858690915,1.299905261489971,24.94964537206158,22.89096517397877,-0.37799550826392864,0.5864661654135338,7.652195149666448,b_seasonal_naive_365,rowwise,韭菜,fold3_test2026,60,target_lh_full_60
248,1.3906799560580638,1.8414669752699206,31.428292420257716,29.33693233546983,-0.44480826775833315,0.7298387096774194,7.107919775407882,b_seasonal_naive_365,rowwise,黄瓜,fold1_test2024,60,target_lh_full_60
250,1.9901365640337871,2.547573978709031,35.72159854104982,37.44424037776754,-0.5203737360183898,0.504,10.145551647545574,b_seasonal_naive_365,rowwise,黄瓜,fold2_test2025,60,target_lh_full_60
133,1.2715267377543038,1.526183810091231,28.911831012075893,27.68386671056138,-0.5244529167929322,0.5488721804511278,6.492857710787102,b_seasonal_naive_365,rowwise,黄瓜,fold3_test2026,60,target_lh_full_60
248,0.19539442367601384,0.22945296427794604,9.308858723782238,9.441197704812334,0.17268199434793935,0.7016129032258065,6.670236355544813,m_catboost,trained,土豆,fold1_test2024,60,target_lh_full_60
250,0.17586070703074677,0.22719533269446315,9.337085234226201,8.998382648848928,0.14274846961418922,0.748,6.197956150367295,m_catboost,trained,土豆,fold2_test2025,60,target_lh_full_60
133,0.19411113903637028,0.2374688008206317,9.332260468579983,8.876420106402977,-0.06803073944990823,0.5338345864661654,7.311756580307723,m_catboost,trained,土豆,fold3_test2026,60,target_lh_full_60
248,0.9715576472251316,1.2504423041579165,17.450973361330195,16.265875442629472,-0.8817172496819238,0.6532258064516129,5.714131599470169,m_catboost,trained,尖椒,fold1_test2024,60,target_lh_full_60
250,1.0026467298299984,1.3365885791504128,17.03306625101535,18.820326409935976,0.189236304127617,0.66,5.699620925203457,m_catboost,trained,尖椒,fold2_test2025,60,target_lh_full_60
133,0.7799967006860292,1.0771022299966027,12.46726325530601,13.891683361646963,-0.4394474783220823,0.706766917293233,4.745665756072182,m_catboost,trained,尖椒,fold3_test2026,60,target_lh_full_60
248,0.447009354860539,0.6225534424803336,18.96234084100106,19.131131180540965,-0.27672541857394134,0.782258064516129,5.769885744955396,m_catboost,trained,甘蓝,fold1_test2024,60,target_lh_full_60
250,0.6675244429782418,0.722925534764417,35.052418589559345,34.092257747379634,0.40057618563455766,0.58,8.416761300494489,m_catboost,trained,甘蓝,fold2_test2025,60,target_lh_full_60
133,0.4167247857697127,0.4443664788438913,24.364531501182952,24.976570315048857,0.35053490090939116,0.6766917293233082,5.650971270767314,m_catboost,trained,甘蓝,fold3_test2026,60,target_lh_full_60
248,1.0174683826303492,1.3273721439177566,11.978345515073142,11.430385762506027,-0.21818404728822274,0.7580645161290323,3.589917208130092,m_catboost,trained,芸豆,fold1_test2024,60,target_lh_full_60
250,0.9270454642708432,1.0783115086226447,10.444210493517927,10.870509768137955,0.29609819904166124,0.684,3.3263299914035507,m_catboost,trained,芸豆,fold2_test2025,60,target_lh_full_60
133,0.38235523048619713,0.47381015002983184,4.469145453730173,4.589788253104652,0.25447757042972086,0.7744360902255639,1.395605638961096,m_catboost,trained,芸豆,fold3_test2026,60,target_lh_full_60
248,1.2722400143322916,1.6304280837614018,29.18779266667914,27.580771780097308,-1.0675739674413374,0.7741935483870968,11.56296184920433,m_catboost,trained,芹菜,fold1_test2024,60,target_lh_full_60
250,1.0712743348709355,1.2451240664232843,29.534915370817576,31.08615848659968,0.8945550005472788,0.62,9.31049236453807,m_catboost,trained,芹菜,fold2_test2025,60,target_lh_full_60
133,0.2118859110457383,0.25749572812253485,6.119856633177722,6.008370714067842,0.008709088890106046,0.6090225563909775,1.9268033473134933,m_catboost,trained,芹菜,fold3_test2026,60,target_lh_full_60
248,0.7196358407959856,0.9321171634961259,19.924404354095884,17.30996403823153,-0.16539618539381384,0.6612903225806451,4.808897574231391,m_catboost,trained,茄子,fold1_test2024,60,target_lh_full_60
250,0.9665679656930773,1.1127261972376834,25.197905977286116,24.896978959555423,0.16089612600944023,0.488,6.576565331503168,m_catboost,trained,茄子,fold2_test2025,60,target_lh_full_60
133,0.4321072704285904,0.5075004971877682,11.011200761060643,11.206801487042169,0.20221767610748964,0.7443609022556391,3.1314327678463734,m_catboost,trained,茄子,fold3_test2026,60,target_lh_full_60
248,0.7906027196424422,0.9610242965719256,16.046290523729557,14.644084792289796,-0.5320445950351275,0.6612903225806451,6.5043997502441036,m_catboost,trained,西红柿,fold1_test2024,60,target_lh_full_60
250,0.8224074269947863,1.1622126908935295,13.401410572982758,14.708367623776297,-0.33946439532373973,0.656,6.5104497840938835,m_catboost,trained,西红柿,fold2_test2025,60,target_lh_full_60
133,0.3724429977428126,0.49552976741655796,7.627885952800533,7.447192813005461,0.06387081279108822,0.7744360902255639,3.0915825320505235,m_catboost,trained,西红柿,fold3_test2026,60,target_lh_full_60
248,1.2681825787208276,1.5683774188353092,21.81304066852619,19.398836717947177,-1.1331408571113908,0.6411290322580645,6.7823163634539245,m_catboost,trained,青椒,fold1_test2024,60,target_lh_full_60
250,1.1188978638118714,1.314650482281137,19.49088997478688,20.39156487971361,0.6971661382587836,0.688,5.882643182255191,m_catboost,trained,青椒,fold2_test2025,60,target_lh_full_60
133,0.2734640756633856,0.3211746432065886,5.357065581998687,4.923220110377719,0.023034212938862805,0.8120300751879699,1.5635931302410242,m_catboost,trained,青椒,fold3_test2026,60,target_lh_full_60
248,0.5709772814833844,0.7601424043738039,11.027705335077268,10.583155693831653,-0.16992062488881748,0.8104838709677419,3.8058257487028704,m_catboost,trained,韭菜,fold1_test2024,60,target_lh_full_60
250,1.0968897727730524,1.4476460774936102,17.57623047472448,18.995557435305237,-0.4357127225901085,0.916,7.1498379465334105,m_catboost,trained,韭菜,fold2_test2025,60,target_lh_full_60
133,0.6457294435911254,0.7328755415691729,12.756994152322381,12.712838935782123,-0.21996496079248484,0.9774436090225563,4.24976071142106,m_catboost,trained,韭菜,fold3_test2026,60,target_lh_full_60
248,0.8131373246270579,1.1336613602854044,17.988723180901527,17.153446821543874,-0.3970794134540455,0.8145161290322581,4.156035214760518,m_catboost,trained,黄瓜,fold1_test2024,60,target_lh_full_60
250,1.2203918568525733,1.643390618261789,21.505497117866476,22.96156297457084,-0.7223504274807754,0.792,6.221456777240349,m_catboost,trained,黄瓜,fold2_test2025,60,target_lh_full_60
133,0.6413752158121938,0.8500169864569401,12.94531517951613,13.964115310199041,-0.3683449867644244,0.8421052631578947,3.275084897427159,m_catboost,trained,黄瓜,fold3_test2026,60,target_lh_full_60
248,0.19111403977033675,0.22527015859809638,8.859241276991375,9.23437526870739,0.13743264568139524,0.6612903225806451,6.524115643365856,m_elasticnet,trained,土豆,fold1_test2024,60,target_lh_full_60
250,0.142335269876325,0.18122141983059392,7.5220972106197355,7.282964139058219,0.05348229551835261,0.732,5.016400628879077,m_elasticnet,trained,土豆,fold2_test2025,60,target_lh_full_60
133,0.16889131402535318,0.20023883042120777,7.741247379471056,7.723154184008836,0.0012369008937740751,0.3308270676691729,6.361779044788946,m_elasticnet,trained,土豆,fold3_test2026,60,target_lh_full_60
248,2.682708011554541,3.0777113073949587,63.901744887455735,44.91405578405043,-2.6802046992849715,0.592741935483871,15.778113285153767,m_elasticnet,trained,尖椒,fold1_test2024,60,target_lh_full_60
250,1.281656026878352,1.4426323193548114,24.30732674651378,24.057511039009803,1.0934865871198516,0.588,7.285670308771221,m_elasticnet,trained,尖椒,fold2_test2025,60,target_lh_full_60
133,0.7245153229001333,0.8845699593460915,13.533186328243119,12.903564140127566,0.024557039569026818,0.6541353383458647,4.408105258153854,m_elasticnet,trained,尖椒,fold3_test2026,60,target_lh_full_60
248,0.5831845705765101,0.9133747623996205,27.22755268030846,24.9591656211479,-0.45665125491268405,0.6491935483870968,7.527601612492308,m_elasticnet,trained,甘蓝,fold1_test2024,60,target_lh_full_60
250,0.4461142669993316,0.5063521361193044,23.812416402506198,22.784248180437483,0.14662734724840684,0.612,5.625018435768098,m_elasticnet,trained,甘蓝,fold2_test2025,60,target_lh_full_60
133,0.2403661721907971,0.2939367954694292,13.894525396806479,14.406444747445873,0.23031836238071157,0.6466165413533834,3.2594709503675126,m_elasticnet,trained,甘蓝,fold3_test2026,60,target_lh_full_60
248,1.113645929950066,1.5162455492087943,13.142640376024673,12.510858125405425,-0.5692148637846327,0.7540322580645161,3.92925888994846,m_elasticnet,trained,芸豆,fold1_test2024,60,target_lh_full_60
250,1.2434686834055773,1.5151599277771772,13.538951566685602,14.580879784537554,0.6956976083442246,0.664,4.461687516303559,m_elasticnet,trained,芸豆,fold2_test2025,60,target_lh_full_60
133,0.5827224393997102,0.6669166093193968,6.873035665944085,6.99499416753455,0.521453164784043,0.6616541353383458,2.1269506927923643,m_elasticnet,trained,芸豆,fold3_test2026,60,target_lh_full_60
248,1.8998014597910378,2.3763620658553934,50.82531867538601,41.185617414723666,-1.8791571527458502,0.7782258064516129,17.266656883257642,m_elasticnet,trained,芹菜,fold1_test2024,60,target_lh_full_60
250,1.044053002424161,1.1338431200763095,28.931025653743003,30.296251898611832,0.7752621722546743,0.592,9.073910566908445,m_elasticnet,trained,芹菜,fold2_test2025,60,target_lh_full_60
133,0.2975462700700723,0.40628547825908906,8.635334631168174,8.437409954941412,-0.02346549445836287,0.7894736842105263,2.705763428640156,m_elasticnet,trained,芹菜,fold3_test2026,60,target_lh_full_60
248,1.300105630403881,1.7299206596770926,45.07706057076252,31.27245814119136,-0.9812743243147731,0.5846774193548387,8.687831341721958,m_elasticnet,trained,茄子,fold1_test2024,60,target_lh_full_60
250,0.6408862775360531,0.805023927211501,15.48463197918262,16.508029164655348,0.052781630461073745,0.72,4.360614694340176,m_elasticnet,trained,茄子,fold2_test2025,60,target_lh_full_60
133,0.48460918145399184,0.5831997272533049,12.927131016908747,12.568450630247824,0.42552673886851267,0.7142857142857143,3.511908209503323,m_elasticnet,trained,茄子,fold3_test2026,60,target_lh_full_60
248,1.0900724214544362,1.2897269507695264,19.008126291985107,20.191067615774074,0.21814762078933037,0.4838709677419355,8.968179098932094,m_elasticnet,trained,西红柿,fold1_test2024,60,target_lh_full_60
250,0.592407595057465,0.6864685089221747,10.686866018712013,10.594929478035509,0.2059963153057628,0.672,4.6896948796182265,m_elasticnet,trained,西红柿,fold2_test2025,60,target_lh_full_60
133,0.4798440062894978,0.6001581361375594,9.088827460940713,9.594732231938858,0.417891149893923,0.8345864661654135,3.9830990431941373,m_elasticnet,trained,西红柿,fold3_test2026,60,target_lh_full_60
248,0.9339885603574839,1.2337505031293812,16.42180140306877,14.286816332929508,-0.5961897480807665,0.7661290322580645,4.995026743373842,m_elasticnet,trained,青椒,fold1_test2024,60,target_lh_full_60
250,2.8248050005421192,3.091623926614197,43.24524478696644,51.48119082545601,2.8247421020919674,0.624,14.85150737622059,m_elasticnet,trained,青椒,fold2_test2025,60,target_lh_full_60
133,0.5986837077252533,0.6999241198310985,11.961091836606894,10.778204275930426,0.37568763809949995,0.7293233082706767,3.4231104407977133,m_elasticnet,trained,青椒,fold3_test2026,60,target_lh_full_60
248,1.0088465389036305,1.3520987454511884,19.269804877854646,18.69913276525173,-0.4642746427504216,0.7741935483870968,6.724425399683681,m_elasticnet,trained,韭菜,fold1_test2024,60,target_lh_full_60
250,0.8387955612155522,0.9784464528830198,15.683479660729404,14.525971209730429,0.40303739787215787,0.892,5.467506837812025,m_elasticnet,trained,韭菜,fold2_test2025,60,target_lh_full_60
133,0.7689087947089446,0.8757559739097237,15.792149120254246,15.137940139571354,0.6543221793040679,0.8345864661654135,5.060445080911134,m_elasticnet,trained,韭菜,fold3_test2026,60,target_lh_full_60
248,1.2193774902636754,1.4828496119541614,28.27645018250195,25.723240467677293,-0.4947656944912821,0.7217741935483871,6.232373839125452,m_elasticnet,trained,黄瓜,fold1_test2024,60,target_lh_full_60
250,1.13823191250173,1.2994883396375574,21.720922126209615,21.41573101444574,-0.13906929650464042,0.696,5.802612174394894,m_elasticnet,trained,黄瓜,fold2_test2025,60,target_lh_full_60
133,0.7299587641664759,0.8295547920840282,17.26115725968469,15.892769323184785,0.027470709261391967,0.7443609022556391,3.7274233012556124,m_elasticnet,trained,黄瓜,fold3_test2026,60,target_lh_full_60
248,0.18557496587386207,0.2238037872038737,8.722492179549528,8.966734612570274,0.07025813664208058,0.4838709677419355,6.335026664339632,m_extra_trees,trained,土豆,fold1_test2024,60,target_lh_full_60
250,0.15434307529303187,0.20263362311335759,8.33086834202276,7.897375565787887,0.13559912158537257,0.832,5.439598355599692,m_extra_trees,trained,土豆,fold2_test2025,60,target_lh_full_60
133,0.17585208082392595,0.21664456111082275,8.384544188577044,8.04145992717001,-0.047299646565929276,0.5112781954887218,6.623976426639948,m_extra_trees,trained,土豆,fold3_test2026,60,target_lh_full_60
248,1.0245728413390836,1.3350667187592045,19.280206683679165,17.153458949884335,-0.7302324782422227,0.6532258064516129,6.0259358416618625,m_extra_trees,trained,尖椒,fold1_test2024,60,target_lh_full_60
250,1.0005792004787244,1.3348214883794352,16.682681138773738,18.78151754925212,0.11404656111829133,0.692,5.6878678987352105,m_extra_trees,trained,尖椒,fold2_test2025,60,target_lh_full_60
133,0.5517530499722504,0.766252502278973,9.752279703270528,9.826680878644854,-0.052692814703469856,0.6541353383458647,3.3569828600027463,m_extra_trees,trained,尖椒,fold3_test2026,60,target_lh_full_60
248,0.4394058816298187,0.596336876364755,19.0362727387822,18.805717311182406,-0.15297804350637378,0.6491935483870968,5.671742000693556,m_extra_trees,trained,甘蓝,fold1_test2024,60,target_lh_full_60
250,0.7557196658072567,0.8640335331955817,38.64302303036726,38.59662354312378,0.5813328006891179,0.58,9.528807677528711,m_extra_trees,trained,甘蓝,fold2_test2025,60,target_lh_full_60
133,0.3828596957787714,0.4202622674309422,21.91901897957622,22.946852308662688,0.34326565359146244,0.6766917293233082,5.191745764736307,m_extra_trees,trained,甘蓝,fold3_test2026,60,target_lh_full_60
248,1.160071250697992,1.4815285887659346,13.407585106417036,13.03240683822637,-0.17354705452027708,0.75,4.093060596901832,m_extra_trees,trained,芸豆,fold1_test2024,60,target_lh_full_60
250,1.258287217744738,1.4722103905764596,13.844255697717006,14.754641513052166,0.6105448683099359,0.668,4.51485786997091,m_extra_trees,trained,芸豆,fold2_test2025,60,target_lh_full_60
133,0.35346758964991914,0.4372275472858399,4.251584986892326,4.2430213097005876,0.20846528797246405,0.8345864661654135,1.2901650663393287,m_extra_trees,trained,芸豆,fold3_test2026,60,target_lh_full_60
248,1.2461606415214763,1.6263824599349845,28.451129792063455,27.01539950634385,-1.1747717602118422,0.7782258064516129,11.325935195848439,m_extra_trees,trained,芹菜,fold1_test2024,60,target_lh_full_60
250,1.3112397827373397,1.5307772360324763,34.4265207024088,38.049457896345764,1.263417940855797,0.632,11.396042626863998,m_extra_trees,trained,芹菜,fold2_test2025,60,target_lh_full_60
133,0.20591308253327292,0.25406187011403353,5.680870324166017,5.8390014165183715,-0.01831385845747362,0.7894736842105263,1.8724889008552599,m_extra_trees,trained,芹菜,fold3_test2026,60,target_lh_full_60
248,0.8620850813927178,1.1311848323534277,25.51048179975818,20.73640709764812,-0.3052124736143682,0.657258064516129,5.760800979708011,m_extra_trees,trained,茄子,fold1_test2024,60,target_lh_full_60
250,0.9348090836982569,1.0893516935146856,24.00333545242628,24.078929691558965,0.1634208482900073,0.56,6.360476686205813,m_extra_trees,trained,茄子,fold2_test2025,60,target_lh_full_60
133,0.3500753813656187,0.4512250177276746,8.779011774026378,9.079285568543606,0.12103407692478114,0.8120300751879699,2.536956898080652,m_extra_trees,trained,茄子,fold3_test2026,60,target_lh_full_60
248,0.8261631744176505,1.0490127748574243,16.163720565526795,15.302759879084402,-0.2399871729092577,0.49193548387096775,6.796960612244476,m_extra_trees,trained,西红柿,fold1_test2024,60,target_lh_full_60
250,0.7866560512459544,1.0964940656764277,12.818736994903373,14.06897118800832,-0.21467493282563108,0.656,6.227430043652608,m_extra_trees,trained,西红柿,fold2_test2025,60,target_lh_full_60
133,0.4329591559148872,0.5380916456088449,8.787784310637408,8.65724509198799,0.3891570470020218,0.7969924812030075,3.5939163083477124,m_extra_trees,trained,西红柿,fold3_test2026,60,target_lh_full_60
248,1.5713628486587294,1.8999851564892465,27.53990714125822,24.036453297226178,-1.1272851083852973,0.6491935483870968,8.403742600005993,m_extra_trees,trained,青椒,fold1_test2024,60,target_lh_full_60
250,0.9828960222413381,1.3969863403874512,15.51798725555034,17.912973700087978,0.5435663735070336,0.74,5.167608922234862,m_extra_trees,trained,青椒,fold2_test2025,60,target_lh_full_60
133,0.30147197721051183,0.34703469555853106,6.311581865223151,5.427451109684636,0.10860153887878589,0.7894736842105263,1.7237346857463238,m_extra_trees,trained,青椒,fold3_test2026,60,target_lh_full_60
248,0.6472430442039856,0.8267869103063341,12.36933814288135,11.99675386517051,-0.14702527663447126,0.7661290322580645,4.314172075114412,m_extra_trees,trained,韭菜,fold1_test2024,60,target_lh_full_60
250,1.0249091321691088,1.3582686502641081,16.317886936439628,17.749021614877663,-0.34157312562320696,0.932,6.6806477613566715,m_extra_trees,trained,韭菜,fold2_test2025,60,target_lh_full_60
133,0.6982842004369507,0.7982274732733576,13.916411639318016,13.747514008633877,-0.2454056169604687,0.9699248120300752,4.5956410844757185,m_extra_trees,trained,韭菜,fold3_test2026,60,target_lh_full_60
248,0.8903150600200835,1.2136650887445735,19.64492809393651,18.781541043486808,-0.36232486315273926,0.8387096774193549,4.550499195658205,m_extra_trees,trained,黄瓜,fold1_test2024,60,target_lh_full_60
250,1.1300974152920504,1.5206098636470609,20.059516776842248,21.26268118139602,-0.5736962852726324,0.808,5.761143180226804,m_extra_trees,trained,黄瓜,fold2_test2025,60,target_lh_full_60
133,0.4652819350712739,0.5888333476963056,9.580771999354162,10.130186563040382,-0.22872713013251386,0.8571428571428571,2.375891367532699,m_extra_trees,trained,黄瓜,fold3_test2026,60,target_lh_full_60
248,0.3612040907815265,0.47244729094408305,17.98935660569497,17.4528994671305,0.048686642416972126,0.5766129032258065,12.330529258590143,m_linear,trained,土豆,fold1_test2024,60,target_lh_full_60
250,0.2031130846482369,0.24882834417350166,10.34538914497139,10.39282331745279,0.10197587258590986,0.616,7.158426765539583,m_linear,trained,土豆,fold2_test2025,60,target_lh_full_60
133,0.19020907778698806,0.2136772634199131,8.686677831014645,8.697984519952977,0.0204842131042102,0.42105263157894735,7.164774175492776,m_linear,trained,土豆,fold3_test2026,60,target_lh_full_60
248,3.1888157403157056,3.8663571399022727,84.31797009884802,53.38734123457769,-3.1428780310572595,0.5846774193548387,18.754741768198492,m_linear,trained,尖椒,fold1_test2024,60,target_lh_full_60
250,1.3501912670261678,1.5806645534192714,25.648114086541806,25.343961741725344,1.2445726084114535,0.608,7.675264048259671,m_linear,trained,尖椒,fold2_test2025,60,target_lh_full_60
133,0.8900287203269304,1.0651719203946237,16.00947852627899,15.851345466819375,-0.04838034188593195,0.706766917293233,5.415123956628696,m_linear,trained,尖椒,fold3_test2026,60,target_lh_full_60
248,0.5454068786565958,0.796006926062598,24.14376263404611,23.34235386551154,-0.25159656459706575,0.6854838709677419,7.039976546672299,m_linear,trained,甘蓝,fold1_test2024,60,target_lh_full_60
250,0.5353852781344551,0.5997046181672564,28.034785206465664,27.343557360801128,0.13826022013419284,0.592,6.750629339880881,m_linear,trained,甘蓝,fold2_test2025,60,target_lh_full_60
133,0.3910993245767844,0.4616798942081865,23.164254292291638,23.44069782750639,0.24289624039047475,0.48120300751879697,5.303478753052221,m_linear,trained,甘蓝,fold3_test2026,60,target_lh_full_60
248,1.135586098345521,1.587669957864829,13.355651148823735,12.757337124395121,-0.45085463183360674,0.7661290322580645,4.006670030595895,m_linear,trained,芸豆,fold1_test2024,60,target_lh_full_60
250,1.3294280485830938,1.6220867112414379,14.512248089782398,15.588836950435658,0.7479539668641946,0.684,4.770118143982513,m_linear,trained,芸豆,fold2_test2025,60,target_lh_full_60
133,0.6556775936579173,0.7538778591712466,7.780230526562483,7.870747088691058,0.5764666091322302,0.5488721804511278,2.393238732175432,m_linear,trained,芸豆,fold3_test2026,60,target_lh_full_60
248,1.9657577147791099,2.5265469843970294,55.05952768150942,42.61547687190373,-1.9190984918153557,0.8145161290322581,17.86611111481137,m_linear,trained,芹菜,fold1_test2024,60,target_lh_full_60
250,1.252636747568887,1.3574534387176,34.48375831996156,36.348919407050424,0.7803780742936732,0.476,10.886721070551005,m_linear,trained,芹菜,fold2_test2025,60,target_lh_full_60
133,0.3563564826500121,0.46281256671810955,11.088074919115495,10.105069485532566,-0.09758745565915686,0.8345864661654135,3.2405593190133737,m_linear,trained,芹菜,fold3_test2026,60,target_lh_full_60
248,1.6857271778959089,2.2407773244463765,67.77501000062776,40.5481149957345,-1.5016595941322808,0.6290322580645161,11.264710395236872,m_linear,trained,茄子,fold1_test2024,60,target_lh_full_60
250,0.7970497140660627,0.9457132849653159,20.256375217468918,20.530506560491276,0.2868970808916892,0.616,5.423156677091728,m_linear,trained,茄子,fold2_test2025,60,target_lh_full_60
133,0.5451966795988364,0.6421707987038913,14.194371560844935,14.139801335900945,0.4513047222930113,0.6616541353383458,3.9509789912201323,m_linear,trained,茄子,fold3_test2026,60,target_lh_full_60
248,1.2645298493072117,1.4786976739074404,22.031710887956006,23.422487521939136,0.27157018633210467,0.5040322580645161,10.403464890343258,m_linear,trained,西红柿,fold1_test2024,60,target_lh_full_60
250,0.7838971149547278,0.906003276730879,14.308436752845552,14.019628918118782,0.4560924010685207,0.66,6.205589389504845,m_linear,trained,西红柿,fold2_test2025,60,target_lh_full_60
133,0.3502070597177442,0.4307887524391813,7.213663725716839,7.002573585756424,0.03946635506585805,0.8721804511278195,2.9070059981951863,m_linear,trained,西红柿,fold3_test2026,60,target_lh_full_60
248,1.4506840053684689,1.9480305014069195,20.876212799213707,22.190481577081737,0.014823410049179107,0.6854838709677419,7.758344920441745,m_linear,trained,青椒,fold1_test2024,60,target_lh_full_60
250,3.81687027358679,4.053507870028294,54.10378792166578,69.56127126397098,3.81687027358679,0.624,20.067323943200478,m_linear,trained,青椒,fold2_test2025,60,target_lh_full_60
133,0.7308870061767745,0.8381461980638315,14.45640842591387,13.158282668369678,0.39832575307584733,0.7593984962406015,4.179012907154758,m_linear,trained,青椒,fold3_test2026,60,target_lh_full_60
248,1.377015578942422,1.8879310872058233,28.865337441360563,25.523205103570252,-0.9883292765243229,0.7580645161290323,9.17844109854757,m_linear,trained,韭菜,fold1_test2024,60,target_lh_full_60
250,0.873341135092946,1.0253201482943997,16.184701284486447,15.124219501411224,0.38876581566393337,0.888,5.692684664357835,m_linear,trained,韭菜,fold2_test2025,60,target_lh_full_60
133,0.8871270589847351,1.0035519282307295,17.985368756952937,17.465369634884066,0.7009952972690021,0.8270676691729323,5.838478884198203,m_linear,trained,韭菜,fold3_test2026,60,target_lh_full_60
248,1.2270823093445207,1.507744208924972,27.02520819325719,25.885776610552686,-0.18314351767113632,0.7298387096774194,6.271754025538661,m_linear,trained,黄瓜,fold1_test2024,60,target_lh_full_60
250,1.1524915865370782,1.3097760788184025,22.2532023730779,21.68402549832073,-0.0365349911204022,0.684,5.875306813555513,m_linear,trained,黄瓜,fold2_test2025,60,target_lh_full_60
133,0.6484548424641695,0.7566058155854413,14.949699330320692,14.118253980487626,-0.1953377217535974,0.7894736842105263,3.3112359331324392,m_linear,trained,黄瓜,fold3_test2026,60,target_lh_full_60
248,0.3201217436000902,0.4077365733640174,15.198438657013503,15.477791996283557,-0.047536323107062545,0.3629032258064516,10.928089206385268,b_drift_trend90,rowwise,土豆,fold1_test2024,90,target_lh_full_90
250,0.4515658986075163,0.514270105408189,24.71788358044669,23.025015159025173,0.06429865956241099,0.492,15.914786684448286,b_drift_trend90,rowwise,土豆,fold2_test2025,90,target_lh_full_90
112,0.38883904514445206,0.46582459931676057,16.07628500126807,17.832696979601863,0.27042956411966634,0.32142857142857145,14.646745473389926,b_drift_trend90,rowwise,土豆,fold3_test2026,90,target_lh_full_90
248,5.770294513781091,8.638510856030654,61.62089742809002,98.23804733581841,3.932478442349204,0.29435483870967744,33.93748411493434,b_drift_trend90,rowwise,尖椒,fold1_test2024,90,target_lh_full_90
250,1.6269980881571013,2.3419373919959434,30.20737346767845,29.629210804983273,0.06830238737149633,0.596,9.248793291430317,b_drift_trend90,rowwise,尖椒,fold2_test2025,90,target_lh_full_90
112,6.566797014291159,9.208018757114113,64.13599160762232,120.15947750424316,5.679270773131376,0.41964285714285715,39.9537891511453,b_drift_trend90,rowwise,尖椒,fold3_test2026,90,target_lh_full_90
248,2.1202371636574795,2.793998681685885,67.21457890579116,91.95074571689676,1.1786848823164675,0.22983870967741934,27.36749478168897,b_drift_trend90,rowwise,甘蓝,fold1_test2024,90,target_lh_full_90
250,1.2349827550247607,1.8921071450389033,49.40912525651927,61.948780871993826,0.5760413265685178,0.54,15.571796911127175,b_drift_trend90,rowwise,甘蓝,fold2_test2025,90,target_lh_full_90
112,1.2316868932338252,1.4846742802922852,67.84012776592043,77.33680077952043,0.42536960661686346,0.375,16.70221567308286,b_drift_trend90,rowwise,甘蓝,fold3_test2026,90,target_lh_full_90
248,4.412848846878456,5.318657651918156,46.48068503781449,49.635628704685566,1.2895912127782734,0.20967741935483872,15.569783083904813,b_drift_trend90,rowwise,芸豆,fold1_test2024,90,target_lh_full_90
250,2.2365418548738343,2.728616557873933,24.93713126578004,26.12795707735897,0.223451048385021,0.36,8.02493139292537,b_drift_trend90,rowwise,芸豆,fold2_test2025,90,target_lh_full_90
112,2.398915382149859,2.915091078512075,25.19031474262715,28.913056683403216,1.4235171503551065,0.5178571428571429,8.756097910473635,b_drift_trend90,rowwise,芸豆,fold3_test2026,90,target_lh_full_90
248,4.037230753152603,5.178140438918173,64.57404640399857,89.15237258830525,2.3260848789452804,0.24193548387096775,36.69303327142894,b_drift_trend90,rowwise,芹菜,fold1_test2024,90,target_lh_full_90
250,1.0325304391202148,1.5082699736355678,28.354481007290143,29.605289469123097,0.15564111063344796,0.576,8.97376746241204,b_drift_trend90,rowwise,芹菜,fold2_test2025,90,target_lh_full_90
112,1.131355017562216,1.3272546531006677,29.652161520301334,32.406426270401504,0.20324812243754448,0.42857142857142855,10.288077315193622,b_drift_trend90,rowwise,芹菜,fold3_test2026,90,target_lh_full_90
248,3.912621927437796,6.203484986408884,58.04457911307558,95.88303238849649,2.8406323403146287,0.3790322580645161,26.145721251082424,b_drift_trend90,rowwise,茄子,fold1_test2024,90,target_lh_full_90
250,2.7925536082809255,5.589959358235084,44.165943088398265,70.27671732860588,1.4174079895408525,0.596,19.00064133970703,b_drift_trend90,rowwise,茄子,fold2_test2025,90,target_lh_full_90
112,3.804921262960776,5.989773553594995,52.50200667262137,100.27653983775618,3.033833342941606,0.5178571428571429,27.57383626082686,b_drift_trend90,rowwise,茄子,fold3_test2026,90,target_lh_full_90
248,3.32007377333497,4.186651128898679,47.50194660398685,62.04817230702414,1.9307581592973173,0.2540322580645161,27.314713807003557,b_drift_trend90,rowwise,西红柿,fold1_test2024,90,target_lh_full_90
250,1.6845791449851273,2.4065191784603543,27.695546385112152,29.57387573973975,0.0962332534723052,0.516,13.335686875827557,b_drift_trend90,rowwise,西红柿,fold2_test2025,90,target_lh_full_90
112,3.6155763745812384,4.940069755482744,49.39014546752104,73.93911396930777,2.5151493206717004,0.5,30.01225108457722,b_drift_trend90,rowwise,西红柿,fold3_test2026,90,target_lh_full_90
248,8.08622504360895,13.607836695953267,68.33258234532268,127.64629367578468,5.881589513508679,0.25806451612903225,43.24561569609204,b_drift_trend90,rowwise,青椒,fold1_test2024,90,target_lh_full_90
250,1.429786811077597,1.8263008503137772,27.881891282359767,25.398382378055846,-0.07711222212228472,0.592,7.517152287349624,b_drift_trend90,rowwise,青椒,fold2_test2025,90,target_lh_full_90
112,6.241329540441663,8.518398346157937,65.66727303952104,115.6820472327809,5.327631046646579,0.41964285714285715,35.68622302337602,b_drift_trend90,rowwise,青椒,fold3_test2026,90,target_lh_full_90
248,3.3103791329095564,4.108979430092757,53.4982111207207,61.43819245897839,1.6329729722689996,0.3870967741935484,22.065196901117854,b_drift_trend90,rowwise,韭菜,fold1_test2024,90,target_lh_full_90
250,3.3588669193138267,5.329333210562315,43.05437789029743,57.475849204561236,1.503629483723445,0.416,21.894045102045613,b_drift_trend90,rowwise,韭菜,fold2_test2025,90,target_lh_full_90
112,3.4460012336287273,4.575963653140404,60.24552908944296,71.01895168864574,1.3309368686122611,0.35714285714285715,22.67928278558853,b_drift_trend90,rowwise,韭菜,fold3_test2026,90,target_lh_full_90
248,3.1339228406912647,3.7861617427898753,58.83741140605353,66.8102038885761,1.0783324540207833,0.3225806451612903,16.01782785242202,b_drift_trend90,rowwise,黄瓜,fold1_test2024,90,target_lh_full_90
250,3.3913297102459117,4.814710876676256,47.918561766094484,62.54435974174931,1.9096647330655734,0.396,17.28871844825395,b_drift_trend90,rowwise,黄瓜,fold2_test2025,90,target_lh_full_90
112,2.8070476437125405,3.219242922865301,62.79478051288807,65.05487993432274,0.9383604306184312,0.4107142857142857,14.333761451383245,b_drift_trend90,rowwise,黄瓜,fold3_test2026,90,target_lh_full_90
248,0.18432655867852804,0.22680941872682117,8.701924049805992,8.91213481012731,0.006493135791436729,0.0,6.292409424276282,b_last_value,rowwise,土豆,fold1_test2024,90,target_lh_full_90
250,0.2321310141312576,0.26860759801030837,12.271167183044206,11.836190765808038,-0.030796965512158863,0.0,8.181121701474124,b_last_value,rowwise,土豆,fold2_test2025,90,target_lh_full_90
112,0.09577018906870476,0.11033932155537321,4.3620968348520455,4.392153469842349,0.019159189477611877,0.0,3.6074607237723355,b_last_value,rowwise,土豆,fold3_test2026,90,target_lh_full_90
248,1.3254858966302352,1.6110873182972831,22.202852065205793,22.566117889673578,0.17072825328608163,0.0,7.795729742047731,b_last_value,rowwise,尖椒,fold1_test2024,90,target_lh_full_90
250,1.2580656770921317,1.6008558664299177,22.57870077783653,22.910594317476235,-0.5138361674101027,0.0,7.151569186936208,b_last_value,rowwise,尖椒,fold2_test2025,90,target_lh_full_90
112,1.864246175269368,2.3369413470780893,27.10827599886983,34.11204059942015,1.8606464020267377,0.0,11.34247007337738,b_last_value,rowwise,尖椒,fold3_test2026,90,target_lh_full_90
248,0.6821707576755592,0.8404743668129296,29.683044561994333,29.584478071464194,0.045853452010513385,0.0,8.805290733939172,b_last_value,rowwise,甘蓝,fold1_test2024,90,target_lh_full_90
250,0.5177959461783311,0.6036777866791084,28.360163132595297,25.973502444222408,-0.14435457466811782,0.0,6.528846886718067,b_last_value,rowwise,甘蓝,fold2_test2025,90,target_lh_full_90
112,0.5221205732744237,0.6696744474009508,27.09390372527465,32.7836035116008,0.35290855513383423,0.008928571428571428,7.080184477149879,b_last_value,rowwise,甘蓝,fold3_test2026,90,target_lh_full_90
248,1.9253397079978127,2.329357594397822,22.04674786367399,21.656179532223923,-0.13637355184328392,0.0,6.7931448949491395,b_last_value,rowwise,芸豆,fold1_test2024,90,target_lh_full_90
250,1.089130268684858,1.5221577539401592,12.740902315843613,12.72354856665792,-0.09867686249766655,0.0,3.907906156599695,b_last_value,rowwise,芸豆,fold2_test2025,90,target_lh_full_90
112,1.0174703397375948,1.26492633647204,11.700821008082782,12.263116000427924,0.8383603624133318,0.0,3.7137908164818745,b_last_value,rowwise,芸豆,fold3_test2026,90,target_lh_full_90
248,1.2785395202465446,1.5398398183226503,27.71903748914405,28.23342004637318,0.09710314606988651,0.0,11.62021594099107,b_last_value,rowwise,芹菜,fold1_test2024,90,target_lh_full_90
250,0.6095974427587066,0.7451498674741631,17.833953993484148,17.478718368715814,-0.11101527253869577,0.0,5.298038188257969,b_last_value,rowwise,芹菜,fold2_test2025,90,target_lh_full_90
112,0.43412426398846055,0.6518966139803639,10.912160121058724,12.435014416118689,0.35457025112648516,0.0,3.947747544301844,b_last_value,rowwise,芹菜,fold3_test2026,90,target_lh_full_90
248,0.7559239736281227,0.9727139803884196,19.47396516841858,18.524734612958223,0.18284802229131197,0.0,5.051389545944238,b_last_value,rowwise,茄子,fold1_test2024,90,target_lh_full_90
250,1.0881656973300515,1.3711234091520303,28.480999823588355,27.384510324593318,-0.3203740271556286,0.0,7.403920938824303,b_last_value,rowwise,茄子,fold2_test2025,90,target_lh_full_90
112,1.0892169672262746,1.3176793461315264,23.495218792481193,28.70569482455843,1.0823575567954355,0.0,7.893432802191818,b_last_value,rowwise,茄子,fold3_test2026,90,target_lh_full_90
248,1.041873912251091,1.1886781255119248,18.90330532631288,19.47136613311234,0.19129650096918643,0.0,8.571643185969181,b_last_value,rowwise,西红柿,fold1_test2024,90,target_lh_full_90
250,0.942726235690895,1.1697935630299459,16.647036444940714,16.550168410853317,-0.43761306777779596,0.0,7.462933354141921,b_last_value,rowwise,西红柿,fold2_test2025,90,target_lh_full_90
112,1.341590394862872,1.63109536862571,22.203990439701013,27.435737716198442,1.3338126170850946,0.0,11.136301273111695,b_last_value,rowwise,西红柿,fold3_test2026,90,target_lh_full_90
248,1.622183926852864,2.0932723900376637,23.91568462441656,25.607222753076275,0.4445668317912103,0.0,8.675536769101205,b_last_value,rowwise,青椒,fold1_test2024,90,target_lh_full_90
250,1.2321007555101287,1.5478938171871468,21.219510347214957,21.886735752690754,-0.4281604493765329,0.0,6.477811195885695,b_last_value,rowwise,青椒,fold2_test2025,90,target_lh_full_90
112,1.836822633009724,2.359002025699906,27.112261428955232,34.0452144392035,1.8331481413551385,0.008928571428571428,10.502451715012507,b_last_value,rowwise,青椒,fold3_test2026,90,target_lh_full_90
248,1.1193396994836033,1.395689195207988,22.274825783901875,20.774118348010848,0.050644935458684384,0.0,7.460913048541315,b_last_value,rowwise,韭菜,fold1_test2024,90,target_lh_full_90
250,1.4846661493020172,1.8955759310675917,25.55085433376535,25.405129100450235,-0.24164223074381375,0.0,9.677474105148285,b_last_value,rowwise,韭菜,fold2_test2025,90,target_lh_full_90
112,1.6517221242395297,1.8384036618685298,31.4701233997491,34.04049093183603,0.8565223175408939,0.0,10.870533873661758,b_last_value,rowwise,韭菜,fold3_test2026,90,target_lh_full_90
248,1.3082759727296984,1.6445684083234406,28.111119778149597,27.89034348443524,0.06276365918616969,0.0,6.686743860618458,b_last_value,rowwise,黄瓜,fold1_test2024,90,target_lh_full_90
250,1.2973565119684836,1.7295949809087374,25.824582866946567,23.926406256728765,-0.2906790420255076,0.0,6.6138162251424095,b_last_value,rowwise,黄瓜,fold2_test2025,90,target_lh_full_90
112,1.593886553655244,1.9739279064345245,32.5829949102174,36.93920144505815,0.9768939697364305,0.0,8.138939035051607,b_last_value,rowwise,黄瓜,fold3_test2026,90,target_lh_full_90
248,0.30183129781339074,0.3493722190196409,13.60974890088768,14.593454330799984,0.30183129781339074,0.7096774193548387,10.303702930920945,b_same_season_mean,rowwise,土豆,fold1_test2024,90,target_lh_full_90
250,0.33247864998415094,0.4431459755843507,16.104605666225254,16.952843382425154,0.3232817689022835,0.688,11.71772892494286,b_same_season_mean,rowwise,土豆,fold2_test2025,90,target_lh_full_90
112,0.24553157457255856,0.27891381951992994,10.561029000020795,11.260417962013983,0.23510322537082823,0.5357142857142857,9.248655769918722,b_same_season_mean,rowwise,土豆,fold3_test2026,90,target_lh_full_90
248,1.6908652077031638,1.8854959527030979,31.02442345677424,28.78662361446557,-0.6388765022758058,0.5241935483870968,9.944676305494076,b_same_season_mean,rowwise,尖椒,fold1_test2024,90,target_lh_full_90
250,2.045962751033665,2.5605213772150166,32.966542609531885,37.25896305027897,-0.16157057855053494,0.392,11.630429503276293,b_same_season_mean,rowwise,尖椒,fold2_test2025,90,target_lh_full_90
112,1.004318764825245,1.2145043961787048,17.340337672870383,18.3770592827034,0.7965203284695835,0.8125,6.110488885683623,b_same_season_mean,rowwise,尖椒,fold3_test2026,90,target_lh_full_90
248,0.6390830096543659,0.7936788911841328,28.586516076679487,27.715842510442346,-0.1575431693277388,0.6491935483870968,8.24912478263089,b_same_season_mean,rowwise,甘蓝,fold1_test2024,90,target_lh_full_90
250,0.7330003419673751,0.8411952053606818,35.889435410812496,36.7685114459133,0.15436963983647592,0.632,9.242341574780845,b_same_season_mean,rowwise,甘蓝,fold2_test2025,90,target_lh_full_90
112,0.6332533324011264,0.7348596745949787,33.84621688269234,39.76155553810548,0.574390976792888,0.5714285714285714,8.587193540472418,b_same_season_mean,rowwise,甘蓝,fold3_test2026,90,target_lh_full_90
248,1.560659943535881,1.931154060898289,17.45704023652228,17.554269402728117,0.014800968878522246,0.6975806451612904,5.5064511909990825,b_same_season_mean,rowwise,芸豆,fold1_test2024,90,target_lh_full_90
250,1.4586387414045108,1.897837333736043,15.64874963208901,17.04025808582056,0.301203004495301,0.656,5.233738774584447,b_same_season_mean,rowwise,芸豆,fold2_test2025,90,target_lh_full_90
112,1.6416724594296603,2.0384898640445015,17.709777821759744,19.786345624468787,1.5223417701158712,0.4107142857142857,5.992143323876601,b_same_season_mean,rowwise,芸豆,fold3_test2026,90,target_lh_full_90
248,1.0081234324572743,1.363048947901708,23.383010487404974,22.261941751842905,-0.9951590407189844,0.8185483870967742,9.162495014677129,b_same_season_mean,rowwise,芹菜,fold1_test2024,90,target_lh_full_90
250,0.7400866180628799,0.8790235162702297,21.091956645583885,21.220176887613214,0.17112531557773086,0.676,6.4321253504140055,b_same_season_mean,rowwise,芹菜,fold2_test2025,90,target_lh_full_90
112,0.2510411698935707,0.31525891776510734,7.0202264694111856,7.1907995604429775,0.09742321951591072,0.7410714285714286,2.282865170587076,b_same_season_mean,rowwise,芹菜,fold3_test2026,90,target_lh_full_90
248,0.9329832687654894,1.0702645977851264,24.20730433786296,22.863764155088806,-0.006038210075387146,0.532258064516129,6.234571325689125,b_same_season_mean,rowwise,茄子,fold1_test2024,90,target_lh_full_90
250,1.63590077300851,1.840452521070643,39.13213266087799,41.16867653371172,0.07425069822757087,0.34,11.130731300237684,b_same_season_mean,rowwise,茄子,fold2_test2025,90,target_lh_full_90
112,0.7983036382796429,0.9557475470777362,19.85610202053529,21.03883919119078,0.7425636968567914,0.625,5.785216641044628,b_same_season_mean,rowwise,茄子,fold3_test2026,90,target_lh_full_90
248,1.095549288779055,1.4072085198406925,22.220844871093384,20.47449414737514,-0.4827151941597663,0.5282258064516129,9.013238056577068,b_same_season_mean,rowwise,西红柿,fold1_test2024,90,target_lh_full_90
250,1.5480235990553637,1.7756863049175733,27.555733630811112,27.176554866498854,-0.7073224539301238,0.3,12.254667912071424,b_same_season_mean,rowwise,西红柿,fold2_test2025,90,target_lh_full_90
112,0.9476849398196093,1.067351030321078,18.33506653648082,19.380308286375058,0.5995973814651105,0.5357142857142857,7.8665627319884175,b_same_season_mean,rowwise,西红柿,fold3_test2026,90,target_lh_full_90
248,1.5418791619820462,1.8306057981052468,26.825569568498203,24.33956008663009,-0.4855348660549606,0.6774193548387096,8.246062078322815,b_same_season_mean,rowwise,青椒,fold1_test2024,90,target_lh_full_90
250,2.0841007944583825,2.6238625230282033,31.51531873695106,37.02145556383315,0.29501643726600785,0.416,10.95723007986241,b_same_season_mean,rowwise,青椒,fold2_test2025,90,target_lh_full_90
112,1.5930716158822196,1.9184437296518366,26.137741428651616,29.527328227031635,1.593051550399397,0.5357142857142857,9.108749763685752,b_same_season_mean,rowwise,青椒,fold3_test2026,90,target_lh_full_90
248,1.3732961885120853,1.5102304096815908,27.066324223561033,25.48736327335112,-0.17750412209747274,0.43548387096774194,9.15364965354913,b_same_season_mean,rowwise,韭菜,fold1_test2024,90,target_lh_full_90
250,1.4154374563439152,1.7457932999021866,24.366754123505583,24.220509997439866,-0.5510782286948609,0.632,9.226221893497698,b_same_season_mean,rowwise,韭菜,fold2_test2025,90,target_lh_full_90
112,1.0156978960488774,1.1447901923874322,22.317007816877968,20.932609978724706,0.1976040291134746,0.8571428571428571,6.684646419863012,b_same_season_mean,rowwise,韭菜,fold3_test2026,90,target_lh_full_90
248,1.146544050405264,1.389263825512164,26.441073950294513,24.442478538467572,-0.14933417354400746,0.7258064516129032,5.860114035404682,b_same_season_mean,rowwise,黄瓜,fold1_test2024,90,target_lh_full_90
250,1.8377854670219627,2.126072844344788,35.07005247683811,33.893229263528504,-0.7854556336516789,0.596,9.368878352241278,b_same_season_mean,rowwise,黄瓜,fold2_test2025,90,target_lh_full_90
112,1.0829912898230825,1.2344611724330605,26.434519885246583,25.098921454777013,0.3223998281584294,0.7232142857142857,5.530130148314507,b_same_season_mean,rowwise,黄瓜,fold3_test2026,90,target_lh_full_90
248,0.25609369562799816,0.30980400815262554,11.795130264688954,12.382054739278853,0.24633184546885606,0.7580645161290323,8.742345082662645,b_same_season_median,rowwise,土豆,fold1_test2024,90,target_lh_full_90
250,0.27733404865844397,0.37820642948008315,13.75652996549379,14.141060461309621,0.2527230344878411,0.684,9.774237244982412,b_same_season_median,rowwise,土豆,fold2_test2025,90,target_lh_full_90
112,0.1638225384237475,0.1927991608827864,7.186696465912963,7.5131284335259725,0.14540918947761186,0.6160714285714286,6.170848974813934,b_same_season_median,rowwise,土豆,fold3_test2026,90,target_lh_full_90
248,1.75000098915397,2.0705910852473375,34.52343824958302,29.79339782391544,-1.000360456391338,0.5604838709677419,10.292478248500256,b_same_season_median,rowwise,尖椒,fold1_test2024,90,target_lh_full_90
250,1.9797949615053507,2.373523397072221,33.76590200036944,36.05398352467004,-0.4515561674101032,0.264,11.25429371531638,b_same_season_median,rowwise,尖椒,fold2_test2025,90,target_lh_full_90
112,0.9320388979108929,1.127393952425906,15.9180367322501,17.05447979325008,0.4869856877410233,0.8660714285714286,5.670722808510216,b_same_season_median,rowwise,尖椒,fold3_test2026,90,target_lh_full_90
248,0.5960148898206419,0.8018129609156459,27.37668466374962,25.84805818743566,-0.3805578383120672,0.8387096774193549,7.693212187092116,b_same_season_median,rowwise,甘蓝,fold1_test2024,90,target_lh_full_90
250,0.8013089076902263,0.9075544766528545,39.81549830744077,40.19498226295743,-0.08571457466811773,0.52,10.103638713059748,b_same_season_median,rowwise,甘蓝,fold2_test2025,90,target_lh_full_90
112,0.5085473557360423,0.6134072806120784,28.309117524148185,31.93135021048231,0.37924784084811997,0.5625,6.896125681079959,b_same_season_median,rowwise,甘蓝,fold3_test2026,90,target_lh_full_90
248,1.5858633573526348,1.8582537484509625,18.29288573296187,17.837756858044845,-0.2791154873271548,0.6814516129032258,5.5953759875912725,b_same_season_median,rowwise,芸豆,fold1_test2024,90,target_lh_full_90
250,1.536853793842413,1.9226716741708556,16.864890256819365,17.953989938612633,0.01424313750233341,0.652,5.514382049084504,b_same_season_median,rowwise,芸豆,fold2_test2025,90,target_lh_full_90
112,1.4763280959548355,1.8650387694940023,15.90107155548067,17.79352378965086,1.3903246481276175,0.44642857142857145,5.3886324846434785,b_same_season_median,rowwise,芸豆,fold3_test2026,90,target_lh_full_90
248,1.372886682660432,1.59566571648348,34.40357982664522,30.316846506355443,-1.3668081442526943,0.7903225806451613,12.477705587034798,b_same_season_median,rowwise,芹菜,fold1_test2024,90,target_lh_full_90
250,0.7188501482974673,0.8207649481607542,20.546283762516076,20.61127296489397,-0.10781527253869581,0.548,6.24755825759325,b_same_season_median,rowwise,芹菜,fold2_test2025,90,target_lh_full_90
112,0.2943675177768438,0.35859087948080753,9.050580535295367,8.431835377184596,-0.184447606016372,0.7767857142857143,2.676857162392227,b_same_season_median,rowwise,芹菜,fold3_test2026,90,target_lh_full_90
248,0.8998746956360207,0.9785185495457926,23.535248972817083,22.05240275892431,-0.07723262286997823,0.5080645161290323,6.013326457128303,b_same_season_median,rowwise,茄子,fold1_test2024,90,target_lh_full_90
250,1.6025338936729228,1.8220264672326567,38.33467149242303,40.328973854324914,0.027865972844371527,0.352,10.90370177965811,b_same_season_median,rowwise,茄子,fold2_test2025,90,target_lh_full_90
112,0.6767245552341555,0.8200703529874895,17.200761006698237,17.834691477773468,0.6348575567954357,0.6696428571428571,4.904146706359807,b_same_season_median,rowwise,茄子,fold3_test2026,90,target_lh_full_90
248,1.1834118625813808,1.4443284375102623,24.259870728235953,22.116539623114424,-0.6117276925792007,0.47580645161290325,9.736095806616323,b_same_season_median,rowwise,西红柿,fold1_test2024,90,target_lh_full_90
250,1.493486740228837,1.7681373079650857,26.702687201898197,26.219125059194866,-0.8038130677777959,0.32,11.822936061023135,b_same_season_median,rowwise,西红柿,fold2_test2025,90,target_lh_full_90
112,0.8539326537354869,0.957772897288909,16.817404625924485,17.46305907145288,0.36434833137080863,0.5625,7.088341818307487,b_same_season_median,rowwise,西红柿,fold3_test2026,90,target_lh_full_90
248,1.5903701144706965,1.8986019659123103,29.239154910745945,25.10502114275997,-0.735554135950725,0.6451612903225806,8.505394595628779,b_same_season_median,rowwise,青椒,fold1_test2024,90,target_lh_full_90
250,2.139263031098145,2.5869704594658027,33.49163167053505,38.00134401164277,0.0887995506234671,0.324,11.247247395814142,b_same_season_median,rowwise,青椒,fold2_test2025,90,target_lh_full_90
112,1.426183855640853,1.7322073575562293,23.696965500295875,26.434090217771093,1.426183855640853,0.5803571428571429,8.15453098814203,b_same_season_median,rowwise,青椒,fold3_test2026,90,target_lh_full_90
248,1.3715764832300423,1.5341680349821483,26.910875313255172,25.455446813076065,-0.3341937742187348,0.4717741935483871,9.1421870282314,b_same_season_median,rowwise,韭菜,fold1_test2024,90,target_lh_full_90
250,1.4329283935363841,1.7858812276013272,24.5587414950509,24.51980928278523,-0.6754822307438137,0.636,9.340232771858783,b_same_season_median,rowwise,韭菜,fold2_test2025,90,target_lh_full_90
112,0.9217455434432765,1.083117291056426,20.23108424341636,18.99633743023651,0.09937946039803669,0.8660714285714286,6.066314669914684,b_same_season_median,rowwise,韭菜,fold3_test2026,90,target_lh_full_90
248,1.1514964783743797,1.39623268823522,27.512735013169493,24.548056352338424,-0.415179889200927,0.7298387096774194,5.885426445024607,b_same_season_median,rowwise,黄瓜,fold1_test2024,90,target_lh_full_90
250,1.9613289389910094,2.360762130342005,38.24859175589032,36.17167105915577,-1.0899590420255079,0.528,9.998692757057059,b_same_season_median,rowwise,黄瓜,fold2_test2025,90,target_lh_full_90
112,1.093008333514729,1.2115515546519355,26.47276179133666,25.331071976381647,0.12617968402214474,0.7232142857142857,5.581280656944366,b_same_season_median,rowwise,黄瓜,fold3_test2026,90,target_lh_full_90
248,0.6059612018428517,0.7217294769954841,24.45255189258873,29.29804559498536,0.6001221680495012,0.6451612903225806,20.68587405177824,b_seasonal_naive_365,rowwise,土豆,fold1_test2024,90,target_lh_full_90
250,0.3060169087626344,0.3877420630353489,15.361913896001433,15.603578536168053,0.11000303448784116,0.532,10.78512314550259,b_seasonal_naive_365,rowwise,土豆,fold2_test2025,90,target_lh_full_90
112,0.13462571598818804,0.1709360639608363,6.200355319184519,6.174121732007222,0.008444903763326145,0.7410714285714286,5.071066347052017,b_seasonal_naive_365,rowwise,土豆,fold3_test2026,90,target_lh_full_90
248,2.308421711621741,2.7101592042965597,49.33356298239618,39.30039287175469,-1.6808040047784345,0.5080645161290323,13.576781043260361,b_seasonal_naive_365,rowwise,尖椒,fold1_test2024,90,target_lh_full_90
250,2.072767298976916,2.6472361458037597,32.86861006168907,37.74709982642137,0.627683832589897,0.46,11.782801976853179,b_seasonal_naive_365,rowwise,尖椒,fold2_test2025,90,target_lh_full_90
112,0.7758687059378299,1.1396263132781541,13.178400566532474,14.196872252102994,-0.3334607408304052,0.9821428571428571,4.720550158402929,b_seasonal_naive_365,rowwise,尖椒,fold3_test2026,90,target_lh_full_90
248,0.720789956494971,0.8886213616241196,35.8785681828274,31.259320957581853,-0.6352755802475512,0.8266129032258065,9.30377776184319,b_seasonal_naive_365,rowwise,甘蓝,fold1_test2024,90,target_lh_full_90
250,0.8664438503173739,0.9980205037377644,40.317406374096535,43.46225888807772,0.3832454253318821,0.652,10.924919896364633,b_seasonal_naive_365,rowwise,甘蓝,fold2_test2025,90,target_lh_full_90
112,0.36838600021022544,0.44585763767889086,23.65402362260296,23.130711924214683,-0.09298430200902288,0.625,4.995476090762838,b_seasonal_naive_365,rowwise,甘蓝,fold3_test2026,90,target_lh_full_90
248,1.867910854200056,2.091750096178723,21.319049529511656,21.01022102266439,-0.09306710023038063,0.6935483870967742,6.590519600629154,b_seasonal_naive_365,rowwise,芸豆,fold1_test2024,90,target_lh_full_90
250,1.9019350556254622,2.245080969367487,21.07600826449423,22.21897944320371,0.25876313750233343,0.632,6.824329400289727,b_seasonal_naive_365,rowwise,芸豆,fold2_test2025,90,target_lh_full_90
112,1.1254225624034986,1.581475068508421,12.187122590929182,13.564215970966051,0.5524675052704745,0.7053571428571429,4.107818983690007,b_seasonal_naive_365,rowwise,芸豆,fold3_test2026,90,target_lh_full_90
248,1.705844304502434,1.9607297326242275,45.40302401401923,37.66940170409699,-1.6958000797365653,0.7741935483870968,15.50384549411943,b_seasonal_naive_365,rowwise,芹菜,fold1_test2024,90,target_lh_full_90
250,1.4800836919839353,1.8753002227131106,35.021627329893505,42.437786315577256,1.1947447274613041,0.652,12.8634724687528,b_seasonal_naive_365,rowwise,芹菜,fold2_test2025,90,target_lh_full_90
112,0.6893037466109816,0.7707893774442065,23.25739371475055,19.744351415520093,-0.5966797488735148,0.7589285714285714,6.268244829166921,b_seasonal_naive_365,rowwise,芹菜,fold3_test2026,90,target_lh_full_90
248,1.7129827541876526,1.9393381778989502,52.18032443498631,41.97849522564734,-0.7174745583538493,0.3951612903225806,11.446843173071658,b_seasonal_naive_365,rowwise,茄子,fold1_test2024,90,target_lh_full_90
250,1.6461743647430713,1.9198899618011103,37.722517754811335,41.42721921670204,0.3307459728443714,0.432,11.200633210532306,b_seasonal_naive_365,rowwise,茄子,fold2_test2025,90,target_lh_full_90
112,0.4519685520193221,0.6183068816258539,11.635424330941033,11.911374606661797,-0.29674958606170726,0.9553571428571429,3.275365240731991,b_seasonal_naive_365,rowwise,茄子,fold3_test2026,90,target_lh_full_90
248,1.5158619982961272,1.8470054420237942,31.57127346355027,28.329631473661372,-0.8551551119340393,0.5524193548387096,12.471209822780569,b_seasonal_naive_365,rowwise,西红柿,fold1_test2024,90,target_lh_full_90
250,1.263248827643743,1.5908167538818148,21.22443784400056,22.177149686509868,-0.11497306777779591,0.576,10.000296431226413,b_seasonal_naive_365,rowwise,西红柿,fold2_test2025,90,target_lh_full_90
112,0.9269820586734517,1.210983146162053,18.20972826903657,18.956931062394812,0.03809833137080861,0.7232142857142857,7.694711828353556,b_seasonal_naive_365,rowwise,西红柿,fold3_test2026,90,target_lh_full_90
248,2.310648937146463,2.702329930493799,45.67059856995542,36.47508834122188,-1.405352523047499,0.5645161290322581,12.35748886600637,b_seasonal_naive_365,rowwise,青椒,fold1_test2024,90,target_lh_full_90
250,2.6381863245600745,3.468548033311319,37.29287263554754,46.86409507808643,1.258399550623467,0.416,13.870353405466519,b_seasonal_naive_365,rowwise,青椒,fold2_test2025,90,target_lh_full_90
112,0.8345100447929085,1.0780646149092685,14.833472686405184,15.467510534803761,0.08439814135513855,0.8482142857142857,4.771501229146739,b_seasonal_naive_365,rowwise,青椒,fold3_test2026,90,target_lh_full_90
248,1.7383937927266393,2.016928548602047,32.43517256423699,32.26330523451576,-0.27217764518647675,0.4637096774193548,11.587192822376439,b_seasonal_naive_365,rowwise,韭菜,fold1_test2024,90,target_lh_full_90
250,1.4323357650725692,1.7294714666174673,23.98908559150281,24.50966841533237,-0.34716223074381375,0.664,9.336369851824378,b_seasonal_naive_365,rowwise,韭菜,fold2_test2025,90,target_lh_full_90
112,1.1366671646565423,1.2758581965742724,24.068218073331003,23.425676597279544,0.08598660325517955,0.7410714285714286,7.48078549965959,b_seasonal_naive_365,rowwise,韭菜,fold3_test2026,90,target_lh_full_90
248,1.586639583731533,1.9364048164215948,36.3425550716602,33.824608797135376,-0.3952202117815722,0.6935483870967742,8.109491205738946,b_seasonal_naive_365,rowwise,黄瓜,fold1_test2024,90,target_lh_full_90
250,2.0908195692807285,2.566354674088765,38.59912710123518,38.55979290397598,-0.6277190420255075,0.512,10.658825283246488,b_seasonal_naive_365,rowwise,黄瓜,fold2_test2025,90,target_lh_full_90
112,1.1904704346957613,1.4536522251186914,27.085324576714324,27.589810015502785,-0.06203460169214097,0.7232142857142857,6.078956039123436,b_seasonal_naive_365,rowwise,黄瓜,fold3_test2026,90,target_lh_full_90
248,0.20399164280786,0.24395479385770952,9.703595937598939,9.862935834513367,0.20356515044236384,0.8145161290322581,6.963722129247911,m_catboost,trained,土豆,fold1_test2024,90,target_lh_full_90
250,0.16565781888486816,0.21112315975645052,8.718144836027887,8.446771119779257,0.1262537707300729,0.864,5.838370121157246,m_catboost,trained,土豆,fold2_test2025,90,target_lh_full_90
112,0.14873370291596108,0.2107883247557106,7.2388999185470375,6.821133545807194,-0.07865239103936286,0.6607142857142857,5.6024844138674,m_catboost,trained,土豆,fold3_test2026,90,target_lh_full_90
248,1.1481359914317015,1.529513524204624,22.34797939984812,19.54677315080685,-1.141457979613113,0.6854838709677419,6.752661736405085,m_catboost,trained,尖椒,fold1_test2024,90,target_lh_full_90
250,1.276732885691127,1.5540053133223444,22.481760201195115,23.25054226378681,0.1198458323010774,0.668,7.257684341537083,m_catboost,trained,尖椒,fold2_test2025,90,target_lh_full_90
112,0.6469382012123995,0.7947087200963875,11.397003109105611,11.83769744459018,-0.33248879600615144,0.8571428571428571,3.936109556730604,m_catboost,trained,尖椒,fold3_test2026,90,target_lh_full_90
248,0.4981012736312973,0.6532559038787549,22.29765827163348,21.601726607756447,-0.33984199561881706,0.8024193548387096,6.429367544591982,m_catboost,trained,甘蓝,fold1_test2024,90,target_lh_full_90
250,0.7438755150005588,0.8090286166597574,37.59156836197597,37.314028141135665,0.36429698237264135,0.64,9.379465745265888,m_catboost,trained,甘蓝,fold2_test2025,90,target_lh_full_90
112,0.4395852481325178,0.47144312398177257,25.897819024238895,27.60126534364827,0.42888588913142234,0.6875,5.960969188961836,m_catboost,trained,甘蓝,fold3_test2026,90,target_lh_full_90
248,1.0009679099201891,1.2337966797129565,11.654218120836427,11.25886547354748,-0.2692055641627086,0.8548387096774194,3.531698857628281,m_catboost,trained,芸豆,fold1_test2024,90,target_lh_full_90
250,0.9442591605479129,1.0166613583771775,10.837763962804516,11.031120550207914,0.2276216111436575,0.672,3.3880944208691157,m_catboost,trained,芸豆,fold2_test2025,90,target_lh_full_90
112,0.216626682687562,0.2872904949351712,2.5374591388061845,2.6109047456563492,0.12048212539561923,0.9732142857142857,0.790692517855098,m_catboost,trained,芸豆,fold3_test2026,90,target_lh_full_90
248,1.2199964664522422,1.5560260187027133,28.977446918992456,26.940639805795847,-1.126774874176624,0.8346774193548387,11.088137803270564,m_catboost,trained,芹菜,fold1_test2024,90,target_lh_full_90
250,1.0960392613581762,1.3357847468696207,29.733114623156904,31.426249893108256,0.9090204756538481,0.732,9.525725429927974,m_catboost,trained,芹菜,fold2_test2025,90,target_lh_full_90
112,0.2589823809790521,0.2955228352557948,7.830002420698078,7.418266860755008,-0.12183948589311312,0.6785714285714286,2.355079278763082,m_catboost,trained,芹菜,fold3_test2026,90,target_lh_full_90
248,0.7657587160912925,1.025401818712337,23.14434239403258,18.76574561468978,-0.35834209839330006,0.6451612903225806,5.117109270412124,m_catboost,trained,茄子,fold1_test2024,90,target_lh_full_90
250,1.1164795214200423,1.2367730215572603,28.898307558590858,28.097049058375788,0.1441081423088208,0.536,7.596569278642799,m_catboost,trained,茄子,fold2_test2025,90,target_lh_full_90
112,0.2554480052065083,0.32010742181003515,6.521613940416114,6.732187159802954,-0.023940172776515344,0.9375,1.851202950580404,m_catboost,trained,茄子,fold3_test2026,90,target_lh_full_90
248,0.9242624694287865,1.1435632064685155,18.777726928642817,17.273350194994876,-0.4734834285862576,0.592741935483871,7.604037307171774,m_catboost,trained,西红柿,fold1_test2024,90,target_lh_full_90
250,0.9506646314485511,1.3080408018606406,15.810939624968729,16.689532079463774,-0.33469352972032435,0.712,7.525776326189656,m_catboost,trained,西红柿,fold2_test2025,90,target_lh_full_90
112,0.4165004723763716,0.4898218635399607,9.009919126412333,8.517501140844761,0.168969684703714,0.8571428571428571,3.457295727919028,m_catboost,trained,西红柿,fold3_test2026,90,target_lh_full_90
248,1.3053030777751153,1.5564798615200832,23.9832433645266,20.605053545136727,-1.0490322138149784,0.6975806451612904,6.98083901498681,m_catboost,trained,青椒,fold1_test2024,90,target_lh_full_90
250,1.083952149626479,1.1955691259290238,19.213345307538717,19.255060238651744,0.5959685435970862,0.748,5.698914913616454,m_catboost,trained,青椒,fold2_test2025,90,target_lh_full_90
112,0.26953550967420614,0.32625325437429686,5.798537527397827,4.9957976676291205,0.09820258836096349,0.8214285714285714,1.5411306595216865,m_catboost,trained,青椒,fold3_test2026,90,target_lh_full_90
248,0.6109831504182828,0.8050612694184098,12.098160498803086,11.33939614692979,-0.2910172350847873,0.8709677419354839,4.072483234086724,m_catboost,trained,韭菜,fold1_test2024,90,target_lh_full_90
250,1.0931774744205138,1.4050966928469675,17.382916278026663,18.706100950987416,-0.544012020796448,0.952,7.125640135332443,m_catboost,trained,韭菜,fold2_test2025,90,target_lh_full_90
112,0.5432028773621193,0.6277410334492072,11.44644334932088,11.194917322734213,-0.24631378584157973,0.9017857142857143,3.574999203545894,m_catboost,trained,韭菜,fold3_test2026,90,target_lh_full_90
248,0.8360672456498219,1.1141711239512795,19.690043659938297,17.823611488183293,-0.40961917962708866,0.7741935483870968,4.273232588876867,m_catboost,trained,黄瓜,fold1_test2024,90,target_lh_full_90
250,1.4622245884021896,1.8133269481942238,26.419182611726004,26.96697416472265,-0.7184821453208876,0.784,7.454300046563852,m_catboost,trained,黄瓜,fold2_test2025,90,target_lh_full_90
112,0.5062374362032147,0.6750308818320556,11.077015981449643,11.732332261700675,-0.2719618650616519,0.9732142857142857,2.5850243990514232,m_catboost,trained,黄瓜,fold3_test2026,90,target_lh_full_90
248,0.16655254791428967,0.2032935588433189,7.807068709810523,8.05276662583972,0.11771931379692235,0.8024193548387096,5.685652841600983,m_elasticnet,trained,土豆,fold1_test2024,90,target_lh_full_90
250,0.16751491034759783,0.20963256292458404,8.576187891885038,8.541462856274203,0.04622484866741854,0.82,5.90382062256577,m_elasticnet,trained,土豆,fold2_test2025,90,target_lh_full_90
112,0.22248008426564933,0.25419051823977423,10.254248086313497,10.203244700469142,0.008075820157966406,0.30357142857142855,8.380354822460664,m_elasticnet,trained,土豆,fold3_test2026,90,target_lh_full_90
248,3.1592257042131675,3.5036997295145715,80.48700175969948,53.78515143963784,-3.1592257042131675,0.5604838709677419,18.580710550590467,m_elasticnet,trained,尖椒,fold1_test2024,90,target_lh_full_90
250,1.155190515155956,1.3002470888467244,22.01308162167815,21.037137992117962,0.8101471631997573,0.612,6.566767573156908,m_elasticnet,trained,尖椒,fold2_test2025,90,target_lh_full_90
112,0.7547119860864362,0.85492890165022,13.998304889742599,13.809745864989972,-0.14880546563572153,0.8482142857142857,4.591828176859591,m_elasticnet,trained,尖椒,fold3_test2026,90,target_lh_full_90
248,0.6220263145704072,0.9601670002683352,30.828495504523133,26.97612534138272,-0.5215845960183154,0.7459677419354839,8.028961198243069,m_elasticnet,trained,甘蓝,fold1_test2024,90,target_lh_full_90
250,0.5347144402393976,0.5984394038590203,28.61278719601571,26.822162133605776,0.31744401413035833,0.692,6.742170799533154,m_elasticnet,trained,甘蓝,fold2_test2025,90,target_lh_full_90
112,0.299454760432819,0.35511153012650315,16.68480544868017,18.802565227651105,0.28581783219252305,0.6696428571428571,4.06073817993515,m_elasticnet,trained,甘蓝,fold3_test2026,90,target_lh_full_90
248,1.1354166086383648,1.4783489238270966,13.708157404101428,12.7711415385036,-0.5638873720225972,0.7983870967741935,4.0060720228084215,m_elasticnet,trained,芸豆,fold1_test2024,90,target_lh_full_90
250,1.2536137238547422,1.4865607363841915,13.830620812296326,14.645093941384143,0.5051046751778407,0.652,4.498088915814857,m_elasticnet,trained,芸豆,fold2_test2025,90,target_lh_full_90
112,0.3617989777546704,0.42307772041864183,4.179435302669086,4.360601640914672,0.27625061269474394,0.7321428571428571,1.320574830067627,m_elasticnet,trained,芸豆,fold3_test2026,90,target_lh_full_90
248,1.8726710172735213,2.3564275760602795,53.486643222974195,41.35336186491666,-1.8542662659000402,0.7741935483870968,17.0200774106361,m_elasticnet,trained,芹菜,fold1_test2024,90,target_lh_full_90
250,1.1213602764802006,1.2572866642075857,30.73358788191445,32.1522681817103,0.7613702327196059,0.568,9.745791486102432,m_elasticnet,trained,芹菜,fold2_test2025,90,target_lh_full_90
112,0.2957957907329322,0.3558620341648073,8.883292799287867,8.47274669284325,-0.09959425472761059,0.9464285714285714,2.6898452893473714,m_elasticnet,trained,芹菜,fold3_test2026,90,target_lh_full_90
248,1.0436004628424822,1.343563903773677,33.067761101312406,25.5745581441606,-0.7461937100182497,0.49193548387096775,6.973760129399555,m_elasticnet,trained,茄子,fold1_test2024,90,target_lh_full_90
250,0.7760925546178337,0.8648931933631598,20.134084600439888,19.53095436376897,0.16815948750173,0.66,5.280563364292272,m_elasticnet,trained,茄子,fold2_test2025,90,target_lh_full_90
112,0.3219552360409705,0.404056760461705,8.933343377764546,8.484947472399085,0.2621490809893593,0.8303571428571429,2.333173369007268,m_elasticnet,trained,茄子,fold3_test2026,90,target_lh_full_90
248,1.2623216629259724,1.4253140779770526,23.655683265849767,23.591268566735433,0.001437974120696927,0.4314516129032258,10.385297830466305,m_elasticnet,trained,西红柿,fold1_test2024,90,target_lh_full_90
250,0.6352952794621451,0.7353460639528228,11.190425370809152,11.153019262281438,0.08794381669086795,0.74,5.029208004752622,m_elasticnet,trained,西红柿,fold2_test2025,90,target_lh_full_90
112,0.471304802354019,0.5940421535570227,9.455983876624574,9.63825843661566,0.4515209851481871,0.9375,3.9122166427072487,m_elasticnet,trained,西红柿,fold3_test2026,90,target_lh_full_90
248,1.0745698545662967,1.3498376577838185,20.277191101683105,16.962780344522407,-0.8445931916828455,0.7782258064516129,5.746863922110117,m_elasticnet,trained,青椒,fold1_test2024,90,target_lh_full_90
250,2.6163618842111984,2.7948258754763415,40.90732552291362,46.476411070321625,2.6163618842111984,0.584,13.755610675698971,m_elasticnet,trained,青椒,fold2_test2025,90,target_lh_full_90
112,0.6367934546948737,0.7576765674615326,13.683587608073907,11.802865082865855,0.5763736019919549,0.75,3.6410115980607642,m_elasticnet,trained,青椒,fold3_test2026,90,target_lh_full_90
248,0.9816357472670212,1.2566329384773203,18.632034926351253,18.218434669806765,-0.37452497738899854,0.7741935483870968,6.543052979428795,m_elasticnet,trained,韭菜,fold1_test2024,90,target_lh_full_90
250,0.6991482941535199,0.8488909542293123,13.234787791929284,11.963600491383275,0.2744292090323837,0.944,4.557246432479223,m_elasticnet,trained,韭菜,fold2_test2025,90,target_lh_full_90
112,0.9571620353241725,1.0408849771092201,19.108258505365505,19.726239120730696,0.9455964953314824,0.9107142857142857,6.299402408480154,m_elasticnet,trained,韭菜,fold3_test2026,90,target_lh_full_90
248,1.06031087155049,1.3372546141145238,24.430363392020375,22.604125600596035,-0.295623401761963,0.6532258064516129,5.419366676813616,m_elasticnet,trained,黄瓜,fold1_test2024,90,target_lh_full_90
250,1.1250531829128514,1.3092681085599036,20.947062186232127,20.7487142250168,-0.4393390197071883,0.752,5.735428100643694,m_elasticnet,trained,黄瓜,fold2_test2025,90,target_lh_full_90
112,0.6216492195717518,0.7286391935316145,15.18435706641213,14.407064102060959,0.3764006498429815,0.8839285714285714,3.174357100685019,m_elasticnet,trained,黄瓜,fold3_test2026,90,target_lh_full_90
248,0.19586553858675415,0.21872663100267725,9.270638822592229,9.470041089345663,0.09726531710729522,0.6330645161290323,6.6863189424791765,m_extra_trees,trained,土豆,fold1_test2024,90,target_lh_full_90
250,0.17397591044481786,0.21525137509929518,9.163037920688017,8.870904529437956,0.1260226918134399,0.892,6.1315292219806885,m_extra_trees,trained,土豆,fold2_test2025,90,target_lh_full_90
112,0.17515881776705838,0.24287879022132774,8.631116814549019,8.033025899919252,-0.09862968625576926,0.5803571428571429,6.597862671689564,m_extra_trees,trained,土豆,fold3_test2026,90,target_lh_full_90
248,1.4189950775766387,1.7863977931318995,28.942506005294,24.158091977340547,-1.0776994419699724,0.6612903225806451,8.345695837433324,m_extra_trees,trained,尖椒,fold1_test2024,90,target_lh_full_90
250,1.2195378322936463,1.4417207055651293,21.558750991583732,22.20896495250935,0.16278613052135052,0.728,6.932554748567002,m_extra_trees,trained,尖椒,fold2_test2025,90,target_lh_full_90
112,0.3153873634012582,0.3952788149889988,6.549895138687886,5.770968817105542,0.2310295919647931,0.8392857142857143,1.9188837710144595,m_extra_trees,trained,尖椒,fold3_test2026,90,target_lh_full_90
248,0.49736760244866324,0.6546706100280814,22.220022323106534,21.5699086519586,-0.26264314710635983,0.7983870967741935,6.419897499161981,m_extra_trees,trained,甘蓝,fold1_test2024,90,target_lh_full_90
250,0.8738299845299025,0.9827818588651107,42.28017117567613,43.83275961609306,0.5427164957881885,0.636,11.018051060705076,m_extra_trees,trained,甘蓝,fold2_test2025,90,target_lh_full_90
112,0.31154424693178534,0.35515775851055703,18.431300039151715,19.561656043696484,0.3109884307130234,0.6964285714285714,4.224676930921134,m_extra_trees,trained,甘蓝,fold3_test2026,90,target_lh_full_90
248,1.0635805864969994,1.3314888093163944,12.362296461640163,11.963131509981407,-0.2575712674381805,0.8669354838709677,3.7526141498647734,m_extra_trees,trained,芸豆,fold1_test2024,90,target_lh_full_90
250,1.1736373117365715,1.3145595263040704,13.15492736554181,13.71078535311826,0.4290062929962496,0.656,4.2111257101399735,m_extra_trees,trained,芸豆,fold2_test2025,90,target_lh_full_90
112,0.308308827664367,0.3844350074217899,3.614648792601357,3.715908729662968,0.2075951465838031,0.9821428571428571,1.1253345164985475,m_extra_trees,trained,芸豆,fold3_test2026,90,target_lh_full_90
248,1.1589410351435456,1.4939845646147578,27.208067418182143,25.592379849061373,-1.0662994731053972,0.8306451612903226,10.533225510813159,m_extra_trees,trained,芹菜,fold1_test2024,90,target_lh_full_90
250,1.5698211434813005,1.7829368287343172,38.88323344680889,45.010788647658224,1.5193387330315786,0.732,13.64338460683271,m_extra_trees,trained,芹菜,fold2_test2025,90,target_lh_full_90
112,0.1854645177672687,0.20308796162100035,5.374056583855432,5.31242813042993,-0.08346879815220912,0.7946428571428571,1.6865380613471594,m_extra_trees,trained,芹菜,fold3_test2026,90,target_lh_full_90
248,1.0094243526325333,1.2690226596577971,30.793855888295894,24.73703559714588,-0.46177118150029384,0.6209677419354839,6.74538154655479,m_extra_trees,trained,茄子,fold1_test2024,90,target_lh_full_90
250,1.0658522551275442,1.1946015894305102,27.396704791530752,26.82297572570728,0.09252000722023582,0.56,7.252099426396788,m_extra_trees,trained,茄子,fold2_test2025,90,target_lh_full_90
112,0.18026169301195544,0.24343910581493075,5.000582251417384,4.75069458506192,-0.0208698953292154,0.9375,1.3063362061120096,m_extra_trees,trained,茄子,fold3_test2026,90,target_lh_full_90
248,1.071901574936193,1.2621809914328563,20.55964381924869,20.032546912655953,-0.16155201189118107,0.4838709677419355,8.81868498941469,m_extra_trees,trained,西红柿,fold1_test2024,90,target_lh_full_90
250,0.937698859753591,1.2476234154671864,15.598139494357877,16.461909576764462,-0.2917182924837492,0.68,7.423134979867527,m_extra_trees,trained,西红柿,fold2_test2025,90,target_lh_full_90
112,0.4326759836761788,0.5352583963993889,8.639193607368489,8.848292928819864,0.42577973344399705,0.9107142857142857,3.591565746377,m_extra_trees,trained,西红柿,fold3_test2026,90,target_lh_full_90
248,1.5832421819093752,1.9139215192899606,31.203164161791925,24.99250211588194,-1.092324749557086,0.7298387096774194,8.46727398550574,m_extra_trees,trained,青椒,fold1_test2024,90,target_lh_full_90
250,1.0297861342081038,1.150702768625716,18.03427159350775,18.29286842038011,0.47001997602323514,0.768,5.414135264270006,m_extra_trees,trained,青椒,fold2_test2025,90,target_lh_full_90
112,0.31337753881590114,0.38315763149183135,6.982100587413187,5.808402682808564,0.24083281677663398,0.7946428571428571,1.791807445551024,m_extra_trees,trained,青椒,fold3_test2026,90,target_lh_full_90
248,0.719145819973386,0.8679226149467929,14.047583628919138,13.346815431005151,-0.16833678448790101,0.8145161290322581,4.793437090204782,m_extra_trees,trained,韭菜,fold1_test2024,90,target_lh_full_90
250,1.0648288448194607,1.3652373497500672,16.90131929868695,18.22100832920562,-0.4752524864681689,0.952,6.940855745246087,m_extra_trees,trained,韭菜,fold2_test2025,90,target_lh_full_90
112,0.5787259301629709,0.6503034968190959,12.403162485446943,11.927015136883952,-0.1872022453182199,0.9017857142857143,3.8087882550458994,m_extra_trees,trained,韭菜,fold3_test2026,90,target_lh_full_90
248,0.9077947026354315,1.2039597835371054,20.84852950208079,19.352725722712634,-0.25540191743169116,0.7782258064516129,4.63983959124776,m_extra_trees,trained,黄瓜,fold1_test2024,90,target_lh_full_90
250,1.5231178947313198,1.878770734861861,27.572385045323593,28.089994685377807,-0.7337984031291489,0.792,7.764729087222147,m_extra_trees,trained,黄瓜,fold2_test2025,90,target_lh_full_90
112,0.3536055193443138,0.44330046540613044,8.202515720290112,8.195003264937068,-0.08408549985512817,0.9553571428571429,1.8056327520933677,m_extra_trees,trained,黄瓜,fold3_test2026,90,target_lh_full_90
248,0.24157591870030104,0.3042879088994037,12.779850909179597,11.680124501712582,-0.07873290298080513,0.6935483870967742,8.24674750294163,m_linear,trained,土豆,fold1_test2024,90,target_lh_full_90
250,0.24557998371781944,0.29898738823757204,12.178389835890176,12.521943896322888,0.1625531734418396,0.668,8.655111174009111,m_linear,trained,土豆,fold2_test2025,90,target_lh_full_90
112,0.21603945247848497,0.24753506404099523,9.726123078106419,9.907868409296979,0.06514747139804503,0.3392857142857143,8.13774982779153,m_linear,trained,土豆,fold3_test2026,90,target_lh_full_90
248,3.476092781365991,3.8784137446927756,93.06874606395455,59.179746611540786,-3.443875029333237,0.5685483870967742,20.44433663964655,m_linear,trained,尖椒,fold1_test2024,90,target_lh_full_90
250,1.1808837255590046,1.4222967020972652,22.725327436225584,21.50503623541031,0.9611089667566561,0.652,6.712822564702834,m_linear,trained,尖椒,fold2_test2025,90,target_lh_full_90
112,0.8936597843818758,1.0902740628707523,16.306978721717886,16.352217454596005,-0.32727033391688704,0.8571428571428571,5.437216122311581,m_linear,trained,尖椒,fold3_test2026,90,target_lh_full_90
248,0.6418009823382023,0.9344905561555439,30.86539301737275,27.833715934887838,-0.50335755397682,0.8225806451612904,8.284207699069043,m_linear,trained,甘蓝,fold1_test2024,90,target_lh_full_90
250,0.6216911811822325,0.683517683966643,32.198578533657255,31.18505954549703,0.29331116928561074,0.66,7.838853437766747,m_linear,trained,甘蓝,fold2_test2025,90,target_lh_full_90
112,0.42594820344843837,0.49521916551923395,24.181715961746157,26.745004378505516,0.34686937833050424,0.4732142857142857,5.776044868740363,m_linear,trained,甘蓝,fold3_test2026,90,target_lh_full_90
248,1.0942084941501826,1.4580119663835256,13.180617127451818,12.307633555037897,-0.5066367366274811,0.7862903225806451,3.860678100165554,m_linear,trained,芸豆,fold1_test2024,90,target_lh_full_90
250,1.367815578825796,1.6717987976949107,15.044447728036225,15.979234484444444,0.4848494702295646,0.668,4.907856365098393,m_linear,trained,芸豆,fold2_test2025,90,target_lh_full_90
112,0.3942825026986711,0.4514783836381054,4.6119974090037985,4.7521110726233236,0.2783051122188987,0.7678571428571429,1.4391404647721255,m_linear,trained,芸豆,fold3_test2026,90,target_lh_full_90
248,2.043649085505969,2.543277242755914,61.54062244827839,45.12899456353929,-1.9775283474053098,0.7903225806451613,18.574039601536096,m_linear,trained,芹菜,fold1_test2024,90,target_lh_full_90
250,1.2995843454599483,1.4746027728142612,35.5141201637539,37.26240823434276,0.72190004010336,0.492,11.294744708819898,m_linear,trained,芹菜,fold2_test2025,90,target_lh_full_90
112,0.31158432362066407,0.3740132206630832,9.613946861222564,8.92499193770597,-0.13723277120784363,0.9642857142857143,2.8334197151650655,m_linear,trained,芹菜,fold3_test2026,90,target_lh_full_90
248,1.4733484145076334,1.7915798749246008,50.92260771137407,36.10599653319591,-1.2327626619166308,0.5282258064516129,9.845509652057547,m_linear,trained,茄子,fold1_test2024,90,target_lh_full_90
250,1.0060676284373715,1.1236903668645708,26.613601466868115,25.318450513355895,0.5478508480040327,0.488,6.845322544477759,m_linear,trained,茄子,fold2_test2025,90,target_lh_full_90
112,0.4501198188956951,0.5162126399688339,12.059113456356432,11.862652294711376,0.3514303964473224,0.875,3.261967679805542,m_linear,trained,茄子,fold3_test2026,90,target_lh_full_90
248,1.373616108731699,1.589146171934183,26.141452086122147,25.67122745368266,-0.10223431071579564,0.46774193548387094,11.300932886502688,m_linear,trained,西红柿,fold1_test2024,90,target_lh_full_90
250,0.8703416169060496,0.9954217226598504,15.582470266154724,15.279409641350473,0.3890581708427056,0.62,6.8899127195137,m_linear,trained,西红柿,fold2_test2025,90,target_lh_full_90
112,0.4139575307198945,0.5164950061951477,8.194532574292268,8.465497578071911,0.11185783733320316,0.9464285714285714,3.436187225268061,m_linear,trained,西红柿,fold3_test2026,90,target_lh_full_90
248,1.241041549883859,1.6301866375519416,18.40237562808366,19.590643753543667,-0.06168121125366745,0.8548387096774194,6.637164516164221,m_linear,trained,青椒,fold1_test2024,90,target_lh_full_90
250,3.545638295335971,3.721999226853008,51.105074061155086,62.983849411332784,3.545638295335971,0.584,18.641312687596688,m_linear,trained,青椒,fold2_test2025,90,target_lh_full_90
112,0.7600047431208251,0.8833112295848298,15.382959881496452,14.086566655575005,0.5238306550329437,0.7321428571428571,4.345500199291531,m_linear,trained,青椒,fold3_test2026,90,target_lh_full_90
248,1.3881088769259193,1.8175812115992536,29.647729204437827,25.762275833231886,-0.9800166979339319,0.7016129032258065,9.252383023161352,m_linear,trained,韭菜,fold1_test2024,90,target_lh_full_90
250,0.8197125591389767,0.9676802238796145,15.119220434631497,14.026657373428037,0.35080700906417694,0.92,5.343118429999689,m_linear,trained,韭菜,fold2_test2025,90,target_lh_full_90
112,1.2087884532957902,1.3161406284762738,23.685991729966148,24.912030770229173,1.197227334608225,0.8303571428571429,7.955439740624027,m_linear,trained,韭菜,fold3_test2026,90,target_lh_full_90
248,1.1288823672334842,1.378422980714221,24.723280182457707,24.065959806608248,0.004411467863014933,0.7217741935483871,5.769843210304475,m_linear,trained,黄瓜,fold1_test2024,90,target_lh_full_90
250,1.206739084242785,1.3715359764076829,22.860434176316957,22.25520071707715,-0.33536077548664683,0.724,6.151856071365146,m_linear,trained,黄瓜,fold2_test2025,90,target_lh_full_90
112,0.46287206338553427,0.5849483627157736,11.635693963926402,10.727315788866541,0.20760054223316535,0.9017857142857143,2.36358572464516,m_linear,trained,黄瓜,fold3_test2026,90,target_lh_full_90
248,0.40801700634204574,0.5129968438773811,19.5324338002191,19.71653816286391,-0.05988846677399603,0.33064516129032256,13.92859539275258,b_drift_trend90,rowwise,土豆,fold1_test2024,120,target_lh_full_120
250,0.6129558287916341,0.6884808102976864,32.99048930377389,31.260769902421394,0.11402957484841227,0.42,21.60274124394585,b_drift_trend90,rowwise,土豆,fold2_test2025,120,target_lh_full_120
90,0.5900020419283064,0.6884581859542653,23.093955450683556,27.146203605081514,0.5188529294282838,0.26666666666666666,22.2241306391798,b_drift_trend90,rowwise,土豆,fold3_test2026,120,target_lh_full_120
248,8.6361328382201,13.615195822571732,77.14306269203688,149.0083173180082,6.416240242856271,0.20161290322580644,50.79266236958601,b_drift_trend90,rowwise,尖椒,fold1_test2024,120,target_lh_full_120
250,2.564631495206255,3.9253811345381817,42.94578734677829,45.78780267297916,0.3554686514068129,0.556,14.578841081935037,b_drift_trend90,rowwise,尖椒,fold2_test2025,120,target_lh_full_120
90,11.262867494038217,15.073283854685569,79.06597964218837,207.29951916749414,10.927514473624278,0.32222222222222224,68.52568034534642,b_drift_trend90,rowwise,尖椒,fold3_test2026,120,target_lh_full_120
248,2.902215150725754,4.037038965400945,79.65644835109413,127.69107790064851,1.8706194126458247,0.25,37.461072447109,b_drift_trend90,rowwise,甘蓝,fold1_test2024,120,target_lh_full_120
250,1.8999856952644851,2.9428739186938637,65.97211172043158,94.683357536333,1.0161837326873564,0.488,23.95676478908577,b_drift_trend90,rowwise,甘蓝,fold2_test2025,120,target_lh_full_120
90,1.7284859106543604,2.1604045608814966,78.64109273833829,110.62388338146229,1.0108646030550783,0.34444444444444444,23.439028722499792,b_drift_trend90,rowwise,甘蓝,fold3_test2026,120,target_lh_full_120
248,5.434156235616082,6.644507617209104,54.50419292137724,61.59332773650949,2.0901465225654734,0.2661290322580645,19.173245395078798,b_drift_trend90,rowwise,芸豆,fold1_test2024,120,target_lh_full_120
250,2.9679661567621616,3.6097571096027044,32.430414105559976,34.51520346408544,0.3900209917813007,0.32,10.64935347963086,b_drift_trend90,rowwise,芸豆,fold2_test2025,120,target_lh_full_120
90,3.437151067301526,4.438598748542799,31.079176587822477,41.711311042427624,3.0773326032903316,0.4777777777777778,12.545682729088037,b_drift_trend90,rowwise,芸豆,fold3_test2026,120,target_lh_full_120
248,5.556667226756995,7.487571680093493,76.96992237935979,125.2012995552458,3.698061290132848,0.21370967741935484,50.50268064822362,b_drift_trend90,rowwise,芹菜,fold1_test2024,120,target_lh_full_120
250,1.4489721239832807,2.1326446671719674,38.64891936878182,41.16083373786715,0.31743264631198,0.56,12.593080462811765,b_drift_trend90,rowwise,芹菜,fold2_test2025,120,target_lh_full_120
90,1.5599082330037366,1.8150562354954518,38.853171816329706,44.73136928868065,0.549054899367689,0.34444444444444444,14.185164034831324,b_drift_trend90,rowwise,芹菜,fold3_test2026,120,target_lh_full_120
248,6.055297736932823,10.231821573898968,72.73588639706767,150.69921624999364,4.73128506411785,0.36693548387096775,40.4639471071596,b_drift_trend90,rowwise,茄子,fold1_test2024,120,target_lh_full_120
250,4.462437915396657,9.255467677540475,59.22098818520377,110.65498881227158,2.57933186021617,0.536,30.362597903127575,b_drift_trend90,rowwise,茄子,fold2_test2025,120,target_lh_full_120
90,6.680451619369113,10.299989809681449,67.00362056598043,176.81642365779308,6.127602780935586,0.4888888888888889,48.41248119744823,b_drift_trend90,rowwise,茄子,fold3_test2026,120,target_lh_full_120
248,4.577048170696921,5.897770360103517,60.30895583776983,85.98851258576016,2.8556411282531027,0.21774193548387097,37.65601893173412,b_drift_trend90,rowwise,西红柿,fold1_test2024,120,target_lh_full_120
250,2.452720371154106,3.6492326221328977,37.69342980434286,42.69936200235483,0.3652532479440195,0.44,19.416547427318104,b_drift_trend90,rowwise,西红柿,fold2_test2025,120,target_lh_full_120
90,5.703246390980543,7.636770412815322,62.397125019439045,117.01703344669494,4.8746639214021625,0.4444444444444444,47.34162549757831,b_drift_trend90,rowwise,西红柿,fold3_test2026,120,target_lh_full_120
248,12.443713694725838,22.36157930166878,83.09328448089146,201.11641544383875,9.87646299660208,0.18548387096774194,66.5497259069773,b_drift_trend90,rowwise,青椒,fold1_test2024,120,target_lh_full_120
250,2.1700209163174375,2.8712162822406895,39.27654568612345,37.91475731646758,0.06365019728114032,0.532,11.408958012696937,b_drift_trend90,rowwise,青椒,fold2_test2025,120,target_lh_full_120
90,10.526177909571551,13.769173599446026,80.78941365076516,196.75467087145833,10.178686972850421,0.28888888888888886,60.18581938843154,b_drift_trend90,rowwise,青椒,fold3_test2026,120,target_lh_full_120
248,4.658064849978323,5.842118463663931,69.21840830593763,86.36940162268644,2.519519727603896,0.31451612903225806,31.048141003296916,b_drift_trend90,rowwise,韭菜,fold1_test2024,120,target_lh_full_120
250,4.779010850754079,8.02270298377053,55.48678572193965,81.33111673177227,2.4924377059711236,0.384,31.150945132101313,b_drift_trend90,rowwise,韭菜,fold2_test2025,120,target_lh_full_120
90,4.952908966799438,7.092470425561207,64.61492720655221,104.50612090304638,3.353256652368204,0.4111111111111111,32.5967448801627,b_drift_trend90,rowwise,韭菜,fold3_test2026,120,target_lh_full_120
248,4.068676077596719,5.052796034486289,70.87642338384487,87.50147323360642,1.7472902625847855,0.25806451612903225,20.795455507716564,b_drift_trend90,rowwise,黄瓜,fold1_test2024,120,target_lh_full_120
250,4.894748390926753,7.173610083044047,62.238724820900394,89.3714473907314,3.032215271389203,0.352,24.953022571090692,b_drift_trend90,rowwise,黄瓜,fold2_test2025,120,target_lh_full_120
90,3.8063958977414667,4.626420028717931,68.38122304977252,90.4249447998826,2.3679734695830423,0.4444444444444444,19.436781171120458,b_drift_trend90,rowwise,黄瓜,fold3_test2026,120,target_lh_full_120
248,0.19271427170974703,0.24165521903299403,9.124800922800375,9.312499806707692,0.005343023337421297,0.0,6.578743227197301,b_last_value,rowwise,土豆,fold1_test2024,120,target_lh_full_120
250,0.2773599989697454,0.3161576002740692,14.606666972382914,14.145370189270942,-0.030382894039202284,0.0,9.775151826154353,b_last_value,rowwise,土豆,fold2_test2025,120,target_lh_full_120
90,0.09033668065006449,0.10542079181802617,4.112729172167441,4.1564227776551785,0.028354007325162738,0.0,3.402791939016472,b_last_value,rowwise,土豆,fold3_test2026,120,target_lh_full_120
248,1.3476378916416014,1.7287891215906837,22.648804944005967,23.25221929181093,0.24877734500909784,0.0,7.926014769443972,b_last_value,rowwise,尖椒,fold1_test2024,120,target_lh_full_120
250,1.5594228227710336,1.9046623128604363,28.517628773980842,27.841249172149716,-0.6237637611096927,0.0,8.864656600847471,b_last_value,rowwise,尖椒,fold2_test2025,120,target_lh_full_120
90,2.7824182577608463,3.1396788824095454,40.15656650719874,51.211999720497026,2.7824182577608463,0.0,16.928824228758923,b_last_value,rowwise,尖椒,fold3_test2026,120,target_lh_full_120
248,0.7407877217995823,0.8857506258647115,31.891077264060502,32.59302904145473,0.07885256494434158,0.0,9.561903950271704,b_last_value,rowwise,甘蓝,fold1_test2024,120,target_lh_full_120
250,0.6468914213629644,0.7405241137150886,34.41817354581466,32.23700677786944,-0.15747334228763546,0.0,8.156601212469978,b_last_value,rowwise,甘蓝,fold2_test2025,120,target_lh_full_120
90,0.6516949377080471,0.831916965704778,31.469994147791137,41.708772021179946,0.5679555335335388,0.0,8.837269814634398,b_last_value,rowwise,甘蓝,fold3_test2026,120,target_lh_full_120
248,1.9960753476273987,2.3535350400300112,22.7506808985024,22.62447337590082,-0.06852492998706156,0.0,7.0427203061062595,b_last_value,rowwise,芸豆,fold1_test2024,120,target_lh_full_120
250,1.206061228033125,1.6672190425259816,14.092163509318878,14.025580642442575,-0.13773104117916785,0.0,4.3274658998854845,b_last_value,rowwise,芸豆,fold2_test2025,120,target_lh_full_120
90,1.4204746350125617,1.6039646937811607,15.770620665758434,17.2380725108496,1.36722222293662,0.0,5.184766030541592,b_last_value,rowwise,芸豆,fold3_test2026,120,target_lh_full_120
248,1.361104411571138,1.6105369113742096,29.618141797142506,30.668030710656957,0.18737797453879498,0.0,12.370620485507008,b_last_value,rowwise,芹菜,fold1_test2024,120,target_lh_full_120
250,0.7494514857521554,0.8528220465206794,21.732749132789944,21.289607639130757,-0.14362913062806967,0.0,6.513515827416717,b_last_value,rowwise,芹菜,fold2_test2025,120,target_lh_full_120
90,0.5083818848169092,0.746337867175955,12.435695900019118,14.578176682631947,0.4604974691052823,0.0,4.623015813294516,b_last_value,rowwise,芹菜,fold3_test2026,120,target_lh_full_120
248,0.8393743984376593,1.0739735264979802,21.186289771321576,20.889652248369444,0.2453328852234621,0.0,5.609039016253107,b_last_value,rowwise,茄子,fold1_test2024,120,target_lh_full_120
250,1.3456293838401694,1.6550131440720786,35.26372310595683,33.367546448220416,-0.37946896441160277,0.0,9.155713688969207,b_last_value,rowwise,茄子,fold2_test2025,120,target_lh_full_120
90,1.5687038757713725,1.7489960713718145,33.38147332317733,41.52003859855922,1.5687038757713725,0.0,11.368220476285375,b_last_value,rowwise,茄子,fold3_test2026,120,target_lh_full_120
248,1.1545680771248963,1.3128058681816215,21.110915874302783,21.690746509197062,0.21923673968367308,0.0,9.498793927609253,b_last_value,rowwise,西红柿,fold1_test2024,120,target_lh_full_120
250,1.1783133401992436,1.4244702274170165,20.78867148529349,20.513234389494198,-0.48560163646389093,0.0,9.32791896022571,b_last_value,rowwise,西红柿,fold2_test2025,120,target_lh_full_120
90,1.9265844404830932,2.164100141697674,31.583302077113277,39.52892448525836,1.9265844404830932,0.0,15.992231935666203,b_last_value,rowwise,西红柿,fold3_test2026,120,target_lh_full_120
248,1.6599743709144854,2.320146958636806,24.432215651830113,26.828654483465108,0.5921167275854005,0.0,8.877642326646281,b_last_value,rowwise,青椒,fold1_test2024,120,target_lh_full_120
250,1.4817520393577428,1.8051631004731699,25.8019733321593,25.889275330474053,-0.522140298341008,0.0,7.790361224236049,b_last_value,rowwise,青椒,fold2_test2025,120,target_lh_full_120
90,2.7567667822322055,3.155892264929586,40.236901010165205,51.529315347620276,2.7567667822322055,0.0,15.76244189266306,b_last_value,rowwise,青椒,fold3_test2026,120,target_lh_full_120
248,1.2881874688707784,1.5747550035098572,25.676007292738994,23.885451243713344,0.04560157464007733,0.0,8.586360958964796,b_last_value,rowwise,韭菜,fold1_test2024,120,target_lh_full_120
250,1.8529421298077577,2.1745748285648077,31.89910595746564,31.534109748429273,-0.27367315341399046,0.0,12.078001164088723,b_last_value,rowwise,韭菜,fold2_test2025,120,target_lh_full_120
90,1.9161646651613364,2.1853952019625305,32.84703613741955,40.430974506058384,1.5930962378504896,0.0,12.61091838298181,b_last_value,rowwise,韭菜,fold3_test2026,120,target_lh_full_120
248,1.2917314394888069,1.6884331428015065,27.750519356326702,27.78014317723745,0.10371115894588218,0.0,6.602182912942791,b_last_value,rowwise,黄瓜,fold1_test2024,120,target_lh_full_120
250,1.5740262323282599,1.989888166810856,31.07039479532019,28.739577886151928,-0.3452592585582104,0.0,8.024255582898187,b_last_value,rowwise,黄瓜,fold2_test2025,120,target_lh_full_120
90,2.0020709488633472,2.431293385905749,37.00322145888029,47.56130468295102,1.675213283902303,0.0,10.223270507727264,b_last_value,rowwise,黄瓜,fold3_test2026,120,target_lh_full_120
248,0.30314766249302494,0.35408149407810985,13.596682073707008,14.648954243628026,0.3006811853593753,0.717741935483871,10.348640055420518,b_same_season_mean,rowwise,土豆,fold1_test2024,120,target_lh_full_120
250,0.33280911725557627,0.45478902576922464,15.932989798871693,16.97327726936618,0.3236958403752401,0.624,11.729375765740944,b_same_season_mean,rowwise,土豆,fold2_test2025,120,target_lh_full_120
90,0.23078026313782946,0.2676142150267341,9.945889449066264,10.618281914243052,0.23068272500001805,0.5222222222222223,8.69300502784132,b_same_season_mean,rowwise,土豆,fold3_test2026,120,target_lh_full_120
248,1.8567980723238344,2.0166682645734846,34.119819825344,32.03729742690237,-0.5608274105527896,0.5120967741935484,10.920595982342514,b_same_season_mean,rowwise,尖椒,fold1_test2024,120,target_lh_full_120
250,2.3031047066993753,2.6979950447194914,38.276725784948084,41.11861842244108,-0.27149817225012474,0.424,13.092172336176692,b_same_season_mean,rowwise,尖椒,fold2_test2025,120,target_lh_full_120
90,1.4882878513913669,1.7016978443928705,25.38875334608593,27.39278928208675,1.461337333596407,0.9,9.055059701296454,b_same_season_mean,rowwise,尖椒,fold3_test2026,120,target_lh_full_120
248,0.649761401122067,0.7730428668781768,29.538882695633813,28.58807131055204,-0.1245440563939106,0.6129032258064516,8.386958807889185,b_same_season_mean,rowwise,甘蓝,fold1_test2024,120,target_lh_full_120
250,0.7563137440283599,0.863747349066545,37.33871957714164,37.68992830522937,0.14125087221695834,0.684,9.536298361403206,b_same_season_mean,rowwise,甘蓝,fold2_test2025,120,target_lh_full_120
90,0.7840751077792306,0.8503845672869307,40.01541835689216,50.181163034438924,0.7840751077792306,0.6666666666666666,10.632403109885393,b_same_season_mean,rowwise,甘蓝,fold3_test2026,120,target_lh_full_120
248,1.6072914126433484,2.0450836810435926,17.8868422701446,18.217810172289866,0.0826495907347447,0.7137096774193549,5.67098024786915,b_same_season_mean,rowwise,芸豆,fold1_test2024,120,target_lh_full_120
250,1.6231564911024534,2.0139754808560664,17.714283925303036,18.876083346438786,0.26214882581379984,0.624,5.824044585927706,b_same_season_mean,rowwise,芸豆,fold2_test2025,120,target_lh_full_120
90,2.202499999596016,2.4867436762503954,23.43202166889847,26.728287688042094,2.202499999596016,0.3,8.039177116367382,b_same_season_mean,rowwise,芸豆,fold3_test2026,120,target_lh_full_120
248,0.9409638768526638,1.2510293560722947,22.535398697909777,21.20153959359061,-0.9048842122500758,0.8225806451612904,8.55210438828798,b_same_season_mean,rowwise,芹菜,fold1_test2024,120,target_lh_full_120
250,0.740026951728101,0.8646042555615215,21.15665487845607,21.02188566463579,0.138511457488357,0.708,6.431606787674008,b_same_season_mean,rowwise,芹菜,fold2_test2025,120,target_lh_full_120
90,0.2710074238627542,0.34677293059746794,7.297556359900992,7.7713117350729615,0.23356445044548566,0.7111111111111111,2.4644300740356573,b_same_season_mean,rowwise,芹菜,fold3_test2026,120,target_lh_full_120
248,1.034649885762336,1.1665760888965857,26.262151414334607,25.74950624253,0.056446652856762904,0.4959677419354839,6.913948755412015,b_same_season_mean,rowwise,茄子,fold1_test2024,120,target_lh_full_120
250,1.7070579555802816,1.9360248476189863,40.94754184184609,42.32988392396375,0.015155760971596464,0.4,11.614887486454135,b_same_season_mean,rowwise,茄子,fold2_test2025,120,target_lh_full_120
90,1.148229442392377,1.2541336010790698,27.84166653968444,30.391032689130583,1.1452118259044262,0.5555555555555556,8.32108956960414,b_same_season_mean,rowwise,茄子,fold3_test2026,120,target_lh_full_120
248,1.1599645977427566,1.4600231999142395,23.62560741295606,21.792130362668182,-0.45477495544527957,0.532258064516129,9.543191861599249,b_same_season_mean,rowwise,西红柿,fold1_test2024,120,target_lh_full_120
250,1.6895381885866314,1.864933396719852,30.576613511443956,29.413137991477413,-0.7553110226162187,0.32,13.374944308682586,b_same_season_mean,rowwise,西红柿,fold2_test2025,120,target_lh_full_120
90,1.163767194110975,1.27435165288168,22.63377475973903,23.877731267724023,0.9716337618828295,0.5666666666666667,9.660222773664358,b_same_season_mean,rowwise,西红柿,fold3_test2026,120,target_lh_full_120
248,1.7340548452052382,2.0064571183151103,29.866574962167785,28.0259497450919,-0.33798497026077046,0.5967741935483871,9.27382913872297,b_same_season_mean,rowwise,青椒,fold1_test2024,120,target_lh_full_120
250,2.3292610201254793,2.8037281722525518,36.19885936770683,40.697011554448295,0.2010365883015329,0.428,12.246168218655011,b_same_season_mean,rowwise,青椒,fold2_test2025,120,target_lh_full_120
90,2.385138977678023,2.5907271186307628,37.38814604899006,44.58287125367687,2.385138977678023,0.5666666666666667,13.637575287066445,b_same_season_mean,rowwise,青椒,fold3_test2026,120,target_lh_full_120
248,1.5234770864112308,1.7012083725934428,29.830231585571948,28.24816926707753,-0.18254748291607995,0.49193548387096775,10.154674294499781,b_same_season_mean,rowwise,韭菜,fold1_test2024,120,target_lh_full_120
250,1.6556868872672266,1.9079642201212925,29.240229767402525,28.177141191957684,-0.5831091513650376,0.608,10.792235672171111,b_same_season_mean,rowwise,韭菜,fold2_test2025,120,target_lh_full_120
90,1.043074963785918,1.232515812773956,19.836772180113627,22.008827339056158,0.778013458198315,0.9333333333333333,6.864824028329722,b_same_season_mean,rowwise,韭菜,fold3_test2026,120,target_lh_full_120
248,1.270127945655512,1.461962451688067,28.81314043722845,27.31553564855873,-0.10838667378429502,0.6370967741935484,6.491765055572616,b_same_season_mean,rowwise,黄瓜,fold1_test2024,120,target_lh_full_120
250,2.0174991302972565,2.267444156441476,39.59416039206076,36.83678975582012,-0.840035850184382,0.528,10.285043747862918,b_same_season_mean,rowwise,黄瓜,fold2_test2025,120,target_lh_full_120
90,1.1160719699008845,1.3561071008180483,23.89815139684642,26.513465488670068,0.899944346270379,0.8444444444444444,5.699051604972654,b_same_season_mean,rowwise,黄瓜,fold3_test2026,120,target_lh_full_120
248,0.25825512790632454,0.3115549471307114,11.837586376999866,12.4796197363689,0.24518173301484064,0.7661290322580645,8.816130525930188,b_same_season_median,rowwise,土豆,fold1_test2024,120,target_lh_full_120
250,0.28187830824193577,0.38943596118319124,13.789821081864172,14.375804128996045,0.2531371059607977,0.62,9.934393098498026,b_same_season_median,rowwise,土豆,fold2_test2025,120,target_lh_full_120
90,0.15167478921816668,0.1822889347043205,6.6690912610196555,6.978610949238878,0.14557622954738492,0.5555555555555556,5.713268922320444,b_same_season_median,rowwise,土豆,fold3_test2026,120,target_lh_full_120
248,1.9255611766032548,2.15635515309039,37.809618548810825,33.223739860591344,-0.9223113646683215,0.532258064516129,11.325020185232503,b_same_season_median,rowwise,尖椒,fold1_test2024,120,target_lh_full_120
250,2.2436010554052745,2.569831472497095,39.17734429666099,40.056266404668285,-0.5614837611096928,0.3,12.753919344418199,b_same_season_median,rowwise,尖椒,fold2_test2025,120,target_lh_full_120
90,1.287511056114756,1.4690584494498606,22.400224861728997,23.697377510363157,1.0975293688719572,0.9333333333333333,7.8334909932235925,b_same_season_median,rowwise,尖椒,fold3_test2026,120,target_lh_full_120
248,0.6010749410068509,0.7578805710926848,28.12869894493809,26.445974240414337,-0.347558725378239,0.8024193548387096,7.7585260712213655,b_same_season_median,rowwise,甘蓝,fold1_test2024,120,target_lh_full_120
250,0.8243932749721801,0.906255967883281,41.30406302120101,41.08258467381444,-0.09883334228763545,0.572,10.39470761881888,b_same_season_median,rowwise,甘蓝,fold2_test2025,120,target_lh_full_120
90,0.5719363291439641,0.6869803310241259,30.618613230982966,36.60418484573657,0.5563999779779832,0.6666666666666666,7.755708023776394,b_same_season_median,rowwise,甘蓝,fold3_test2026,120,target_lh_full_120
248,1.6322916131898826,1.941472975010492,18.740800609354434,18.50117441118473,-0.21126686547093243,0.6975806451612904,5.7591880503727415,b_same_season_median,rowwise,芸豆,fold1_test2024,120,target_lh_full_120
250,1.7355353364904682,2.054977930709404,19.346318721001573,20.182964391827053,-0.024811041179167773,0.62,6.227270898142579,b_same_season_median,rowwise,芸豆,fold2_test2025,120,target_lh_full_120
90,2.023000000714398,2.312936900670377,21.611258659163635,24.549977762506966,2.023000000714398,0.34444444444444444,7.3839978729341205,b_same_season_median,rowwise,芸豆,fold3_test2026,120,target_lh_full_120
248,1.2808999562243837,1.4591968343193933,32.93483617772227,28.860885954681553,-1.2765333157837857,0.7943548387096774,11.641669150174689,b_same_season_median,rowwise,芹菜,fold1_test2024,120,target_lh_full_120
250,0.7424357531370874,0.8448558268081164,21.264896874349486,21.090312291112404,-0.14042913062806975,0.572,6.452541786671029,b_same_season_median,rowwise,芹菜,fold2_test2025,120,target_lh_full_120
90,0.26584453768022376,0.3287919621414008,8.104457067751415,7.623262661710808,-0.10372475311694003,0.7666666666666667,2.417480910076611,b_same_season_median,rowwise,芹菜,fold3_test2026,120,target_lh_full_120
248,0.9772518088406597,1.0594402465370016,25.034395370885758,24.321030619672378,-0.014747759937828179,0.4798387096774194,6.530391604382836,b_same_season_median,rowwise,茄子,fold1_test2024,120,target_lh_full_120
250,1.6623238440791273,1.8934134029895635,39.959611467491804,41.22061300489772,-0.03122896441160299,0.412,11.31051488434422,b_same_season_median,rowwise,茄子,fold2_test2025,120,target_lh_full_120
90,1.0152059333845407,1.1044096661291969,25.039388410973395,26.870201693666075,1.0144816535491497,0.6111111111111112,7.357083167703331,b_same_season_median,rowwise,茄子,fold3_test2026,120,target_lh_full_120
248,1.2148725279162336,1.4744158228462976,25.132165416169133,22.823679751859157,-0.5837874538647141,0.4959677419354839,9.994927124372323,b_same_season_median,rowwise,西红柿,fold1_test2024,120,target_lh_full_120
250,1.635001329760105,1.8508808657113611,29.72196790606821,28.46370685986846,-0.8518016364638911,0.34,12.9432124576343,b_same_season_median,rowwise,西红柿,fold2_test2025,120,target_lh_full_120
90,0.9783161277258914,1.0570382887583958,19.549683122383048,20.072717044206037,0.6721399960386486,0.6333333333333333,8.120826729542246,b_same_season_median,rowwise,西红柿,fold3_test2026,120,target_lh_full_120
248,1.8334269363591265,2.055409586436954,32.815026789722154,29.632010384087398,-0.588004240156535,0.5645161290322581,9.805277032119728,b_same_season_median,rowwise,青椒,fold1_test2024,120,target_lh_full_120
250,2.3881150529711066,2.787090712294853,38.23871001055381,41.72531333516301,-0.005180298341007983,0.336,12.555595277428772,b_same_season_median,rowwise,青椒,fold2_test2025,120,target_lh_full_120
90,2.1939890044544286,2.385782062943961,34.807524321314716,41.00990769636348,2.1939890044544286,0.6222222222222222,12.544631783415646,b_same_season_median,rowwise,青椒,fold3_test2026,120,target_lh_full_120
248,1.5388326860421708,1.70846799182488,30.16772335850205,28.532891355411707,-0.339237135037342,0.5362903225806451,10.257026416654933,b_same_season_median,rowwise,韭菜,fold1_test2024,120,target_lh_full_120
250,1.665797448451296,1.9486516768365505,29.31286913407098,28.349206763174273,-0.7075131534139905,0.612,10.858139171145174,b_same_season_median,rowwise,韭菜,fold2_test2025,120,target_lh_full_120
90,0.9726717993893055,1.173317252298689,18.73249405203179,20.523324241844204,0.6457629045171568,0.9,6.401477335714149,b_same_season_median,rowwise,韭菜,fold3_test2026,120,target_lh_full_120
248,1.3267210770396143,1.4700510066479102,31.207681583473708,28.532634841654737,-0.37423238944121456,0.6129032258064516,6.781018838202472,b_same_season_median,rowwise,黄瓜,fold1_test2024,120,target_lh_full_120
250,2.1370879532070877,2.485130750263661,42.68839336898699,39.02031898788793,-1.1445392585582106,0.46,10.894697678767871,b_same_season_median,rowwise,黄瓜,fold2_test2025,120,target_lh_full_120
90,0.9693430166990786,1.2282406993186328,21.278128194320413,23.02776461827705,0.6643243950134141,0.8555555555555555,4.9498025432701445,b_same_season_median,rowwise,黄瓜,fold3_test2026,120,target_lh_full_120
248,0.6127009732622481,0.7365727005485221,24.69654771622233,29.60744756707977,0.5989720555954858,0.6451612903225806,20.915951591883793,b_seasonal_naive_365,rowwise,土豆,fold1_test2024,120,target_lh_full_120
250,0.320783472457877,0.40175579547129087,15.941620311900225,16.35996894062375,0.11041710596079772,0.524,11.305549315850682,b_seasonal_naive_365,rowwise,土豆,fold2_test2025,120,target_lh_full_120
90,0.13738749431941083,0.17079756150093053,6.341793682471154,6.321247433987523,0.01590956288071827,0.7222222222222222,5.1750967029961235,b_seasonal_naive_365,rowwise,土豆,fold3_test2026,120,target_lh_full_120
248,2.4517030258564967,2.763890630610457,52.28790793923436,42.30182065166551,-1.6027549130554184,0.5282258064516129,14.419477601329563,b_seasonal_naive_365,rowwise,尖椒,fold1_test2024,120,target_lh_full_120
250,1.989668240085788,2.5706633931991405,31.666064672244953,35.522661611240586,0.5177562388903072,0.5,11.310419111752832,b_seasonal_naive_365,rowwise,尖椒,fold2_test2025,120,target_lh_full_120
90,0.8297140209198759,1.0219428596666646,14.870424308153973,15.271361194141988,0.11619603553862391,1.0,5.048156502391909,b_seasonal_naive_365,rowwise,尖椒,fold3_test2026,120,target_lh_full_120
248,0.7163104367372971,0.8370118650690852,36.38951397069609,31.516082381279293,-0.6022764673137229,0.7903225806451613,9.245957233227827,b_seasonal_naive_365,rowwise,甘蓝,fold1_test2024,120,target_lh_full_120
250,0.800958246621923,0.9304082485213309,38.02674440282834,39.91473000328093,0.37012665771236447,0.704,10.099217256227222,b_seasonal_naive_365,rowwise,甘蓝,fold2_test2025,120,target_lh_full_120
90,0.3259778595187465,0.37813584768411873,19.67172162891659,20.862731072357292,0.05328886686687219,0.7444444444444445,4.420403062045421,b_seasonal_naive_365,rowwise,甘蓝,fold3_test2026,120,target_lh_full_120
248,1.8862968336827066,2.1534594369427493,21.286487342559507,21.380191155322407,-0.025218478374158176,0.7096774193548387,6.655390554124987,b_seasonal_naive_365,rowwise,芸豆,fold1_test2024,120,target_lh_full_120
250,1.895325548283452,2.2237114169088756,21.18708652782154,22.04120379898418,0.2197089588208321,0.6,6.800613840106902,b_seasonal_naive_365,rowwise,芸豆,fold2_test2025,120,target_lh_full_120
90,1.4394082018427172,1.9256399951820347,15.473865150767091,17.46783951257037,0.9512222229366202,0.6555555555555556,5.253873997497378,b_seasonal_naive_365,rowwise,芸豆,fold3_test2026,120,target_lh_full_120
248,1.6074646690489314,1.7662493956477123,43.97559876595124,36.21895235780162,-1.6055252512676568,0.7782258064516129,14.609706056063391,b_seasonal_naive_365,rowwise,芹菜,fold1_test2024,120,target_lh_full_120
250,1.4457176897764865,1.8506143292120978,34.216104285867836,41.06838528901194,1.16213086937193,0.692,12.564796031973701,b_seasonal_naive_365,rowwise,芹菜,fold2_test2025,120,target_lh_full_120
90,0.5589289369303831,0.6458683695689773,18.362029335598372,16.027645828767657,-0.4223914197836067,0.7555555555555555,5.082669920207021,b_seasonal_naive_365,rowwise,芹菜,fold3_test2026,120,target_lh_full_120
248,1.7830648450548303,2.013461584987167,53.71045400622395,44.3754355849043,-0.6549896954216993,0.3548387096774194,11.915160032325723,b_seasonal_naive_365,rowwise,茄子,fold1_test2024,120,target_lh_full_120
250,1.6344676974759074,1.9137553276914854,37.90980569229954,40.5298646630335,0.2716510355883971,0.42,11.120980599614803,b_seasonal_naive_365,rowwise,茄子,fold2_test2025,120,target_lh_full_120
90,0.4286326416025378,0.507188487179301,11.155885102983904,11.34493520339433,-0.015962790895294558,1.0,3.1062525237111323,b_seasonal_naive_365,rowwise,茄子,fold3_test2026,120,target_lh_full_120
248,1.5812003677878153,1.828781449968186,33.13244232759469,29.70584155015098,-0.8272148732195527,0.5362903225806451,13.008757776568658,b_seasonal_naive_365,rowwise,西红柿,fold1_test2024,120,target_lh_full_120
250,1.353524832551759,1.566400125365146,23.558348446260442,23.563487906739855,-0.16296163646389084,0.616,10.714951208615696,b_seasonal_naive_365,rowwise,西红柿,fold2_test2025,120,target_lh_full_120
90,0.9958711691300909,1.2053940184814074,19.874684548169174,20.432904685827484,0.27147332937198193,0.7555555555555555,8.266547979998201,b_seasonal_naive_365,rowwise,西红柿,fold3_test2026,120,target_lh_full_120
248,2.530059893207527,2.803954081973254,49.34545945005285,40.891054637152685,-1.2578026272533094,0.5161290322580645,13.530911796255921,b_seasonal_naive_365,rowwise,青椒,fold1_test2024,120,target_lh_full_120
250,2.5874981252215767,3.5028908417413027,36.359229882769945,45.208948327132106,1.164419701658992,0.468,13.603858491226928,b_seasonal_naive_365,rowwise,青椒,fold2_test2025,120,target_lh_full_120
90,1.0147261320272511,1.164911988091909,18.52675036248423,18.967198526080793,0.586766782232206,0.9444444444444444,5.8019277496136965,b_seasonal_naive_365,rowwise,青椒,fold3_test2026,120,target_lh_full_120
248,1.9024825253680029,2.2039493958945795,35.42220985996442,35.27565257371126,-0.277221006005084,0.5040322580645161,12.680919567749049,b_seasonal_naive_365,rowwise,韭菜,fold1_test2024,120,target_lh_full_120
250,1.4335716886936658,1.7579666240006713,25.08439737148666,24.397095967696135,-0.37919315341399046,0.64,9.344425951739316,b_seasonal_naive_365,rowwise,韭菜,fold2_test2025,120,target_lh_full_120
90,1.0272351316302433,1.2702290387178232,19.88804955514005,21.67460770662577,0.6366517934060456,0.8111111111111111,6.760576812969174,b_seasonal_naive_365,rowwise,韭菜,fold3_test2026,120,target_lh_full_120
248,1.8088399802832091,2.0855996749707577,41.39269856182589,38.901146245124224,-0.3542727120218598,0.5483870967741935,9.245182121447513,b_seasonal_naive_365,rowwise,黄瓜,fold1_test2024,120,target_lh_full_120
250,2.1454182824568595,2.5426205014985617,40.71859570721409,39.17241946840977,-0.6822992585582104,0.492,10.937165008483836,b_seasonal_naive_365,rowwise,黄瓜,fold2_test2025,120,target_lh_full_120
90,1.0336812472686516,1.4550777253236566,20.929415798376976,24.556187069348876,0.43787995056896956,0.8111111111111111,5.278335922906216,b_seasonal_naive_365,rowwise,黄瓜,fold3_test2026,120,target_lh_full_120
248,0.23210043921120463,0.2684151418980932,10.89348209094232,11.215751050065034,0.22896312017114082,0.8064516129032258,7.923280299603275,m_catboost,trained,土豆,fold1_test2024,120,target_lh_full_120
250,0.1587023486587179,0.20061129587425447,8.252747404089842,8.093825641848186,0.12845583354398368,0.86,5.593234637542208,m_catboost,trained,土豆,fold2_test2025,120,target_lh_full_120
90,0.12496227080344685,0.17524075868444197,6.045407396908723,5.7495584847414944,-0.08112532636334092,0.6333333333333333,4.707064779348396,m_catboost,trained,土豆,fold3_test2026,120,target_lh_full_120
248,1.1613814429408242,1.5198075716377486,23.418778214735262,20.03854014508642,-1.1461392421008023,0.6854838709677419,6.830563704686324,m_catboost,trained,尖椒,fold1_test2024,120,target_lh_full_120
250,1.2686260038020951,1.5080827678479671,22.04256604454823,22.649490672042482,-0.1366081396714461,0.764,7.211600160261477,m_catboost,trained,尖椒,fold2_test2025,120,target_lh_full_120
90,0.5373512719272986,0.6810412141418755,9.57200372288727,9.890257552398088,-0.19625561174654535,1.0,3.2693593805260157,m_catboost,trained,尖椒,fold3_test2026,120,target_lh_full_120
248,0.5299102770484454,0.6727446724183407,24.887339564080968,23.314885683105338,-0.3994556796316508,0.7943548387096774,6.839950261446086,m_catboost,trained,甘蓝,fold1_test2024,120,target_lh_full_120
250,0.7211039936680143,0.785337378833761,36.20221162868831,35.93529542012781,0.260709960999123,0.728,9.092341488586957,m_catboost,trained,甘蓝,fold2_test2025,120,target_lh_full_120
90,0.3308628573902209,0.35999591635220035,20.180839399232056,21.175373154957832,0.3308628573902209,0.7444444444444445,4.486645780434425,m_catboost,trained,甘蓝,fold3_test2026,120,target_lh_full_120
248,0.8905621661344317,1.050353287146445,10.256351023859917,10.094057842677225,-0.11784501302514751,0.9274193548387096,3.142156060761946,m_catboost,trained,芸豆,fold1_test2024,120,target_lh_full_120
250,0.8299633331059211,0.940555042550662,9.579239115675822,9.651846347578472,-0.050710593964683935,0.788,2.977989789149017,m_catboost,trained,芸豆,fold2_test2025,120,target_lh_full_120
90,0.21739221058645727,0.26615010348030455,2.5682240025898966,2.638148261866075,0.1812612181458151,0.9888888888888889,0.7934867128007818,m_catboost,trained,芸豆,fold3_test2026,120,target_lh_full_120
248,1.1130404813367898,1.4046236682110687,27.12218792343093,25.07872237695486,-1.0584094453305135,0.8266129032258065,10.116050805925873,m_catboost,trained,芹菜,fold1_test2024,120,target_lh_full_120
250,0.9873831062511066,1.2497953388116116,26.87636781302365,28.048511906671823,0.8453944350704277,0.744,8.581390006633887,m_catboost,trained,芹菜,fold2_test2025,120,target_lh_full_120
90,0.1536547383790598,0.17568342982489887,4.492727594187143,4.406148195111726,-0.07828418720751128,0.8,1.3972730078095783,m_catboost,trained,芹菜,fold3_test2026,120,target_lh_full_120
248,0.7478178205542775,1.0249468513735485,23.82508598732723,18.611068249864697,-0.4907261524970202,0.625,4.99722095449381,m_catboost,trained,茄子,fold1_test2024,120,target_lh_full_120
250,1.146624953560953,1.2432804638362647,29.249228597425702,28.432837344445293,0.059092589741467694,0.62,7.801679949550392,m_catboost,trained,茄子,fold2_test2025,120,target_lh_full_120
90,0.26804544470109387,0.3362722206783131,7.028482721689533,7.0945558190100355,-0.010849097073894469,0.9888888888888889,1.94249517712679,m_catboost,trained,茄子,fold3_test2026,120,target_lh_full_120
248,0.9273448372076322,1.1268625729266353,18.988180218792078,17.42192789581816,-0.4620423157964578,0.6129032258064516,7.629396380335539,m_catboost,trained,西红柿,fold1_test2024,120,target_lh_full_120
250,0.9155841797350343,1.2401067953739047,15.120156706136218,15.939387462966106,-0.4199154258659111,0.84,7.248067842793835,m_catboost,trained,西红柿,fold2_test2025,120,target_lh_full_120
90,0.48020633244310595,0.5497591470647798,9.947566051608149,9.852690312253658,0.10097685163871611,0.9222222222222223,3.9861066476173344,m_catboost,trained,西红柿,fold3_test2026,120,target_lh_full_120
248,1.3232702078549357,1.5763211952879408,25.714187669733015,21.386811638088847,-1.121167224783056,0.6895161290322581,7.076928302435929,m_catboost,trained,青椒,fold1_test2024,120,target_lh_full_120
250,1.19226883375512,1.2830024851677044,20.73822085191422,20.83140450301564,0.3499641261817191,0.816,6.268393526474878,m_catboost,trained,青椒,fold2_test2025,120,target_lh_full_120
90,0.3877177062168856,0.45429711430455455,7.738154137560127,7.2471955474335275,0.05028170310266133,0.9777777777777777,2.2168642826041927,m_catboost,trained,青椒,fold3_test2026,120,target_lh_full_120
248,0.611638106716356,0.7834868737068095,12.26092686350678,11.340936416325405,-0.3108048440770328,0.9032258064516129,4.076848818540464,m_catboost,trained,韭菜,fold1_test2024,120,target_lh_full_120
250,1.0025613493326428,1.2879788333110624,16.047788290857465,17.06198974636565,-0.5320730261496006,0.964,6.534978588654747,m_catboost,trained,韭菜,fold2_test2025,120,target_lh_full_120
90,0.4018677538666664,0.4862008712968151,8.656570371884117,8.47938864900324,-0.3019805015863536,0.9111111111111111,2.644825644114487,m_catboost,trained,韭菜,fold3_test2026,120,target_lh_full_120
248,0.8464832610866228,1.0780195526586582,20.78348664529983,18.204578344417556,-0.4912691387447495,0.6451612903225806,4.326470001109405,m_catboost,trained,黄瓜,fold1_test2024,120,target_lh_full_120
250,1.5073475712029551,1.84879415494993,27.44312353656842,27.5221162356428,-0.8807028261551602,0.776,7.68433328185529,m_catboost,trained,黄瓜,fold2_test2025,120,target_lh_full_120
90,0.4627346599513278,0.6101254325431653,10.41917795886473,10.992749363753452,-0.3350406691549411,0.9888888888888889,2.362884094926502,m_catboost,trained,黄瓜,fold3_test2026,120,target_lh_full_120
248,0.11185121662244289,0.13993131347869733,5.314368092794798,5.404967799921573,0.05107351951517624,0.8104838709677419,3.818297561879312,m_elasticnet,trained,土豆,fold1_test2024,120,target_lh_full_120
250,0.18142209230773954,0.23369506104606003,9.16874198171313,9.252533406899067,0.05320936909160012,0.792,6.393959127178214,m_elasticnet,trained,土豆,fold2_test2025,120,target_lh_full_120
90,0.20338564292293665,0.23128058768425916,9.371030431365062,9.357845703536297,0.03038683302002106,0.32222222222222224,7.661107550882293,m_elasticnet,trained,土豆,fold3_test2026,120,target_lh_full_120
248,3.5173834578138297,3.819476735757101,93.95006653251377,60.68913021943009,-3.5173834578138297,0.5806451612903226,20.68718415335607,m_elasticnet,trained,尖椒,fold1_test2024,120,target_lh_full_120
250,0.9801576130500732,1.098801145134738,18.487089820625005,17.49930290517067,0.3180681531013332,0.764,5.571779845414628,m_elasticnet,trained,尖椒,fold2_test2025,120,target_lh_full_120
90,0.7095932924626079,0.7915356255357918,13.171023877818127,13.06047047164866,-0.27467307172634803,1.0,4.317316452513846,m_elasticnet,trained,尖椒,fold3_test2026,120,target_lh_full_120
248,0.7762276810924181,1.0815683115309835,42.4412784803146,34.15230923531825,-0.7723573008453742,0.7338709677419355,10.019354143879687,m_elasticnet,trained,甘蓝,fold1_test2024,120,target_lh_full_120
250,0.4754300503639138,0.5690347669021197,25.988006539727802,23.692448608597,0.32767951118148214,0.776,5.994658759073439,m_elasticnet,trained,甘蓝,fold2_test2025,120,target_lh_full_120
90,0.2718300200716809,0.3388855018945558,14.847683051636466,17.397244753129698,0.25194355654314765,0.9888888888888889,3.6861345578951017,m_elasticnet,trained,甘蓝,fold3_test2026,120,target_lh_full_120
248,1.1562502511435784,1.4496458075128542,14.137750209011838,13.105493765037798,-0.6076159654292083,0.7943548387096774,4.079579026086644,m_elasticnet,trained,芸豆,fold1_test2024,120,target_lh_full_120
250,1.1551065265155371,1.2885087497614747,13.34810412857958,13.433015971068448,0.15499120109299144,0.608,4.14463543644723,m_elasticnet,trained,芸豆,fold2_test2025,120,target_lh_full_120
90,0.2840547402989338,0.3511694130403486,3.332566393521353,3.4471268191848226,0.030055332722931975,0.9777777777777777,1.0368065236893171,m_elasticnet,trained,芸豆,fold3_test2026,120,target_lh_full_120
248,1.7914753198616127,2.2046642495836903,51.54960884161953,40.36502979479797,-1.7605249942681305,0.6895161290322581,16.28211700936215,m_elasticnet,trained,芹菜,fold1_test2024,120,target_lh_full_120
250,0.920846662615852,1.1189647010183181,25.431565272654925,26.15841654275902,0.5256974460634298,0.624,8.003118848383663,m_elasticnet,trained,芹菜,fold2_test2025,120,target_lh_full_120
90,0.2843365887123436,0.34859852734644897,8.178723105933958,8.153534088017778,0.029661408377537467,0.9,2.5856400182095203,m_elasticnet,trained,芹菜,fold3_test2026,120,target_lh_full_120
248,1.048228836877935,1.3024854925588953,34.358943111841164,26.087447889583398,-0.8979367073936363,0.532258064516129,7.004688795552572,m_elasticnet,trained,茄子,fold1_test2024,120,target_lh_full_120
250,0.8549725113213876,0.8952169306962489,22.5823186232028,21.200737235726557,0.19548679678356723,0.628,5.817265600471894,m_elasticnet,trained,茄子,fold2_test2025,120,target_lh_full_120
90,0.17815537483047908,0.21634827866694095,4.876664136329695,4.715369263599843,0.04127039007741829,1.0,1.29107195525494,m_elasticnet,trained,茄子,fold3_test2026,120,target_lh_full_120
248,1.3121442752483141,1.4906603538820344,26.080588089685868,24.651113625780983,-0.21171089322528622,0.5040322580645161,10.795195468173029,m_elasticnet,trained,西红柿,fold1_test2024,120,target_lh_full_120
250,0.6452468290954585,0.7331010065504862,11.23314815730835,11.233089699277206,-0.07663968270658995,0.908,5.107987770152302,m_elasticnet,trained,西红柿,fold2_test2025,120,target_lh_full_120
90,0.5688197865680281,0.6512658337926422,11.825503159071344,11.670827354616375,0.4398025823377899,1.0,4.721671038779409,m_elasticnet,trained,西红柿,fold3_test2026,120,target_lh_full_120
248,1.5885718920763863,1.8490211795837885,33.18075012337822,25.674641224239323,-1.4553681687629862,0.6653225806451613,8.49577759459541,m_elasticnet,trained,青椒,fold1_test2024,120,target_lh_full_120
250,2.0668959692706372,2.2026256089194,33.72893453311895,36.112951024577875,2.0668959692706372,0.628,10.866775132305552,m_elasticnet,trained,青椒,fold2_test2025,120,target_lh_full_120
90,0.5858074392933108,0.692662430445525,12.36972742427372,10.94987666961242,0.5803644732985183,0.9333333333333333,3.3494874436472317,m_elasticnet,trained,青椒,fold3_test2026,120,target_lh_full_120
248,0.8663095019698187,1.0231625597264828,16.644559626966135,16.063029544453194,-0.20713660641481815,0.7782258064516129,5.7743506017912205,m_elasticnet,trained,韭菜,fold1_test2024,120,target_lh_full_120
250,0.6620697282093095,0.7850228603055388,11.655431653199138,11.267367250498628,0.016642220668373,0.952,4.315557846833337,m_elasticnet,trained,韭菜,fold2_test2025,120,target_lh_full_120
90,0.9147626160796345,0.9779405682294808,18.059066216688585,19.301443494,0.9147626160796345,0.9111111111111111,6.020357697292101,m_elasticnet,trained,韭菜,fold3_test2026,120,target_lh_full_120
248,1.016012060290643,1.2203881748139451,24.40890383228796,21.85048659638097,-0.3539421128033427,0.6169354838709677,5.1929505303743975,m_elasticnet,trained,黄瓜,fold1_test2024,120,target_lh_full_120
250,1.1549218185676218,1.3482540613551317,21.005635717920867,21.087301390170403,-0.644213965876176,0.804,5.88769593550171,m_elasticnet,trained,黄瓜,fold2_test2025,120,target_lh_full_120
90,0.5039154327429174,0.5835834599930478,11.934863323590251,11.971042007644094,0.41486825054841003,0.9111111111111111,2.5731674418801624,m_elasticnet,trained,黄瓜,fold3_test2026,120,target_lh_full_120
248,0.18445328033875313,0.2152239042225934,8.771061402818734,8.913305290063578,0.14258248983090577,0.7741935483870968,6.29673535850289,m_extra_trees,trained,土豆,fold1_test2024,120,target_lh_full_120
250,0.18533892847760486,0.21965144213938054,9.602127917398466,9.452292196195554,0.13195190228437503,0.86,6.532002350356849,m_extra_trees,trained,土豆,fold2_test2025,120,target_lh_full_120
90,0.1379307020813125,0.19682390446830342,6.778861148000797,6.346240616140333,-0.1093122411991523,0.6888888888888889,5.19555819195176,m_extra_trees,trained,土豆,fold3_test2026,120,target_lh_full_120
248,1.6011400105798388,1.9718995966302144,34.38269196356451,27.626158980691574,-1.2407632135909838,0.657258064516129,9.416965381067296,m_extra_trees,trained,尖椒,fold1_test2024,120,target_lh_full_120
250,1.343805003104314,1.5424526989342062,23.794424680010547,23.991703458415987,0.08654140269604943,0.756,7.638960849535789,m_extra_trees,trained,尖椒,fold2_test2025,120,target_lh_full_120
90,0.34445510412743746,0.4536898328509467,6.570564371304514,6.339893237508474,0.12490409354432667,1.0,2.095738085461285,m_extra_trees,trained,尖椒,fold3_test2026,120,target_lh_full_120
248,0.5417079209105624,0.6779389456281405,25.361228226212805,23.833956042539224,-0.3569475293499174,0.7782258064516129,6.99223131866317,m_extra_trees,trained,甘蓝,fold1_test2024,120,target_lh_full_120
250,0.8010976883622805,0.8989336070491347,39.152060616525795,39.921678904101945,0.42326813398574664,0.684,10.10097546576735,m_extra_trees,trained,甘蓝,fold2_test2025,120,target_lh_full_120
90,0.25230603203996244,0.28529939214194405,14.943946191084759,16.147700651063957,0.25230603203996244,0.7888888888888889,3.4213806982122383,m_extra_trees,trained,甘蓝,fold3_test2026,120,target_lh_full_120
248,1.0135352924785883,1.2134614803449506,11.493234748415045,11.487894115557244,-0.09150424136799211,0.9193548387096774,3.5760401498765155,m_extra_trees,trained,芸豆,fold1_test2024,120,target_lh_full_120
250,0.9545663731759111,1.0378319258013124,10.96929459070316,11.10088553910047,0.18085299692717455,0.7,3.42507771005359,m_extra_trees,trained,芸豆,fold2_test2025,120,target_lh_full_120
90,0.36508180569546816,0.44152642927527846,4.307543274147636,4.430425214114951,0.3604817135761413,0.9777777777777777,1.3325572297332222,m_extra_trees,trained,芸豆,fold3_test2026,120,target_lh_full_120
248,1.1006220667254438,1.3674637053364702,26.676141548013128,24.798914070229287,-0.9681618707522776,0.7661290322580645,10.00318400975459,m_extra_trees,trained,芹菜,fold1_test2024,120,target_lh_full_120
250,1.3467490949610115,1.582811494702918,34.10184417931717,38.2569924340055,1.3145735488104224,0.764,11.704655621282768,m_extra_trees,trained,芹菜,fold2_test2025,120,target_lh_full_120
90,0.1710993679625065,0.1866015407201842,5.023510242802031,4.906384139439567,-0.10996657465829061,0.7666666666666667,1.5559072959891893,m_extra_trees,trained,芹菜,fold3_test2026,120,target_lh_full_120
248,1.0364930469632765,1.267477689599879,32.03806865844949,25.795377306261507,-0.5636795857237049,0.6129032258064516,6.9262655035860865,m_extra_trees,trained,茄子,fold1_test2024,120,target_lh_full_120
250,1.195229667584806,1.2875417059092913,30.275338234333283,29.638087521254768,0.03372461165182886,0.596,8.132388278961756,m_extra_trees,trained,茄子,fold2_test2025,120,target_lh_full_120
90,0.20212335100876086,0.24412537798323966,5.355037675190782,5.349747307424249,-0.17039215746667524,1.0,1.464765181728981,m_extra_trees,trained,茄子,fold3_test2026,120,target_lh_full_120
248,1.1023310587611823,1.2696483762581638,21.45460614728799,20.709375253423964,-0.20237068817376952,0.532258064516129,9.069032631882743,m_extra_trees,trained,西红柿,fold1_test2024,120,target_lh_full_120
250,0.9091636290888659,1.2108456026207117,15.035375494145336,15.827612219640594,-0.4197876566238569,0.844,7.1972406357477405,m_extra_trees,trained,西红柿,fold2_test2025,120,target_lh_full_120
90,0.41666557459634074,0.4770480185870807,8.80350395588816,8.548985285947593,0.390244467555104,0.9111111111111111,3.45866621183832,m_extra_trees,trained,西红柿,fold3_test2026,120,target_lh_full_120
248,1.5602029282582617,1.8320411192638237,31.40721111504278,25.216139489714894,-0.9675598876020015,0.6693548387096774,8.344058677503854,m_extra_trees,trained,青椒,fold1_test2024,120,target_lh_full_120
250,0.9496976554092422,1.0631702385844142,16.566246597718308,16.593183898874624,0.2420375385161631,0.868,4.993067391123608,m_extra_trees,trained,青椒,fold2_test2025,120,target_lh_full_120
90,0.38420919822806976,0.4572997889564187,7.735640854512632,7.181614731631276,0.06233130566906296,0.9777777777777777,2.1968035891642947,m_extra_trees,trained,青椒,fold3_test2026,120,target_lh_full_120
248,0.6250971523871861,0.7867719323032436,12.480153879866924,11.59049277898691,-0.2713645078264288,0.9193548387096774,4.166559537737448,m_extra_trees,trained,韭菜,fold1_test2024,120,target_lh_full_120
250,0.9460178196133188,1.2205387529846965,15.034553280890986,16.09970935830101,-0.500342584829282,0.972,6.166411860754542,m_extra_trees,trained,韭菜,fold2_test2025,120,target_lh_full_120
90,0.3136515028462608,0.36827907385672687,6.77047056800288,6.618030352989698,-0.3066967773354764,0.9666666666666667,2.064245090732191,m_extra_trees,trained,韭菜,fold3_test2026,120,target_lh_full_120
248,0.923083711616069,1.1453181799630527,21.97350925327381,19.85195752719183,-0.30741419715870405,0.6612903225806451,4.717983414926574,m_extra_trees,trained,黄瓜,fold1_test2024,120,target_lh_full_120
250,1.5627102843862368,1.9106990976108897,28.571041344129466,28.532964069586527,-0.9020474007465261,0.792,7.966567815957192,m_extra_trees,trained,黄瓜,fold2_test2025,120,target_lh_full_120
90,0.29371994133703105,0.34812831071209865,7.058180695175991,6.97762665669774,-0.2237851017818994,0.9555555555555556,1.4998361649006717,m_extra_trees,trained,黄瓜,fold3_test2026,120,target_lh_full_120
248,0.19498194660094342,0.22114825296684998,9.8896220935099,9.422080284575715,-0.08529293004261282,0.5967741935483871,6.656155505486751,m_linear,trained,土豆,fold1_test2024,120,target_lh_full_120
250,0.2383868822632624,0.3001193465439247,11.68617118957302,12.157739798116388,0.17392797963421783,0.696,8.401600721599221,m_linear,trained,土豆,fold2_test2025,120,target_lh_full_120
90,0.20350097584209947,0.23918316515275972,9.118830835840784,9.363152212130284,0.08710296706422563,0.24444444444444444,7.665451898325728,m_linear,trained,土豆,fold3_test2026,120,target_lh_full_120
248,3.8756064384560758,4.183998507419587,109.2283035745505,66.86992949267793,-3.8756064384560758,0.5685483870967742,22.7940413832801,m_linear,trained,尖椒,fold1_test2024,120,target_lh_full_120
250,1.0082416799285339,1.211113458474547,19.35355274253382,18.000703482559384,0.5374205322861358,0.772,5.731425840841579,m_linear,trained,尖椒,fold2_test2025,120,target_lh_full_120
90,0.9395443803273014,1.038560973265227,17.852019351022236,17.292851787652396,-0.48806933727144136,0.9888888888888889,5.716387759214525,m_linear,trained,尖椒,fold3_test2026,120,target_lh_full_120
248,0.891674831303185,1.154501075115321,50.468835561961015,39.2317297073961,-0.8885869042170498,0.7338709677419355,11.509517289357142,m_linear,trained,甘蓝,fold1_test2024,120,target_lh_full_120
250,0.5965902347009364,0.6664235768347145,31.33147358969861,29.730311462692544,0.2528842770429087,0.712,7.522357649227595,m_linear,trained,甘蓝,fold2_test2025,120,target_lh_full_120
90,0.4008800386531053,0.45805320592778986,22.15981884603226,25.656504558448272,0.4008800386531053,0.6777777777777778,5.43610953514211,m_linear,trained,甘蓝,fold3_test2026,120,target_lh_full_120
248,1.0855633786617442,1.3875459365848493,13.334847336442715,12.304294919316927,-0.6548443710898383,0.782258064516129,3.8301756792667496,m_linear,trained,芸豆,fold1_test2024,120,target_lh_full_120
250,1.366860136275803,1.537586127760449,15.683969551945914,15.895550427021753,0.14017548569580732,0.588,4.9044281435800405,m_linear,trained,芸豆,fold2_test2025,120,target_lh_full_120
90,0.2898039751899827,0.36853735755209815,3.3809124892101465,3.516896264897544,0.006039861061387381,0.9777777777777777,1.0577913670860113,m_linear,trained,芸豆,fold3_test2026,120,target_lh_full_120
248,2.2343764271307216,2.63574365444356,70.88881626445152,50.34435588032149,-2.2236430182463165,0.7056451612903226,20.307496299928513,m_linear,trained,芹菜,fold1_test2024,120,target_lh_full_120
250,1.129296210766511,1.430963292836123,30.18479165957142,32.0798259695851,0.6194943199415586,0.596,9.814763040048106,m_linear,trained,芹菜,fold2_test2025,120,target_lh_full_120
90,0.27878422821672316,0.3457115992360342,8.086169680236472,7.994316588873467,0.05250794563507752,0.9444444444444444,2.5351491349995308,m_linear,trained,芹菜,fold3_test2026,120,target_lh_full_120
248,1.3772326146950309,1.5894046665272923,46.93620093497846,34.275420407915306,-1.2826383226988511,0.5645161290322581,9.203225026471245,m_linear,trained,茄子,fold1_test2024,120,target_lh_full_120
250,1.133913341030822,1.3131558073725238,29.914948974679522,28.117627728317213,0.7138690820878256,0.548,7.715189652705911,m_linear,trained,茄子,fold2_test2025,120,target_lh_full_120
90,0.275954662219615,0.31408865866972463,7.590682154859454,7.303894892958534,0.1297281760338671,1.0,1.9998123865339728,m_linear,trained,茄子,fold3_test2026,120,target_lh_full_120
248,1.3492117934552104,1.6045865245154176,28.17040464032914,25.347497110722824,-0.5785438531284195,0.5645161290322581,11.100155152951428,m_linear,trained,西红柿,fold1_test2024,120,target_lh_full_120
250,0.836207088282293,0.9563244909878575,14.967842021691633,14.557513196948657,0.22531923591773675,0.768,6.61969247682845,m_linear,trained,西红柿,fold2_test2025,120,target_lh_full_120
90,0.627549914819754,0.7099644955741385,12.621108433739472,12.875829718327916,0.09396443022998982,1.0,5.2091793010061656,m_linear,trained,西红柿,fold3_test2026,120,target_lh_full_120
248,1.3725322152725408,1.5940988936151865,24.606549072029342,22.182988614869956,-0.6680051815932052,0.7056451612903226,7.34038446766887,m_linear,trained,青椒,fold1_test2024,120,target_lh_full_120
250,3.1432268867281556,3.260425755715462,46.22614936474498,54.91868014025201,3.1432268867281556,0.608,16.525621161255106,m_linear,trained,青椒,fold2_test2025,120,target_lh_full_120
90,0.6678502004292173,0.7780688260642965,13.902729218282142,12.483414920946993,0.5970935855967882,0.9222222222222223,3.818585614538292,m_linear,trained,青椒,fold3_test2026,120,target_lh_full_120
248,1.041373434132079,1.3652082548341349,21.51339397383637,19.309048557400036,-0.7246642347928908,0.7459677419354839,6.94123209129877,m_linear,trained,韭菜,fold1_test2024,120,target_lh_full_120
250,0.7610238159322246,0.8582749851140261,13.77178232083942,12.951407465307627,0.2273994754842804,0.928,4.960568593516885,m_linear,trained,韭菜,fold2_test2025,120,target_lh_full_120
90,1.2641362100784381,1.317155152100931,24.22102884388487,26.673208107385292,1.2641362100784381,0.8666666666666667,8.319701777262894,m_linear,trained,韭菜,fold3_test2026,120,target_lh_full_120
248,1.065244842383055,1.2579874978815997,25.462752359934694,22.909293166949688,-0.2945418036526071,0.6209677419354839,5.444584749957836,m_linear,trained,黄瓜,fold1_test2024,120,target_lh_full_120
250,1.22389748664022,1.377547926325957,22.80863345161576,22.346703262964848,-0.5039935215375594,0.764,6.239328188032206,m_linear,trained,黄瓜,fold2_test2025,120,target_lh_full_120
90,0.36513335659126434,0.5023744802671533,8.668440218388016,8.674127574052854,0.3223904392340068,0.9666666666666667,1.8644978980121667,m_linear,trained,黄瓜,fold3_test2026,120,target_lh_full_120
248,0.506123141532537,0.6260410201123511,24.321928417230566,24.48380133225031,-0.06552795902695413,0.25,17.27767310612,b_drift_trend90,rowwise,土豆,fold1_test2024,150,target_lh_full_150
250,0.7745343853048536,0.8589092133853355,40.895766872752965,39.585045170221285,0.17611835684085084,0.38,27.297343665471924,b_drift_trend90,rowwise,土豆,fold2_test2025,150,target_lh_full_150
72,0.8789789521926271,0.9687247349542719,32.46861883161658,40.3937095859534,0.8789789521926271,0.2638888888888889,33.10928043362949,b_drift_trend90,rowwise,土豆,fold3_test2026,150,target_lh_full_150
248,12.334083842314874,20.624633510503788,89.42603652346529,214.93437457937503,9.832559141346664,0.1814516129032258,72.5418388040894,b_drift_trend90,rowwise,尖椒,fold1_test2024,150,target_lh_full_150
250,3.5575932165584465,5.814069185063588,54.10802108273235,62.67354381253077,0.8088534414376903,0.516,20.223406846294118,b_drift_trend90,rowwise,尖椒,fold2_test2025,150,target_lh_full_150
72,19.093754118465654,23.45708662183939,105.90713201114765,353.79627765722955,19.093754118465654,0.1527777777777778,116.1704594329288,b_drift_trend90,rowwise,尖椒,fold3_test2026,150,target_lh_full_150
248,3.8137206770638428,5.638831458892508,89.09943395842836,170.97882311136215,2.780334857145843,0.27419354838709675,49.22655942334248,b_drift_trend90,rowwise,甘蓝,fold1_test2024,150,target_lh_full_150
250,2.6934692210193907,4.2748720197732775,79.74194586372752,133.8658375070798,1.6140181787348624,0.464,33.961733899065614,b_drift_trend90,rowwise,甘蓝,fold2_test2025,150,target_lh_full_150
72,2.39904476509393,3.0371810373760346,84.92896222696838,152.83058640907282,1.863040145448205,0.4305555555555556,32.532101539845165,b_drift_trend90,rowwise,甘蓝,fold3_test2026,150,target_lh_full_150
248,6.412373986895745,8.100808740586217,60.767445127647555,73.17012522269137,3.0308291951236326,0.28225806451612906,22.624675236602442,b_drift_trend90,rowwise,芸豆,fold1_test2024,150,target_lh_full_150
250,3.752153527598965,4.650341685845745,40.01461746859945,43.58114768459889,0.6407227838993108,0.284,13.46309462936618,b_drift_trend90,rowwise,芸豆,fold2_test2025,150,target_lh_full_150
72,5.095906238084229,6.482113632463804,41.472023944809486,61.805211863331486,5.095906238084229,0.4166666666666667,18.600178353632096,b_drift_trend90,rowwise,芸豆,fold3_test2026,150,target_lh_full_150
248,7.364639910720948,10.43476138094673,86.66502943078885,169.14801626673562,5.461645740449285,0.25806451612903225,66.9347366546137,b_drift_trend90,rowwise,芹菜,fold1_test2024,150,target_lh_full_150
250,1.9715897441624137,2.855789841934708,50.546404028993244,55.443400815249255,0.5334294767695474,0.532,17.135173187209105,b_drift_trend90,rowwise,芹菜,fold2_test2025,150,target_lh_full_150
72,2.0193001634973204,2.381013875449587,45.43026894362254,58.01632797647957,1.179533632050243,0.4027777777777778,18.3626853482365,b_drift_trend90,rowwise,芹菜,fold3_test2026,150,target_lh_full_150
248,8.961027138566623,16.133285249685223,84.4200005843542,225.91311408796648,7.4392581538002505,0.3346774193548387,59.88120550195237,b_drift_trend90,rowwise,茄子,fold1_test2024,150,target_lh_full_150
250,6.634635538092985,14.408520273525943,72.15981073274587,162.8298953173452,4.306049564125569,0.508,45.14231343855274,b_drift_trend90,rowwise,茄子,fold2_test2025,150,target_lh_full_150
72,11.616668875516508,16.99626869751437,86.467335655093,309.0639969815009,11.308966373619382,0.3611111111111111,84.1846922268462,b_drift_trend90,rowwise,茄子,fold3_test2026,150,target_lh_full_150
248,5.975883325671768,7.899355513228064,71.49908196062253,112.77338924374422,3.985271500016517,0.16532258064516128,49.16443245801947,b_drift_trend90,rowwise,西红柿,fold1_test2024,150,target_lh_full_150
250,3.25780372497598,5.044930412858381,46.65983667433594,56.45604604172269,0.7404223784732699,0.424,25.789854106004544,b_drift_trend90,rowwise,西红柿,fold2_test2025,150,target_lh_full_150
72,8.866904348531243,11.271308611589859,78.45794372392845,182.89402516546295,8.454054248187369,0.3055555555555556,73.6025828473534,b_drift_trend90,rowwise,西红柿,fold3_test2026,150,target_lh_full_150
248,18.482139406179325,35.32502698068878,94.78398968889906,303.4895259047969,15.646161263993644,0.14516129032258066,98.84358816267971,b_drift_trend90,rowwise,青椒,fold1_test2024,150,target_lh_full_150
250,2.9283052570942756,4.080794219258791,49.716090734258835,50.635581755081525,0.30747215202952527,0.5,15.395663458969691,b_drift_trend90,rowwise,青椒,fold2_test2025,150,target_lh_full_150
72,17.531392005226255,21.125277424348774,107.73095004243001,329.3817595198229,17.531392005226255,0.1111111111111111,100.23972632030952,b_drift_trend90,rowwise,青椒,fold3_test2026,150,target_lh_full_150
248,6.198362835006257,7.946986261870094,83.21064845573096,114.81466673321239,3.6442155858662573,0.2782258064516129,41.31493431049271,b_drift_trend90,rowwise,韭菜,fold1_test2024,150,target_lh_full_150
250,6.465469441398405,11.493355832734665,65.90517126792564,109.78097330733523,3.8143270222097962,0.364,42.14375947493396,b_drift_trend90,rowwise,韭菜,fold2_test2025,150,target_lh_full_150
72,7.298064353976187,10.675529224902373,69.18298589564613,152.9944044171501,6.239383454244899,0.5138888888888888,48.03099420163528,b_drift_trend90,rowwise,韭菜,fold3_test2026,150,target_lh_full_150
248,5.032894576361564,6.559061608432261,79.30306306120075,108.90529702339357,2.589762980915946,0.2701612903225806,25.723683390292436,b_drift_trend90,rowwise,黄瓜,fold1_test2024,150,target_lh_full_150
250,6.844900564317425,10.20731570502317,76.7565880874329,124.4613473614921,4.495892071535795,0.252,34.89473710127628,b_drift_trend90,rowwise,黄瓜,fold2_test2025,150,target_lh_full_150
72,5.007347773827229,6.47530520229226,67.72623023778799,117.98913033944203,4.250261173721595,0.4861111111111111,25.56925909502111,b_drift_trend90,rowwise,黄瓜,fold3_test2026,150,target_lh_full_150
248,0.21025858148076124,0.2666554019383626,10.003839093183185,10.171298079332693,0.007582568912566618,0.0,7.177658440159567,b_last_value,rowwise,土豆,fold1_test2024,150,target_lh_full_150
250,0.30437219505894564,0.3467079087471362,15.987276635121466,15.55590987122604,-0.026233829705754958,0.0,10.72715759090267,b_last_value,rowwise,土豆,fold2_test2025,150,target_lh_full_150
72,0.08124233792609929,0.09975293569848143,3.6450738010390498,3.7335130677299384,0.06119293151730224,0.0,3.0602272588768793,b_last_value,rowwise,土豆,fold3_test2026,150,target_lh_full_150
248,1.3678616285504295,1.7934842327375637,22.88874019188512,23.836426556058964,0.30598134768209834,0.0,8.044958914920219,b_last_value,rowwise,尖椒,fold1_test2024,150,target_lh_full_150
250,1.799290148171218,2.130837275061289,33.245280091615435,31.697803281161384,-0.6990275155997657,0.0,10.22820049567001,b_last_value,rowwise,尖椒,fold2_test2025,150,target_lh_full_150
72,3.5690116807990577,3.8648287126735386,49.042469090056265,66.13173290844429,3.5690116807990577,0.0,21.714625846100176,b_last_value,rowwise,尖椒,fold3_test2026,150,target_lh_full_150
248,0.7305600897109453,0.8696076638967206,31.60077355138823,32.752871782701234,0.12117130729067413,0.0,9.429888215139526,b_last_value,rowwise,甘蓝,fold1_test2024,150,target_lh_full_150
250,0.7392399418463149,0.856335431386193,38.33615190297541,36.74033961913592,-0.16286616353999978,0.0,9.321016181147796,b_last_value,rowwise,甘蓝,fold2_test2025,150,target_lh_full_150
72,0.7947787018681848,0.9715056501706693,36.26184512466853,50.63119156394757,0.7902587450181309,0.0,10.777548550608135,b_last_value,rowwise,甘蓝,fold3_test2026,150,target_lh_full_150
248,1.875959839759005,2.1777298983661875,21.446958978990416,21.40614640824413,-0.0095375174613947,0.0,6.61891870595699,b_last_value,rowwise,芸豆,fold1_test2024,150,target_lh_full_150
250,1.3167231875450538,1.7852345424738865,15.323007564977608,15.293699278040334,-0.1482994327255314,0.0,4.724531857294096,b_last_value,rowwise,芸豆,fold2_test2025,150,target_lh_full_150
72,1.8410034827242145,1.9297149858545897,20.132089331184993,22.32843482098238,1.8410034827242145,0.0,6.719706275679369,b_last_value,rowwise,芸豆,fold3_test2026,150,target_lh_full_150
248,1.3868359554169403,1.6375596313633995,30.478177524397292,31.85227704136245,0.27160277701683283,0.0,12.604485838316473,b_last_value,rowwise,芹菜,fold1_test2024,150,target_lh_full_150
250,0.8555714401316216,0.9487203082850709,24.580122217092242,24.059665770603598,-0.1794004217126305,0.0,7.435809018632004,b_last_value,rowwise,芹菜,fold2_test2025,150,target_lh_full_150
72,0.6206222000364817,0.8544471118060608,15.034866825226462,17.83103956394476,0.6044278336333775,0.0,5.643683086551351,b_last_value,rowwise,芹菜,fold3_test2026,150,target_lh_full_150
248,0.8964037526339518,1.154368902743264,22.256201098720062,22.59890078516914,0.29688653006419724,0.0,5.9901322129888195,b_last_value,rowwise,茄子,fold1_test2024,150,target_lh_full_150
250,1.5390989543623699,1.8617131417520785,40.68143330094119,37.77318590945452,-0.42130073049945704,0.0,10.472088031341253,b_last_value,rowwise,茄子,fold2_test2025,150,target_lh_full_150
72,1.9666164684788414,2.126008010686625,40.44046337143503,52.32225802344648,1.9666164684788414,0.0,14.251848262290874,b_last_value,rowwise,茄子,fold3_test2026,150,target_lh_full_150
248,1.1822776054142787,1.3717939809138051,21.58697109401006,22.311254307254785,0.2430777717977657,0.0,9.726764113401623,b_last_value,rowwise,西红柿,fold1_test2024,150,target_lh_full_150
250,1.3266157199860553,1.597407913179219,23.514158050029486,22.989561216662327,-0.5119534407896124,0.0,10.501929754354615,b_last_value,rowwise,西红柿,fold2_test2025,150,target_lh_full_150
72,2.4635562155409856,2.679465533595776,39.13033669431789,50.81477083445929,2.4635562155409856,0.0,20.449538342375735,b_last_value,rowwise,西红柿,fold3_test2026,150,target_lh_full_150
248,1.7034129212780438,2.4551766382070603,24.629145835684128,27.971219594087433,0.6895582958268965,0.0,9.109954294874584,b_last_value,rowwise,青椒,fold1_test2024,150,target_lh_full_150
250,1.6932772598219281,2.002424119985483,29.88590401878726,29.279761362315277,-0.5818178841284964,0.0,8.902462190985133,b_last_value,rowwise,青椒,fold2_test2025,150,target_lh_full_150
72,3.5805410268871345,3.8885847903580024,49.881036199208076,67.27160644844513,3.5805410268871345,0.0,20.4725587395919,b_last_value,rowwise,青椒,fold3_test2026,150,target_lh_full_150
248,1.395420160249474,1.7066172551792524,27.45391179875775,25.84790611917888,0.040209277696367944,0.0,9.301116083532085,b_last_value,rowwise,韭菜,fold1_test2024,150,target_lh_full_150
250,2.169870298815105,2.4436190260148374,37.17486769055746,36.84349226513063,-0.28710623354059883,0.0,14.14382865682342,b_last_value,rowwise,韭菜,fold2_test2025,150,target_lh_full_150
72,2.2580689067273383,2.5192744487785164,36.31591220423209,47.337470699256265,2.253182175335753,0.0,14.86110416480819,b_last_value,rowwise,韭菜,fold3_test2026,150,target_lh_full_150
248,1.240469269885852,1.6477871653419538,26.452318027485074,26.842142674678144,0.13219872466440896,0.0,6.340176268305465,b_last_value,rowwise,黄瓜,fold1_test2024,150,target_lh_full_150
250,1.854450934419543,2.2743603681234337,35.56803044377955,33.7196223297731,-0.3680195280103586,0.0,9.45383752703777,b_last_value,rowwise,黄瓜,fold2_test2025,150,target_lh_full_150
72,2.3924035686193696,2.785897175747596,41.02895639730473,56.37268055512467,2.3563717845548187,0.0,12.216444606787645,b_last_value,rowwise,黄瓜,fold3_test2026,150,target_lh_full_150
248,0.3041207830361742,0.3658816748506462,13.578584148716837,14.71189957906204,0.3029207309345206,0.6612903225806451,10.381859754852698,b_same_season_mean,rowwise,土豆,fold1_test2024,150,target_lh_full_150
250,0.3364293072975584,0.4616028639807993,15.932269552007455,17.19429063271137,0.32784490470868727,0.616,11.856964125386732,b_same_season_mean,rowwise,土豆,fold2_test2025,150,target_lh_full_150
72,0.19243440837365838,0.22356857686321607,8.378741793352372,8.843373992972294,0.19243440837365838,0.4027777777777778,7.248597678055388,b_same_season_mean,rowwise,土豆,fold3_test2026,150,target_lh_full_150
248,1.9098439994122172,2.096161020511531,34.933413782191245,33.28103901398451,-0.5036234078797892,0.4596774193548387,11.23258097784395,b_same_season_mean,rowwise,尖椒,fold1_test2024,150,target_lh_full_150
250,2.481412441359278,2.7795366031982893,42.22553182621516,43.71464130205867,-0.3467619267401976,0.448,14.105776096461755,b_same_season_mean,rowwise,尖椒,fold2_test2025,150,target_lh_full_150
72,2.0178374189716224,2.1506548827370437,32.58187237544853,37.389366350916426,2.0178374189716224,0.9027777777777778,12.276951853914714,b_same_season_mean,rowwise,尖椒,fold3_test2026,150,target_lh_full_150
248,0.6500521987750383,0.7527268527236203,29.996106059965893,29.143497733315694,-0.082225314047578,0.5967741935483871,8.390712351778818,b_same_season_mean,rowwise,甘蓝,fold1_test2024,150,target_lh_full_150
250,0.7709607961579666,0.8814869569589792,38.38499794474981,38.31687099203286,0.1358580509645941,0.708,9.720981848019468,b_same_season_mean,rowwise,甘蓝,fold2_test2025,150,target_lh_full_150
72,0.9034751630357339,0.9397109819741737,44.630114336307294,57.555674234106135,0.9034751630357339,0.5833333333333334,12.25152034270435,b_same_season_mean,rowwise,甘蓝,fold3_test2026,150,target_lh_full_150
248,1.6286107365754665,2.051262930914871,17.969493292736082,18.583702662660055,0.1416370032604112,0.7217741935483871,5.7462008730562975,b_same_season_mean,rowwise,芸豆,fold1_test2024,150,target_lh_full_150
250,1.7799672476155572,2.1157371202798947,19.75036747640263,20.674264771282488,0.2515804342674362,0.564,6.386696950312531,b_same_season_mean,rowwise,芸豆,fold2_test2025,150,target_lh_full_150
72,2.5564350299547964,2.7462910885812,26.834273536841224,31.00547797767131,2.5564350299547964,0.3055555555555556,9.33104835235512,b_same_season_mean,rowwise,芸豆,fold3_test2026,150,target_lh_full_150
248,0.9104093137847166,1.172681680453967,22.379328062609716,20.90990615756662,-0.8206594097720379,0.7782258064516129,8.274404234941361,b_same_season_mean,rowwise,芹菜,fold1_test2024,150,target_lh_full_150
250,0.7396292573209998,0.8459016338248299,21.183729222448715,20.799236499251762,0.10274016640379614,0.736,6.428150408089239,b_same_season_mean,rowwise,芹菜,fold2_test2025,150,target_lh_full_150
72,0.37047650307786056,0.4329419335603575,9.940848926349734,10.644126464546254,0.3664292113717847,0.6944444444444444,3.3689609786151795,b_same_season_mean,rowwise,芹菜,fold3_test2026,150,target_lh_full_150
248,1.0888756066097045,1.2160853770896045,27.25783961663512,27.451236932976176,0.10800029769749811,0.4959677419354839,7.276306940845674,b_same_season_mean,rowwise,茄子,fold1_test2024,150,target_lh_full_150
250,1.7896981494024904,1.9953085284728727,43.61959981772973,43.923492201444525,-0.026676005116257555,0.428,12.177174519513557,b_same_season_mean,rowwise,茄子,fold2_test2025,150,target_lh_full_150
72,1.4129205243164615,1.4799970566274911,32.734993143582166,37.591057242132806,1.4129205243164615,0.5833333333333334,10.239276057120703,b_same_season_mean,rowwise,茄子,fold3_test2026,150,target_lh_full_150
248,1.2158829940956102,1.4698582747342743,24.738311536062394,22.94543562772444,-0.4309339233311871,0.4879032258064516,10.00324037172333,b_same_season_mean,rowwise,西红柿,fold1_test2024,150,target_lh_full_150
250,1.765821696409105,1.9295060633017607,32.37797194802155,30.600772609369013,-0.7816628269419402,0.296,13.978829841243439,b_same_season_mean,rowwise,西红柿,fold2_test2025,150,target_lh_full_150
72,1.2830885853101575,1.4375798621035953,24.44341078420432,26.465745742493084,1.2307355996039122,0.6805555555555556,10.650688243459806,b_same_season_mean,rowwise,西红柿,fold3_test2026,150,target_lh_full_150
248,1.8645677541221157,2.118221562956411,31.545445076236927,30.617493531441347,-0.24054340201927452,0.5725806451612904,9.971819990073223,b_same_season_mean,rowwise,青椒,fold1_test2024,150,target_lh_full_150
250,2.4953539969687464,2.9106552323883816,39.678123272143914,43.149088031471074,0.14135900251404404,0.412,13.119407635270607,b_same_season_mean,rowwise,青椒,fold2_test2025,150,target_lh_full_150
72,3.051612459074774,3.1749977482754574,45.39043883159237,57.33403718558232,3.051612459074774,0.625,17.448289197008023,b_same_season_mean,rowwise,青椒,fold3_test2026,150,target_lh_full_150
248,1.6213741730397668,1.8378244195590092,31.295102309522722,30.033339493461703,-0.1879397798597892,0.5040322580645161,10.807203326908787,b_same_season_mean,rowwise,韭菜,fold1_test2024,150,target_lh_full_150
250,1.8514857402829847,2.064120451295393,33.06851949113396,31.43745531166812,-0.5965422314916459,0.62,12.068508005024224,b_same_season_mean,rowwise,韭菜,fold2_test2025,150,target_lh_full_150
72,1.2337623163562956,1.4333688541717067,21.635819377758093,25.86421845957196,1.1988352344211062,0.9861111111111112,8.119801058046233,b_same_season_mean,rowwise,韭菜,fold3_test2026,150,target_lh_full_150
248,1.341791510653603,1.5072876717813652,30.157674538262246,29.034624269209157,-0.07989910806576826,0.5362903225806451,6.8580454988961925,b_same_season_mean,rowwise,黄瓜,fold1_test2024,150,target_lh_full_150
250,2.0979592478498916,2.3748436882324637,41.439392233103725,38.14735250619941,-0.8627961196365301,0.572,10.695222774242533,b_same_season_mean,rowwise,黄瓜,fold2_test2025,150,target_lh_full_150
72,1.3401087159712992,1.5313889032350267,26.30983044639603,31.57724789642613,1.319667659780509,0.8888888888888888,6.843061141722186,b_same_season_mean,rowwise,黄瓜,fold3_test2026,150,target_lh_full_150
248,0.2629275091115402,0.3162537153043892,11.986197159465837,12.719167272964023,0.24742127858998597,0.7096774193548387,8.975632964104527,b_same_season_median,rowwise,土豆,fold1_test2024,150,target_lh_full_150
250,0.2860399237285718,0.3957783022097702,13.828611671101369,14.618980791699151,0.25728617029424505,0.612,10.081063214502676,b_same_season_median,rowwise,土豆,fold2_test2025,150,target_lh_full_150
72,0.11797571162283983,0.14327188017802656,5.239355393245983,5.421604944693637,0.11244293151730221,0.4444444444444444,4.443895852948242,b_same_season_median,rowwise,土豆,fold3_test2026,150,target_lh_full_150
248,2.0064430918667133,2.205474901846823,39.15506006295936,34.96437972960475,-0.8651073619953211,0.4596774193548387,11.800720118378624,b_same_season_median,rowwise,尖椒,fold1_test2024,150,target_lh_full_150
250,2.421908790065178,2.6998258908730404,43.03685104547842,42.666375109333586,-0.6367475155997656,0.324,13.767523104703265,b_same_season_median,rowwise,尖椒,fold2_test2025,150,target_lh_full_150
72,1.6190085559148955,1.8148933778280365,27.364083322442884,29.999296996494785,1.6052616807990572,0.9166666666666666,9.850392259141017,b_same_season_median,rowwise,尖椒,fold3_test2026,150,target_lh_full_150
248,0.5937115663756949,0.7163029411521528,28.07389929506723,26.61760351171632,-0.30523998303190647,0.7862903225806451,7.663481460058075,b_same_season_median,rowwise,甘蓝,fold1_test2024,150,target_lh_full_150
250,0.8229876609038802,0.8909050869693704,41.69851846354774,40.902614228944024,-0.10422616353999974,0.596,10.37698434558455,b_same_season_median,rowwise,甘蓝,fold2_test2025,150,target_lh_full_150
72,0.6702587450181309,0.7537238837438437,34.84659491315055,42.6986767972708,0.6702587450181309,0.5833333333333334,9.089003201674435,b_same_season_median,rowwise,甘蓝,fold3_test2026,150,target_lh_full_150
248,1.660658033113908,1.9524322955380966,18.89911930648196,18.949386995102063,-0.15227945294526568,0.7096774193548387,5.859272830162208,b_same_season_median,rowwise,芸豆,fold1_test2024,150,target_lh_full_150
250,1.8926651631665767,2.1573208966445754,21.386009046705528,21.98324759014874,-0.03537943272553139,0.56,6.791068117546352,b_same_season_median,rowwise,芸豆,fold2_test2025,150,target_lh_full_150
72,2.429336816057548,2.63677265500273,25.571155127926243,29.463979435436823,2.429336816057548,0.3611111111111111,8.867136864100257,b_same_season_median,rowwise,芸豆,fold3_test2026,150,target_lh_full_150
248,1.1998332657809954,1.3723787686594888,31.378930575841522,27.55727628478538,-1.1923085133057478,0.75,10.904881249874197,b_same_season_median,rowwise,芹菜,fold1_test2024,150,target_lh_full_150
250,0.7466767857734273,0.8544199025492543,21.43574912526945,20.99742121080331,-0.17620042171263053,0.6,6.489400787855965,b_same_season_median,rowwise,芹菜,fold2_test2025,150,target_lh_full_150
72,0.2764017120113821,0.33137056894854705,8.26577100881316,7.941272262138396,-0.01862772192217806,0.9166666666666666,2.5134835123216317,b_same_season_median,rowwise,芹菜,fold3_test2026,150,target_lh_full_150
248,1.0120432320449766,1.1117597252425124,25.552201267033546,25.51424458463393,0.03680588490290696,0.5120967741935484,6.762881957373368,b_same_season_median,rowwise,茄子,fold1_test2024,150,target_lh_full_150
250,1.7357597343426283,1.9341185487123194,42.40311315660266,42.59971391289285,-0.0730607304994569,0.44,11.81017548467118,b_same_season_median,rowwise,茄子,fold2_test2025,150,target_lh_full_150
72,1.2809220240343966,1.334770050635552,30.058369197411366,34.07920849014495,1.2809220240343966,0.6388888888888888,9.282697778121008,b_same_season_median,rowwise,茄子,fold3_test2026,150,target_lh_full_150
248,1.2087080410115696,1.4659073452204583,25.04002493747478,22.810034092444102,-0.5599464217506213,0.4717741935483871,9.944211023748215,b_same_season_median,rowwise,西红柿,fold1_test2024,150,target_lh_full_150
250,1.7112848375825782,1.9062694942102831,31.528668912033787,29.655677179194186,-0.8781534407896122,0.316,13.54709799019515,b_same_season_median,rowwise,西红柿,fold2_test2025,150,target_lh_full_150
72,1.009114833572025,1.1320247506986838,19.96181049613274,20.81460073455461,0.8795284377632077,0.7361111111111112,8.376481263472886,b_same_season_median,rowwise,西红柿,fold3_test2026,150,target_lh_full_150
248,1.9493599808310407,2.1726287855253332,34.248536641490276,32.00984060332308,-0.4905626719150391,0.5403225806451613,10.425293895448668,b_same_season_median,rowwise,青椒,fold1_test2024,150,target_lh_full_150
250,2.5542080298143737,2.9193651401999317,41.67283049585422,44.16677844627712,-0.06485788412849638,0.32,13.428834694044369,b_same_season_median,rowwise,青椒,fold2_test2025,150,target_lh_full_150
72,2.8602632491093565,2.9771152772384624,43.024434818418264,53.73894676479038,2.8602632491093565,0.6666666666666666,16.354206511912455,b_same_season_median,rowwise,青椒,fold3_test2026,150,target_lh_full_150
248,1.6473158341541274,1.8451957190707673,32.25467739058038,30.51386689313727,-0.34462943198105134,0.5604838709677419,10.980116409504054,b_same_season_median,rowwise,韭菜,fold1_test2024,150,target_lh_full_150
250,1.8590463061539366,2.099426540088563,33.105290913148046,31.565830565404962,-0.7209462335405987,0.624,12.11778991292709,b_same_season_median,rowwise,韭菜,fold2_test2025,150,target_lh_full_150
72,1.1609892591185644,1.3660303109716398,20.638621737007306,24.33862619158437,1.0495710642246416,0.9583333333333334,7.640857310678979,b_same_season_median,rowwise,韭菜,fold3_test2026,150,target_lh_full_150
248,1.402258360508939,1.5027055896823514,32.64479920903597,30.343048307036895,-0.3457448237226878,0.5120967741935484,7.167098287045688,b_same_season_median,rowwise,黄瓜,fold1_test2024,150,target_lh_full_150
250,2.1885458070403745,2.569992177435115,44.06495359840642,39.794494799027355,-1.1672995280103586,0.504,11.157025562779653,b_same_season_median,rowwise,黄瓜,fold2_test2025,150,target_lh_full_150
72,1.090112588024991,1.3424588206462562,22.101169604302097,25.68653947014326,1.036927340110374,0.8611111111111112,5.566493973445497,b_same_season_median,rowwise,黄瓜,fold3_test2026,150,target_lh_full_150
248,0.6205925401884362,0.7576257822567272,24.98105641580185,30.02127983368141,0.6012116011706311,0.5887096774193549,21.18534831069986,b_seasonal_naive_365,rowwise,土豆,fold1_test2024,150,target_lh_full_150
250,0.32673117975054994,0.40584941605357633,16.10169698779838,16.69863695445176,0.114566170294245,0.516,11.515167653099613,b_seasonal_naive_365,rowwise,土豆,fold2_test2025,150,target_lh_full_150
72,0.15305153643833092,0.18299185671449195,7.0865962378742555,7.033523725627341,-0.001584846260475537,0.6527777777777778,5.765128081956667,b_seasonal_naive_365,rowwise,土豆,fold3_test2026,150,target_lh_full_150
248,2.5579261271935563,2.790835156780428,54.451167402126885,44.57455125142117,-1.5455509103824177,0.46774193548387094,15.044219511063268,b_seasonal_naive_365,rowwise,尖椒,fold1_test2024,150,target_lh_full_150
250,1.9362527547800292,2.499489966869946,31.752014610062062,34.11065135103703,0.4424924844002345,0.54,11.006774758541589,b_seasonal_naive_365,rowwise,尖椒,fold2_test2025,150,target_lh_full_150
72,0.7825865363560971,0.927905332528859,13.806725926969499,14.500878234295639,0.38706723635461304,1.0,4.761422866893915,b_seasonal_naive_365,rowwise,尖椒,fold3_test2026,150,target_lh_full_150
248,0.6898139689074106,0.7831055474160762,35.635418519731594,30.926119282645203,-0.5599577249673904,0.782258064516129,8.90394740645132,b_seasonal_naive_365,rowwise,甘蓝,fold1_test2024,150,target_lh_full_150
250,0.769737167280614,0.8947862778789542,37.061825031905535,38.25605644728648,0.36473383646000024,0.728,9.705553211226606,b_seasonal_naive_365,rowwise,甘蓝,fold2_test2025,150,target_lh_full_150
72,0.3190597824833434,0.36146929915439463,18.773884752513574,20.325628919463455,0.13553652279590864,0.8055555555555556,4.326590896532371,b_seasonal_naive_365,rowwise,甘蓝,fold3_test2026,150,target_lh_full_150
248,1.8991644959884069,2.2341754545638404,21.242870526740653,21.67092940523161,0.03376893415150856,0.7258064516129032,6.700791318540114,b_seasonal_naive_365,rowwise,芸豆,fold1_test2024,150,target_lh_full_150
250,1.927469645037102,2.2463879057094824,21.838601123194774,22.387500575355325,0.2091405672744687,0.548,6.915950009905588,b_seasonal_naive_365,rowwise,芸豆,fold2_test2025,150,target_lh_full_150
72,1.4977135378888091,2.111033164424887,15.624324446589826,18.16487552851784,1.1496145938353257,0.7638888888888888,5.466689853747015,b_seasonal_naive_365,rowwise,芸豆,fold3_test2026,150,target_lh_full_150
248,1.5247258719770986,1.6488491332611874,42.477890623631716,35.01927585353564,-1.5213004487896187,0.7338709677419355,13.857720940666146,b_seasonal_naive_365,rowwise,芹菜,fold1_test2024,150,target_lh_full_150
250,1.454184517265436,1.8252193763197846,34.4040367358817,40.89336297715884,1.1263595782873694,0.68,12.638381602094936,b_seasonal_naive_365,rowwise,芹菜,fold2_test2025,150,target_lh_full_150
72,0.41423389742836403,0.49446902387024433,12.924588132676703,11.901316152303307,-0.21834994414440026,0.9166666666666666,3.766872729746508,b_seasonal_naive_365,rowwise,芹菜,fold3_test2026,150,target_lh_full_150
248,1.8092874967454748,2.057471561644948,54.12510745949722,45.61327249094491,-0.6034360505809641,0.3790322580645161,12.0903903904546,b_seasonal_naive_365,rowwise,茄子,fold1_test2024,150,target_lh_full_150
250,1.682318616828696,1.9250413443554504,40.377075783212945,41.288140500838225,0.229819269500543,0.432,11.44656008131266,b_seasonal_naive_365,rowwise,茄子,fold2_test2025,150,target_lh_full_150
72,0.4059807689256645,0.45694086395782413,10.635382679943188,10.801206480649563,0.1641164684788412,1.0,2.9420969512231028,b_seasonal_naive_365,rowwise,茄子,fold3_test2026,150,target_lh_full_150
248,1.5984641819949992,1.788213784717624,33.64171789990033,30.165284956938336,-0.8033738411054601,0.5201612903225806,13.150789603714726,b_seasonal_naive_365,rowwise,西红柿,fold1_test2024,150,target_lh_full_150
250,1.4185847852465905,1.6083281220497037,25.27112471792497,24.583337337352727,-0.1893134407896123,0.592,11.229987358669712,b_seasonal_naive_365,rowwise,西红柿,fold2_test2025,150,target_lh_full_150
72,1.0498272518726788,1.1695941678948618,20.933632389025224,21.654359207697492,0.4155006599854299,0.8055555555555556,8.714427746608946,b_seasonal_naive_365,rowwise,西红柿,fold3_test2026,150,target_lh_full_150
248,2.6612565474162087,2.8725226850591117,51.54597819578197,43.69967513697831,-1.160361059011813,0.49193548387096775,14.232559358366004,b_seasonal_naive_365,rowwise,青椒,fold1_test2024,150,target_lh_full_150
250,2.476026776719833,3.4913769001820167,35.16317075957735,42.814886179173946,1.1047421158715036,0.452,13.017794124237636,b_seasonal_naive_365,rowwise,青椒,fold2_test2025,150,target_lh_full_150
72,1.0629515081014187,1.2685446859189058,18.66864166809861,19.97085216726212,0.9091521379982453,1.0,6.077667319975677,b_seasonal_naive_365,rowwise,青椒,fold3_test2026,150,target_lh_full_150
248,2.0074411594157855,2.343065322309154,37.26265179251448,37.18460726486725,-0.2826133029487933,0.5241935483870968,13.380517056058848,b_seasonal_naive_365,rowwise,韭菜,fold1_test2024,150,target_lh_full_150
250,1.5427207037379722,1.8743527444085692,27.83331835717155,26.194753827666517,-0.39262623354059895,0.636,10.055890119754668,b_seasonal_naive_365,rowwise,韭菜,fold2_test2025,150,target_lh_full_150
72,1.036237730891308,1.372370059311527,18.440443413720256,21.723373045610174,1.036237730891308,0.8472222222222222,6.819825919572661,b_seasonal_naive_365,rowwise,韭菜,fold3_test2026,150,target_lh_full_150
248,1.8797893336599236,2.1888812200396077,42.65372521502638,40.676197885241386,-0.32578514630333305,0.4475806451612903,9.607812149817388,b_seasonal_naive_365,rowwise,黄瓜,fold1_test2024,150,target_lh_full_150
250,2.1307494892603556,2.516086308688237,41.084791407465445,38.743579958725135,-0.7050595280103586,0.544,10.862384713667963,b_seasonal_naive_365,rowwise,黄瓜,fold2_test2025,150,target_lh_full_150
72,1.032871288614624,1.6416347359700894,19.173022936339347,24.337751360751238,0.7322051178881519,0.7916666666666666,5.274199992346463,b_seasonal_naive_365,rowwise,黄瓜,fold3_test2026,150,target_lh_full_150
248,0.25474869697118546,0.29363282411077596,11.80363745017045,12.323515710832538,0.25426717708173857,0.7258064516129032,8.696430471743621,m_catboost,trained,土豆,fold1_test2024,150,target_lh_full_150
250,0.150202669706643,0.19438252847223314,7.772967325053723,7.676585543306842,0.11994285763542366,0.892,5.293675751838709,m_catboost,trained,土豆,fold2_test2025,150,target_lh_full_150
72,0.12779456182966703,0.14298703629722015,6.090381487112884,5.8728327957510285,-0.09728436223604733,0.6805555555555556,4.813751199566824,m_catboost,trained,土豆,fold3_test2026,150,target_lh_full_150
248,1.2781849096695945,1.6182787155091063,26.664102906101274,22.273715475657774,-1.2772098359606108,0.6048387096774194,7.517533111050196,m_catboost,trained,尖椒,fold1_test2024,150,target_lh_full_150
250,1.484585302657414,1.6388768474238833,26.1501572287772,26.153698960430344,-0.1103249620497561,0.7,8.43923707576485,m_catboost,trained,尖椒,fold2_test2025,150,target_lh_full_150
72,0.4691373918512596,0.5838701857161794,8.415244375150346,8.692845938886249,-0.1699094402849735,1.0,2.854331631715089,m_catboost,trained,尖椒,fold3_test2026,150,target_lh_full_150
248,0.5355022595354969,0.6547545113291013,26.165381904795286,24.00793184972989,-0.4329306482298496,0.8185483870967742,6.912130182710027,m_catboost,trained,甘蓝,fold1_test2024,150,target_lh_full_150
250,0.659124655652584,0.7249706892440457,33.16326214426395,32.758597485329695,0.2414097955207331,0.756,8.310849066659953,m_catboost,trained,甘蓝,fold2_test2025,150,target_lh_full_150
72,0.3200132757374077,0.34235183870729186,18.880431126788157,20.386370984503678,0.3200132757374077,0.6805555555555556,4.3395206841753975,m_catboost,trained,甘蓝,fold3_test2026,150,target_lh_full_150
248,0.7849723843657689,0.8914188441520858,9.093359092391312,8.957139396076176,-0.06248863450403114,0.8870967741935484,2.7696053446462416,m_catboost,trained,芸豆,fold1_test2024,150,target_lh_full_150
250,0.7446287107965165,0.8336107444691633,8.626741042091366,8.648839546867269,-0.03134048736926286,0.808,2.6718008001158555,m_catboost,trained,芸豆,fold2_test2025,150,target_lh_full_150
72,0.12790912873416665,0.15238211750261146,1.5769570103199269,1.5513336453461342,0.0781273645718133,1.0,0.46687134659832485,m_catboost,trained,芸豆,fold3_test2026,150,target_lh_full_150
248,1.1004452799318123,1.31143852272721,27.63912616115854,25.274573959765668,-0.9949096234619056,0.7661290322580645,10.001577254011037,m_catboost,trained,芹菜,fold1_test2024,150,target_lh_full_150
250,0.8592851827777002,1.0569676843112243,23.533690636572473,24.164100540900442,0.6601940084057022,0.804,7.468085319318644,m_catboost,trained,芹菜,fold2_test2025,150,target_lh_full_150
72,0.15324542615266737,0.18025686495148358,4.6727575535708255,4.40288029748398,-0.09088758198458839,0.9166666666666666,1.3935508907324357,m_catboost,trained,芹菜,fold3_test2026,150,target_lh_full_150
248,0.7539034246573632,0.9689218897777202,23.310374757486848,19.006378147535756,-0.5173633821209237,0.6451612903225806,5.037887420989825,m_catboost,trained,茄子,fold1_test2024,150,target_lh_full_150
250,1.1719786468026032,1.2619819022870726,29.507718350500433,28.763171583029195,-0.012024242156196123,0.652,7.974187446091561,m_catboost,trained,茄子,fold2_test2025,150,target_lh_full_150
72,0.31997827609585766,0.39773161701656257,8.248583459476464,8.513091490957981,-0.1597882767705871,1.0,2.3188465627336643,m_catboost,trained,茄子,fold3_test2026,150,target_lh_full_150
248,0.8556660703681552,1.0751825627401814,17.764995587966382,16.14763166505523,-0.5347871761433295,0.6693548387096774,7.039685085970962,m_catboost,trained,西红柿,fold1_test2024,150,target_lh_full_150
250,0.9345722229618789,1.1818789188301086,15.7020369140748,16.19565108982739,-0.4455730544220383,0.852,7.398383486681327,m_catboost,trained,西红柿,fold2_test2025,150,target_lh_full_150
72,0.4110489263009459,0.46032982203720446,8.650770704903385,8.478538813106134,0.14321224038428126,1.0,3.4120434216020947,m_catboost,trained,西红柿,fold3_test2026,150,target_lh_full_150
248,1.3862126200032991,1.5772509938955341,27.275772605226116,22.762571020722323,-1.0185857300025032,0.6330645161290323,7.413548091283448,m_catboost,trained,青椒,fold1_test2024,150,target_lh_full_150
250,1.272973604801277,1.3318367093166532,22.025083077637003,22.011967120510043,0.2636675299709153,0.8,6.692701576856469,m_catboost,trained,青椒,fold2_test2025,150,target_lh_full_150
72,0.4172677058695402,0.47355592876961133,8.11829346493056,7.839672463495023,0.020329234599282844,1.0,2.3858231352192227,m_catboost,trained,青椒,fold3_test2026,150,target_lh_full_150
248,0.5342032571907944,0.6886836498690639,10.789054831618893,9.895253081307509,-0.3863315023302655,0.9153225806451613,3.560709991780698,m_catboost,trained,韭菜,fold1_test2024,150,target_lh_full_150
250,0.9235540742402496,1.1728760273674983,15.07547097061208,15.68156281473668,-0.5218288274198515,0.956,6.019986811422931,m_catboost,trained,韭菜,fold2_test2025,150,target_lh_full_150
72,0.33360286123974786,0.3775822893629209,7.133266850761675,6.993549055157993,-0.3324908152140929,0.9861111111111112,2.195551630772527,m_catboost,trained,韭菜,fold3_test2026,150,target_lh_full_150
248,0.7933812505144974,0.9351336058477462,19.448351764739385,17.167739047404506,-0.4249954927698593,0.7862903225806451,4.055059724851875,m_catboost,trained,黄瓜,fold1_test2024,150,target_lh_full_150
250,1.4023480259472818,1.702660804992443,25.593938744208273,25.499000772779283,-0.8955006953848078,0.828,7.149054282106131,m_catboost,trained,黄瓜,fold2_test2025,150,target_lh_full_150
72,0.36720995462431083,0.5036296991905548,8.366874098562189,8.652641109645309,-0.33511716750772647,0.9444444444444444,1.8751017297293702,m_catboost,trained,黄瓜,fold3_test2026,150,target_lh_full_150
248,0.15888788684972907,0.19619370423285898,7.383275277671911,7.686231149104147,0.1423191260889634,0.8104838709677419,5.424002074276466,m_elasticnet,trained,土豆,fold1_test2024,150,target_lh_full_150
250,0.1946188693714417,0.24355773878471512,9.844858759045627,9.946616807740115,0.05403758929589537,0.832,6.859060439165426,m_elasticnet,trained,土豆,fold2_test2025,150,target_lh_full_150
72,0.13300779227728018,0.14973247385989805,6.0273561828930315,6.112408176003576,0.0501476332723396,0.4861111111111111,5.010122578454329,m_elasticnet,trained,土豆,fold3_test2026,150,target_lh_full_150
248,3.4726258753844665,3.72490682665814,91.81825269127438,60.51415575052816,-3.4726258753844665,0.5120967741935484,20.423946334369244,m_elasticnet,trained,尖椒,fold1_test2024,150,target_lh_full_150
250,1.0108355880751096,1.1102048365050299,18.294257117162616,17.807726926626234,-0.05404269149336909,0.82,5.74617110725539,m_elasticnet,trained,尖椒,fold2_test2025,150,target_lh_full_150
72,0.566908054397104,0.6565935677851202,10.324511763786393,10.50448006060922,-0.453292351307388,1.0,3.449189128912466,m_elasticnet,trained,尖椒,fold3_test2026,150,target_lh_full_150
248,0.9850234174705366,1.1854550816569323,58.53282374987639,44.16111165905004,-0.9850234174705366,0.7338709677419355,12.71443765798518,m_elasticnet,trained,甘蓝,fold1_test2024,150,target_lh_full_150
250,0.41143623036536353,0.4792615173658851,22.375047580305452,20.44844438124682,0.24210668081404937,0.812,5.187765897994845,m_elasticnet,trained,甘蓝,fold2_test2025,150,target_lh_full_150
72,0.22334023081629148,0.2594985777668095,12.729095215202287,14.227837237982962,0.19500617163752654,0.9583333333333334,3.028591701398942,m_elasticnet,trained,甘蓝,fold3_test2026,150,target_lh_full_150
248,0.9803568731726636,1.2379721425799666,12.012742414457488,11.186626874783407,-0.5279405467030504,0.7983870967741935,3.4589772706379702,m_elasticnet,trained,芸豆,fold1_test2024,150,target_lh_full_150
250,0.9699770085613877,1.0904592116143628,11.454576691761607,11.266253086352238,0.02528636921756072,0.696,3.480372580310697,m_elasticnet,trained,芸豆,fold2_test2025,150,target_lh_full_150
72,0.3196298542848926,0.3455124264845474,3.935016699974893,3.8766001450902356,-0.033785101429019755,1.0,1.1666565315533528,m_elasticnet,trained,芸豆,fold3_test2026,150,target_lh_full_150
248,1.9249733590007452,2.3051248418989214,59.24220732103965,44.211995289450094,-1.9074178554554824,0.6451612903225806,17.495435814084324,m_elasticnet,trained,芹菜,fold1_test2024,150,target_lh_full_150
250,0.8012210340126409,1.0127517534841313,22.049319498176427,22.53126902384207,0.4495611709303295,0.724,6.963447248440545,m_elasticnet,trained,芹菜,fold2_test2025,150,target_lh_full_150
72,0.2433499310726534,0.3331235563608077,6.711802821097218,6.991664572399513,0.09683030188384222,0.9722222222222222,2.2129242073961257,m_elasticnet,trained,芹菜,fold3_test2026,150,target_lh_full_150
248,1.116299572408439,1.3769137038492216,36.89706187405544,28.14261230975302,-0.9918100599137345,0.5967741935483871,7.459564965431371,m_elasticnet,trained,茄子,fold1_test2024,150,target_lh_full_150
250,0.874298337668638,0.9280338037544946,23.185457430955694,21.457381642343055,0.2442894446152169,0.664,5.948759260585947,m_elasticnet,trained,茄子,fold2_test2025,150,target_lh_full_150
72,0.12049344839337826,0.16475099191138376,3.578195976861926,3.2057543491688705,-0.009019953943081119,1.0,0.8732024625171997,m_elasticnet,trained,茄子,fold3_test2026,150,target_lh_full_150
248,1.22584694831528,1.4336790856961006,25.282434316758984,23.133469567877608,-0.3883536425895495,0.5040322580645161,10.08521522423481,m_elasticnet,trained,西红柿,fold1_test2024,150,target_lh_full_150
250,0.6418535389538524,0.7361010655422888,10.991737186929516,11.122988370789134,-0.23559670162231763,0.928,5.081125360664448,m_elasticnet,trained,西红柿,fold2_test2025,150,target_lh_full_150
72,0.5278388372747523,0.5789160147761562,11.112940111104813,10.88751674690484,0.3076983736555325,1.0,4.381495528030705,m_elasticnet,trained,西红柿,fold3_test2026,150,target_lh_full_150
248,1.8957631750745474,2.202496620926565,41.742579458748544,31.129743942889316,-1.8917868791918182,0.5887096774193549,10.138654969153224,m_elasticnet,trained,青椒,fold1_test2024,150,target_lh_full_150
250,1.6509880562115482,1.759697060526008,27.67936493523652,28.548506169031395,1.6509880562115482,0.68,8.680125279505042,m_elasticnet,trained,青椒,fold2_test2025,150,target_lh_full_150
72,0.5732651893967681,0.6090222746052656,11.102089316213446,10.77057068250383,0.5732651893967681,1.0,3.2777742735409685,m_elasticnet,trained,青椒,fold3_test2026,150,target_lh_full_150
248,0.7197349346349519,0.8225029262387588,14.144236389426023,13.331927939045693,-0.25270273434416174,0.9032258064516129,4.797363809919621,m_elasticnet,trained,韭菜,fold1_test2024,150,target_lh_full_150
250,0.6077125523224334,0.7025170659034916,10.758654403050558,10.31870556186743,0.010279169909789346,0.952,3.9612423919268314,m_elasticnet,trained,韭菜,fold2_test2025,150,target_lh_full_150
72,0.6264431138240913,0.665270060296133,12.440435724396764,13.132563163618077,0.6264431138240913,0.8888888888888888,4.12283094644762,m_elasticnet,trained,韭菜,fold3_test2026,150,target_lh_full_150
248,0.9463499617464739,1.1185186375079565,23.821340797615044,20.47778313421061,-0.5097584536754648,0.75,4.836899804481978,m_elasticnet,trained,黄瓜,fold1_test2024,150,target_lh_full_150
250,1.082009379188259,1.2900209016592372,19.298863064576263,19.67425880422143,-0.8118417665568373,0.92,5.515994348364144,m_elasticnet,trained,黄瓜,fold2_test2025,150,target_lh_full_150
72,0.42165267561552344,0.4768745837702388,9.753564853529875,9.935485759789575,0.3443789741478638,0.9166666666666666,2.1531051961828847,m_elasticnet,trained,黄瓜,fold3_test2026,150,target_lh_full_150
248,0.19045292444389547,0.228720509926123,9.01112510520198,9.213195727646145,0.17945726745024496,0.7620967741935484,6.501546956897359,m_extra_trees,trained,土豆,fold1_test2024,150,target_lh_full_150
250,0.16921502203702676,0.20875212572417257,8.72785500534398,8.648272327095247,0.13249226995187338,0.892,5.963738599012693,m_extra_trees,trained,土豆,fold2_test2025,150,target_lh_full_150
72,0.12957614954768115,0.15774291408506533,6.245674031657157,5.954706129240807,-0.10532129621639467,0.7361111111111112,4.880859845599469,m_extra_trees,trained,土豆,fold3_test2026,150,target_lh_full_150
248,1.4132888184318466,1.7730406951554598,30.093522212194646,24.628043085578874,-1.1798336450802729,0.5967741935483871,8.312134971758343,m_extra_trees,trained,尖椒,fold1_test2024,150,target_lh_full_150
250,1.4152288826647743,1.5307513727467177,25.04306509103939,24.931858136454967,0.02639338163790694,0.724,8.044975277539793,m_extra_trees,trained,尖椒,fold2_test2025,150,target_lh_full_150
72,0.389582140929939,0.47205839964916646,7.052719457328655,7.2187329137881795,-0.04586043367574902,1.0,2.3703005714798575,m_extra_trees,trained,尖椒,fold3_test2026,150,target_lh_full_150
248,0.6318156604937917,0.7378383467173086,31.346469965533817,28.325907218177747,-0.4417690807470303,0.7419354838709677,8.155319644395487,m_extra_trees,trained,甘蓝,fold1_test2024,150,target_lh_full_150
250,0.7071643898755977,0.78523578379798,35.02820248469906,35.146179717640244,0.3016565738523686,0.72,8.916578160399643,m_extra_trees,trained,甘蓝,fold2_test2025,150,target_lh_full_150
72,0.1332169903617457,0.1643948080432954,7.944762800095112,8.48655725514995,0.12720914327745492,1.0,1.8064809462241123,m_extra_trees,trained,甘蓝,fold3_test2026,150,target_lh_full_150
248,0.7720718171555165,0.8858424865824462,8.994274115055722,8.809933989755999,-0.11316043304164491,0.9112903225806451,2.724088482389551,m_extra_trees,trained,芸豆,fold1_test2024,150,target_lh_full_150
250,0.8079754903751959,0.8980936388416237,9.414731017427183,9.384610441063268,0.10690709227658528,0.796,2.8990952542633925,m_extra_trees,trained,芸豆,fold2_test2025,150,target_lh_full_150
72,0.3002796550015306,0.3773430805517833,3.5486666240878373,3.6419131021128752,0.2987872435259533,1.0,1.096027846284574,m_extra_trees,trained,芸豆,fold3_test2026,150,target_lh_full_150
248,1.1310228029564766,1.3188400731491856,28.522174523380357,25.97686591492876,-0.9770258835980213,0.7459677419354839,10.279486082686672,m_extra_trees,trained,芹菜,fold1_test2024,150,target_lh_full_150
250,1.0822480618226853,1.2978827905193973,28.250628077069223,30.434076486157092,0.9595399853835829,0.78,9.405865508156882,m_extra_trees,trained,芹菜,fold2_test2025,150,target_lh_full_150
72,0.17903684032166628,0.1942690971626614,5.3799322477492275,5.143891054802154,-0.10577696148335224,0.9166666666666666,1.6280874057253953,m_extra_trees,trained,芹菜,fold3_test2026,150,target_lh_full_150
248,1.039237514013599,1.2106302266223972,31.475080175557657,26.199829488007005,-0.5676537446965564,0.5846774193548387,6.944605141765107,m_extra_trees,trained,茄子,fold1_test2024,150,target_lh_full_150
250,1.1842255313133092,1.2615169025025048,29.77185291560611,29.063739551140227,-0.014629624376663286,0.648,8.057515715753674,m_extra_trees,trained,茄子,fold2_test2025,150,target_lh_full_150
72,0.2705588858318389,0.31009901452029165,7.122786171491074,7.198277885865258,-0.26832756548335346,1.0,1.9607098021875098,m_extra_trees,trained,茄子,fold3_test2026,150,target_lh_full_150
248,0.9179294973094083,1.1012944807350673,18.70112337981736,17.322630790612294,-0.4054839355412454,0.592741935483871,7.551935054993567,m_extra_trees,trained,西红柿,fold1_test2024,150,target_lh_full_150
250,0.8953935279413543,1.1348416214771737,14.978094093131983,15.516704659452843,-0.4401748315380808,0.864,7.0882319508792655,m_extra_trees,trained,西红柿,fold2_test2025,150,target_lh_full_150
72,0.31201131920413616,0.38223250103048484,6.742384038110129,6.4357304221831475,0.1900891749694099,1.0,2.5899500060399845,m_extra_trees,trained,西红柿,fold3_test2026,150,target_lh_full_150
248,1.5135144930968438,1.6701506391896808,29.464015433906916,24.852955919509274,-0.8972375624347653,0.6088709677419355,8.09436613078969,m_extra_trees,trained,青椒,fold1_test2024,150,target_lh_full_150
250,1.0338219123912498,1.0888200591189705,18.44731258964563,17.876610998208008,0.3653886269947145,0.844,5.435353503916381,m_extra_trees,trained,青椒,fold2_test2025,150,target_lh_full_150
72,0.3699190107266769,0.4331110006190117,7.130074730395239,6.950079867968395,0.013013441586399733,1.0,2.1150961877338488,m_extra_trees,trained,青椒,fold3_test2026,150,target_lh_full_150
248,0.508660445371725,0.6761013559492056,10.2672155344086,9.422113721044054,-0.3267654194013982,0.9193548387096774,3.390455422872573,m_extra_trees,trained,韭菜,fold1_test2024,150,target_lh_full_150
250,0.8127319998412638,1.0564264074187153,13.112442652482745,13.799850233503417,-0.4834446058584923,0.964,5.2976171690766005,m_extra_trees,trained,韭菜,fold2_test2025,150,target_lh_full_150
72,0.42728633124160476,0.44501523534809123,9.258132463322456,8.957500865045365,-0.42728633124160476,0.9861111111111112,2.8121137746780813,m_extra_trees,trained,韭菜,fold3_test2026,150,target_lh_full_150
248,0.9305016863970086,1.075006065526561,22.448310196107723,20.134847054772646,-0.3306503961333576,0.7338709677419355,4.755897508251377,m_extra_trees,trained,黄瓜,fold1_test2024,150,target_lh_full_150
250,1.452310669482944,1.7480809675798643,26.669469051317023,26.407475318721872,-0.9014924594494003,0.816,7.403759707653181,m_extra_trees,trained,黄瓜,fold2_test2025,150,target_lh_full_150
72,0.4205107510056616,0.43993632537717536,10.303486972059444,9.90857836335607,-0.4205107510056616,0.9027777777777778,2.1472741320077233,m_extra_trees,trained,黄瓜,fold3_test2026,150,target_lh_full_150
248,0.16687558293684343,0.19488643713236256,8.186104206616509,8.072637436528822,-0.043296315162238655,0.7217741935483871,5.69668038225959,m_linear,trained,土豆,fold1_test2024,150,target_lh_full_150
250,0.21503052897565647,0.28176326176924477,10.630008063358773,10.989819643872428,0.15156903571907498,0.748,7.578439846419986,m_linear,trained,土豆,fold2_test2025,150,target_lh_full_150
72,0.14272095819366737,0.16625061978394998,6.346061016426104,6.558779277618694,0.0845930795201789,0.4861111111111111,5.375997021092356,m_linear,trained,土豆,fold3_test2026,150,target_lh_full_150
248,3.763953073474888,3.9969311276993627,103.58472948505992,65.59083837406502,-3.763953073474888,0.5120967741935484,22.137361851346633,m_linear,trained,尖椒,fold1_test2024,150,target_lh_full_150
250,1.0386607040495832,1.1488846388892942,19.05618707612418,18.297917490572143,0.11108506150043428,0.824,5.904345076746331,m_linear,trained,尖椒,fold2_test2025,150,target_lh_full_150
72,0.8541248384655807,0.9515347546607804,16.630390498737523,15.826441810699729,-0.7448183516001835,1.0,5.196677106136114,m_linear,trained,尖椒,fold3_test2026,150,target_lh_full_150
248,1.2171211705389526,1.414751277318757,80.32751635765861,54.56664578877598,-1.2171211705389526,0.7217741935483871,15.710297816847934,m_linear,trained,甘蓝,fold1_test2024,150,target_lh_full_150
250,0.5343159616701679,0.6124055778434827,28.25580971097313,26.55558606135,0.21430686507413654,0.736,6.737146415728413,m_linear,trained,甘蓝,fold2_test2025,150,target_lh_full_150
72,0.2796461792047646,0.32637440260141365,15.741971869852126,17.814794528541235,0.2796461792047646,0.75,3.792125111414061,m_linear,trained,甘蓝,fold3_test2026,150,target_lh_full_150
248,0.9763125004624525,1.2819891308109428,12.181525571372688,11.140477467674879,-0.6423276130816665,0.782258064516129,3.444707575936554,m_linear,trained,芸豆,fold1_test2024,150,target_lh_full_150
250,1.1025915450715327,1.2880328963864998,12.940686931466432,12.806566844374714,0.01591385160685536,0.664,3.9562065357000735,m_linear,trained,芸豆,fold2_test2025,150,target_lh_full_150
72,0.27624984169864547,0.32434796021203144,3.281801037549313,3.3504698076657125,0.01945730130386701,1.0,1.00831845911065,m_linear,trained,芸豆,fold3_test2026,150,target_lh_full_150
248,2.312275640445082,2.70022091371813,75.37618644926387,53.107394575235055,-2.3049475844767255,0.6370967741935484,21.01549606529489,m_linear,trained,芹菜,fold1_test2024,150,target_lh_full_150
250,1.0784817764895418,1.4066392304360638,28.135100711757755,30.32816415427956,0.6177967775841509,0.664,9.373132556665862,m_linear,trained,芹菜,fold2_test2025,150,target_lh_full_150
72,0.2783463013577302,0.3427306149869176,7.939258284762316,7.997142080472837,0.06662163428403642,0.9444444444444444,2.5311668082198895,m_linear,trained,芹菜,fold3_test2026,150,target_lh_full_150
248,1.4190694357920801,1.6565426656126547,48.94636815773581,35.775630448333004,-1.361302704760485,0.6290322580645161,9.482795576021164,m_linear,trained,茄子,fold1_test2024,150,target_lh_full_150
250,1.129292511995389,1.3432683813041777,29.55398005201185,27.715551284633932,0.7707339763536118,0.572,7.683749355576426,m_linear,trained,茄子,fold2_test2025,150,target_lh_full_150
72,0.22306137277900825,0.26664251406457806,6.173256614267549,5.934596241144524,0.11772092064116174,1.0,1.6165006695401467,m_linear,trained,茄子,fold3_test2026,150,target_lh_full_150
248,1.2928593006770892,1.5507436737606044,27.806076849331003,24.39808764778092,-0.7171261271450041,0.5725806451612904,10.636535270493379,m_linear,trained,西红柿,fold1_test2024,150,target_lh_full_150
250,0.7996440003055604,0.9063035941879083,14.186278031418539,13.857415089845809,0.0651932397467982,0.816,6.330246953344099,m_linear,trained,西红柿,fold2_test2025,150,target_lh_full_150
72,0.6688089227051031,0.7424537075044785,13.87555535284497,13.795249292429226,-0.059478149946368034,1.0,5.551662926261923,m_linear,trained,西红柿,fold3_test2026,150,target_lh_full_150
248,1.6502857217052465,1.911201136575584,34.45674045110603,27.098834192340753,-1.429831537816625,0.5604838709677419,8.825826850567223,m_linear,trained,青椒,fold1_test2024,150,target_lh_full_150
250,2.4128597153998492,2.5014726506008715,37.20820916278571,41.72261586686705,2.4128597153998492,0.656,12.685691173078926,m_linear,trained,青椒,fold2_test2025,150,target_lh_full_150
72,0.619596608547574,0.6850487971467959,12.019093880302206,11.641050582582132,0.6053741224094332,1.0,3.5426847138713113,m_linear,trained,青椒,fold3_test2026,150,target_lh_full_150
248,0.8857546850741348,1.0949573939164485,18.13132365326685,16.407175843242744,-0.6460328623923561,0.8508064516129032,5.903961675553008,m_linear,trained,韭菜,fold1_test2024,150,target_lh_full_150
250,0.6985344503104923,0.7837134035560721,12.715038799419826,11.86082349299667,0.16675665266255016,0.94,4.553245224599394,m_linear,trained,韭菜,fold2_test2025,150,target_lh_full_150
72,0.9026836228372201,0.9548066763402533,17.456550777569902,18.923585289824434,0.9026836228372201,0.8611111111111112,5.940861816432691,m_linear,trained,韭菜,fold3_test2026,150,target_lh_full_150
248,0.9893672872629348,1.1514192700191346,24.632836142903365,21.408622145726124,-0.43612040114030337,0.7298387096774194,5.056766134899444,m_linear,trained,黄瓜,fold1_test2024,150,target_lh_full_150
250,1.0824610742699183,1.2700279215285475,19.49769753613911,19.682472010232477,-0.6984580030189986,0.896,5.518297052541704,m_linear,trained,黄瓜,fold2_test2025,150,target_lh_full_150
72,0.28624751171488794,0.4009720903488135,6.663708419491219,6.744906983613517,0.2194824791208328,1.0,1.4616793406280382,m_linear,trained,黄瓜,fold3_test2026,150,target_lh_full_150
248,0.5926863546452352,0.7285455075535868,28.567736089069225,28.746007904533688,-0.06474512475197382,0.23387096774193547,20.232706726293742,b_drift_trend90,rowwise,土豆,fold1_test2024,180,target_lh_full_180
250,0.9244970088351806,1.0205911580340505,47.86563392326394,47.315492714578454,0.2454275913539313,0.324,32.582559337171126,b_drift_trend90,rowwise,土豆,fold2_test2025,180,target_lh_full_180
50,1.3767017463793634,1.3986917829519772,47.61493387938893,63.02600854343543,1.3767017463793634,0.2,51.85744673480266,b_drift_trend90,rowwise,土豆,fold3_test2026,180,target_lh_full_180
248,17.283247281184337,30.569833319154487,99.66130411864766,303.90361006451053,14.572715905374238,0.11290322580645161,101.6499120900725,b_drift_trend90,rowwise,尖椒,fold1_test2024,180,target_lh_full_180
250,4.654862938423394,8.109839352718266,63.60214153624917,81.31584003267999,1.44664769124807,0.472,26.460919303342692,b_drift_trend90,rowwise,尖椒,fold2_test2025,180,target_lh_full_180
50,35.443966509127684,37.920216401986835,147.4185059866977,640.1031935451318,35.443966509127684,0.0,215.6486277105984,b_drift_trend90,rowwise,尖椒,fold3_test2026,180,target_lh_full_180
248,4.957542429374656,7.79329396655005,96.87943128815925,226.1027734253104,3.956621627142824,0.3387096774193548,63.9907265524333,b_drift_trend90,rowwise,甘蓝,fold1_test2024,180,target_lh_full_180
250,3.6639115757867007,5.947309862016302,91.75020448267682,181.62003952493865,2.400668718224362,0.484,46.19796246250787,b_drift_trend90,rowwise,甘蓝,fold2_test2025,180,target_lh_full_180
50,3.750674561681671,4.474157712808761,93.32598262446436,230.92417841207663,3.6719394649682964,0.22,50.86079570456245,b_drift_trend90,rowwise,甘蓝,fold3_test2026,180,target_lh_full_180
248,7.583381706912395,9.913120746425193,67.26666104966583,86.87461129211384,4.113654195863392,0.2782258064516129,26.756322800994845,b_drift_trend90,rowwise,芸豆,fold1_test2024,180,target_lh_full_180
250,4.593235254300411,5.843627118350048,47.57256296238829,53.34930965293347,0.9625615362186671,0.164,16.480978304520146,b_drift_trend90,rowwise,芸豆,fold2_test2025,180,target_lh_full_180
50,8.15129016386396,9.711148301828576,58.865781674537956,97.97432330174037,8.15129016386396,0.16,29.752401982395078,b_drift_trend90,rowwise,芸豆,fold3_test2026,180,target_lh_full_180
248,9.617085274027955,14.222506022327936,94.88543847456182,224.84970919987424,7.7307302215895515,0.29435483870967744,87.40645544189398,b_drift_trend90,rowwise,芹菜,fold1_test2024,180,target_lh_full_180
250,2.558637672942454,3.6609363357795015,62.39860286332093,71.17019516814831,0.8080378743723537,0.516,22.237232557634464,b_drift_trend90,rowwise,芹菜,fold2_test2025,180,target_lh_full_180
50,2.907475688063942,3.3323211730156608,55.13562140324447,82.90079061491542,2.5943375590736912,0.26,26.439388349822433,b_drift_trend90,rowwise,芹菜,fold3_test2026,180,target_lh_full_180
248,13.028399840835005,24.79206141215736,94.42759382240163,332.11093152262725,11.342981390686962,0.3024193548387097,87.06103398269988,b_drift_trend90,rowwise,茄子,fold1_test2024,180,target_lh_full_180
250,9.552211627533648,21.766912125708483,83.67960098365937,232.68881957256093,6.820085642570386,0.46,64.99361251205303,b_drift_trend90,rowwise,茄子,fold2_test2025,180,target_lh_full_180
50,22.95405977994644,29.358113782648513,126.08093069543725,600.5205201242906,22.95405977994644,0.08,166.3454884217401,b_drift_trend90,rowwise,茄子,fold3_test2026,180,target_lh_full_180
248,7.5678663330064015,10.276544249630152,81.26407911312906,143.41427328770226,5.362797727224373,0.11693548387096774,62.26190052641082,b_drift_trend90,rowwise,西红柿,fold1_test2024,180,target_lh_full_180
250,4.093806488087684,6.643684220241331,54.53325285940477,70.7962327757041,1.2264173802755118,0.416,32.40792907705777,b_drift_trend90,rowwise,西红柿,fold2_test2025,180,target_lh_full_180
50,15.68127515019954,17.29890230225798,114.09647986773057,317.401005717909,15.68127515019954,0.0,130.16745281411434,b_drift_trend90,rowwise,西红柿,fold3_test2026,180,target_lh_full_180
248,27.119648252658042,54.79279173136501,104.54299289015103,451.0010607930154,24.08756173439611,0.1693548387096774,145.03750264464696,b_drift_trend90,rowwise,青椒,fold1_test2024,180,target_lh_full_180
250,3.714676033736136,5.484517741635181,58.94478180797906,63.85542410442869,0.653966474529382,0.468,19.530034287221405,b_drift_trend90,rowwise,青椒,fold2_test2025,180,target_lh_full_180
50,31.303933034533344,33.550159608400946,143.72333588122743,571.9066396722517,31.303933034533344,0.0,178.98736615982833,b_drift_trend90,rowwise,青椒,fold3_test2026,180,target_lh_full_180
248,7.935941143435717,10.510108514011169,94.67429557817754,146.91135226074948,5.058198144942999,0.24193548387096775,52.89669155559398,b_drift_trend90,rowwise,韭菜,fold1_test2024,180,target_lh_full_180
250,8.55589643689651,15.883302537829394,75.19550924024031,145.1198645722833,5.542654682675123,0.36,55.76975419916644,b_drift_trend90,rowwise,韭菜,fold2_test2025,180,target_lh_full_180
50,12.44138260848827,16.71140001377721,85.96589253098796,251.06469379680024,12.189933625920991,0.32,81.88088607399747,b_drift_trend90,rowwise,韭菜,fold3_test2026,180,target_lh_full_180
248,6.1749103721086644,8.417746747906687,86.7452976292327,134.20318920056204,3.646780927833163,0.3185483870967742,31.56065301299984,b_drift_trend90,rowwise,黄瓜,fold1_test2024,180,target_lh_full_180
250,9.145587353821817,13.966692940864306,88.969356874488,165.86435487027396,6.351807375897839,0.236,46.62344812019826,b_drift_trend90,rowwise,黄瓜,fold2_test2025,180,target_lh_full_180
50,7.746864576518818,9.558870116933159,80.07221782409805,174.80900095324944,7.746864576518818,0.4,39.55818458753713,b_drift_trend90,rowwise,黄瓜,fold3_test2026,180,target_lh_full_180
248,0.2141585256389247,0.2775562199222571,10.21919122359065,10.386948548064234,0.01295401640773215,0.0,7.310791969863106,b_last_value,rowwise,土豆,fold1_test2024,180,target_lh_full_180
250,0.3227892431892329,0.3633354742487391,16.931645090609294,16.520261221512836,-0.023499147604844582,0.0,11.376239802944315,b_last_value,rowwise,土豆,fold2_test2025,180,target_lh_full_180
50,0.10020926954776677,0.11564442219587227,4.466505782233025,4.587624222355418,0.09046090222802804,0.0,3.7746715086063563,b_last_value,rowwise,土豆,fold3_test2026,180,target_lh_full_180
248,1.3878238770007392,1.829330990965312,23.046822411111386,24.403092745968532,0.35743420278743004,0.0,8.16236513882487,b_last_value,rowwise,尖椒,fold1_test2024,180,target_lh_full_180
250,1.977930477906267,2.286231308040111,36.90728693607767,34.552484243857016,-0.7470633553421484,0.0,11.243694917734066,b_last_value,rowwise,尖椒,fold2_test2025,180,target_lh_full_180
50,4.507973054946706,4.755883587546216,57.333774347807285,81.41210572873345,4.507973054946706,0.0,27.42746647176923,b_last_value,rowwise,尖椒,fold3_test2026,180,target_lh_full_180
248,0.6930563705741309,0.8383894473752995,30.36102587395456,31.608800077714534,0.15908779027493286,0.0,8.945799521967036,b_last_value,rowwise,甘蓝,fold1_test2024,180,target_lh_full_180
250,0.7981386879333715,0.9301032089742578,41.00087784076163,39.56372228162106,-0.16814983946174103,0.0,10.063665670507914,b_last_value,rowwise,甘蓝,fold2_test2025,180,target_lh_full_180
50,1.1165982436171256,1.1773382502877323,49.88538745034836,68.74750869028792,1.1165982436171256,0.0,15.141562995863001,b_last_value,rowwise,甘蓝,fold3_test2026,180,target_lh_full_180
248,1.7217314925672584,2.0081412259986857,19.703539009506795,19.72401758833152,0.02500137786490167,0.0,6.074757327562332,b_last_value,rowwise,芸豆,fold1_test2024,180,target_lh_full_180
250,1.4157472440000487,1.8792397670620764,16.479911320592823,16.4435596978691,-0.1484570034999994,0.0,5.079839877829813,b_last_value,rowwise,芸豆,fold2_test2025,180,target_lh_full_180
50,1.824977122775631,1.8861041680830328,19.66382687162556,21.935288163063323,1.824977122775631,0.0,6.661209682634669,b_last_value,rowwise,芸豆,fold3_test2026,180,target_lh_full_180
248,1.4022488062148233,1.6347023973387143,31.151960605798962,32.78490595843679,0.34844745502618546,0.0,12.744568058460237,b_last_value,rowwise,芹菜,fold1_test2024,180,target_lh_full_180
250,0.9191021165851928,1.0128650833968593,26.351565556678054,25.565431834512648,-0.2184571707993196,0.0,7.987956922097064,b_last_value,rowwise,芹菜,fold2_test2025,180,target_lh_full_180
50,0.9172251389428459,1.0844146622007897,22.184163521387415,26.152820297827134,0.9172251389428459,0.0,8.340868249487631,b_last_value,rowwise,芹菜,fold3_test2026,180,target_lh_full_180
248,0.9419801732796083,1.202615665125314,23.22123979822512,24.012305167607302,0.3405616872917026,0.0,6.294692278316613,b_last_value,rowwise,茄子,fold1_test2024,180,target_lh_full_180
250,1.6595339701454555,1.998861378016083,43.797859303870474,40.42571664143664,-0.45186422011364397,0.0,11.291532475612835,b_last_value,rowwise,茄子,fold2_test2025,180,target_lh_full_180
50,2.5268393960366904,2.6505250122220287,49.01344206644382,66.10677688067092,2.5268393960366904,0.0,18.31172078170822,b_last_value,rowwise,茄子,fold3_test2026,180,target_lh_full_180
248,1.1881493822887472,1.3881979822686978,21.629252763169312,22.515934177510914,0.2651698968913404,0.0,9.775072047445986,b_last_value,rowwise,西红柿,fold1_test2024,180,target_lh_full_180
250,1.4504802207442253,1.7253405657786371,25.865233209467963,25.08387625139828,-0.523960238128545,0.0,11.482482198007384,b_last_value,rowwise,西红柿,fold2_test2025,180,target_lh_full_180
50,3.2758752796289783,3.38202112027947,49.46761753999305,66.30622180922853,3.2758752796289783,0.0,27.19245321580896,b_last_value,rowwise,西红柿,fold3_test2026,180,target_lh_full_180
248,1.732905779020659,2.518288339739596,24.7324528168685,28.818306834642073,0.7662238508490087,0.0,9.267683863967482,b_last_value,rowwise,青椒,fold1_test2024,180,target_lh_full_180
250,1.8404432364995227,2.1189911417376686,32.99071064968975,31.63729012691402,-0.6160426250305404,0.0,9.67619226712722,b_last_value,rowwise,青椒,fold2_test2025,180,target_lh_full_180
50,4.428791046539868,4.713176827473389,56.94646600754527,80.91171810401647,4.428791046539868,0.0,25.322621404087656,b_last_value,rowwise,青椒,fold3_test2026,180,target_lh_full_180
248,1.445476384863582,1.789074279296606,28.13908140330097,26.758879195688245,0.036933337866215186,0.0,9.634763804198482,b_last_value,rowwise,韭菜,fold1_test2024,180,target_lh_full_180
250,2.4152303996579714,2.6504637218304565,41.43950805601481,40.96565580173887,-0.2934245020456665,0.0,15.743155228295203,b_last_value,rowwise,韭菜,fold2_test2025,180,target_lh_full_180
50,2.8789510994239067,2.943294622991259,44.60597132311806,58.096676147527546,2.8789510994239067,0.0,18.947336835675205,b_last_value,rowwise,韭菜,fold3_test2026,180,target_lh_full_180
248,1.1761092907669812,1.555455364455464,25.064207748331942,25.56111881109623,0.15238323678095403,0.0,6.011225263920126,b_last_value,rowwise,黄瓜,fold1_test2024,180,target_lh_full_180
250,2.107763797137437,2.491695748975028,39.760358400253324,38.22640021966721,-0.3822955931639295,0.0,10.745205555814103,b_last_value,rowwise,黄瓜,fold2_test2025,180,target_lh_full_180
50,3.174783473233953,3.253718644608694,52.48448016937215,71.63939961995624,3.174783473233953,0.0,16.211548481216163,b_last_value,rowwise,黄瓜,fold3_test2026,180,target_lh_full_180
248,0.30829217842968615,0.3733352428771297,13.701643571230788,14.952545015736533,0.30829217842968615,0.6612903225806451,10.524259894445686,b_same_season_mean,rowwise,土豆,fold1_test2024,180,target_lh_full_180
250,0.3398184100201586,0.4613080269676893,15.946362847797497,17.391809113419164,0.3305795868095978,0.608,11.97640814684227,b_same_season_mean,rowwise,土豆,fold2_test2025,180,target_lh_full_180
50,0.15084393865994614,0.1888066975656566,6.5807188746912315,6.905701537540902,0.15084393865994614,0.4,5.681972536824591,b_same_season_mean,rowwise,土豆,fold3_test2026,180,target_lh_full_180
248,1.854406600337268,2.1070420401633263,33.77814660953787,32.607348098495386,-0.4521705527744576,0.5040322580645161,10.906530748347684,b_same_season_mean,rowwise,尖椒,fold1_test2024,180,target_lh_full_180
250,2.5550512408311925,2.804305735748696,44.23468927594656,44.634211731505964,-0.39479776648258064,0.492,14.524381403685116,b_same_season_mean,rowwise,尖椒,fold2_test2025,180,target_lh_full_180
50,2.4634314696847044,2.5722498414185435,37.074319391482526,44.488540818891686,2.4634314696847044,1.0,14.988040792776479,b_same_season_mean,rowwise,尖椒,fold3_test2026,180,target_lh_full_180
248,0.6442058550021528,0.7219690251519872,30.217148571657127,29.380833860293006,-0.04430883106331928,0.5967741935483871,8.315249198203865,b_same_season_mean,rowwise,甘蓝,fold1_test2024,180,target_lh_full_180
250,0.7553891873246306,0.8792769849272577,37.61100335181093,37.4446302048523,0.1305743750428528,0.688,9.524640701274175,b_same_season_mean,rowwise,甘蓝,fold2_test2025,180,target_lh_full_180
50,0.9869157505494418,1.012942481714793,46.58980184177803,60.76312543506419,0.9869157505494418,0.8,13.383011386571553,b_same_season_mean,rowwise,甘蓝,fold3_test2026,180,target_lh_full_180
248,1.6084515883830297,2.0090328853601607,17.67704666394672,18.426292111287104,0.17617589858670785,0.7258064516129032,5.675073677132839,b_same_season_mean,rowwise,芸豆,fold1_test2024,180,target_lh_full_180
250,1.8316096104390485,2.1946162892007677,20.455063785523794,21.27369987834087,0.25142286349296833,0.556,6.571994809918406,b_same_season_mean,rowwise,芸豆,fold2_test2025,180,target_lh_full_180
50,2.5135896278508456,2.6955813121090495,26.081025630452835,30.212056974576136,2.5135896278508456,0.38,9.174661620823308,b_same_season_mean,rowwise,芸豆,fold3_test2026,180,target_lh_full_180
248,0.8815847133079248,1.1070704378960428,22.160452823343242,20.611657355027127,-0.7438147317626854,0.7419354838709677,8.012427130089314,b_same_season_mean,rowwise,芹菜,fold1_test2024,180,target_lh_full_180
250,0.7021750380477407,0.8156013287064152,20.06978220788206,19.531462007510132,0.06368341731710711,0.752,6.102634140955456,b_same_season_mean,rowwise,芹菜,fold2_test2025,180,target_lh_full_180
50,0.51288848237935,0.5427636879593469,13.69001705570389,14.623978064918955,0.51288848237935,0.74,4.663996958409122,b_same_season_mean,rowwise,芹菜,fold3_test2026,180,target_lh_full_180
248,1.1248517140718601,1.237961427569192,28.02055331361379,28.67393963565111,0.15167545492500334,0.5282258064516129,7.51671383291165,b_same_season_mean,rowwise,茄子,fold1_test2024,180,target_lh_full_180
250,1.8327513160516382,2.013788488122182,45.30102383406368,44.64523577690291,-0.05723949473044445,0.468,12.470109908690445,b_same_season_mean,rowwise,茄子,fold2_test2025,180,target_lh_full_180
50,1.551487437812951,1.5983670025943746,34.3828768475017,40.58977157216022,1.551487437812951,0.8,11.243454887603837,b_same_season_mean,rowwise,茄子,fold3_test2026,180,target_lh_full_180
248,1.2397737347878388,1.4405993489440785,25.22832557841585,23.49423752905336,-0.40884179823761213,0.45564516129032256,10.19979285495025,b_same_season_mean,rowwise,西红柿,fold1_test2024,180,target_lh_full_180
250,1.7749227779494061,1.9595939084092227,32.90925875207817,30.69462284361744,-0.7936696242808731,0.32,14.05087701932595,b_same_season_mean,rowwise,西红柿,fold2_test2025,180,target_lh_full_180
50,1.3118365873603401,1.4791849643982231,24.0104892795118,26.552576125189876,1.3104551365749586,0.98,10.889320252944035,b_same_season_mean,rowwise,西红柿,fold3_test2026,180,target_lh_full_180
248,1.9056014623064788,2.1631847698359072,31.91439809157501,31.690244391894336,-0.1638778469971622,0.532258064516129,10.19127071833722,b_same_season_mean,rowwise,青椒,fold1_test2024,180,target_lh_full_180
250,2.5567096759001107,2.956211084945413,41.305919724638805,43.949937809864686,0.10713426161200028,0.444,13.441987182548136,b_same_season_mean,rowwise,青椒,fold2_test2025,180,target_lh_full_180
50,3.618062855413671,3.706246270246546,50.22745003283207,66.1001340464141,3.618062855413671,0.64,20.68709833926638,b_same_season_mean,rowwise,青椒,fold3_test2026,180,target_lh_full_180
248,1.6929428636137105,1.9148315556339475,32.4249678048664,31.34001637592796,-0.19121571968994217,0.5,11.284241510774233,b_same_season_mean,rowwise,韭菜,fold1_test2024,180,target_lh_full_180
250,1.989612859414045,2.1802402981285627,35.934324603930826,33.7465922874321,-0.6028604999967135,0.624,12.968859655958004,b_same_season_mean,rowwise,韭菜,fold2_test2025,180,target_lh_full_180
50,1.576010114513723,1.6787879103812784,26.7608612609602,31.8035791738364,1.576010114513723,0.98,10.37224790031965,b_same_season_mean,rowwise,韭菜,fold3_test2026,180,target_lh_full_180
248,1.3615950845695837,1.5121244802886558,30.492087512285615,29.592397579472333,-0.059714595949223244,0.4959677419354839,6.959263765577872,b_same_season_mean,rowwise,黄瓜,fold1_test2024,180,target_lh_full_180
250,2.1319379430789884,2.418063587929187,42.431345633130704,38.664822484526965,-0.8770721847901009,0.572,10.868443352967178,b_same_season_mean,rowwise,黄瓜,fold2_test2025,180,target_lh_full_180
50,1.6529864016653304,1.7000689712202626,31.223510457394404,37.299851909154015,1.6529864016653304,1.0,8.440723411632119,b_same_season_mean,rowwise,黄瓜,fold3_test2026,180,target_lh_full_180
248,0.2576121939488415,0.31720081297576325,11.695129907707393,12.494504227265821,0.2527927260851515,0.7096774193548387,8.79418250214969,b_same_season_median,rowwise,土豆,fold1_test2024,180,target_lh_full_180
250,0.29101430160940905,0.3956734459665051,13.923698539185589,14.894028791923281,0.26002085239515543,0.604,10.256377965030751,b_same_season_median,rowwise,土豆,fold2_test2025,180,target_lh_full_180
50,0.08112874175888236,0.09851628824773015,3.6323149953573033,3.714109308469265,0.07166090222802811,0.46,3.0559483312106495,b_same_season_median,rowwise,土豆,fold3_test2026,180,target_lh_full_180
248,2.0281149912441823,2.206042730993375,39.48900711040042,35.661786089010036,-0.8136545068899894,0.45564516129032256,11.928181505159966,b_same_season_median,rowwise,尖椒,fold1_test2024,180,target_lh_full_180
250,2.503284012842262,2.75760720152889,45.17455160743794,43.729889588025436,-0.6847833553421487,0.368,14.230106693453415,b_same_season_median,rowwise,尖椒,fold2_test2025,180,target_lh_full_180
50,1.9527730549467057,2.124230392325218,30.746556769280158,35.26626367899231,1.9527730549467057,1.0,11.881086430353195,b_same_season_median,rowwise,尖椒,fold3_test2026,180,target_lh_full_180
248,0.5597701434623977,0.6677483178907548,26.72368200302964,25.52990392328261,-0.2673235000476477,0.7943548387096774,7.225374001899767,b_same_season_median,rowwise,甘蓝,fold1_test2024,180,target_lh_full_180
250,0.7840760798627053,0.8562909392859451,39.94732985568386,38.86663901943297,-0.10950983946174096,0.576,9.886351391400591,b_same_season_median,rowwise,甘蓝,fold2_test2025,180,target_lh_full_180
50,0.7317982436171256,0.7988160981724444,36.5583281554581,45.055870721803245,0.7317982436171256,0.8,9.923505853005858,b_same_season_median,rowwise,甘蓝,fold3_test2026,180,target_lh_full_180
248,1.6404988849214712,1.9161229734363088,18.60241670691848,18.79342336451183,-0.11774055761896929,0.7137096774193549,5.78814563423875,b_same_season_median,rowwise,芸豆,fold1_test2024,180,target_lh_full_180
250,1.9443075259900682,2.2284204368699063,22.092740027759568,22.582658740907824,-0.03553700349999929,0.552,6.976365977152229,b_same_season_median,rowwise,芸豆,fold2_test2025,180,target_lh_full_180
50,2.539577122775631,2.741347797455755,26.2764618021958,30.524413322881657,2.539577122775631,0.38,9.269516592241864,b_same_season_median,rowwise,芸豆,fold3_test2026,180,target_lh_full_180
248,1.1275832511668589,1.311465499347242,29.795918058528898,26.363160864157265,-1.1154638352963953,0.7137096774193549,10.24822515261556,b_same_season_median,rowwise,芹菜,fold1_test2024,180,target_lh_full_180
250,0.7200410346548161,0.835314807817581,20.659024333618454,20.02841649186147,-0.21525717079931958,0.616,6.257908303306296,b_same_season_median,rowwise,芹菜,fold2_test2025,180,target_lh_full_180
50,0.28222229449840136,0.32568103122112707,7.7671111415803695,8.046998101866304,0.20222513894284574,1.0,2.5664134960282037,b_same_season_median,rowwise,芹菜,fold3_test2026,180,target_lh_full_180
248,1.0267035866846388,1.1413049321737587,25.7726752891115,26.172015653274887,0.08048104213041231,0.5443548387096774,6.860848372978883,b_same_season_median,rowwise,茄子,fold1_test2024,180,target_lh_full_180
250,1.7829416428045495,1.9453323702435292,44.208895439375794,43.431888070309796,-0.1036242201136439,0.48,12.131202990732103,b_same_season_median,rowwise,茄子,fold2_test2025,180,target_lh_full_180
50,1.4654393960366903,1.4984527690435236,32.77677091848213,38.338596167960006,1.4654393960366903,0.8,10.61987441102464,b_same_season_median,rowwise,茄子,fold3_test2026,180,target_lh_full_180
248,1.2062767865740076,1.4160498608183343,25.050390131070348,22.859456168752303,-0.5378542966570466,0.4475806451612903,9.924208751603729,b_same_season_median,rowwise,西红柿,fold1_test2024,180,target_lh_full_180
250,1.7136780127897715,1.9230515003597557,31.924382325652378,29.635486642834234,-0.8901602381285454,0.34,13.566043158367943,b_same_season_median,rowwise,西红柿,fold2_test2025,180,target_lh_full_180
50,0.9454814638219672,1.1077234596824919,18.11084537605203,19.137268151366797,0.9214752796289777,1.0,7.848272072893232,b_same_season_median,rowwise,西红柿,fold3_test2026,180,target_lh_full_180
248,1.9944933824713547,2.222163857388166,34.69960544739404,33.16852131926406,-0.4138971168929269,0.5,10.666670029784312,b_same_season_median,rowwise,青椒,fold1_test2024,180,target_lh_full_180
250,2.6174579092801147,2.979713077809042,43.31119162780292,44.99420228161014,-0.09908262503053993,0.352,13.76137306439214,b_same_season_median,rowwise,青椒,fold2_test2025,180,target_lh_full_180
50,3.4543910465398686,3.5177682081252084,48.58350896492909,63.10993488777056,3.4543910465398686,0.68,19.75126749805485,b_same_season_median,rowwise,青椒,fold3_test2026,180,target_lh_full_180
248,1.6682811815292873,1.9145413495592916,32.54174135207688,30.883475557572194,-0.3479053718112042,0.5645161290322581,11.119860076123487,b_same_season_median,rowwise,韭菜,fold1_test2024,180,target_lh_full_180
250,1.9880017348968786,2.2039358788836068,35.93594295260928,33.719265382125954,-0.7272645020456664,0.628,12.958357890424805,b_same_season_median,rowwise,韭菜,fold2_test2025,180,target_lh_full_180
50,1.461951099423907,1.5989726135832838,24.875131383713907,29.501890318230277,1.461951099423907,0.96,9.621587502341875,b_same_season_median,rowwise,韭菜,fold3_test2026,180,target_lh_full_180
248,1.421547754923749,1.503037695608784,32.97253484842215,30.895386461539527,-0.3255603116061428,0.4717741935483871,7.265688525165828,b_same_season_median,rowwise,黄瓜,fold1_test2024,180,target_lh_full_180
250,2.2153975353468365,2.588438550246753,45.03534261445709,40.17844549130497,-1.1815755931639296,0.504,11.293913453431186,b_same_season_median,rowwise,黄瓜,fold2_test2025,180,target_lh_full_180
50,1.3229834732339532,1.4497487894847023,25.557453203778447,29.853293154843307,1.3229834732339532,1.0,6.755613696808319,b_same_season_median,rowwise,黄瓜,fold3_test2026,180,target_lh_full_180
248,0.6312115303321316,0.7719752070855339,25.400644633599928,30.614525706806962,0.6065830486657967,0.5887096774193549,21.547851870336217,b_seasonal_naive_365,rowwise,土豆,fold1_test2024,180,target_lh_full_180
250,0.32193473445953535,0.4003938667176275,15.77001696016758,16.476527708923662,0.11730085239515543,0.508,11.34612387923291,b_seasonal_naive_365,rowwise,土豆,fold2_test2025,180,target_lh_full_180
50,0.13267301523228892,0.1716395410042736,6.333030969098105,6.073828709453378,-0.08793909777197186,0.76,4.99751223432981,b_seasonal_naive_365,rowwise,土豆,fold3_test2026,180,target_lh_full_180
248,2.5713345858799834,2.773082689713849,54.83976711952566,45.2136019707005,-1.494098055277086,0.4879032258064516,15.123080191846475,b_seasonal_naive_365,rowwise,尖椒,fold1_test2024,180,target_lh_full_180
250,1.9744146087257155,2.4717516516224247,33.14678591100109,34.491065495411895,0.39445664465785124,0.584,11.223708694316027,b_seasonal_naive_365,rowwise,尖椒,fold2_test2025,180,target_lh_full_180
50,0.8577297724747485,1.1124513094111086,13.981772757944844,15.490240529892041,0.6455730549467057,1.0,5.218610291065179,b_seasonal_naive_365,rowwise,尖椒,fold3_test2026,180,target_lh_full_180
248,0.6228814075919721,0.712026378896651,32.726640440523646,28.4082719972547,-0.5220412419831316,0.782258064516129,8.039998526616827,b_seasonal_naive_365,rowwise,甘蓝,fold1_test2024,180,target_lh_full_180
250,0.7572827807168643,0.8833662096443771,36.22103172402021,37.538495599698194,0.3594501605382589,0.716,9.548516866035296,b_seasonal_naive_365,rowwise,甘蓝,fold2_test2025,180,target_lh_full_180
50,0.36531209141134124,0.38637648696035454,21.089886309293266,22.491792659115063,0.16139824361712565,0.94,4.953792536281266,b_seasonal_naive_365,rowwise,甘蓝,fold3_test2026,180,target_lh_full_180
248,1.8844410735520072,2.297967828566509,20.97249033153032,21.588005469710104,0.06830782947780485,0.7298387096774194,6.648842905725204,b_seasonal_naive_365,rowwise,芸豆,fold1_test2024,180,target_lh_full_180
250,1.9378092558827655,2.2701178537770734,22.132208295308473,22.5071829150532,0.20898299650000057,0.508,6.9530495470706,b_seasonal_naive_365,rowwise,芸豆,fold2_test2025,180,target_lh_full_180
50,1.6955435101225869,2.5317296667133,16.87265785612024,20.379562583767992,1.3841771227756312,0.7,6.18877393365852,b_seasonal_naive_365,rowwise,芸豆,fold3_test2026,180,target_lh_full_180
248,1.4495618758189226,1.5686659398155574,40.87585563008385,33.89109662210545,-1.4444557707802663,0.6975806451612904,13.174580644637281,b_seasonal_naive_365,rowwise,芹菜,fold1_test2024,180,target_lh_full_180
250,1.4511121676781678,1.8108715136017095,33.94774494120096,40.363642447960125,1.0873028292006806,0.696,12.611679676694196,b_seasonal_naive_365,rowwise,芹菜,fold2_test2025,180,target_lh_full_180
50,0.2817992513010566,0.382593611624453,7.85858001506205,8.034935880445806,0.050025138942845826,1.0,2.5625665151474117,b_seasonal_naive_365,rowwise,芹菜,fold3_test2026,180,target_lh_full_180
248,1.802675418647989,2.0600101406031732,53.918649687696444,45.952551336631,-0.5597608933534587,0.3951612903225806,12.046205811920464,b_seasonal_naive_365,rowwise,茄子,fold1_test2024,180,target_lh_full_180
250,1.695371572521286,1.941431036563254,41.223552688269955,41.29870917115679,0.1992557798863561,0.48,11.535372890063236,b_seasonal_naive_365,rowwise,茄子,fold2_test2025,180,target_lh_full_180
50,0.35386515149450726,0.48351856873292964,8.82530976468276,9.257764720774732,0.27323939603669034,1.0,2.5644209357776715,b_seasonal_naive_365,rowwise,茄子,fold3_test2026,180,target_lh_full_180
248,1.5360379964054833,1.721946285433269,32.505442616352155,29.108570804960106,-0.7812817160118853,0.5201612903225806,12.637200596405497,b_seasonal_naive_365,rowwise,西红柿,fold1_test2024,180,target_lh_full_180
250,1.4520820194451736,1.6803280779274068,26.119499507487003,25.111576953427583,-0.20132023812854516,0.616,11.495162567450128,b_seasonal_naive_365,rowwise,西红柿,fold2_test2025,180,target_lh_full_180
50,0.9845519156412398,1.0879648311865215,19.264026019485122,19.928083986336212,0.3326752796289776,1.0,8.172588886730056,b_seasonal_naive_365,rowwise,西红柿,fold3_test2026,180,target_lh_full_180
248,2.6889887822917222,2.8917655524594057,51.962748267429916,44.718013374499556,-1.083695503989701,0.5,14.380873010948317,b_seasonal_naive_365,rowwise,青椒,fold1_test2024,180,target_lh_full_180
250,2.4561923379874275,3.4787098040783953,35.521821071608144,42.22204089934814,1.0705173749694594,0.484,12.913513894954205,b_seasonal_naive_365,rowwise,青椒,fold2_test2025,180,target_lh_full_180
50,1.2115173693440802,1.530274244525586,19.37510164869181,22.133794716522846,1.1743910465398686,1.0,6.927126465436915,b_seasonal_naive_365,rowwise,青椒,fold3_test2026,180,target_lh_full_180
248,2.0433167200020703,2.4188539570718,37.791430361732985,37.82619061896713,-0.2858892427789462,0.5282258064516129,13.61964413984354,b_seasonal_naive_365,rowwise,韭菜,fold1_test2024,180,target_lh_full_180
250,1.6663853792584022,1.9801159478878416,30.610080447602094,28.264206135123576,-0.39894450204566656,0.64,10.861971470523766,b_seasonal_naive_365,rowwise,韭菜,fold2_test2025,180,target_lh_full_180
50,1.1757510994239069,1.5240822073666962,19.852112659222705,23.72642969413368,1.1757510994239069,0.94,7.738009902341872,b_seasonal_naive_365,rowwise,韭菜,fold3_test2026,180,target_lh_full_180
248,1.8958651389183425,2.210383737773271,42.88930522738205,41.20402282861357,-0.30560063418678796,0.40725806451612906,9.68997737669375,b_seasonal_naive_365,rowwise,黄瓜,fold1_test2024,180,target_lh_full_180
250,2.095507860650394,2.4612953571563314,41.00889691922591,38.00412657882719,-0.7193355931639295,0.544,10.682725804994238,b_seasonal_naive_365,rowwise,黄瓜,fold2_test2025,180,target_lh_full_180
50,1.1790959507221792,1.901168421265322,20.306902603990178,26.606452602581555,0.9255834732339531,0.88,6.020873968348792,b_seasonal_naive_365,rowwise,黄瓜,fold3_test2026,180,target_lh_full_180
248,0.3018921764874651,0.3266787807470423,13.760231592904725,14.64213714996031,0.3018921764874651,0.7217741935483871,10.30578116395057,m_catboost,trained,土豆,fold1_test2024,180,target_lh_full_180
250,0.15054137846635338,0.1931697118104645,7.695235004270195,7.704664729031285,0.13290328604778875,0.896,5.305613051966037,m_catboost,trained,土豆,fold2_test2025,180,target_lh_full_180
50,0.1372130936700314,0.1632336497965529,6.596122036813782,6.281675487564586,-0.13510243862612878,0.8,5.168527398926093,m_catboost,trained,土豆,fold3_test2026,180,target_lh_full_180
248,1.2403011693559811,1.5472266482722898,25.871470391410945,21.8090962191387,-1.2400319950877887,0.5846774193548387,7.2947231951894045,m_catboost,trained,尖椒,fold1_test2024,180,target_lh_full_180
250,1.342128310775292,1.4567143477995892,23.667458892169403,23.445650809924643,-0.19359185379573285,0.764,7.629429565585715,m_catboost,trained,尖椒,fold2_test2025,180,target_lh_full_180
50,0.5449776575800935,0.6375862018202547,9.705536971200202,9.84206829497844,-0.2796729475352901,1.0,3.3157599322248075,m_catboost,trained,尖椒,fold3_test2026,180,target_lh_full_180
248,0.5242248961569276,0.6225610347461152,26.128924735280812,23.90876217566289,-0.39024052340961995,0.7782258064516129,6.766564776771285,m_catboost,trained,甘蓝,fold1_test2024,180,target_lh_full_180
250,0.5625378212291821,0.6332803528549867,28.39348843269364,27.884991002813646,0.2073933559332659,0.732,7.0929935429204924,m_catboost,trained,甘蓝,fold2_test2025,180,target_lh_full_180
50,0.361342885733032,0.3932621756593303,20.29113721469299,22.24741380268846,0.361342885733032,0.94,4.8999683625776,m_catboost,trained,甘蓝,fold3_test2026,180,target_lh_full_180
248,0.5787631166134031,0.6708170431623098,6.718566601728217,6.630263743702989,-0.0603788035311425,0.9435483870967742,2.0420405264979133,m_catboost,trained,芸豆,fold1_test2024,180,target_lh_full_180
250,0.677098955084866,0.7677318861573765,7.879199110363482,7.864339582145355,0.023784484890389535,0.864,2.429497417603224,m_catboost,trained,芸豆,fold2_test2025,180,target_lh_full_180
50,0.10272928885574631,0.12783680343232334,1.2287697773569255,1.2347533159265827,0.07090742482663843,1.0,0.3749643352105743,m_catboost,trained,芸豆,fold3_test2026,180,target_lh_full_180
248,1.0868682253638482,1.2338581588762672,27.914225466505744,25.411234011995955,-1.0001824706457891,0.7419354838709677,9.878179968730455,m_catboost,trained,芹菜,fold1_test2024,180,target_lh_full_180
250,0.7921492652341067,0.9634040087793533,21.689435629211676,22.034154505425604,0.5386388777316098,0.772,6.884604106963088,m_catboost,trained,芹菜,fold2_test2025,180,target_lh_full_180
50,0.2712237564781967,0.2862243169489717,7.644548641570789,7.733397028183611,0.13932656502003735,1.0,2.466397313884264,m_catboost,trained,芹菜,fold3_test2026,180,target_lh_full_180
248,0.7843367318402376,0.9580034007024395,23.90848372937965,19.993767908659724,-0.5625143025749606,0.6854838709677419,5.2412550811187115,m_catboost,trained,茄子,fold1_test2024,180,target_lh_full_180
250,1.0809297613564641,1.1651578085439303,27.115729738171673,26.33110320607787,-0.10055451039874572,0.692,7.354687354271613,m_catboost,trained,茄子,fold2_test2025,180,target_lh_full_180
50,0.29436193242739533,0.3172381447140819,7.700939045563255,7.701050814571992,-0.0662610657881191,1.0,2.1332078025335086,m_catboost,trained,茄子,fold3_test2026,180,target_lh_full_180
248,0.7581792911764338,0.97082416940492,15.812423598951938,14.36781878554375,-0.5770243781380665,0.7459677419354839,6.237647644822885,m_catboost,trained,西红柿,fold1_test2024,180,target_lh_full_180
250,0.8443977867368709,1.0408394327979849,14.287694892049213,14.602591118819012,-0.500356725008072,0.868,6.684532760652301,m_catboost,trained,西红柿,fold2_test2025,180,target_lh_full_180
50,0.36293671723600807,0.39933284332961433,7.377649101436624,7.34611681507288,-0.005532962922665608,1.0,3.0126726023761203,m_catboost,trained,西红柿,fold3_test2026,180,target_lh_full_180
248,1.2964037471150234,1.4824930451423428,25.432757993918877,21.559256953401317,-0.8853200849482857,0.6532258064516129,6.933244861769054,m_catboost,trained,青椒,fold1_test2024,180,target_lh_full_180
250,0.9506004820131737,0.9937113937518641,16.726548711003385,16.340858901704514,0.1455769872278906,0.84,4.997814032383859,m_catboost,trained,青椒,fold2_test2025,180,target_lh_full_180
50,0.3403219133604412,0.35717863784069,6.407312870692318,6.217505054783048,-0.008196668683626012,1.0,1.9458680432155706,m_catboost,trained,青椒,fold3_test2026,180,target_lh_full_180
248,0.5166087921557816,0.61319304722622,10.31234489070961,9.563540716046782,-0.41065356233200156,0.9193548387096774,3.4434348037190294,m_catboost,trained,韭菜,fold1_test2024,180,target_lh_full_180
250,0.8063149672035927,1.015646877734052,13.25925103160296,13.676219634752199,-0.5247464437205972,0.94,5.255789134395438,m_catboost,trained,韭菜,fold2_test2025,180,target_lh_full_180
50,0.33850184837073827,0.3921153423236528,6.931237871223445,6.83090180450425,-0.33850184837073827,1.0,2.2277934980772853,m_catboost,trained,韭菜,fold3_test2026,180,target_lh_full_180
248,0.7177848128074898,0.8573615465974731,17.835049761906443,15.600066273609448,-0.43497875166917344,0.8145161290322581,3.6686779321271703,m_catboost,trained,黄瓜,fold1_test2024,180,target_lh_full_180
250,1.315086924680758,1.5652253566162855,24.184978760805624,23.850413967054237,-0.9060216309426655,0.82,6.70420440309743,m_catboost,trained,黄瓜,fold2_test2025,180,target_lh_full_180
50,0.36296927640088517,0.4098954291123285,8.348829178800234,8.19044865927875,-0.33475523627447396,1.0,1.8534473519767123,m_catboost,trained,黄瓜,fold3_test2026,180,target_lh_full_180
248,0.1781721704088574,0.2222602523990807,8.145333204434538,8.641566620859125,0.16239309808486854,0.7862903225806451,6.0823152792634065,m_elasticnet,trained,土豆,fold1_test2024,180,target_lh_full_180
250,0.19549962567685122,0.24322205250012144,9.933946013194058,10.005614973347079,0.05019515427222729,0.888,6.8901014207027815,m_elasticnet,trained,土豆,fold2_test2025,180,target_lh_full_180
50,0.08490651995191531,0.10894250921671092,3.7702459606491425,3.887057647712301,0.08034670478485126,0.6,3.19824925582001,m_elasticnet,trained,土豆,fold3_test2026,180,target_lh_full_180
248,3.350431882852928,3.5495236054549637,87.18374747461405,58.91302299323853,-3.350431882852928,0.5725806451612904,19.70527302045513,m_elasticnet,trained,尖椒,fold1_test2024,180,target_lh_full_180
250,1.0277576861692843,1.1755118468860313,18.236397047766424,17.953907710375056,-0.2317686524474587,0.868,5.842366049627821,m_elasticnet,trained,尖椒,fold2_test2025,180,target_lh_full_180
50,0.551609285922217,0.6343467973823563,9.970981620943713,9.961832725945964,-0.551609285922217,1.0,3.3561081689577748,m_elasticnet,trained,尖椒,fold3_test2026,180,target_lh_full_180
248,1.1367767057320568,1.2772165865054936,72.32992682715907,51.8459235786566,-1.1367767057320568,0.6532258064516129,14.67323141737625,m_elasticnet,trained,甘蓝,fold1_test2024,180,target_lh_full_180
250,0.3611460780256849,0.4087922307815186,19.208541603596952,17.902005441061426,0.1794133641648674,0.804,4.553661465623705,m_elasticnet,trained,甘蓝,fold2_test2025,180,target_lh_full_180
50,0.1355852750849841,0.1436328067071445,8.036329695000319,8.347809904290147,0.1171576979740803,1.0,1.838595928075499,m_elasticnet,trained,甘蓝,fold3_test2026,180,target_lh_full_180
248,1.0149962071259513,1.2287943712375202,12.609683923044454,11.62771496477113,-0.6474086954491655,0.7983870967741935,3.581194671355227,m_elasticnet,trained,芸豆,fold1_test2024,180,target_lh_full_180
250,0.7775516642522536,0.8994022866817563,9.121866390599898,9.031073352602595,0.14775005637302643,0.824,2.7899315841023102,m_elasticnet,trained,芸豆,fold2_test2025,180,target_lh_full_180
50,0.3164863382357989,0.33403024048539304,3.7923106575907384,3.804003317212254,0.1443340211273506,1.0,1.1551826235890201,m_elasticnet,trained,芸豆,fold3_test2026,180,target_lh_full_180
248,2.1070278881622384,2.411792250874439,69.11757240593458,49.26280618606557,-2.0732353312051295,0.6330645161290323,19.150068235211254,m_elasticnet,trained,芹菜,fold1_test2024,180,target_lh_full_180
250,0.7386119138196702,0.9382035273132731,20.312554226589544,20.544977749668174,0.3514184365042049,0.764,6.419308630971165,m_elasticnet,trained,芹菜,fold2_test2025,180,target_lh_full_180
50,0.2844504381608756,0.3607127480958572,7.8633270437417195,8.11052911331415,0.12583093836622264,1.0,2.5866753182794433,m_elasticnet,trained,芹菜,fold3_test2026,180,target_lh_full_180
248,1.151277757417118,1.3381342359584953,36.35841707079413,29.347574002040677,-0.9810153617592674,0.6653225806451613,7.693303336290167,m_elasticnet,trained,茄子,fold1_test2024,180,target_lh_full_180
250,0.8169997092707756,0.8903412964275406,21.53196477695854,19.901851566329587,0.2200176778352565,0.656,5.558897205935854,m_elasticnet,trained,茄子,fold2_test2025,180,target_lh_full_180
50,0.08691954528981992,0.10662764695894068,2.376115303738912,2.273975542749557,0.027947836967285474,1.0,0.6298961644799024,m_elasticnet,trained,茄子,fold3_test2026,180,target_lh_full_180
248,1.0428296277894145,1.2451729098923232,21.852805663534046,19.76206326214158,-0.5169886585125837,0.5362903225806451,8.579505992097127,m_elasticnet,trained,西红柿,fold1_test2024,180,target_lh_full_180
250,0.6073194931638117,0.7220559822015478,10.267145215051462,10.502678212162465,-0.33131717855125337,0.908,4.80774240766847,m_elasticnet,trained,西红柿,fold2_test2025,180,target_lh_full_180
50,0.3410348912290006,0.3812813571416866,7.094620638547367,6.902807101092484,0.022926702409023284,1.0,2.830869472464596,m_elasticnet,trained,西红柿,fold3_test2026,180,target_lh_full_180
248,2.01852646470996,2.2844624242490386,44.228565613551716,33.56819263810848,-2.0160798870360206,0.5725806451612904,10.795200392577607,m_elasticnet,trained,青椒,fold1_test2024,180,target_lh_full_180
250,1.3339209684675988,1.41622074226111,22.60076957030486,22.93015282886422,1.3339209684675988,0.744,7.013134392883721,m_elasticnet,trained,青椒,fold2_test2025,180,target_lh_full_180
50,0.6838401996151352,0.694859643012485,12.121052108792975,12.493406186476783,0.6838401996151352,1.0,3.910012076383453,m_elasticnet,trained,青椒,fold3_test2026,180,target_lh_full_180
248,0.6732515005140911,0.7396226843811938,13.202623337881933,12.463334412946933,-0.3702518323634867,0.8790322580645161,4.487530378358731,m_elasticnet,trained,韭菜,fold1_test2024,180,target_lh_full_180
250,0.5358256747665339,0.6137780829415809,9.374380038917707,9.088346256874202,-0.08850794215764193,0.944,3.492663380831143,m_elasticnet,trained,韭菜,fold2_test2025,180,target_lh_full_180
50,0.48368934450350054,0.5260146642382435,9.363201509443194,9.760757384608882,0.48368934450350054,1.0,3.1833208059590383,m_elasticnet,trained,韭菜,fold3_test2026,180,target_lh_full_180
248,0.880712516333377,1.0648898403150024,22.634926016330432,19.1410759570959,-0.6232395753677201,0.7782258064516129,4.501419527926149,m_elasticnet,trained,黄瓜,fold1_test2024,180,target_lh_full_180
250,1.0702700927488804,1.2516430890169623,19.351931556281013,19.41041636834383,-0.8946163850174556,0.928,5.456148436767684,m_elasticnet,trained,黄瓜,fold2_test2025,180,target_lh_full_180
50,0.3259810787755429,0.37883880377373186,7.262845654452627,7.355805196742196,0.28785986136151265,1.0,1.6645727518373745,m_elasticnet,trained,黄瓜,fold3_test2026,180,target_lh_full_180
248,0.2120163257657979,0.24470494017329933,9.902909506542935,10.283049252925485,0.2120163257657979,0.7459677419354839,7.237663068813879,m_extra_trees,trained,土豆,fold1_test2024,180,target_lh_full_180
250,0.14739915222697386,0.19076205973129243,7.567632853915271,7.543846488067755,0.12644817317521947,0.912,5.194869834933464,m_extra_trees,trained,土豆,fold2_test2025,180,target_lh_full_180
50,0.13313957581517502,0.16241587936665436,6.41129245575115,6.095188057155481,-0.12621694968495262,0.8,5.015086585956228,m_extra_trees,trained,土豆,fold3_test2026,180,target_lh_full_180
248,1.352743143198335,1.6759004422688533,28.796185226793153,23.78624329211219,-1.271858865014147,0.6169354838709677,7.956040861387043,m_extra_trees,trained,尖椒,fold1_test2024,180,target_lh_full_180
250,1.3181347782693003,1.3952343129221836,23.39712708701536,23.02650758768899,-0.05627341462740685,0.732,7.493036521184238,m_extra_trees,trained,尖椒,fold2_test2025,180,target_lh_full_180
50,0.5254196417144529,0.6372805025150015,9.249868112965828,9.488858718059925,-0.36684095138630873,1.0,3.1967648056189475,m_extra_trees,trained,尖椒,fold3_test2026,180,target_lh_full_180
248,0.6379262338191738,0.7247636815156695,32.3876647298523,29.09443393820278,-0.4360342009627267,0.6532258064516129,8.234193407416905,m_extra_trees,trained,甘蓝,fold1_test2024,180,target_lh_full_180
250,0.6252686088228044,0.70543828934483,31.180842869463333,30.9945551630071,0.23038360774414202,0.7,7.883960931338283,m_extra_trees,trained,甘蓝,fold2_test2025,180,target_lh_full_180
50,0.20938543004747504,0.2266795502344292,12.268526087326434,12.89158992869088,0.20938543004747504,1.0,2.839358468995431,m_extra_trees,trained,甘蓝,fold3_test2026,180,target_lh_full_180
248,0.6360264500833717,0.7293894549459072,7.467338055857809,7.286267889183318,-0.2004229020836245,0.9274193548387096,2.244081818127333,m_extra_trees,trained,芸豆,fold1_test2024,180,target_lh_full_180
250,0.7152355496106423,0.7938814201959373,8.315483264364024,8.307286846507473,0.05236534472080848,0.864,2.5663352567709743,m_extra_trees,trained,芸豆,fold2_test2025,180,target_lh_full_180
50,0.23978554850543246,0.27513088172134464,2.8456069450047674,2.8820991990328158,0.16604742869219855,1.0,0.8752229260994548,m_extra_trees,trained,芸豆,fold3_test2026,180,target_lh_full_180
248,1.1072826793670798,1.2482477482220933,28.499796278041806,25.888528734389354,-0.961586474294285,0.7258064516129032,10.06372007920685,m_extra_trees,trained,芹菜,fold1_test2024,180,target_lh_full_180
250,1.0024422534183435,1.185169243884454,26.24078150067819,27.88359273180548,0.7683716633715958,0.772,8.712269717043366,m_extra_trees,trained,芹菜,fold2_test2025,180,target_lh_full_180
50,0.165944772150966,0.19462496753948216,4.851725227322638,4.731579653856948,-0.004737966608387962,1.0,1.5090335212549155,m_extra_trees,trained,芹菜,fold3_test2026,180,target_lh_full_180
248,0.9750320480642095,1.0749727772587885,28.828332783117833,24.854840633004837,-0.5494911578553833,0.6653225806451613,6.515558265618833,m_extra_trees,trained,茄子,fold1_test2024,180,target_lh_full_180
250,1.1362808864789449,1.2218799307825896,28.475343998994447,27.679438907690535,-0.10338698185830912,0.688,7.731298522301769,m_extra_trees,trained,茄子,fold2_test2025,180,target_lh_full_180
50,0.4601565023140428,0.5127046893134682,12.371371610453853,12.038542408503218,-0.4601565023140428,1.0,3.3347023952051256,m_extra_trees,trained,茄子,fold3_test2026,180,target_lh_full_180
248,0.7836288587905222,0.9475756049971649,16.15862685089427,14.85009887404669,-0.486286942157349,0.7540322580645161,6.447024816340536,m_extra_trees,trained,西红柿,fold1_test2024,180,target_lh_full_180
250,0.901399908547825,1.0461333613753516,15.444472130438381,15.588357176931456,-0.4194353659112316,0.844,7.135780450611906,m_extra_trees,trained,西红柿,fold2_test2025,180,target_lh_full_180
50,0.26677662484722364,0.3140602493101276,5.436734863541872,5.399762979572528,0.004601959689337179,1.0,2.2144649203650886,m_extra_trees,trained,西红柿,fold3_test2026,180,target_lh_full_180
248,1.5126081074222835,1.6705949819383201,29.80989773059205,25.154745911746957,-0.8791717554390468,0.6330645161290323,8.089518725932281,m_extra_trees,trained,青椒,fold1_test2024,180,target_lh_full_180
250,0.989428052888621,1.0341687596785316,17.559144726203293,17.008306340641138,0.27271351257491067,0.82,5.201951293237888,m_extra_trees,trained,青椒,fold2_test2025,180,target_lh_full_180
50,0.30466575533443013,0.3349541151766883,5.546752513639454,5.566085519168048,-0.06703964820836893,1.0,1.7419958395083255,m_extra_trees,trained,青椒,fold3_test2026,180,target_lh_full_180
248,0.42620274179984524,0.566594339485232,8.624933209401695,7.889930129691809,-0.3272374459360959,0.9596774193548387,2.840836967620776,m_extra_trees,trained,韭菜,fold1_test2024,180,target_lh_full_180
250,0.7711481136698467,0.9580334807518426,12.712326992655212,13.079741047161706,-0.4772266468628495,0.94,5.026561631234295,m_extra_trees,trained,韭菜,fold2_test2025,180,target_lh_full_180
50,0.634248105044185,0.6553368699859107,13.550647214634633,12.799004041196973,-0.634248105044185,1.0,4.1741981953307965,m_extra_trees,trained,韭菜,fold3_test2026,180,target_lh_full_180
248,0.8473266171073917,0.9546687985510794,20.653346788542912,18.415479328083492,-0.3571099213427502,0.7943548387096774,4.33078048743778,m_extra_trees,trained,黄瓜,fold1_test2024,180,target_lh_full_180
250,1.310234769181461,1.5511494979017864,24.11144434307854,23.76241528413916,-0.8870928955793808,0.824,6.679468515566044,m_extra_trees,trained,黄瓜,fold2_test2025,180,target_lh_full_180
50,0.39581511767013794,0.4314902136582558,9.184765698587471,8.931619314972234,-0.39581511767013794,1.0,2.021169640010553,m_extra_trees,trained,黄瓜,fold3_test2026,180,target_lh_full_180
248,0.20056944698902157,0.2321709084797215,10.044914859308287,9.727861732206518,-0.0780904684571587,0.7419354838709677,6.846897633762517,m_linear,trained,土豆,fold1_test2024,180,target_lh_full_180
250,0.21067061917525579,0.2739215908121317,10.46459482277466,10.782062085113397,0.13845289518604892,0.78,7.424781134256867,m_linear,trained,土豆,fold2_test2025,180,target_lh_full_180
50,0.08992050832151317,0.10899882090377418,4.007504157853386,4.1166002299382995,0.07026014661667204,0.52,3.3871156064941177,m_linear,trained,土豆,fold3_test2026,180,target_lh_full_180
248,3.666717761275451,3.84195892977339,99.22263968729708,64.47450219336966,-3.666717761275451,0.5725806451612904,21.565480839849222,m_linear,trained,尖椒,fold1_test2024,180,target_lh_full_180
250,1.024570614166701,1.1796313480664682,18.312772265073583,17.898232722612153,-0.10717531034073238,0.832,5.824248898555944,m_linear,trained,尖椒,fold2_test2025,180,target_lh_full_180
50,0.8533210534038502,0.926458475230143,16.677221109422717,15.410620909554162,-0.8533210534038502,1.0,5.191786706933987,m_linear,trained,尖椒,fold3_test2026,180,target_lh_full_180
248,1.437400483253408,1.5861938371957747,101.63438021857736,65.55672299661438,-1.437400483253408,0.6532258064516129,18.55360848254136,m_linear,trained,甘蓝,fold1_test2024,180,target_lh_full_180
250,0.4456947437150825,0.5282626264565045,23.46335926425133,22.0930814773307,0.16629750808357818,0.736,5.619728700866751,m_linear,trained,甘蓝,fold2_test2025,180,target_lh_full_180
50,0.16499028446669167,0.20768343917799792,9.32616515579504,10.15823827417401,0.14984509939644805,1.0,2.2373407805703027,m_linear,trained,甘蓝,fold3_test2026,180,target_lh_full_180
248,1.213766402279688,1.4991579881632464,15.567114698176306,13.904810343564774,-0.9383971835585755,0.7338709677419355,4.282512330191038,m_linear,trained,芸豆,fold1_test2024,180,target_lh_full_180
250,0.8732105830003015,1.0655959941906792,10.142465820483041,10.142128413972774,0.2141862817786526,0.776,3.133165160707033,m_linear,trained,芸豆,fold2_test2025,180,target_lh_full_180
50,0.30227990475028316,0.33078196050029096,3.5275519677662333,3.6332492795943847,0.22486669686867602,1.0,1.1033288051995074,m_linear,trained,芸豆,fold3_test2026,180,target_lh_full_180
248,2.446158660879349,2.7715013048272383,82.68490777530651,57.19176318846443,-2.414247968445242,0.6209677419354839,22.232313835603865,m_linear,trained,芹菜,fold1_test2024,180,target_lh_full_180
250,1.027846834012681,1.3447679201747376,26.719550434673195,28.59023790403289,0.500082874650226,0.728,8.933062044413337,m_linear,trained,芹菜,fold2_test2025,180,target_lh_full_180
50,0.3009497295836113,0.3543387059006194,8.523987451494019,8.580973048286996,0.09856621503418571,1.0,2.736713089949715,m_linear,trained,芹菜,fold3_test2026,180,target_lh_full_180
248,1.4798510133795262,1.6871838112646411,49.44272474390184,37.72333552642019,-1.3302735739947331,0.6491935483870968,9.888962646153363,m_linear,trained,茄子,fold1_test2024,180,target_lh_full_180
250,1.0511659987429534,1.3034887015916599,27.339699795714655,25.60606746999631,0.7807415542003717,0.572,7.1521735773963915,m_linear,trained,茄子,fold2_test2025,180,target_lh_full_180
50,0.16260723627102247,0.19926385052822773,4.1227009566536665,4.254105070631461,0.14823250865192283,1.0,1.178396344599728,m_linear,trained,茄子,fold3_test2026,180,target_lh_full_180
248,1.1075324067885362,1.3887191913112487,24.102507365051128,20.988208336795346,-0.8545401398574052,0.5685483870967742,9.11182485352518,m_linear,trained,西红柿,fold1_test2024,180,target_lh_full_180
250,0.7274607998733092,0.827880161324161,12.788379977944325,12.580341614312182,-0.016679416470660614,0.844,5.758820813156366,m_linear,trained,西红柿,fold2_test2025,180,target_lh_full_180
50,0.5776955272006681,0.6890100231743643,12.166770110570369,11.692999426127443,-0.4573920131949023,1.0,4.79534697003649,m_linear,trained,西红柿,fold3_test2026,180,target_lh_full_180
248,1.7649147432190402,2.015738529583512,37.57236078470442,29.350617455851573,-1.6585851555231677,0.6129032258064516,9.438869721037738,m_linear,trained,青椒,fold1_test2024,180,target_lh_full_180
250,2.038228486193269,2.096234989041953,31.817210776057404,35.03722618758089,2.038228486193269,0.684,10.716054875049032,m_linear,trained,青椒,fold2_test2025,180,target_lh_full_180
50,0.7738254803433955,0.828079747630722,13.514675487642332,14.137390648892136,0.7738254803433955,1.0,4.424523411842045,m_linear,trained,青椒,fold3_test2026,180,target_lh_full_180
248,1.0261141767003388,1.1715411991206108,21.017694211449868,18.995582067498674,-0.8663262176953852,0.7943548387096774,6.839522134137378,m_linear,trained,韭菜,fold1_test2024,180,target_lh_full_180
250,0.6221702103015623,0.694292652346747,11.193348924189868,10.552869278607405,0.02374650320480475,0.92,4.055481497991106,m_linear,trained,韭菜,fold2_test2025,180,target_lh_full_180
50,0.6090351495217604,0.6593510013126681,11.598071877998615,12.290211477126874,0.6090351495217604,1.0,4.008263330719212,m_linear,trained,韭菜,fold3_test2026,180,target_lh_full_180
248,0.9302002052774148,1.0960944084795823,23.723647013866856,20.216622852878178,-0.5995133023804233,0.7580645161290323,4.754356604751231,m_linear,trained,黄瓜,fold1_test2024,180,target_lh_full_180
250,1.0447724714576188,1.2285693690972408,18.844938519978637,18.94799155705663,-0.7890136124918715,0.916,5.326163671714315,m_linear,trained,黄瓜,fold2_test2025,180,target_lh_full_180
50,0.2783160784724146,0.36534449335473856,6.2459052450856465,6.280238301112992,0.2713301946712092,1.0,1.4211786842462948,m_linear,trained,黄瓜,fold3_test2026,180,target_lh_full_180
