method,crop,response,hazard_key,hazard_label,window,lag_a,lag_b,effect,se,t,p_value,n,r2,p_joint_windows,fdr_p_within,fdr_p_joint,ci_low,ci_high
hist,土豆,price,precip_1d,当日降水,lag0-2,0,2,-0.058332255516114345,0.05928438030144331,-0.9839397024901383,0.32514516109290204,1400,0.0018780407655243359,,0.8804572182612304,,-0.17452964090694323,0.05786512987471454
hist,土豆,price,precip_1d,当日降水,lag3-6,3,6,0.02092930957077105,0.06527878710378973,0.3206142531033026,0.748502734989231,1400,0.0018780407655243359,,0.8804572182612304,,-0.10701711315265683,0.14887573229419893
hist,土豆,price,precip_1d,当日降水,lag7-13,7,13,0.010903670409884714,0.07250280514644492,0.1503896351025442,0.8804572182612304,1400,0.0018780407655243359,,0.8804572182612304,,-0.13120182767714733,0.15300916849691676
hist,土豆,price,precip_1d,当日降水,lag14-30,14,30,-0.03957061547273048,0.17503771091651354,-0.2260690868586838,0.821147687326016,1400,0.0018780407655243359,,0.8804572182612304,,-0.38264452886909706,0.30350329792363606
hist,土豆,price,precip_3d,3日累计降水,lag0-2,0,2,-0.037119406101746764,0.04509117635611511,-0.8232077559607237,0.410389859047535,1400,0.0013455360782606007,,0.8584350830027299,,-0.12549811175973238,0.05125929955623886
hist,土豆,price,precip_3d,3日累计降水,lag3-6,3,6,0.012597375753706785,0.0478181667770283,0.26344330204976674,0.7922089187404459,1400,0.0013455360782606007,,0.8584350830027299,,-0.08112623112926867,0.10632098263668224
hist,土豆,price,precip_3d,3日累计降水,lag7-13,7,13,0.009420584794016761,0.052815858631522015,0.17836659363508456,0.8584350830027299,1400,0.0013455360782606007,,0.8584350830027299,,-0.09409849812376639,0.11293966771179992
hist,土豆,price,precip_3d,3日累计降水,lag14-30,14,30,-0.02387497496923155,0.12019704708415496,-0.19863195934019648,0.8425506517815342,1400,0.0013455360782606007,,0.8584350830027299,,-0.2594611872541753,0.21171123731571218
hist,土豆,price,precip_7d,7日累计降水,lag0-2,0,2,-0.03269141023416703,0.06152271502352517,-0.5313713840760511,0.595161447365763,1400,0.0011449308583938445,,0.9043394538504272,,-0.15327593168027637,0.08789311121194229
hist,土豆,price,precip_7d,7日累计降水,lag3-6,3,6,0.0212083456824591,0.04263767461351812,0.4974085916902952,0.6189009480743621,1400,0.0011449308583938445,,0.9043394538504272,,-0.062361496560036415,0.10477818792495461
hist,土豆,price,precip_7d,7日累计降水,lag7-13,7,13,0.006758357912064857,0.056234642550401163,0.12018139718782021,0.9043394538504272,1400,0.0011449308583938445,,0.9043394538504272,,-0.10346154148672142,0.11697825731085114
hist,土豆,price,precip_7d,7日累计降水,lag14-30,14,30,-0.02886932302132368,0.10292023360525024,-0.2805019189137458,0.7790924534553232,1400,0.0011449308583938445,,0.9043394538504272,,-0.23059298088761415,0.17285433484496676
hist,土豆,price,temp_max,日最高气温,lag0-2,0,2,0.16919945388269844,0.14416848719339512,1.1736230099697549,0.24054606048536686,1400,0.0054568270908621486,,0.40779139266175524,,-0.11337078101635598,0.45176968878175283
hist,土豆,price,temp_max,日最高气温,lag3-6,3,6,-0.12707716550049059,0.08929712655450979,-1.4230823589034376,0.15471228167648765,1400,0.0054568270908621486,,0.40779139266175524,,-0.30209953354732977,0.0479452025463486
hist,土豆,price,temp_max,日最高气温,lag7-13,7,13,0.1380798955820102,0.14152439049671736,0.975661475010648,0.3292322493921709,1400,0.0054568270908621486,,0.40779139266175524,,-0.1393079097915558,0.41546770095557617
hist,土豆,price,temp_max,日最高气温,lag14-30,14,30,-0.1985642735766286,0.23987376140327937,-0.8277865507882679,0.40779139266175524,1400,0.0054568270908621486,,0.40779139266175524,,-0.6687168459270562,0.271588298773799
hist,土豆,price,temp_min,日最低气温,lag0-2,0,2,0.1677658552379811,0.16384763303010838,1.0239138163634791,0.3058759837414816,1400,0.007115767453404032,,0.4177337198641551,,-0.1533755055010313,0.4889072159769935
hist,土豆,price,temp_min,日最低气温,lag3-6,3,6,-0.18963215030932118,0.11102586056925953,-1.7079998239781795,0.08763637513760783,1400,0.007115767453404032,,0.3505455005504313,,-0.40724283702506986,0.0279785364064275
hist,土豆,price,temp_min,日最低气温,lag7-13,7,13,0.16902985077205518,0.16763492742879,1.0083211975252457,0.3133002898981163,1400,0.007115767453404032,,0.4177337198641551,,-0.15953460698837318,0.49759430853248354
hist,土豆,price,temp_min,日最低气温,lag14-30,14,30,-0.20860152124784206,0.263323082317349,-0.7921885138669379,0.42825076494595216,1400,0.007115767453404032,,0.42825076494595216,,-0.7247147625898461,0.30751172009416206
hist,土豆,price,vpd,饱和水汽压差VPD,lag0-2,0,2,0.11770673904814263,0.11559858322121311,1.0182368656101546,0.30856540366338814,1400,0.006181220902761075,,0.5730894961391068,,-0.10886648406543506,0.3442799621617203
hist,土豆,price,vpd,饱和水汽压差VPD,lag3-6,3,6,-0.03961995411273465,0.0785399642335946,-0.5044559734569837,0.6139409929727131,1400,0.006181220902761075,,0.6139409929727131,,-0.19355828401058006,0.11431837578511078
hist,土豆,price,vpd,饱和水汽压差VPD,lag7-13,7,13,0.09303824614918069,0.11784382520280892,0.7895046345369569,0.4298171221043301,1400,0.006181220902761075,,0.5730894961391068,,-0.1379356512483248,0.32401214354668617
hist,土豆,price,vpd,饱和水汽压差VPD,lag14-30,14,30,-0.16590391897967827,0.2042561896098745,-0.8122344752271726,0.4166571009334127,1400,0.006181220902761075,,0.5730894961391068,,-0.5662460506150322,0.23443821265567572
hist,土豆,price,soil_z,土壤水分异常,lag0-2,0,2,-0.004936124236309085,0.07829590109602548,-0.06304447828316337,0.9497310861940252,1400,0.008026686113356551,,0.9497310861940252,,-0.15839609038451904,0.14852384191190085
hist,土豆,price,soil_z,土壤水分异常,lag3-6,3,6,0.04127832418823092,0.0542352127402902,0.7610982257209092,0.4465984001614316,1400,0.008026686113356551,,0.8931968003228632,,-0.06502269278273787,0.1475793411591997
hist,土豆,price,soil_z,土壤水分异常,lag7-13,7,13,-0.0157318928777794,0.07940212739943216,-0.1981293624368546,0.8429438522806929,1400,0.008026686113356551,,0.9497310861940252,,-0.17136006258066644,0.13989627682510763
hist,土豆,price,soil_z,土壤水分异常,lag14-30,14,30,0.1121521203058663,0.1268759146568062,0.883951225961467,0.3767225426097748,1400,0.008026686113356551,,0.8931968003228632,,-0.13652467242147384,0.3608289130332064
hist,土豆,volume,precip_1d,当日降水,lag0-2,0,2,-0.014875031718545428,0.05336379515382175,-0.2787476354646063,0.7804385029518515,1400,0.006210490977888616,,0.9553853353714182,,-0.11946807022003607,0.08971800678294521
hist,土豆,volume,precip_1d,当日降水,lag3-6,3,6,-0.009705318636689138,0.06033196814338185,-0.1608652748344622,0.8721995127196022,1400,0.006210490977888616,,0.9553853353714182,,-0.12795597619771756,0.10854533892433928
hist,土豆,volume,precip_1d,当日降水,lag7-13,7,13,-0.004419426314049658,0.07899540404325094,-0.05594535995575096,0.9553853353714182,1400,0.006210490977888616,,0.9553853353714182,,-0.1592504182388215,0.1504115656107222
hist,土豆,volume,precip_1d,当日降水,lag14-30,14,30,0.1967284585600419,0.14974480622411165,1.3137581430745142,0.1889276075344567,1400,0.006210490977888616,,0.7557104301378268,,-0.09677136163921696,0.49022827875930075
hist,土豆,volume,precip_3d,3日累计降水,lag0-2,0,2,-0.0024495569526157106,0.04325754840352867,-0.05662727184085845,0.9548421096090626,1400,0.006188226115757978,,0.9548421096090626,,-0.0872343518235319,0.08233523791830047
hist,土豆,volume,precip_3d,3日累计降水,lag3-6,3,6,-0.021491923669718548,0.045689716103156267,-0.47038864547100734,0.6380773749208878,1400,0.006188226115757978,,0.9548421096090626,,-0.11104376723190482,0.06805991989246774
hist,土豆,volume,precip_3d,3日累计降水,lag7-13,7,13,0.013068076320219066,0.053745082822354295,0.24314924517678177,0.8078897835218729,1400,0.006188226115757978,,0.9548421096090626,,-0.09227228601159534,0.11840843865203349
hist,土豆,volume,precip_3d,3日累计降水,lag14-30,14,30,0.1240354996874012,0.10015636164467122,1.2384185852062695,0.21556089288983515,1400,0.006188226115757978,,0.8622435715593406,,-0.0722709691361544,0.3203419685109568
hist,土豆,volume,precip_7d,7日累计降水,lag0-2,0,2,0.004732617731009553,0.061112406073922,0.07744119459615033,0.9382725706105624,1400,0.006282991114978986,,0.9382725706105624,,-0.11504769817387757,0.12451293363589667
hist,土豆,volume,precip_7d,7日累计降水,lag3-6,3,6,-0.042901454157189864,0.04447114595389009,-0.9647031403614433,0.33469352188685786,1400,0.006282991114978986,,0.5304611985536235,,-0.13006490022681444,0.04426199191243471
hist,土豆,volume,precip_7d,7日累计降水,lag7-13,7,13,0.060787520138789075,0.04910786266887653,1.2378368113608587,0.21577657602130818,1400,0.006282991114978986,,0.5304611985536235,,-0.03546389069220893,0.15703893096978708
hist,土豆,volume,precip_7d,7日累计降水,lag14-30,14,30,0.06517853440232915,0.07709105996511274,0.8454746170544994,0.3978458989152176,1400,0.006282991114978986,,0.5304611985536235,,-0.08591994312929183,0.21627701193395013
hist,土豆,volume,temp_max,日最高气温,lag0-2,0,2,0.020085811182182986,0.1807196179494625,0.11114350179624605,0.9115025529676846,1400,0.0026869890462841717,,0.9115025529676846,,-0.3341246399987635,0.3742962623631295
hist,土豆,volume,temp_max,日最高气温,lag3-6,3,6,0.04322549431085132,0.11712898510227034,0.3690418240464501,0.7120965505405656,1400,0.0026869890462841717,,0.9115025529676846,,-0.18634731648959854,0.2727983051113012
hist,土豆,volume,temp_max,日最高气温,lag7-13,7,13,-0.18696270027910136,0.1498687837540624,-1.2475092917675958,0.2122108153816673,1400,0.0026869890462841717,,0.8488432615266692,,-0.4807055164370637,0.10678011587886097
hist,土豆,volume,temp_max,日最高气温,lag14-30,14,30,0.12340985487436505,0.24339775120630433,0.5070295607199865,0.6121340773486781,1400,0.0026869890462841717,,0.9115025529676846,,-0.3536497374899914,0.6004694472387215
hist,土豆,volume,temp_min,日最低气温,lag0-2,0,2,0.0516205686698326,0.197052243924816,0.26196387131489907,0.7933492962432546,1400,0.005049840343945733,,0.9523195745253219,,-0.3346018294228067,0.4378429667624719
hist,土豆,volume,temp_min,日最低气温,lag3-6,3,6,0.008694128508585412,0.14540095679688253,0.05979416298292075,0.9523195745253219,1400,0.005049840343945733,,0.9523195745253219,,-0.2762917468133043,0.29368000383047516
hist,土豆,volume,temp_min,日最低气温,lag7-13,7,13,-0.2244440388318678,0.17855018235985765,-1.2570361780953756,0.20874053554316763,1400,0.005049840343945733,,0.8008328821270174,,-0.5744023962571888,0.1255143185934532
hist,土豆,volume,temp_min,日最低气温,lag14-30,14,30,0.20531034992239264,0.24416195716857586,0.8408777202774508,0.4004164410635087,1400,0.005049840343945733,,0.8008328821270174,,-0.27324708612801607,0.6838677859728013
hist,土豆,volume,vpd,饱和水汽压差VPD,lag0-2,0,2,-0.057828296846971994,0.10528740211570299,-0.5492423185009638,0.5828391662530104,1400,0.003164364500206407,,0.6723032261069554,,-0.26419160499374983,0.14853501129980587
hist,土豆,volume,vpd,饱和水汽压差VPD,lag3-6,3,6,0.07014293497616905,0.0767754883170928,0.9136110562588617,0.3609212547402929,1400,0.003164364500206407,,0.6723032261069554,,-0.08033702212533284,0.22062289207767094
hist,土豆,volume,vpd,饱和水汽压差VPD,lag7-13,7,13,-0.09676957102481279,0.10901056913241103,-0.8877081533926352,0.37469775896665014,1400,0.003164364500206407,,0.6723032261069554,,-0.3104302865243384,0.11689114447471283
hist,土豆,volume,vpd,饱和水汽压差VPD,lag14-30,14,30,0.08370142457188429,0.19788081519339162,0.4229890830502277,0.6723032261069554,1400,0.003164364500206407,,0.6723032261069554,,-0.30414497320716327,0.47154782235093184
hist,土豆,volume,soil_z,土壤水分异常,lag0-2,0,2,-0.0324405532587637,0.06936478060385554,-0.4676804709299483,0.6400131087751526,1400,0.004741596309189022,,0.8876930046746353,,-0.16839552324232054,0.10351441672479315
hist,土豆,volume,soil_z,土壤水分异常,lag3-6,3,6,-0.02629379247239041,0.05182638396701413,-0.5073437592930579,0.6119136397458209,1400,0.004741596309189022,,0.8876930046746353,,-0.12787350504773812,0.07528592010295729
hist,土豆,volume,soil_z,土壤水分异常,lag7-13,7,13,0.010617890575679084,0.07518475807701736,0.1412239774024728,0.8876930046746353,1400,0.004741596309189022,,0.8876930046746353,,-0.13674423525527493,0.1579800164066331
hist,土豆,volume,soil_z,土壤水分异常,lag14-30,14,30,-0.04136170852975954,0.12104516117371476,-0.3417047664582013,0.7325730846931763,1400,0.004741596309189022,,0.8876930046746353,,-0.27861022443024047,0.1958868073707214
hist,尖椒,price,precip_1d,当日降水,lag0-2,0,2,0.01790512095212002,0.0501372473483101,0.357122137713919,0.7210003722695087,1400,0.01929808704731395,,0.7210003722695087,,-0.08036388385056778,0.11617412575480782
hist,尖椒,price,precip_1d,当日降水,lag3-6,3,6,0.06261059501812569,0.07397703268566355,0.8463518033247549,0.3973565168894344,1400,0.01929808704731395,,0.6574552932534337,,-0.08238438904577489,0.20760557908202626
hist,尖椒,price,precip_1d,当日降水,lag7-13,7,13,0.06446574658332731,0.09405563982085735,0.6854001174848388,0.49309146994007524,1400,0.01929808704731395,,0.6574552932534337,,-0.1198833074655531,0.24881480063220773
hist,尖椒,price,precip_1d,当日降水,lag14-30,14,30,0.3181664448468006,0.2603942487139105,1.2218643323277205,0.22175893555929427,1400,0.01929808704731395,,0.6574552932534337,,-0.19220628263246392,0.8285391723260651
hist,尖椒,price,precip_3d,3日累计降水,lag0-2,0,2,-0.000902594727780065,0.04454720296335368,-0.020261535354365024,0.9838347398237024,1400,0.01976326811393514,,0.9838347398237024,,-0.08821511253595328,0.08640992308039315
hist,尖椒,price,precip_3d,3日累计降水,lag3-6,3,6,0.0618465074520828,0.05224096309983591,1.1838699706567442,0.2364645389255967,1400,0.01976326811393514,,0.4729290778511934,,-0.04054578022359559,0.16423879512776118
hist,尖椒,price,precip_3d,3日累计降水,lag7-13,7,13,0.03386224579625963,0.06557085315273488,0.5164222237185773,0.6055595473522293,1400,0.01976326811393514,,0.8074127298029724,,-0.09465662638310074,0.16238111797562
hist,尖椒,price,precip_3d,3日累计降水,lag14-30,14,30,0.21585141409818479,0.17768768835855817,1.2147797975885395,0.22445008804644873,1400,0.01976326811393514,,0.4729290778511934,,-0.13241645508458924,0.5641192832809588
hist,尖椒,price,precip_7d,7日累计降水,lag0-2,0,2,0.02595342166390818,0.06736081257734268,0.3852896167799171,0.7000228534785613,1400,0.021693431095528015,,0.8154549000582139,,-0.10607377098768347,0.15798061431549984
hist,尖椒,price,precip_7d,7日累计降水,lag3-6,3,6,0.019545456806277187,0.04117567751999454,0.47468452211347556,0.6350118516454812,1400,0.021693431095528015,,0.8154549000582139,,-0.061158871132912115,0.10024978474546649
hist,尖椒,price,precip_7d,7日累计降水,lag7-13,7,13,0.01488107227406119,0.06375924539834303,0.23339473641963646,0.8154549000582139,1400,0.021693431095528015,,0.8154549000582139,,-0.11008704870669116,0.13984919325481354
hist,尖椒,price,precip_7d,7日累计降水,lag14-30,14,30,0.19128537855398586,0.14993256398545524,1.275809427047097,0.20202289431572373,1400,0.021693431095528015,,0.8080915772628949,,-0.10258244685750639,0.4851532039654781
hist,尖椒,price,temp_max,日最高气温,lag0-2,0,2,-0.022784394194419574,0.24429865629927522,-0.09326450885799313,0.925693426981147,1400,0.014438613971745506,,0.925693426981147,,-0.5016097605409989,0.45604097215215983
hist,尖椒,price,temp_max,日最高气温,lag3-6,3,6,0.24251767255294127,0.19783932041081828,1.2258315083641982,0.22026208747005438,1400,0.014438613971745506,,0.8367161921304849,,-0.14524739545226256,0.630282740558145
hist,尖椒,price,temp_max,日最高气温,lag7-13,7,13,0.11583261487801652,0.2387335343731087,0.48519624686235147,0.6275371440978637,1400,0.014438613971745506,,0.8367161921304849,,-0.35208511249327656,0.5837503422493096
hist,尖椒,price,temp_max,日最高气温,lag14-30,14,30,-0.2388164105726362,0.3708600217541442,-0.6439529649031726,0.5196059347001357,1400,0.014438613971745506,,0.8367161921304849,,-0.9657020532107587,0.4880692320654864
hist,尖椒,price,temp_min,日最低气温,lag0-2,0,2,0.004183107831359792,0.2788832183235574,0.014999496407512747,0.9880325821463466,1400,0.012406818491652372,,0.9880325821463466,,-0.5424280000828127,0.5507942157455322
hist,尖椒,price,temp_min,日最低气温,lag3-6,3,6,0.21212421893381112,0.2148851830249646,0.9871514450075755,0.3235684009075832,1400,0.012406818491652372,,0.9880325821463466,,-0.20905073979511946,0.6332991776627417
hist,尖椒,price,temp_min,日最低气温,lag7-13,7,13,0.024799877710549416,0.28812417699549325,0.08607357414139295,0.9314079304261436,1400,0.012406818491652372,,0.9880325821463466,,-0.5399235092006174,0.5895232646217161
hist,尖椒,price,temp_min,日最低气温,lag14-30,14,30,-0.1354733510758891,0.38873541162160535,-0.34849758222633626,0.7274665292647318,1400,0.012406818491652372,,0.9880325821463466,,-0.8973947578542356,0.6264480557024574
hist,尖椒,price,vpd,饱和水汽压差VPD,lag0-2,0,2,-0.0049619755005505485,0.0906502196963844,-0.05473760038497135,0.9563475134774393,1400,0.0044916353288601,,0.9563475134774393,,-0.18263640610546397,0.17271245510436287
hist,尖椒,price,vpd,饱和水汽压差VPD,lag3-6,3,6,0.045709927771744874,0.07549657041636067,0.6054570097642368,0.5448753810382467,1400,0.0044916353288601,,0.9563475134774393,,-0.10226335024432204,0.19368320578781179
hist,尖椒,price,vpd,饱和水汽压差VPD,lag7-13,7,13,-0.0198340516714103,0.09342811480732746,-0.21229211048850938,0.831879150081333,1400,0.0044916353288601,,0.9563475134774393,,-0.20295315669377212,0.1632850533509515
hist,尖椒,price,vpd,饱和水汽压差VPD,lag14-30,14,30,-0.01778221364069702,0.17845395577459994,-0.09964594824200605,0.9206254139105823,1400,0.0044916353288601,,0.9563475134774393,,-0.3675519669589129,0.3319875396775188
hist,尖椒,price,soil_z,土壤水分异常,lag0-2,0,2,0.017765893855480955,0.0707672726292199,0.25104675078498634,0.8017779643799517,1400,0.016264172310672342,,0.8017779643799517,,-0.12093796049779006,0.15646974820875198
hist,尖椒,price,soil_z,土壤水分异常,lag3-6,3,6,0.035100258856355745,0.03961295312046664,0.8860803371466051,0.37557423783228827,1400,0.016264172310672342,,0.6401029370655401,,-0.04254112925975888,0.11274164697247037
hist,尖椒,price,soil_z,土壤水分异常,lag7-13,7,13,0.05423175725138161,0.0709126520731619,0.7647684251807378,0.4444094527536733,1400,0.016264172310672342,,0.6401029370655401,,-0.08475704081201571,0.1932205553147789
hist,尖椒,price,soil_z,土壤水分异常,lag14-30,14,30,0.11013349118520264,0.15595703803853186,0.7061783973993676,0.4800772027991551,1400,0.016264172310672342,,0.6401029370655401,,-0.1955423033703198,0.4158092857407251
hist,尖椒,volume,precip_1d,当日降水,lag0-2,0,2,-0.2348087358450713,0.09939271821267875,-2.3624339898083058,0.018155374382383193,1400,0.02200444495196696,,0.07262149752953277,,-0.4296184635419217,-0.039999008148220966
hist,尖椒,volume,precip_1d,当日降水,lag3-6,3,6,0.2286620401452901,0.1754744416701786,1.3031073811597178,0.1925381040327936,1400,0.02200444495196696,,0.3765027959895371,,-0.11526786552825993,0.5725919458188401
hist,尖椒,volume,precip_1d,当日降水,lag7-13,7,13,0.042401740206811984,0.15265314448986397,0.2777652589372466,0.7811925614501892,1400,0.02200444495196696,,0.7811925614501892,,-0.2567984229933214,0.34160190340694535
hist,尖椒,volume,precip_1d,当日降水,lag14-30,14,30,0.42246859781102736,0.39299597858995755,1.0749947094288739,0.28237709699215285,1400,0.02200444495196696,,0.3765027959895371,,-0.34780352022528943,1.1927407158473442
hist,尖椒,volume,precip_3d,3日累计降水,lag0-2,0,2,-0.16084311215145664,0.09127406419968266,-1.7621995203322594,0.07803559312754074,1400,0.020839771531200757,,0.29157181778460073,,-0.3397402779828347,0.018054053679921384
hist,尖椒,volume,precip_3d,3日累计降水,lag3-6,3,6,0.14928046859081592,0.1026279707564336,1.4545787809163881,0.14578590889230036,1400,0.020839771531200757,,0.29157181778460073,,-0.05187035409179391,0.35043129127342576
hist,尖椒,volume,precip_3d,3日累计降水,lag7-13,7,13,0.02397407742850685,0.12012029532931075,0.1995839034759424,0.8418060176649595,1400,0.020839771531200757,,0.8418060176649595,,-0.2114617014169422,0.2594098562739559
hist,尖椒,volume,precip_3d,3日累计降水,lag14-30,14,30,0.31976797086496167,0.28151071967115976,1.1358998024604223,0.2559985009966709,1400,0.020839771531200757,,0.3413313346622278,,-0.23199303969051144,0.8715289814204348
hist,尖椒,volume,precip_7d,7日累计降水,lag0-2,0,2,-0.0911984660623241,0.13830265368123684,-0.659412264586914,0.5096310685232857,1400,0.019924827353709262,,0.6795080913643808,,-0.36227166727754834,0.17987473515290012
hist,尖椒,volume,precip_7d,7日累计降水,lag3-6,3,6,0.08233711294127107,0.08979316728055495,0.9169641236065573,0.3591614401830593,1400,0.019924827353709262,,0.6795080913643808,,-0.09365749492861662,0.25833172081115874
hist,尖椒,volume,precip_7d,7日累计降水,lag7-13,7,13,-0.0053162393905327645,0.11819893542256431,-0.04497704967922992,0.9641256021405545,1400,0.019924827353709262,,0.9641256021405545,,-0.23698615281875882,0.22635367403769327
hist,尖椒,volume,precip_7d,7日累计降水,lag14-30,14,30,0.2916519340904196,0.24766345135040346,1.1776139454576995,0.2389505477322198,1400,0.019924827353709262,,0.6795080913643808,,-0.19376843055637116,0.7770722987372104
hist,尖椒,volume,temp_max,日最高气温,lag0-2,0,2,0.15019906235589967,0.3315597048517963,0.4530075885519233,0.6505432771806028,1400,0.022524022812900113,,0.7981601592871717,,-0.4996579591536211,0.8000560838654204
hist,尖椒,volume,temp_max,日最高气温,lag3-6,3,6,0.05364477063254358,0.20977201068708515,0.25572892425846533,0.7981601592871717,1400,0.022524022812900113,,0.7981601592871717,,-0.3575083703141433,0.46479791157923045
hist,尖椒,volume,temp_max,日最高气温,lag7-13,7,13,-0.640878548558027,0.32590535618333555,-1.9664560167507823,0.04924595820575482,1400,0.022524022812900113,,0.1969838328230193,,-1.2796530466773646,-0.002104050438689331
hist,尖椒,volume,temp_max,日最高气温,lag14-30,14,30,0.6360581041753691,0.4997081478312992,1.2728591817760424,0.20306801589615275,1400,0.022524022812900113,,0.4061360317923055,,-0.3433698655739773,1.6154860739247154
hist,尖椒,volume,temp_min,日最低气温,lag0-2,0,2,0.014752426257158106,0.4008512907154579,0.03680274106346844,0.9706422884781434,1400,0.025857791396135643,,0.9706422884781434,,-0.7709161035451393,0.8004209560594555
hist,尖椒,volume,temp_min,日最低气温,lag3-6,3,6,0.15792825991871884,0.2844748030100795,0.5551572872101546,0.5787870813874385,1400,0.025857791396135643,,0.7717161085165847,,-0.399642353981037,0.7154988738184747
hist,尖椒,volume,temp_min,日最低气温,lag7-13,7,13,-0.8320110273787005,0.4328722965801497,-1.92207039801783,0.054596900256038215,1400,0.025857791396135643,,0.21838760102415286,,-1.6804407286757939,0.016418673918392912
hist,尖椒,volume,temp_min,日最低气温,lag14-30,14,30,0.8501257273937862,0.5415630802490038,1.5697630772816147,0.11647024042814878,1400,0.025857791396135643,,0.23294048085629757,,-0.21133790989426127,1.9115893646818338
hist,尖椒,volume,vpd,饱和水汽压差VPD,lag0-2,0,2,0.029265923590047236,0.1348853436274205,0.2169688922681281,0.828232587842526,1400,0.010840522116828177,,0.828232587842526,,-0.23510934991969692,0.2936411970997914
hist,尖椒,volume,vpd,饱和水汽压差VPD,lag3-6,3,6,-0.05190179046536095,0.13018362385195634,-0.3986814080731322,0.6901279687329216,1400,0.010840522116828177,,0.828232587842526,,-0.3070616932151954,0.20325811228447346
hist,尖椒,volume,vpd,饱和水汽压差VPD,lag7-13,7,13,-0.21638017162934173,0.15065408986183992,-1.4362714734646573,0.15092510800944206,1400,0.010840522116828177,,0.6037004320377682,,-0.511662187758548,0.07890184449986451
hist,尖椒,volume,vpd,饱和水汽压差VPD,lag14-30,14,30,0.24730585552863263,0.2730417111643794,0.9057438677556008,0.3650714376853389,1400,0.010840522116828177,,0.7301428753706778,,-0.2878558983535511,0.7824676094108163
hist,尖椒,volume,soil_z,土壤水分异常,lag0-2,0,2,0.17691587309375853,0.10951559104932607,1.6154400610783832,0.10621543064952176,1400,0.0865164928705302,,0.15928293792566214,,-0.037734685362920545,0.3915664315504376
hist,尖椒,volume,soil_z,土壤水分异常,lag3-6,3,6,0.11356479722677178,0.07293657862491482,1.5570348838378132,0.1194622034442466,1400,0.0865164928705302,,0.15928293792566214,,-0.02939089687806125,0.2565204913316048
hist,尖椒,volume,soil_z,土壤水分异常,lag7-13,7,13,0.076249592343437,0.08841962343752065,0.86236051884248,0.38848915943767703,1400,0.0865164928705302,,0.38848915943767703,,-0.09705286959410345,0.24955205428097746
hist,尖椒,volume,soil_z,土壤水分异常,lag14-30,14,30,0.5144418518084893,0.17857180593926258,2.8808682821042075,0.0039658133580400545,1400,0.0865164928705302,,0.015863253432160218,,0.16444111216753465,0.864442591449444
hist,甘蓝,price,precip_1d,当日降水,lag0-2,0,2,-0.013497234489477077,0.05190720254083288,-0.2600262358361435,0.7948435362141494,1400,0.010074615603408832,,0.9202433928663108,,-0.11523535146950951,0.08824088249055535
hist,甘蓝,price,precip_1d,当日降水,lag3-6,3,6,-0.0788167300697095,0.07531357765831992,-1.0465142212109824,0.2953236825379728,1400,0.010074615603408832,,0.5906473650759456,,-0.22643134228001655,0.06879788214059752
hist,甘蓝,price,precip_1d,当日降水,lag7-13,7,13,0.010996574348792053,0.1098261159208966,0.10012713512250992,0.9202433928663108,1400,0.010074615603408832,,0.9202433928663108,,-0.20426261285616526,0.22625576155374938
hist,甘蓝,price,precip_1d,当日降水,lag14-30,14,30,0.3582335357063825,0.2908733498566337,1.231579090634977,0.21810635559265967,1400,0.010074615603408832,,0.5906473650759456,,-0.21187823001261952,0.9283453014253845
hist,甘蓝,price,precip_3d,3日累计降水,lag0-2,0,2,-0.010541736462706227,0.04992543373424342,-0.21114962203073945,0.832770520213157,1400,0.009707152964748333,,0.832770520213157,,-0.10839558658182333,0.08731211365641087
hist,甘蓝,price,precip_3d,3日累计降水,lag3-6,3,6,-0.054503135126493664,0.05172509278724274,-1.0537078270826437,0.2920167043263502,1400,0.009707152964748333,,0.5840334086527004,,-0.15588431698948943,0.046878046736502095
hist,甘蓝,price,precip_3d,3日累计降水,lag7-13,7,13,0.02518367200464431,0.08181569719284511,0.30780978306992485,0.7582270769796455,1400,0.009707152964748333,,0.832770520213157,,-0.1351750944933321,0.1855424385026207
hist,甘蓝,price,precip_3d,3日累计降水,lag14-30,14,30,0.22718508415407193,0.1991622023379239,1.1407038157200173,0.25399319815662136,1400,0.009707152964748333,,0.5840334086527004,,-0.1631728324282589,0.6175430007364028
hist,甘蓝,price,precip_7d,7日累计降水,lag0-2,0,2,-0.040217573062040574,0.06766063011539063,-0.5944013969933803,0.5522436743356609,1400,0.010815316165611044,,0.7268677789950293,,-0.1728324080882062,0.09239726196412507
hist,甘蓝,price,precip_7d,7日累计降水,lag3-6,3,6,-0.020517383136838683,0.048733519660766465,-0.4210117241615212,0.6737465206865436,1400,0.010815316165611044,,0.7268677789950293,,-0.11603508167194095,0.07500031539826359
hist,甘蓝,price,precip_7d,7日累计降水,lag7-13,7,13,0.030380697391251908,0.0869771653140888,0.34929509695495625,0.7268677789950293,1400,0.010815316165611044,,0.7268677789950293,,-0.14009454662436216,0.20085594140686597
hist,甘蓝,price,precip_7d,7日累计降水,lag14-30,14,30,0.18550289846173973,0.16498581569098536,1.1243566465688324,0.26086175607127415,1400,0.010815316165611044,,0.7268677789950293,,-0.1378693002925916,0.508875097216071
hist,甘蓝,price,temp_max,日最高气温,lag0-2,0,2,-0.07512397092577314,0.279541723668893,-0.26873974281833773,0.7881299660824944,1400,0.003111642179654317,,0.7881299660824944,,-0.6230257493168034,0.4727778074652571
hist,甘蓝,price,temp_max,日最高气温,lag3-6,3,6,0.1612614446052928,0.19780183791662595,0.8152676754867413,0.4149191072977616,1400,0.003111642179654317,,0.7881299660824944,,-0.22643015771129404,0.5489530469218796
hist,甘蓝,price,temp_max,日最高气温,lag7-13,7,13,0.08866797294963913,0.23897817983162734,0.37102957689321414,0.7106155023508236,1400,0.003111642179654317,,0.7881299660824944,,-0.3797292595203504,0.5570652054196287
hist,甘蓝,price,temp_max,日最高气温,lag14-30,14,30,-0.13735284678037726,0.4126520615918843,-0.332853896938046,0.7392445717748666,1400,0.003111642179654317,,0.7881299660824944,,-0.9461508875004705,0.6714451939397159
hist,甘蓝,price,temp_min,日最低气温,lag0-2,0,2,5.8404431884699626e-05,0.3021309667865042,0.00019330832753059086,0.9998457622709493,1400,0.0010393929773049315,,0.9998457622709493,,-0.5921182904696636,0.5922350993334329
hist,甘蓝,price,temp_min,日最低气温,lag3-6,3,6,-0.014572829559312868,0.21660209542304626,-0.06727926399257877,0.946359384416163,1400,0.0010393929773049315,,0.9998457622709493,,-0.43911293658848355,0.4099672774698578
hist,甘蓝,price,temp_min,日最低气温,lag7-13,7,13,0.04913915346601143,0.29930200714148286,0.1641791645011685,0.8695901028523106,1400,0.0010393929773049315,,0.9998457622709493,,-0.537492780531295,0.6357710874633178
hist,甘蓝,price,temp_min,日最低气温,lag14-30,14,30,-0.006561185619272623,0.4231891726355774,-0.015504143403315952,0.9876299789331138,1400,0.0010393929773049315,,0.9998457622709493,,-0.8360119639850044,0.8228895927464591
hist,甘蓝,price,vpd,饱和水汽压差VPD,lag0-2,0,2,-0.005671165178657954,0.10183806937311335,-0.05568806649191269,0.9555903063103848,1400,0.00233328672855293,,0.9555903063103848,,-0.20527378114996012,0.1939314507926442
hist,甘蓝,price,vpd,饱和水汽压差VPD,lag3-6,3,6,0.06887535696389888,0.08591175777133765,0.8016988448451633,0.42272718419162625,1400,0.00233328672855293,,0.9555903063103848,,-0.09951168826792292,0.23726240219572067
hist,甘蓝,price,vpd,饱和水汽压差VPD,lag7-13,7,13,0.008725707032042625,0.10603146413519703,0.0822935635493704,0.9344132726049975,1400,0.00233328672855293,,0.9555903063103848,,-0.19909596267294355,0.21654737673702878
hist,甘蓝,price,vpd,饱和水汽压差VPD,lag14-30,14,30,-0.11562834535555101,0.191000931078203,-0.6053810560128023,0.5449258352973654,1400,0.00233328672855293,,0.9555903063103848,,-0.4899901702688289,0.2587334795577269
hist,甘蓝,price,soil_z,土壤水分异常,lag0-2,0,2,-0.018001748573196155,0.07865169701857955,-0.22887934088623263,0.8189626979706424,1400,0.011747462966828714,,0.8402214143451582,,-0.17215907472961206,0.13615557758321978
hist,甘蓝,price,soil_z,土壤水分异常,lag3-6,3,6,-0.01672104625190578,0.04287403079748481,-0.39000406401925514,0.696533541769562,1400,0.011747462966828714,,0.8402214143451582,,-0.100754146614976,0.06731205411116445
hist,甘蓝,price,soil_z,土壤水分异常,lag7-13,7,13,0.015715896388804274,0.07795186348327421,0.20161027185932975,0.8402214143451582,1400,0.011747462966828714,,0.8402214143451582,,-0.13706975603841318,0.16850154881602172
hist,甘蓝,price,soil_z,土壤水分异常,lag14-30,14,30,0.19879894788841468,0.16680835437360741,1.1917805234332366,0.23334731458132185,1400,0.011747462966828714,,0.8402214143451582,,-0.12814542668385587,0.5257433224606852
hist,甘蓝,volume,precip_1d,当日降水,lag0-2,0,2,-0.09180763773549454,0.052024589416835285,-1.7646970166339335,0.07761470026097977,1400,0.028338168388945206,,0.2946055951436324,,-0.19377583299249168,0.01016055752150262
hist,甘蓝,volume,precip_1d,当日降水,lag3-6,3,6,0.00825544895377032,0.07847356274523241,0.10520038424369706,0.9162168058331019,1400,0.028338168388945206,,0.9162168058331019,,-0.1455527340268852,0.16206363193442583
hist,甘蓝,volume,precip_1d,当日降水,lag7-13,7,13,-0.029035230832181874,0.08619640717419284,-0.33684966443560777,0.7362302318540423,1400,0.028338168388945206,,0.9162168058331019,,-0.19798018889359983,0.13990972722923609
hist,甘蓝,volume,precip_1d,当日降水,lag14-30,14,30,-0.24765800037602928,0.17090180201729724,-1.4491245700906268,0.1473027975718162,1400,0.028338168388945206,,0.2946055951436324,,-0.5826255323299319,0.08730953157787333
hist,甘蓝,volume,precip_3d,3日累计降水,lag0-2,0,2,-0.0813549065353376,0.0433323584587577,-1.8774631575331515,0.060454642307360355,1400,0.029501242908934633,,0.24141964751257422,,-0.1662863291145027,0.003576516043827485
hist,甘蓝,volume,precip_3d,3日累计降水,lag3-6,3,6,0.036315202140650635,0.05855438234550013,0.6201961439260478,0.5351286599215568,1400,0.029501242908934633,,0.713504879895409,,-0.07845138725652961,0.15108179153783088
hist,甘蓝,volume,precip_3d,3日累计降水,lag7-13,7,13,-0.01698446829314455,0.059212386781732324,-0.2868397849887795,0.7742349983358788,1400,0.029501242908934633,,0.7742349983358788,,-0.1330407463853399,0.0990718097990508
hist,甘蓝,volume,precip_3d,3日累计降水,lag14-30,14,30,-0.17998037576161582,0.11598160117628227,-1.5518010954863506,0.12070982375628711,1400,0.029501242908934633,,0.24141964751257422,,-0.4073043140671291,0.04734356254389743
hist,甘蓝,volume,precip_7d,7日累计降水,lag0-2,0,2,-0.04680672702567572,0.06404049664457262,-0.7308926301033387,0.4648447379523103,1400,0.02834779952363875,,0.9296894759046206,,-0.17232610044903807,0.07871264639768662
hist,甘蓝,volume,precip_7d,7日累计降水,lag3-6,3,6,0.009132854948685234,0.0473814158717919,0.1927518369944364,0.8471533245489734,1400,0.02834779952363875,,0.9735152223429528,,-0.08373472016002688,0.10200043005739735
hist,甘蓝,volume,precip_7d,7日累计降水,lag7-13,7,13,-0.001837256488514145,0.055339310506101975,-0.03319984422848131,0.9735152223429528,1400,0.02834779952363875,,0.9735152223429528,,-0.110302305080474,0.10662779210344572
hist,甘蓝,volume,precip_7d,7日累计降水,lag14-30,14,30,-0.15197831139731977,0.09434491919514856,-1.6108796604399958,0.10720595398542203,1400,0.02834779952363875,,0.4288238159416881,,-0.33689435301981097,0.03293773022517141
hist,甘蓝,volume,temp_max,日最高气温,lag0-2,0,2,0.3481509106333871,0.19476664546691247,1.7875284025083853,0.07385212577674385,1400,0.02826925176054018,,0.2954085031069754,,-0.03359171448176135,0.7298935357485355
hist,甘蓝,volume,temp_max,日最高气温,lag3-6,3,6,-0.11742792737127483,0.1367459289727165,-0.8587307004562016,0.39048910857214214,1400,0.02826925176054018,,0.5206521447628562,,-0.3854499481577992,0.15059409341524954
hist,甘蓝,volume,temp_max,日最高气温,lag7-13,7,13,-0.0016831054150568334,0.20740469233741948,-0.008115078767449714,0.9935251750078948,1400,0.02826925176054018,,0.9935251750078948,,-0.40819630239639904,0.40483009156628535
hist,甘蓝,volume,temp_max,日最高气温,lag14-30,14,30,-0.27109978307292604,0.31307604299337777,-0.8659231172110489,0.3865323249114295,1400,0.02826925176054018,,0.5206521447628562,,-0.8847288273399464,0.3425292611940943
hist,甘蓝,volume,temp_min,日最低气温,lag0-2,0,2,0.33925977436001686,0.22393564001450003,1.5149878524831935,0.1297754804241785,1400,0.030106691252207107,,0.519101921696714,,-0.0996540800684032,0.7781736287884369
hist,甘蓝,volume,temp_min,日最低气温,lag3-6,3,6,-0.06424623389731174,0.1766423769892298,-0.36370793346620867,0.7160761184863224,1400,0.030106691252207107,,0.7160761184863224,,-0.41046529279620214,0.2819728250015786
hist,甘蓝,volume,temp_min,日最低气温,lag7-13,7,13,-0.1058945292850263,0.25123409801172625,-0.4214974405268974,0.6733918797714094,1400,0.030106691252207107,,0.7160761184863224,,-0.5983133613880097,0.38652430281795713
hist,甘蓝,volume,temp_min,日最低气温,lag14-30,14,30,-0.2583872366917465,0.31178502928811014,-0.8287352259398558,0.40725424822935985,1400,0.030106691252207107,,0.7160761184863224,,-0.8694858940964423,0.3527114207129493
hist,甘蓝,volume,vpd,饱和水汽压差VPD,lag0-2,0,2,0.1210561283495794,0.11874116374640392,1.0194958894635695,0.30796760364391973,1400,0.020816253253781558,,0.6159352072878395,,-0.11167655259337228,0.3537888092925311
hist,甘蓝,volume,vpd,饱和水汽压差VPD,lag3-6,3,6,-0.10794172390616186,0.09334781344122588,-1.156339071339091,0.24754249278743623,1400,0.020816253253781558,,0.6159352072878395,,-0.29090343825096454,0.07501999043864085
hist,甘蓝,volume,vpd,饱和水汽压差VPD,lag7-13,7,13,0.0026944407117002606,0.11965993150029888,0.022517484991987736,0.982035164529381,1400,0.020816253253781558,,0.982035164529381,,-0.23183902502888554,0.23722790645228609
hist,甘蓝,volume,vpd,饱和水汽压差VPD,lag14-30,14,30,-0.06369245674183222,0.22504234733364423,-0.2830243174072602,0.7771581961951438,1400,0.020816253253781558,,0.982035164529381,,-0.5047754575157749,0.3773905440321105
hist,甘蓝,volume,soil_z,土壤水分异常,lag0-2,0,2,0.0010942606751411926,0.08304739436260097,0.01317633964966365,0.9894871062274845,1400,0.027160377594087737,,0.9894871062274845,,-0.16167863227555673,0.1638671536258391
hist,甘蓝,volume,soil_z,土壤水分异常,lag3-6,3,6,0.09691234731889509,0.07101975277316543,1.3645830002876762,0.1723841507895847,1400,0.027160377594087737,,0.6895366031583388,,-0.042286368116509154,0.23611106275429933
hist,甘蓝,volume,soil_z,土壤水分异常,lag7-13,7,13,-0.0207253978624728,0.08047359547840571,-0.25754283425840285,0.7967597531838714,1400,0.027160377594087737,,0.9894871062274845,,-0.178453645000148,0.1370028492752024
hist,甘蓝,volume,soil_z,土壤水分异常,lag14-30,14,30,0.10514527911944851,0.1360155782056771,0.7730385041664285,0.43949959351414747,1400,0.027160377594087737,,0.8789991870282949,,-0.16144525416367864,0.3717358124025757
hist,芸豆,price,precip_1d,当日降水,lag0-2,0,2,-0.012922355384831486,0.05476542863842621,-0.23595826246787566,0.813465057473773,1400,0.021545005892229963,,0.813465057473773,,-0.12026259551614686,0.0944178847464839
hist,芸豆,price,precip_1d,当日降水,lag3-6,3,6,-0.13178172407037742,0.059069083907370416,-2.2309762629302297,0.025682701397860514,1400,0.021545005892229963,,0.10273080559144206,,-0.24755712852882344,-0.0160063196119314
hist,芸豆,price,precip_1d,当日降水,lag7-13,7,13,-0.04728142101808824,0.07383071172654264,-0.640403158961967,0.5219105296741922,1400,0.021545005892229963,,0.6958807062322562,,-0.1919896160021118,0.09742677396593533
hist,芸豆,price,precip_1d,当日降水,lag14-30,14,30,0.29605046611788777,0.245035100079337,1.2081961564773092,0.22697181984071102,1400,0.021545005892229963,,0.45394363968142204,,-0.18421833003761273,0.7763192622733883
hist,芸豆,price,precip_3d,3日累计降水,lag0-2,0,2,-0.02071246287814444,0.04815189974973854,-0.4301484050638502,0.6670876907555591,1400,0.023006976015954805,,0.6670876907555591,,-0.11509018638763197,0.0736652606313431
hist,芸豆,price,precip_3d,3日累计降水,lag3-6,3,6,-0.09323965144277714,0.043860215088451227,-2.1258366210640847,0.03351686561229897,1400,0.023006976015954805,,0.13406746244919587,,-0.17920567301614154,-0.00727362986941274
hist,芸豆,price,precip_3d,3日累计降水,lag7-13,7,13,-0.02430017048943059,0.052974835802564,-0.4587115773231798,0.6464412991318533,1400,0.023006976015954805,,0.6670876907555591,,-0.12813084866245603,0.07953050768359485
hist,芸豆,price,precip_3d,3日累计降水,lag14-30,14,30,0.21802428090870468,0.16656984274458525,1.3089060859775115,0.19056616482645405,1400,0.023006976015954805,,0.3811323296529081,,-0.10845261087068242,0.5445011726880917
hist,芸豆,price,precip_7d,7日累计降水,lag0-2,0,2,-0.08655978050245793,0.06033975458356881,-1.4345398170715982,0.15141827496978927,1400,0.026563271634635344,,0.30283654993957854,,-0.2048256994862528,0.03170613848133694
hist,芸豆,price,precip_7d,7日累计降水,lag3-6,3,6,-0.008536145907066736,0.04442716137420034,-0.19213799943616997,0.8476341101520188,1400,0.026563271634635344,,0.8476341101520188,,-0.09561338220049939,0.07854109038636592
hist,芸豆,price,precip_7d,7日累计降水,lag7-13,7,13,-0.040465109728427415,0.05597888581868167,-0.7228637929575067,0.4697635700169923,1400,0.026563271634635344,,0.6263514266893231,,-0.15018372593304347,0.06925350647618865
hist,芸豆,price,precip_7d,7日累计降水,lag14-30,14,30,0.21273338713365986,0.13926271189510095,1.5275688965033252,0.12661960917345505,1400,0.026563271634635344,,0.30283654993957854,,-0.060221528180738004,0.4856883024480577
hist,芸豆,price,temp_max,日最高气温,lag0-2,0,2,-0.15346868841211792,0.2078613471338783,-0.7383223986962452,0.4603185584725793,1400,0.01451679601689937,,0.9919996228365466,,-0.5608769287945194,0.25393955197028356
hist,芸豆,price,temp_max,日最高气温,lag3-6,3,6,0.03913970115256171,0.14800051318446544,0.2644565232269068,0.7914281619850878,1400,0.01451679601689937,,0.9919996228365466,,-0.25094130468899056,0.329220706994114
hist,芸豆,price,temp_max,日最高气温,lag7-13,7,13,-0.0021480621173999292,0.2142245101827164,-0.010027153828326198,0.9919996228365466,1400,0.01451679601689937,,0.9919996228365466,,-0.42202810207552405,0.4177319778407242
hist,芸豆,price,temp_max,日最高气温,lag14-30,14,30,0.13171746338757173,0.3115973299047285,0.4227169193903061,0.6725018096514683,1400,0.01451679601689937,,0.9919996228365466,,-0.47901330322569613,0.7424482300008396
hist,芸豆,price,temp_min,日最低气温,lag0-2,0,2,-0.18729595305673186,0.2274710749333156,-0.8233836021201321,0.41028988503496644,1400,0.018348215669478862,,0.960161848513464,,-0.6331392599260304,0.25854735381256666
hist,芸豆,price,temp_min,日最低气温,lag3-6,3,6,-0.04727561398529182,0.17146368998791137,-0.2757179318176628,0.7827647217002875,1400,0.018348215669478862,,0.9808353788521403,,-0.3833444463615981,0.2887932183910144
hist,芸豆,price,temp_min,日最低气温,lag7-13,7,13,0.006195920382758055,0.2579312042385076,0.024021600647546004,0.9808353788521403,1400,0.018348215669478862,,0.9808353788521403,,-0.4993492399247169,0.511741080690233
hist,芸豆,price,temp_min,日最低气温,lag14-30,14,30,0.2359114463757635,0.33407060686322526,0.7061724124455824,0.480080924256732,1400,0.018348215669478862,,0.960161848513464,,-0.41886694307615796,0.8906898358276849
hist,芸豆,price,vpd,饱和水汽压差VPD,lag0-2,0,2,-0.011628276795289747,0.08374058816139307,-0.1388607012513286,0.8895602258941248,1400,0.012652526133787534,,0.9160070325100653,,-0.17575982959162015,0.15250327600104066
hist,芸豆,price,vpd,饱和水汽压差VPD,lag3-6,3,6,0.008606244489574456,0.0643480374063991,0.1337452521701712,0.8936040205363269,1400,0.012652526133787534,,0.9160070325100653,,-0.1175159088269678,0.1347283978061167
hist,芸豆,price,vpd,饱和水汽压差VPD,lag7-13,7,13,-0.05460491727868883,0.08870524883236783,-0.6155770712269728,0.5381736880488217,1400,0.012652526133787534,,0.9160070325100653,,-0.22846720499012976,0.11925737043275211
hist,芸豆,price,vpd,饱和水汽压差VPD,lag14-30,14,30,0.01773811372130634,0.16818996170551145,0.10546475866594526,0.9160070325100653,1400,0.012652526133787534,,0.9160070325100653,,-0.3119142112214961,0.3473904386641088
hist,芸豆,price,soil_z,土壤水分异常,lag0-2,0,2,-0.010598704273119215,0.07473316491843532,-0.14182062655431185,0.887221691113637,1400,0.024637410460113807,,0.9531368230416318,,-0.15707570751325242,0.135878298967014
hist,芸豆,price,soil_z,土壤水分异常,lag3-6,3,6,0.002459412049538082,0.04184944493354323,0.05876809246678468,0.9531368230416318,1400,0.024637410460113807,,0.9531368230416318,,-0.07956550002020665,0.0844843241192828
hist,芸豆,price,soil_z,土壤水分异常,lag7-13,7,13,-0.02901258362658119,0.07377963343546132,-0.3932329597701231,0.6941474281158233,1400,0.024637410460113807,,0.9531368230416318,,-0.17362066516008537,0.115595497906923
hist,芸豆,price,soil_z,土壤水分异常,lag14-30,14,30,0.19554293909739545,0.10814440250169444,1.808165143769985,0.07058080179425802,1400,0.024637410460113807,,0.2823232071770321,,-0.01642008980592563,0.40750596800071653
hist,芸豆,volume,precip_1d,当日降水,lag0-2,0,2,-0.06108914201153369,0.0724024028799726,-0.8437446767175141,0.3988120962400955,1400,0.02794244318728334,,0.4790470247231331,,-0.20299785165627998,0.08081956763321262
hist,芸豆,volume,precip_1d,当日降水,lag3-6,3,6,0.049522275045159346,0.06996290909606838,0.707836133245384,0.4790470247231331,1400,0.02794244318728334,,0.4790470247231331,,-0.08760502678313467,0.18664957687345338
hist,芸豆,volume,precip_1d,当日降水,lag7-13,7,13,-0.08043396374259565,0.10176145281797387,-0.790416818109625,0.4292843834813965,1400,0.02794244318728334,,0.4790470247231331,,-0.2798864112658244,0.11901848378063312
hist,芸豆,volume,precip_1d,当日降水,lag14-30,14,30,0.1687076489536639,0.18897565048720383,0.892748079018189,0.3719920967255378,1400,0.02794244318728334,,0.4790470247231331,,-0.20168462600125558,0.5390999239085834
hist,芸豆,volume,precip_3d,3日累计降水,lag0-2,0,2,-0.050769139439359345,0.06597498550102496,-0.7695210397366532,0.44158405927536715,1400,0.027836781418058565,,0.4629219513766457,,-0.18008011102136826,0.07854183214264956
hist,芸豆,volume,precip_3d,3日累计降水,lag3-6,3,6,0.041728458405091005,0.05459750613474688,0.7642923891451194,0.4446930198674758,1400,0.027836781418058565,,0.4629219513766457,,-0.06528265361901286,0.1487395704291949
hist,芸豆,volume,precip_3d,3日累计降水,lag7-13,7,13,-0.05444265442445613,0.07416811254775421,-0.7340439516969296,0.4629219513766457,1400,0.027836781418058565,,0.4629219513766457,,-0.19981215501805438,0.09092684616914211
hist,芸豆,volume,precip_3d,3日累计降水,lag14-30,14,30,0.12052633791931026,0.12774223349854533,0.9435120603295445,0.3454190494390297,1400,0.027836781418058565,,0.4629219513766457,,-0.12984843973783855,0.3709011155764591
hist,芸豆,volume,precip_7d,7日累计降水,lag0-2,0,2,-0.017341555511081082,0.07360998535772166,-0.23558699851394493,0.8137531632095993,1400,0.02738607060173348,,0.8452259050044457,,-0.16161712681221552,0.12693401579005337
hist,芸豆,volume,precip_7d,7日累计降水,lag3-6,3,6,-0.012200815631893371,0.06249989444853447,-0.1952133797912272,0.8452259050044457,1400,0.02738607060173348,,0.8452259050044457,,-0.1347006087510209,0.11029897748723418
hist,芸豆,volume,precip_7d,7日累计降水,lag7-13,7,13,-0.02231856107655378,0.06494465108173658,-0.3436551079235854,0.7311056757740004,1400,0.02738607060173348,,0.8452259050044457,,-0.14961007719675748,0.10497295504364992
hist,芸豆,volume,precip_7d,7日累计降水,lag14-30,14,30,0.10420717916716016,0.09953390793002372,1.046951549821815,0.295121924597636,1400,0.02738607060173348,,0.8452259050044457,,-0.09087928037568632,0.29929363871000664
hist,芸豆,volume,temp_max,日最高气温,lag0-2,0,2,0.3089763760708058,0.25388154181211403,1.217010003426972,0.22360040983215934,1400,0.0328970429774843,,0.7972599261316728,,-0.18863144588093766,0.8065841980225492
hist,芸豆,volume,temp_max,日最高气温,lag3-6,3,6,-0.03686875675253998,0.14351690196206365,-0.256894876133026,0.7972599261316728,1400,0.0328970429774843,,0.7972599261316728,,-0.31816188459818473,0.24442437109310478
hist,芸豆,volume,temp_max,日最高气温,lag7-13,7,13,-0.11482556246415249,0.18509063383944455,-0.6203747865694654,0.5350110681548266,1400,0.0328970429774843,,0.7972599261316728,,-0.4776032047894638,0.2479520798611588
hist,芸豆,volume,temp_max,日最高气温,lag14-30,14,30,-0.12667076264248994,0.25323724286494487,-0.5002058986641444,0.6169301053545717,1400,0.0328970429774843,,0.7972599261316728,,-0.6230157586577818,0.369674233372802
hist,芸豆,volume,temp_min,日最低气温,lag0-2,0,2,0.3280514396423983,0.2761582008122196,1.1879112721532568,0.23486836824890067,1400,0.03257233689328631,,0.46973673649780134,,-0.21321863394955204,0.8693215132343486
hist,芸豆,volume,temp_min,日最低气温,lag3-6,3,6,0.04583800725891489,0.17868251037929034,0.2565332620501822,0.7975391001082126,1400,0.03257233689328631,,0.995532332779065,,-0.30437971308449413,0.39605572760232394
hist,芸豆,volume,temp_min,日最低气温,lag7-13,7,13,-0.3484824734826735,0.25689017112324963,-1.3565426499540154,0.17492657488836694,1400,0.03257233689328631,,0.46973673649780134,,-0.8519872088842428,0.15502226191889573
hist,芸豆,volume,temp_min,日最低气温,lag14-30,14,30,0.00149216008546052,0.2664847702744682,0.005599419748917198,0.995532332779065,1400,0.03257233689328631,,0.995532332779065,,-0.5208179896524971,0.5238023098234181
hist,芸豆,volume,vpd,饱和水汽压差VPD,lag0-2,0,2,0.08886793897112276,0.10882122467900227,0.8166415994054732,0.41413327474303874,1400,0.026408708998366115,,0.926433802081739,,-0.12442166139972168,0.3021575393419672
hist,芸豆,volume,vpd,饱和水汽压差VPD,lag3-6,3,6,-0.007762369629854368,0.08406966907387144,-0.09233258219481782,0.926433802081739,1400,0.026408708998366115,,0.926433802081739,,-0.17253892101464235,0.15701418175493365
hist,芸豆,volume,vpd,饱和水汽压差VPD,lag7-13,7,13,0.012149287245309684,0.0993963542721989,0.12223071292975816,0.9027163034148468,1400,0.026408708998366115,,0.926433802081739,,-0.18266756712820015,0.2069661416188195
hist,芸豆,volume,vpd,饱和水汽压差VPD,lag14-30,14,30,-0.10319722467758936,0.15824154487049882,-0.6521500075220041,0.5143044066409082,1400,0.026408708998366115,,0.926433802081739,,-0.413350652623767,0.20695620326858832
hist,芸豆,volume,soil_z,土壤水分异常,lag0-2,0,2,0.05887005749262851,0.06731039686022677,0.8746057108365439,0.38178847938706695,1400,0.055072509612202,,0.7479696132775523,,-0.07305832035341596,0.19079843533867297
hist,芸豆,volume,soil_z,土壤水分异常,lag3-6,3,6,0.01661583047279834,0.05260972256525924,0.3158319349087498,0.7521300772807109,1400,0.055072509612202,,0.7521300772807109,,-0.08649922575510977,0.11973088670070645
hist,芸豆,volume,soil_z,土壤水分异常,lag7-13,7,13,0.037687551236961096,0.06482311406904157,0.5813906316938272,0.5609772099581642,1400,0.055072509612202,,0.7479696132775523,,-0.08936575233836036,0.16474085481228257
hist,芸豆,volume,soil_z,土壤水分异常,lag14-30,14,30,0.19203575881121393,0.10952284757601197,1.7533853717411398,0.07953588023588144,1400,0.055072509612202,,0.31814352094352577,,-0.022629022437769514,0.4067005400601974
hist,芹菜,price,precip_1d,当日降水,lag0-2,0,2,-0.012719149542826075,0.054419432788753726,-0.23372440488675222,0.8151989400764783,1400,0.019752203325912765,,0.9121842533637642,,-0.11938123780878337,0.09394293872313123
hist,芹菜,price,precip_1d,当日降水,lag3-6,3,6,-0.06102921328919972,0.07594333147149285,-0.8036151707685947,0.42161925882425444,1400,0.019752203325912765,,0.8432385176485089,,-0.2098781429733257,0.08781971639492625
hist,芹菜,price,precip_1d,当日降水,lag7-13,7,13,-0.009652541406048598,0.08752451175487108,-0.11028386462848673,0.9121842533637642,1400,0.019752203325912765,,0.9121842533637642,,-0.18120058444559592,0.16189550163349872
hist,芹菜,price,precip_1d,当日降水,lag14-30,14,30,0.409351221826607,0.36033773169497274,1.1360209764908116,0.2559477854033305,1400,0.019752203325912765,,0.8432385176485089,,-0.29691073229553955,1.1156131759487535
hist,芹菜,price,precip_3d,3日累计降水,lag0-2,0,2,-0.011964163515302668,0.05123706744937731,-0.2335060164620735,0.8153684982126127,1400,0.02038862177457479,,0.8899600704145962,,-0.1123888157160822,0.08846048868547685
hist,芹菜,price,precip_3d,3日累计降水,lag3-6,3,6,-0.03545455537276099,0.05025368999689409,-0.7055114833349002,0.4804919882069616,1400,0.02038862177457479,,0.8899600704145962,,-0.1339517877666734,0.06304267702115143
hist,芹菜,price,precip_3d,3日累计降水,lag7-13,7,13,-0.00866007460653679,0.06259326584210352,-0.1383547333731158,0.8899600704145962,1400,0.02038862177457479,,0.8899600704145962,,-0.13134287565705968,0.11402272644398612
hist,芹菜,price,precip_3d,3日累计降水,lag14-30,14,30,0.28052938915116254,0.2511205982610552,1.1171102294823905,0.26394719720346915,1400,0.02038862177457479,,0.8899600704145962,,-0.21166698344050566,0.7727257617428307
hist,芹菜,price,precip_7d,7日累计降水,lag0-2,0,2,-0.058903703603352314,0.07423483003871587,-0.7934779883328638,0.42749938881751104,1400,0.02522262903161232,,0.6322662997367248,,-0.20440397047923542,0.08659656327253079
hist,芹菜,price,precip_7d,7日累计降水,lag3-6,3,6,0.02532255457780258,0.052916336041846285,0.47853945439036977,0.6322662997367248,1400,0.02522262903161232,,0.6322662997367248,,-0.07839346406421614,0.12903857321982132
hist,芹菜,price,precip_7d,7日累计降水,lag7-13,7,13,-0.042493956660243144,0.06888473013096325,-0.6168849987428837,0.5373105821674735,1400,0.02522262903161232,,0.6322662997367248,,-0.17750802771693108,0.09252011439644481
hist,芹菜,price,precip_7d,7日累计降水,lag14-30,14,30,0.2662594584064023,0.21750976672136713,1.2241264492158836,0.22090452979040276,1400,0.02522262903161232,,0.6322662997367248,,-0.16005968436747725,0.6925786011802819
hist,芹菜,price,temp_max,日最高气温,lag0-2,0,2,-0.009104388106650235,0.21625511623573482,-0.04210022063351208,0.9664188042881904,1400,0.013642812577926544,,0.9664188042881904,,-0.4329644159286905,0.41475563971539
hist,芹菜,price,temp_max,日最高气温,lag3-6,3,6,0.20569893303789769,0.17288994418513626,1.1897680574043594,0.2341375675767826,1400,0.013642812577926544,,0.681759673425117,,-0.13316535756496936,0.5445632236407647
hist,芹菜,price,temp_max,日最高气温,lag7-13,7,13,0.12286285778615,0.18706734750774007,0.6567840909866242,0.5113197550688378,1400,0.013642812577926544,,0.681759673425117,,-0.24378914332902055,0.4895148589013205
hist,芹菜,price,temp_max,日最高气温,lag14-30,14,30,-0.2526933105052561,0.35300578578133307,-0.715833339518648,0.47409426346133243,1400,0.013642812577926544,,0.681759673425117,,-0.944584650636669,0.4391980296261567
hist,芹菜,price,temp_min,日最低气温,lag0-2,0,2,0.03097796565441007,0.23979898089120508,0.12918305798999427,0.8972128016393357,1400,0.009308129110882413,,0.9768198521764087,,-0.43902803689235187,0.500983968201172
hist,芹菜,price,temp_min,日最低气温,lag3-6,3,6,0.12643439160642342,0.19153319125399573,0.6601173967740996,0.50917849551041,1400,0.009308129110882413,,0.9768198521764087,,-0.24897066325140824,0.501839446464255
hist,芹菜,price,temp_min,日最低气温,lag7-13,7,13,0.006412514622103328,0.22069430318880495,0.029056094921568472,0.9768198521764087,1400,0.009308129110882413,,0.9768198521764087,,-0.42614831962795435,0.43897334887216105
hist,芹菜,price,temp_min,日最低气温,lag14-30,14,30,-0.0929371397139157,0.38781606556662684,-0.23964231491577828,0.8106075578639615,1400,0.009308129110882413,,0.9768198521764087,,-0.8530566282245043,0.6671823487966729
hist,芹菜,price,vpd,饱和水汽压差VPD,lag0-2,0,2,-0.0034852190534465123,0.09112935017597433,-0.038244748225642104,0.9694925430502578,1400,0.008656234498629178,,0.9694925430502578,,-0.1820987453983562,0.17512830729146317
hist,芹菜,price,vpd,饱和水汽压差VPD,lag3-6,3,6,0.0871361511783737,0.08339318218832757,1.0448833932442265,0.29607686595503657,1400,0.008656234498629178,,0.5999091890297813,,-0.07631448591074833,0.2505867882674957
hist,芹菜,price,vpd,饱和水汽压差VPD,lag7-13,7,13,0.07187340098609339,0.09512995679270222,0.7555285780557305,0.44993189177233595,1400,0.008656234498629178,,0.5999091890297813,,-0.11458131432760298,0.25832811629978975
hist,芹菜,price,vpd,饱和水汽压差VPD,lag14-30,14,30,-0.17980015905023275,0.18539408889629755,-0.9698268165971903,0.3321328235636055,1400,0.008656234498629178,,0.5999091890297813,,-0.543172573286976,0.18357225518651046
hist,芹菜,price,soil_z,土壤水分异常,lag0-2,0,2,-0.004075024761660599,0.07756048665950438,-0.05253995864608515,0.9580984568906233,1400,0.020396846854066286,,0.9580984568906233,,-0.15609357861428919,0.14794352909096797
hist,芹菜,price,soil_z,土壤水分异常,lag3-6,3,6,0.00906855549610916,0.04349275906609785,0.20850724789216704,0.8348329240037035,1400,0.020396846854066286,,0.9580984568906233,,-0.07617725227344262,0.09431436326566094
hist,芹菜,price,soil_z,土壤水分异常,lag7-13,7,13,-0.00527860329017762,0.06870635129380315,-0.07682846186381193,0.938760008356847,1400,0.020396846854066286,,0.9580984568906233,,-0.13994305182603178,0.12938584524567653
hist,芹菜,price,soil_z,土壤水分异常,lag14-30,14,30,0.2075547372830127,0.14525854246424671,1.4288642427628606,0.15304325652181083,1400,0.020396846854066286,,0.6121730260872433,,-0.07715200594691085,0.4922614805129363
hist,芹菜,volume,precip_1d,当日降水,lag0-2,0,2,-0.13879230639688292,0.0714442253464215,-1.942666544761336,0.05205646094667052,1400,0.03065337149627312,,0.20822584378668207,,-0.278822988075869,0.0012383752821032157
hist,芹菜,volume,precip_1d,当日降水,lag3-6,3,6,0.016611538977152816,0.09780173406311922,0.16984912523567394,0.8651287918234644,1400,0.03065337149627312,,0.8651287918234644,,-0.17507985978656085,0.20830293774086647
hist,芹菜,volume,precip_1d,当日降水,lag7-13,7,13,-0.02279073086309984,0.10137719876089721,-0.22481121141305974,0.8221261438718371,1400,0.03065337149627312,,0.8651287918234644,,-0.22149004043445839,0.17590857870825868
hist,芹菜,volume,precip_1d,当日降水,lag14-30,14,30,0.11270950339743882,0.22508250737253105,0.5007475023854023,0.6165488365055545,1400,0.03065337149627312,,0.8651287918234644,,-0.32845221105272204,0.5538712178475996
hist,芹菜,volume,precip_3d,3日累计降水,lag0-2,0,2,-0.10978944167176022,0.06863124447646679,-1.5997005811166123,0.10966502289637305,1400,0.03056431035941376,,0.4386600915854922,,-0.24430668084563512,0.02472779750211468
hist,芹菜,volume,precip_3d,3日累计降水,lag3-6,3,6,0.04159236316868627,0.061860774886258484,0.6723543836164496,0.5013581157150764,1400,0.03056431035941376,,0.6838228286954204,,-0.07965475560838035,0.16283948194575287
hist,芹菜,volume,precip_3d,3日累计降水,lag7-13,7,13,-0.028424181694728136,0.06979504993966788,-0.40725211486055984,0.6838228286954204,1400,0.03056431035941376,,0.6838228286954204,,-0.16522247957647718,0.10837411618702092
hist,芹菜,volume,precip_3d,3日累计降水,lag14-30,14,30,0.08646191167143669,0.157230305731685,0.5499061473491297,0.5823837476178308,1400,0.03056431035941376,,0.6838228286954204,,-0.2217094875626659,0.39463331090553927
hist,芹菜,volume,precip_7d,7日累计降水,lag0-2,0,2,-0.08453925217187892,0.09672893935491332,-0.8739809692494552,0.382128617695663,1400,0.028714233580893644,,0.8554074426532672,,-0.27412797330750904,0.10504946896375118
hist,芹菜,volume,precip_7d,7日累计降水,lag3-6,3,6,0.027241446280450016,0.0677522864936637,0.40207419838144765,0.6876294208042777,1400,0.028714233580893644,,0.8554074426532672,,-0.10555303524713085,0.1600359278080309
hist,芹菜,volume,precip_7d,7日累计降水,lag7-13,7,13,-0.011852480315531289,0.0650436937966737,-0.18222335823334526,0.8554074426532672,1400,0.028714233580893644,,0.8554074426532672,,-0.13933812015701175,0.11563315952594916
hist,芹菜,volume,precip_7d,7日累计降水,lag14-30,14,30,0.06273236264360244,0.12695014273138308,0.49414960309528266,0.6212005286714068,1400,0.028714233580893644,,0.8554074426532672,,-0.1860899171099084,0.3115546423971133
hist,芹菜,volume,temp_max,日最高气温,lag0-2,0,2,0.18990759759654965,0.2696757628750505,0.7042071396106144,0.48130378543287733,1400,0.02987296122404215,,0.9606049342080026,,-0.33865689763854934,0.7184720928316486
hist,芹菜,volume,temp_max,日最高气温,lag3-6,3,6,-0.002557836519129216,0.18662723290138838,-0.01370559097600052,0.9890648629132094,1400,0.02987296122404215,,0.9890648629132094,,-0.36834721300585044,0.363231539967592
hist,芹菜,volume,temp_max,日最高气温,lag7-13,7,13,-0.3210812572613476,0.28761934750163326,-1.116340955677623,0.2642762168905194,1400,0.02987296122404215,,0.9606049342080026,,-0.8848151783645488,0.24265266384185358
hist,芹菜,volume,temp_max,日最高气温,lag14-30,14,30,0.13956533823747888,0.39000800311588013,0.35785249821145565,0.720453700656002,1400,0.02987296122404215,,0.9606049342080026,,-0.6248503478696462,0.9039810243446039
hist,芹菜,volume,temp_min,日最低气温,lag0-2,0,2,0.16472553721278824,0.32306469133636706,0.5098840623263284,0.6101326882472402,1400,0.031957431901508015,,0.6101326882472402,,-0.4684812578064912,0.7979323322320677
hist,芹菜,volume,temp_min,日最低气温,lag3-6,3,6,0.1360901270244454,0.22441396302204167,0.6064245076010657,0.544232898453967,1400,0.031957431901508015,,0.6101326882472402,,-0.30376124049875625,0.5759414945476471
hist,芹菜,volume,temp_min,日最低气温,lag7-13,7,13,-0.5576196212651694,0.3723101610621769,-1.4977287207910646,0.13420374662958265,1400,0.031957431901508015,,0.5368149865183306,,-1.2873475369470362,0.17210829441669728
hist,芹菜,volume,temp_min,日最低气温,lag14-30,14,30,0.23675586764860884,0.4029303153103774,0.5875851447569431,0.5568107845189282,1400,0.031957431901508015,,0.6101326882472402,,-0.5529875503597308,1.0264992856569486
hist,芹菜,volume,vpd,饱和水汽压差VPD,lag0-2,0,2,0.055475204764667344,0.11021052412079395,0.5033566912708346,0.6147135149837539,1400,0.02784478116119382,,0.9664970049426818,,-0.1605374225120888,0.27148783204142346
hist,芹菜,volume,vpd,饱和水汽压差VPD,lag3-6,3,6,-0.08567125001426798,0.09853192283404338,-0.869477094835178,0.3845862310530077,1400,0.02784478116119382,,0.9664970049426818,,-0.278793818768993,0.10745131874045705
hist,芹菜,volume,vpd,饱和水汽压差VPD,lag7-13,7,13,-0.009517237369115864,0.11091394835561622,-0.08580739853026746,0.931619524997403,1400,0.02784478116119382,,0.9664970049426818,,-0.22690857614612364,0.20787410140789192
hist,芹菜,volume,vpd,饱和水汽压差VPD,lag14-30,14,30,0.008220625606518962,0.19571928351935441,0.042002123953749484,0.9664970049426818,1400,0.02784478116119382,,0.9664970049426818,,-0.37538917009141565,0.3918304213044536
hist,芹菜,volume,soil_z,土壤水分异常,lag0-2,0,2,0.12587454896353192,0.07577980831122758,1.6610565765297969,0.09670208447320024,1400,0.085386189803075,,0.19340416894640047,,-0.022653875326474116,0.27440297325353796
hist,芹菜,volume,soil_z,土壤水分异常,lag3-6,3,6,0.04627799187229023,0.06441515741709551,0.71843326521171,0.47249018200901927,1400,0.085386189803075,,0.6299869093453591,,-0.07997571666521697,0.17253170040979743
hist,芹菜,volume,soil_z,土壤水分异常,lag7-13,7,13,0.025861635574797474,0.07084689063627954,0.365035576615047,0.7150848496489434,1400,0.085386189803075,,0.7150848496489434,,-0.11299827007231042,0.16472154122190538
hist,芹菜,volume,soil_z,土壤水分异常,lag14-30,14,30,0.3508926095306725,0.14021015471581733,2.5026190880530264,0.012327814369987564,1400,0.085386189803075,,0.04931125747995026,,0.0760807062876705,0.6257045127736744
hist,茄子,price,precip_1d,当日降水,lag0-2,0,2,0.002944460331871051,0.05332832825716403,0.055213812772679546,0.9559681247213007,1400,0.008257571708399691,,0.9559681247213007,,-0.10157906305217043,0.10746798371591254
hist,茄子,price,precip_1d,当日降水,lag3-6,3,6,0.014827593068793405,0.06846021023337427,0.21658702212931522,0.8285302005197527,1400,0.008257571708399691,,0.9559681247213007,,-0.11935441898862016,0.14900960512620698
hist,茄子,price,precip_1d,当日降水,lag7-13,7,13,0.09142297913595182,0.08339489678519413,1.0962658706975341,0.2729624405126767,1400,0.008257571708399691,,0.9559681247213007,,-0.07203101856302865,0.25487697683493227
hist,茄子,price,precip_1d,当日降水,lag14-30,14,30,0.12758913678870262,0.23633561408323422,0.5398641981388698,0.5892906897178447,1400,0.008257571708399691,,0.9559681247213007,,-0.3356286668144365,0.5908069403918417
hist,茄子,price,precip_3d,3日累计降水,lag0-2,0,2,-0.005943769175714018,0.047658368118874216,-0.12471617074442165,0.9007482549548734,1400,0.008421908501586639,,0.9007482549548734,,-0.09935417068870747,0.08746663233727944
hist,茄子,price,precip_3d,3日累计降水,lag3-6,3,6,0.03693406024596162,0.05172151274892035,0.7140947409109296,0.4751685977326453,1400,0.008421908501586639,,0.8734528211777474,,-0.06444010474192226,0.1383082252338455
hist,茄子,price,precip_3d,3日累计降水,lag7-13,7,13,0.05562574235490479,0.059121041926334696,0.9408789247018841,0.34676690901070206,1400,0.008421908501586639,,0.8734528211777474,,-0.06025149982071121,0.1715029845305208
hist,茄子,price,precip_3d,3日累计降水,lag14-30,14,30,0.07284807963910972,0.1630795009523769,0.44670286095849104,0.6550896158833105,1400,0.008421908501586639,,0.8734528211777474,,-0.24678774222754896,0.3924839015057684
hist,茄子,price,precip_7d,7日累计降水,lag0-2,0,2,0.011656866235549967,0.06199640730467574,0.18802486696145715,0.8508571578107651,1400,0.008756323412657863,,0.8508571578107651,,-0.10985609208161448,0.13316982455271442
hist,茄子,price,precip_7d,7日累计降水,lag3-6,3,6,0.01653563569239635,0.040486139038084824,0.4084270835715274,0.6829601530049,1400,0.008756323412657863,,0.8508571578107651,,-0.0628171968222499,0.09588846820704261
hist,茄子,price,precip_7d,7日累计降水,lag7-13,7,13,0.04548038122759227,0.06029452183908083,0.7543037052184309,0.4506668779854145,1400,0.008756323412657863,,0.8508571578107651,,-0.07269688157700616,0.16365764403219069
hist,茄子,price,precip_7d,7日累计降水,lag14-30,14,30,0.05409041090518714,0.13428545226398922,0.40280171822969946,0.6870940970268877,1400,0.008756323412657863,,0.8508571578107651,,-0.20910907553223174,0.317289897342606
hist,茄子,price,temp_max,日最高气温,lag0-2,0,2,0.04529903877868868,0.2028729000643099,0.22328777655531648,0.8233115400281799,1400,0.0031779137468247454,,0.9759718258628062,,-0.35233184534735873,0.4429299229047361
hist,茄子,price,temp_max,日最高气温,lag3-6,3,6,0.004289573268461511,0.14241893086601118,0.030119403666196417,0.9759718258628062,1400,0.0031779137468247454,,0.9759718258628062,,-0.27485153122892036,0.2834306777658434
hist,茄子,price,temp_max,日最高气温,lag7-13,7,13,0.005655967240291132,0.17329760983085912,0.03263730668767697,0.9739638192327537,1400,0.0031779137468247454,,0.9759718258628062,,-0.33400734802819276,0.34531928250877497
hist,茄子,price,temp_max,日最高气温,lag14-30,14,30,-0.08420850077743122,0.2743523827994269,-0.30693555462572464,0.7588924257427996,1400,0.0031779137468247454,,0.9759718258628062,,-0.621939171064308,0.45352216950944546
hist,茄子,price,temp_min,日最低气温,lag0-2,0,2,0.12825891976663992,0.2171436984078615,0.5906637894954285,0.554745714670403,1400,0.003326462871412361,,0.9975530036867201,,-0.2973427291127686,0.5538605686460484
hist,茄子,price,temp_min,日最低气温,lag3-6,3,6,-0.11551348763791405,0.15117074464265112,-0.7641259419008195,0.44479219419946503,1400,0.003326462871412361,,0.9975530036867201,,-0.41180814713751024,0.18078117186168216
hist,茄子,price,temp_min,日最低气温,lag7-13,7,13,-0.03947669767515439,0.21440960696722247,-0.18411813833131707,0.8539207773953351,1400,0.003326462871412361,,0.9975530036867201,,-0.4597195273309104,0.38076613198060166
hist,茄子,price,temp_min,日最低气温,lag14-30,14,30,0.0009055526892175411,0.29527031698597445,0.0030668598810105097,0.9975530036867201,1400,0.003326462871412361,,0.9975530036867201,,-0.5778242686032924,0.5796353739817275
hist,茄子,price,vpd,饱和水汽压差VPD,lag0-2,0,2,0.027604078999423305,0.08502821932332871,0.3246460906638054,0.7454489397157517,1400,0.00984173189026738,,0.9919568016896397,,-0.13905123087430096,0.19425938887314756
hist,茄子,price,vpd,饱和水汽压差VPD,lag3-6,3,6,-0.0006921149975475313,0.06865658367471401,-0.010080824889666553,0.9919568016896397,1400,0.00984173189026738,,0.9919568016896397,,-0.135259018999987,0.13387478900489191
hist,茄子,price,vpd,饱和水汽压差VPD,lag7-13,7,13,-0.07999004394802649,0.09489903513370058,-0.842896282721218,0.39928645270233376,1400,0.00984173189026738,,0.9919568016896397,,-0.26599215281007965,0.10601206491402666
hist,茄子,price,vpd,饱和水汽压差VPD,lag14-30,14,30,-0.060428171335115334,0.17121658251604982,-0.35293410513815626,0.7241378418109016,1400,0.00984173189026738,,0.9919568016896397,,-0.396012673066573,0.2751563303963423
hist,茄子,price,soil_z,土壤水分异常,lag0-2,0,2,0.05850425253301838,0.06520602626455488,0.897221558873317,0.3696007034293789,1400,0.07034236522776682,,0.38828343622841777,,-0.06929955894550918,0.18630806401154595
hist,茄子,price,soil_z,土壤水分异常,lag3-6,3,6,0.08859842227681014,0.040243860542767386,2.201538845475724,0.027697899840169748,1400,0.07034236522776682,,0.11079159936067899,,0.009720455612986068,0.1674763889406342
hist,茄子,price,soil_z,土壤水分异常,lag7-13,7,13,0.05834659300092611,0.0676298330205917,0.862734541768881,0.38828343622841777,1400,0.07034236522776682,,0.38828343622841777,,-0.07420787971943361,0.19090106572128585
hist,茄子,price,soil_z,土壤水分异常,lag14-30,14,30,0.21481371535906307,0.14784229829438825,1.452992261601069,0.14622590257925214,1400,0.07034236522776682,,0.2924518051585043,,-0.07495718929793788,0.504584620016064
hist,茄子,volume,precip_1d,当日降水,lag0-2,0,2,-0.08528592526275708,0.0697746760089447,-1.2223048553005669,0.22159236385553993,1400,0.005574202880368695,,0.8863694554221597,,-0.22204429024028868,0.051472439714774526
hist,茄子,volume,precip_1d,当日降水,lag3-6,3,6,0.0018854723621926847,0.09083185200941256,0.020757832417611616,0.9834388353402287,1400,0.005574202880368695,,0.9834388353402287,,-0.17614495757625592,0.1799159023006413
hist,茄子,volume,precip_1d,当日降水,lag7-13,7,13,-0.09026707049596853,0.1256188270956364,-0.7185791539611034,0.47240026137823155,1400,0.005574202880368695,,0.9448005227564631,,-0.33647997160341586,0.15594583061147882
hist,茄子,volume,precip_1d,当日降水,lag14-30,14,30,0.08327737466422545,0.22406509252809892,0.3716659910056362,0.7101415491823628,1400,0.005574202880368695,,0.9468553989098171,,-0.3558902066908484,0.5224449560192993
hist,茄子,volume,precip_3d,3日累计降水,lag0-2,0,2,-0.08838804822464498,0.06135071243845924,-1.4407012520564748,0.14966910103968384,1400,0.006019935328015036,,0.5986764041587354,,-0.2086354446040251,0.03185934815473514
hist,茄子,volume,precip_3d,3日累计降水,lag3-6,3,6,0.017226501164266952,0.06897728997537957,0.2497416348252548,0.8027871582359728,1400,0.006019935328015036,,0.8027871582359728,,-0.11796898718747699,0.15242198951601088
hist,茄子,volume,precip_3d,3日累计降水,lag7-13,7,13,-0.04235004503665883,0.08664402946557874,-0.48878203492928873,0.6249960180714014,1400,0.006019935328015036,,0.8027871582359728,,-0.21217234278919317,0.12747225271587548
hist,茄子,volume,precip_3d,3日累计降水,lag14-30,14,30,0.06312217349713324,0.15994450634635135,0.39465046308277396,0.6931008659819071,1400,0.006019935328015036,,0.8027871582359728,,-0.2503690589417154,0.37661340593598186
hist,茄子,volume,precip_7d,7日累计降水,lag0-2,0,2,-0.03754563824534018,0.08176814144044037,-0.45917196580392244,0.6461106805064547,1400,0.005544227699166293,,0.7843163050164357,,-0.1978111954686033,0.12271991897792292
hist,茄子,volume,precip_7d,7日累计降水,lag3-6,3,6,-0.06187109756324071,0.07152178792493268,-0.8650664274245903,0.3870023301855474,1400,0.005544227699166293,,0.7843163050164357,,-0.20205380189610875,0.07831160676962731
hist,茄子,volume,precip_7d,7日累计降水,lag7-13,7,13,0.020163838751018015,0.07367170919904188,0.27369853326655613,0.7843163050164357,1400,0.005544227699166293,,0.7843163050164357,,-0.12423271127910407,0.1645603887811401
hist,茄子,volume,precip_7d,7日累计降水,lag14-30,14,30,0.05122439670246329,0.13196905299562353,0.3881546130679746,0.6979016185894598,1400,0.005544227699166293,,0.7843163050164357,,-0.20743494716895886,0.30988374057388546
hist,茄子,volume,temp_max,日最高气温,lag0-2,0,2,0.5332976796726832,0.2715164519287731,1.9641449933670432,0.04951327968478103,1400,0.020056076595431627,,0.19805311873912412,,0.0011254338922879192,1.0654699254530784
hist,茄子,volume,temp_max,日最高气温,lag3-6,3,6,-0.016412854855119303,0.1822763229658888,-0.09004381144001246,0.9282523997141428,1400,0.020056076595431627,,0.9282523997141428,,-0.3736744478682613,0.34084873815802275
hist,茄子,volume,temp_max,日最高气温,lag7-13,7,13,-0.38039898776793907,0.23486133262386333,-1.619674824791862,0.10530214689450748,1400,0.020056076595431627,,0.21060429378901496,,-0.8407271997107112,0.07992922417483306
hist,茄子,volume,temp_max,日最高气温,lag14-30,14,30,-0.0989916188871938,0.36614455269513385,-0.27036212380747354,0.7868816762139599,1400,0.020056076595431627,,0.9282523997141428,,-0.8166349421696562,0.6186517043952686
hist,茄子,volume,temp_min,日最低气温,lag0-2,0,2,0.5307674187263799,0.27332116766918124,1.9419184516612447,0.05214697327565448,1400,0.01647018810927059,,0.15878851874836217,,-0.004942069905215285,1.0664769073579752
hist,茄子,volume,temp_min,日最低气温,lag3-6,3,6,0.021316581267426825,0.22393686794235343,0.09519013757446232,0.9241638034908022,1400,0.01647018810927059,,0.9765219199429578,,-0.4175996798995859,0.4602328424344395
hist,茄子,volume,temp_min,日最低气温,lag7-13,7,13,-0.5033039766588571,0.28691178522110233,-1.7542115820407893,0.07939425937418108,1400,0.01647018810927059,,0.15878851874836217,,-1.0656510756922177,0.05904312237450349
hist,茄子,volume,temp_min,日最低气温,lag14-30,14,30,-0.011173903314296282,0.3796817340525634,-0.02942965729488941,0.9765219199429578,1400,0.01647018810927059,,0.9765219199429578,,-0.7553501020573204,0.733002295428728
hist,茄子,volume,vpd,饱和水汽压差VPD,lag0-2,0,2,0.17815602157861443,0.11161085625918117,1.5962248436200777,0.11043860280997443,1400,0.00968227154610779,,0.4417544112398977,,-0.040601256689380666,0.3969132998466095
hist,茄子,volume,vpd,饱和水汽压差VPD,lag3-6,3,6,0.00028518194510066333,0.08277470744554553,0.0034452788043772206,0.9972510706726009,1400,0.00968227154610779,,0.9972510706726009,,-0.16195324464816857,0.1625236085383699
hist,茄子,volume,vpd,饱和水汽压差VPD,lag7-13,7,13,0.0007374331274985282,0.11452357970619956,0.006439137943385544,0.9948623467534398,1400,0.00968227154610779,,0.9972510706726009,,-0.22372878309665262,0.22520364935164966
hist,茄子,volume,vpd,饱和水汽压差VPD,lag14-30,14,30,-0.09231738214016513,0.20354682820081293,-0.4535437027251915,0.6501572814222845,1400,0.00968227154610779,,0.9972510706726009,,-0.4912691654137584,0.3066344011334282
hist,茄子,volume,soil_z,土壤水分异常,lag0-2,0,2,-0.13710401024766122,0.0686754601910015,-1.996404681764708,0.04588989162822618,1400,0.016187079488446998,,0.18355956651290473,,-0.2717079122220242,-0.002500108273298274
hist,茄子,volume,soil_z,土壤水分异常,lag3-6,3,6,0.015310237612424596,0.05225348511589428,0.29299935838667307,0.7695226421160913,1400,0.016187079488446998,,0.7695226421160913,,-0.08710659321472819,0.11772706843957739
hist,茄子,volume,soil_z,土壤水分异常,lag7-13,7,13,-0.04917797644869244,0.06555260964646069,-0.7502062345636556,0.4531305044664199,1400,0.016187079488446998,,0.7695226421160913,,-0.17766109135575536,0.07930513845837049
hist,茄子,volume,soil_z,土壤水分异常,lag14-30,14,30,-0.05208136461728358,0.14626803278715023,-0.3560679912409335,0.7217896476424273,1400,0.016187079488446998,,0.7695226421160913,,-0.338766708880098,0.23460397964553087
hist,西红柿,price,precip_1d,当日降水,lag0-2,0,2,0.0013805818473770232,0.03728997191394575,0.03702287174050436,0.9704667692280137,1400,0.0050436020080248944,,0.9704667692280137,,-0.07170776310395664,0.07446892679871069
hist,西红柿,price,precip_1d,当日降水,lag3-6,3,6,-0.011201698882605443,0.06121311522098528,-0.18299507943953228,0.854801879466111,1400,0.0050436020080248944,,0.9704667692280137,,-0.13117940471573658,0.1087760069505257
hist,西红柿,price,precip_1d,当日降水,lag7-13,7,13,-0.04022873058335616,0.07142903773483059,-0.5631985514448506,0.5732996891698574,1400,0.0050436020080248944,,0.9704667692280137,,-0.1802296445436241,0.0997721833769118
hist,西红柿,price,precip_1d,当日降水,lag14-30,14,30,-0.07424771293837844,0.17808273497167787,-0.4169281932366253,0.6767309310623588,1400,0.0050436020080248944,,0.9704667692280137,,-0.42328987348286706,0.27479444760611016
hist,西红柿,price,precip_3d,3日累计降水,lag0-2,0,2,0.006612904208174224,0.03148382485578791,0.21004132243984716,0.8336354216820353,1400,0.005166321635683979,,0.8336354216820353,,-0.05509539250917009,0.06832120092551854
hist,西红柿,price,precip_3d,3日累计降水,lag3-6,3,6,-0.013149918632980404,0.04306790346861784,-0.30532989938928223,0.7601149060663773,1400,0.005166321635683979,,0.8336354216820353,,-0.09756300943147136,0.07126317216551056
hist,西红柿,price,precip_3d,3日累计降水,lag7-13,7,13,-0.02385448131195772,0.04823390553952925,-0.4945583619059875,0.620911899999602,1400,0.005166321635683979,,0.8336354216820353,,-0.11839293616943504,0.0706839735455196
hist,西红柿,price,precip_3d,3日累计降水,lag14-30,14,30,-0.05458124635904436,0.1208123403254275,-0.45178535745620835,0.651423619250739,1400,0.005166321635683979,,0.8336354216820353,,-0.29137343339688226,0.18221094067879354
hist,西红柿,price,precip_7d,7日累计降水,lag0-2,0,2,-0.0003690717035986363,0.049395944821037555,-0.007471700459132628,0.9940385010288454,1400,0.0050091249852045605,,0.9940385010288454,,-0.09718512355283224,0.09644698014563496
hist,西红柿,price,precip_7d,7日累计降水,lag3-6,3,6,-0.009327129655452857,0.030040982650283196,-0.31048017849592313,0.7561958305078628,1400,0.0050091249852045605,,0.9940385010288454,,-0.06820745565000792,0.049553196339102205
hist,西红柿,price,precip_7d,7日累计降水,lag7-13,7,13,-0.024849651184448797,0.047189159143221075,-0.5265966089590421,0.5984737473449828,1400,0.0050091249852045605,,0.9940385010288454,,-0.11734040310516211,0.0676411007362645
hist,西红柿,price,precip_7d,7日累计降水,lag14-30,14,30,-0.0276322174534092,0.0973919029014878,-0.2837219176357943,0.7766234968233731,1400,0.0050091249852045605,,0.9940385010288454,,-0.2185203471403253,0.16325591223350688
hist,西红柿,price,temp_max,日最高气温,lag0-2,0,2,-0.028365159707091636,0.18541943410814704,-0.15297835333996046,0.8784153458782743,1400,0.01436496250789665,,0.9519976101664802,,-0.39178725055905983,0.33505693114487656
hist,西红柿,price,temp_max,日最高气温,lag3-6,3,6,-0.0603170091123296,0.1765267476216092,-0.3416876474811685,0.7325859691039649,1400,0.01436496250789665,,0.9519976101664802,,-0.4063094344506836,0.2856754162260244
hist,西红柿,price,temp_max,日最高气温,lag7-13,7,13,-0.06182597759558152,0.2265802860765959,-0.27286565246316763,0.7849564902796436,1400,0.01436496250789665,,0.9519976101664802,,-0.5059233383057095,0.38227138311454645
hist,西红柿,price,temp_max,日最高气温,lag14-30,14,30,0.01969935017556467,0.3272403606519809,0.06019841237283951,0.9519976101664802,1400,0.01436496250789665,,0.9519976101664802,,-0.6216917567023179,0.6610904570534473
hist,西红柿,price,temp_min,日最低气温,lag0-2,0,2,-0.02396912434921905,0.20804034887789558,-0.11521382500318325,0.9082756408821803,1400,0.014197800982007847,,0.9082756408821803,,-0.4317282081498944,0.3837899594514563
hist,西红柿,price,temp_min,日最低气温,lag3-6,3,6,-0.047627613799769694,0.1848345752321364,-0.25767697271981443,0.7966562192133912,1400,0.014197800982007847,,0.9082756408821803,,-0.40990338125475706,0.31464815365521764
hist,西红柿,price,temp_min,日最低气温,lag7-13,7,13,-0.14364965733883803,0.285417638747319,-0.5032963553665001,0.614755928504956,1400,0.014197800982007847,,0.9082756408821803,,-0.7030682292835833,0.41576891460590715
hist,西红柿,price,temp_min,日最低气温,lag14-30,14,30,0.09464460242015124,0.34896754301134253,0.27121319536893146,0.7862270647615762,1400,0.014197800982007847,,0.9082756408821803,,-0.5893317818820801,0.7786209867223827
hist,西红柿,price,vpd,饱和水汽压差VPD,lag0-2,0,2,-0.013572961144820041,0.08122540654383603,-0.16710240948433955,0.8672894701783018,1400,0.012167393342983557,,0.8672894701783018,,-0.17277475797073866,0.14562883568109858
hist,西红柿,price,vpd,饱和水汽压差VPD,lag3-6,3,6,0.02198887336563621,0.06292692933513416,0.3494350288177673,0.7267627395146619,1400,0.012167393342983557,,0.8672894701783018,,-0.10134790813122675,0.14532565486249918
hist,西红柿,price,vpd,饱和水汽压差VPD,lag7-13,7,13,-0.053882663752236715,0.085434333044874,-0.6306909860692081,0.5282425939951422,1400,0.012167393342983557,,0.8672894701783018,,-0.22133395652018975,0.11356862901571632
hist,西红柿,price,vpd,饱和水汽压差VPD,lag14-30,14,30,-0.08862104812748818,0.1715061038471038,-0.5167224147689407,0.605349946656742,1400,0.012167393342983557,,0.8672894701783018,,-0.4247730116678116,0.24753091541283528
hist,西红柿,price,soil_z,土壤水分异常,lag0-2,0,2,-0.008370189640229776,0.07100826671994276,-0.11787627028331615,0.9061656957135806,1400,0.005105606490031223,,0.9061656957135806,,-0.1475463924113176,0.13080601313085802
hist,西红柿,price,soil_z,土壤水分异常,lag3-6,3,6,0.004981329048177297,0.03621010160736693,0.1375673866422912,0.8905823320992936,1400,0.005105606490031223,,0.9061656957135806,,-0.06599047010226188,0.07595312819861648
hist,西红柿,price,soil_z,土壤水分异常,lag7-13,7,13,0.023941576894387386,0.06444405360120295,0.37150948080554136,0.7102580957724438,1400,0.005105606490031223,,0.9061656957135806,,-0.10236876816397039,0.15025192195274517
hist,西红柿,price,soil_z,土壤水分异常,lag14-30,14,30,0.04147665319017544,0.14475901279315243,0.2865220782449093,0.7744782859725736,1400,0.005105606490031223,,0.9061656957135806,,-0.24225101188440332,0.3252043182647542
hist,西红柿,volume,precip_1d,当日降水,lag0-2,0,2,-0.06853766970389857,0.053488039644151816,-1.2813643977208693,0.2000657031609654,1400,0.01689757546528603,,0.7609113539253651,,-0.17337422740643613,0.03629888799863898
hist,西红柿,volume,precip_1d,当日降水,lag3-6,3,6,0.05142291018036661,0.08419640141893764,0.610749501329643,0.5413654294057435,1400,0.01689757546528603,,0.7609113539253651,,-0.11360203660075115,0.2164478569614844
hist,西红柿,volume,precip_1d,当日降水,lag7-13,7,13,0.02404096351986555,0.07900824515775952,0.30428423605488025,0.7609113539253651,1400,0.01689757546528603,,0.7609113539253651,,-0.1308151969893431,0.17889712402907418
hist,西红柿,volume,precip_1d,当日降水,lag14-30,14,30,-0.08258242098233541,0.18966817312801612,-0.43540473670612406,0.663268672804679,1400,0.01689757546528603,,0.7609113539253651,,-0.45433204031324703,0.2891671983485762
hist,西红柿,volume,precip_3d,3日累计降水,lag0-2,0,2,-0.0465343006043769,0.047586186295464954,-0.9778951461973262,0.32812618601148535,1400,0.016379748916748538,,0.6436568150360703,,-0.13980322574348822,0.046734624534734405
hist,西红柿,volume,precip_3d,3日累计降水,lag3-6,3,6,0.033838233105872834,0.052548568342729904,0.6439420553795993,0.5196130092978344,1400,0.016379748916748538,,0.6436568150360703,,-0.06915696084587777,0.13683342705762344
hist,西红柿,volume,precip_3d,3日累计降水,lag7-13,7,13,0.026756258060580653,0.05762866068612361,0.4642873483787779,0.6424418870752054,1400,0.016379748916748538,,0.6436568150360703,,-0.08619591688422161,0.1397084330053829
hist,西红柿,volume,precip_3d,3日累计降水,lag14-30,14,30,-0.061043189746560256,0.13195901444803423,-0.462592040429335,0.6436568150360703,1400,0.016379748916748538,,0.6436568150360703,,-0.31968285806470736,0.19759647857158685
hist,西红柿,volume,precip_7d,7日累计降水,lag0-2,0,2,-0.011932240190813279,0.07038515618699462,-0.169527793035118,0.8653815130569422,1400,0.015198600953186814,,0.8915487605423111,,-0.14988714631732275,0.12602266593569617
hist,西红柿,volume,precip_7d,7日累计降水,lag3-6,3,6,-0.00626796629558302,0.0459714582291095,-0.13634473512554562,0.8915487605423111,1400,0.015198600953186814,,0.8915487605423111,,-0.09637202442463765,0.08383609183347161
hist,西红柿,volume,precip_7d,7日累计降水,lag7-13,7,13,0.03726432974726522,0.0536160466563035,0.6950219583726834,0.48704154058001115,1400,0.015198600953186814,,0.8915487605423111,,-0.06782312169908963,0.14235178119362007
hist,西红柿,volume,precip_7d,7日累计降水,lag14-30,14,30,-0.05188391495399512,0.11150901901197029,-0.46528895522276525,0.6417245431235953,1400,0.015198600953186814,,0.8915487605423111,,-0.2704415922174569,0.16667376230946662
hist,西红柿,volume,temp_max,日最高气温,lag0-2,0,2,0.12824240587709615,0.16793810617249325,0.7636289868922025,0.4450883701629238,1400,0.017601628139340186,,0.7277912461097201,,-0.2009162822209906,0.4574010939751829
hist,西红柿,volume,temp_max,日最高气温,lag3-6,3,6,0.061897698791637173,0.12097693662407535,0.5116487532163139,0.6088968580957659,1400,0.017601628139340186,,0.7277912461097201,,-0.17521709699155052,0.29901249457482487
hist,西红柿,volume,temp_max,日最高气温,lag7-13,7,13,-0.2562628481122673,0.1676435905287123,-1.5286170339353187,0.1263594107136017,1400,0.017601628139340186,,0.5054376428544068,,-0.5848442855485434,0.07231858932400881
hist,西红柿,volume,temp_max,日最高气温,lag14-30,14,30,0.08848065249705866,0.2542071480528155,0.34806516329224313,0.7277912461097201,1400,0.017601628139340186,,0.7277912461097201,,-0.4097653576864598,0.5867266626805772
hist,西红柿,volume,temp_min,日最低气温,lag0-2,0,2,0.08128400892896973,0.19506254476676615,0.4167074156966423,0.6768924295362058,1400,0.016889023380930568,,0.6964666828671453,,-0.30103857881389195,0.46360659667183135
hist,西红柿,volume,temp_min,日最低气温,lag3-6,3,6,0.10981430131432807,0.14967466708531701,0.7336866248162898,0.46313975209508973,1400,0.016889023380930568,,0.6964666828671453,,-0.18354804617289328,0.4031766488015494
hist,西红柿,volume,temp_min,日最低气温,lag7-13,7,13,-0.30759884459992204,0.2166270966265115,-1.419946301224983,0.1556233148800738,1400,0.016889023380930568,,0.6224932595202952,,-0.7321879539878846,0.11699026478804048
hist,西红柿,volume,temp_min,日最低气温,lag14-30,14,30,0.10642762367232753,0.2728252475660765,0.39009448217050163,0.6964666828671453,1400,0.016889023380930568,,0.6964666828671453,,-0.4283098615571824,0.6411651089018374
hist,西红柿,volume,vpd,饱和水汽压差VPD,lag0-2,0,2,0.07037229268706266,0.08592302301893856,0.8190155585139467,0.41277753688796337,1400,0.017797707837095333,,0.6365274326676404,,-0.09803683243005692,0.23878141780418224
hist,西红柿,volume,vpd,饱和水汽压差VPD,lag3-6,3,6,-0.049730246920608664,0.06999353964052565,-0.710497671299585,0.47739557450073034,1400,0.017797707837095333,,0.6365274326676404,,-0.18691758461603897,0.08745709077482162
hist,西红柿,volume,vpd,饱和水汽压差VPD,lag7-13,7,13,-0.1280853441274776,0.09095269603888606,-1.4082633028570786,0.15905311776366438,1400,0.017797707837095333,,0.6362124710546575,,-0.30635262836369426,0.05018194010873908
hist,西红柿,volume,vpd,饱和水汽压差VPD,lag14-30,14,30,0.06886577424773413,0.1607913470118193,0.4282927876875863,0.6684379692025599,1400,0.017797707837095333,,0.6684379692025599,,-0.24628526589543168,0.38401681439089996
hist,西红柿,volume,soil_z,土壤水分异常,lag0-2,0,2,0.07602085066263653,0.05402999105851314,1.4070120903834287,0.15942380367653008,1400,0.07313881216599083,,0.21256507156870677,,-0.029877931812049216,0.1819196331373223
hist,西红柿,volume,soil_z,土壤水分异常,lag3-6,3,6,0.05377407219985554,0.04948243133601748,1.0867305980721738,0.277155887246162,1400,0.07313881216599083,,0.277155887246162,,-0.04321149321873871,0.1507596376184498
hist,西红柿,volume,soil_z,土壤水分异常,lag7-13,7,13,0.09980506180228974,0.06070732436248118,1.6440365779647514,0.10016864702134365,1400,0.07313881216599083,,0.21256507156870677,,-0.019181293948173375,0.21879141755275283
hist,西红柿,volume,soil_z,土壤水分异常,lag14-30,14,30,0.1518459041932359,0.10272460515973329,1.4781843547329352,0.1393584403597904,1400,0.07313881216599083,,0.21256507156870677,,-0.04949432191984135,0.3531861303063132
hist,青椒,price,precip_1d,当日降水,lag0-2,0,2,0.03355864188953496,0.05853172987766505,0.5733410230600497,0.5664138143403457,1400,0.014219509017300513,,0.7552184191204608,,-0.08116354867068853,0.14828083244975845
hist,青椒,price,precip_1d,当日降水,lag3-6,3,6,0.05387398536779531,0.07697143720701269,0.6999217803729274,0.48397615455588683,1400,0.014219509017300513,,0.7552184191204608,,-0.09699003155794955,0.20473800229354017
hist,青椒,price,precip_1d,当日降水,lag7-13,7,13,0.030554498546100206,0.10410596637005076,0.29349421182540536,0.769144423100218,1400,0.014219509017300513,,0.769144423100218,,-0.17349319553919929,0.2346021926313997
hist,青椒,price,precip_1d,当日降水,lag14-30,14,30,0.22661632013979263,0.2623506299798297,0.863791789473559,0.3877022790249257,1400,0.014219509017300513,,0.7552184191204608,,-0.28759091462067365,0.7408235549002589
hist,青椒,price,precip_3d,3日累计降水,lag0-2,0,2,0.005679050371081927,0.04985726764211837,0.11390616934419376,0.9093121749715625,1400,0.014612258735303807,,0.9459551071065134,,-0.09204119420747006,0.10339929494963393
hist,青椒,price,precip_3d,3日累计降水,lag3-6,3,6,0.06363891836621076,0.05713737399366018,1.1137879450545272,0.26537016978880446,1400,0.014612258735303807,,0.7692598143054576,,-0.048350334661363195,0.17562817139378473
hist,青椒,price,precip_3d,3日累计降水,lag7-13,7,13,0.004942458309886884,0.07291147997002612,0.06778710721437456,0.9459551071065134,1400,0.014612258735303807,,0.9459551071065134,,-0.13796404243136431,0.14784895905113807
hist,青椒,price,precip_3d,3日累计降水,lag14-30,14,30,0.15612743634863935,0.17958124787729554,0.8693972126494981,0.3846299071527288,1400,0.014612258735303807,,0.7692598143054576,,-0.1958518094908599,0.5081066821881386
hist,青椒,price,precip_7d,7日累计降水,lag0-2,0,2,0.03988397478295921,0.07306051271966323,0.5459032971202376,0.58513241182942,1400,0.01587930893430578,,0.9528904064299478,,-0.10331463014758072,0.18308257971349914
hist,青椒,price,precip_7d,7日累计降水,lag3-6,3,6,0.005037981902800078,0.047610166566648196,0.1058173551177886,0.9157272667077541,1400,0.01587930893430578,,0.9528904064299478,,-0.08827794456783038,0.09835390837343054
hist,青椒,price,precip_7d,7日累计降水,lag7-13,7,13,0.004100127191680296,0.06940255626774437,0.059077466482108196,0.9528904064299478,1400,0.01587930893430578,,0.9528904064299478,,-0.13192888309309866,0.14012913747645925
hist,青椒,price,precip_7d,7日累计降水,lag14-30,14,30,0.1385827622103267,0.15097117616678477,0.9179418596913359,0.3586493050987609,1400,0.01587930893430578,,0.9528904064299478,,-0.15732074307657143,0.43448626749722485
hist,青椒,price,temp_max,日最高气温,lag0-2,0,2,0.038439231925030085,0.20497901971192556,0.18752764053146515,0.8512469540708465,1400,0.011109898485655578,,0.8512469540708465,,-0.363319646710344,0.44019811056040414
hist,青椒,price,temp_max,日最高气温,lag3-6,3,6,0.0793858388105132,0.1613239466094429,0.4920896152057468,0.6226559932432015,1400,0.011109898485655578,,0.8302079909909353,,-0.2368090965439949,0.3955807741650213
hist,青椒,price,temp_max,日最高气温,lag7-13,7,13,0.1582922697764881,0.2154366602730278,0.7347508524124015,0.46249124392593044,1400,0.011109898485655578,,0.8302079909909353,,-0.2639635843586464,0.5805481239116226
hist,青椒,price,temp_max,日最高气温,lag14-30,14,30,-0.20175261561791322,0.3138346783720461,-0.6428627220690336,0.5203131799726413,1400,0.011109898485655578,,0.8302079909909353,,-0.8168685852271236,0.4133633539912971
hist,青椒,price,temp_min,日最低气温,lag0-2,0,2,0.07390962740301221,0.2353419730211663,0.31405204288129634,0.7534815122984484,1400,0.009367914895727969,,0.7534815122984484,,-0.38736063971847373,0.5351798945244981
hist,青椒,price,temp_min,日最低气温,lag3-6,3,6,0.05969526121970138,0.1774557361311516,0.3363952190059532,0.7365728543154093,1400,0.009367914895727969,,0.7534815122984484,,-0.28811798159735574,0.4075085040367585
hist,青椒,price,temp_min,日最低气温,lag7-13,7,13,0.09816082413842829,0.2720086267578928,0.3608739373762527,0.7181936875385314,1400,0.009367914895727969,,0.7534815122984484,,-0.4349760843070415,0.6312977325838981
hist,青椒,price,temp_min,日最低气温,lag14-30,14,30,-0.1667537497869356,0.3370978565837383,-0.49467460718045947,0.6208298287056897,1400,0.009367914895727969,,0.7534815122984484,,-0.8274655486910627,0.49395804911719154
hist,青椒,price,vpd,饱和水汽压差VPD,lag0-2,0,2,0.0123272690857736,0.08377167799152091,0.14715318328733162,0.8830111125478092,1400,0.0047067097982389505,,0.8830111125478092,,-0.15186521977760736,0.1765197579491546
hist,青椒,price,vpd,饱和水汽压差VPD,lag3-6,3,6,0.046443890723283136,0.07309013530291213,0.635433092725889,0.5251459907222482,1400,0.0047067097982389505,,0.8830111125478092,,-0.09681277447042463,0.18970055591699092
hist,青椒,price,vpd,饱和水汽压差VPD,lag7-13,7,13,-0.02123031959817096,0.09035041205020743,-0.23497756254142307,0.8142261481980936,1400,0.0047067097982389505,,0.8830111125478092,,-0.19831712721657752,0.1558564880202356
hist,青椒,price,vpd,饱和水汽压差VPD,lag14-30,14,30,-0.045061542065362364,0.18992792284762713,-0.23725601475415356,0.8124581830833464,1400,0.0047067097982389505,,0.8830111125478092,,-0.4173202708467115,0.32719718671598685
hist,青椒,price,soil_z,土壤水分异常,lag0-2,0,2,0.06905515207572763,0.06384859253025711,1.0815454082719707,0.27945457331546597,1400,0.051008683492726026,,0.3695006343814964,,-0.05608808928357631,0.19419839343503156
hist,青椒,price,soil_z,土壤水分异常,lag3-6,3,6,0.03558916359362964,0.039657678756231794,0.8974091452096694,0.3695006343814964,1400,0.051008683492726026,,0.3695006343814964,,-0.04213988676858468,0.11331821395584396
hist,青椒,price,soil_z,土壤水分异常,lag7-13,7,13,0.0791588475838151,0.06425734165820923,1.2319035543808887,0.21798511352409022,1400,0.051008683492726026,,0.3695006343814964,,-0.046785542066274985,0.20510323723390517
hist,青椒,price,soil_z,土壤水分异常,lag14-30,14,30,0.21164070080694092,0.13299596068021832,1.5913317947739756,0.1115349249990874,1400,0.051008683492726026,,0.3695006343814964,,-0.04903138212628699,0.47231278374016883
hist,青椒,volume,precip_1d,当日降水,lag0-2,0,2,-0.15528631977620116,0.08961776609355475,-1.7327626713445745,0.08313786016313007,1400,0.02449617284591732,,0.3325514406525203,,-0.3309371413195685,0.020364501767166143
hist,青椒,volume,precip_1d,当日降水,lag3-6,3,6,0.0438579491386427,0.09695719183443433,0.45234343434301655,0.6510215902324236,1400,0.02449617284591732,,0.8014215205680832,,-0.14617814685684855,0.23389404513413398
hist,青椒,volume,precip_1d,当日降水,lag7-13,7,13,0.0323119199176749,0.1284728264651054,0.25150781536242733,0.8014215205680832,1400,0.02449617284591732,,0.8014215205680832,,-0.21949481995393172,0.2841186597892815
hist,青椒,volume,precip_1d,当日降水,lag14-30,14,30,0.17480398348459203,0.23219246092953671,0.7528409095833636,0.4515455201314257,1400,0.02449617284591732,,0.8014215205680832,,-0.28029323993729993,0.629901206906484
hist,青椒,volume,precip_3d,3日累计降水,lag0-2,0,2,-0.07648339527281628,0.08012382228663738,-0.9545649856693341,0.3397977311228162,1400,0.02261941497565001,,0.8051188741679182,,-0.23352608695462554,0.08055929640899298
hist,青椒,volume,precip_3d,3日累计降水,lag3-6,3,6,-0.0014777160125725962,0.06320271750752054,-0.023380577146809575,0.9813466979629558,1400,0.02261941497565001,,0.9813466979629558,,-0.12535504232731287,0.12239961030216767
hist,青椒,volume,precip_3d,3日累计降水,lag7-13,7,13,0.045452963770104646,0.08759694309790446,0.5188875566046094,0.6038391556259386,1400,0.02261941497565001,,0.8051188741679182,,-0.1262370447017881,0.21714297224199736
hist,青椒,volume,precip_3d,3日累计降水,lag14-30,14,30,0.10838541332815421,0.1588137488990841,0.6824687036197739,0.4949426256873112,1400,0.02261941497565001,,0.8051188741679182,,-0.20288953451405062,0.41966036117035904
hist,青椒,volume,precip_7d,7日累计降水,lag0-2,0,2,-0.09673915860722511,0.09442565696171037,-1.0245007736239828,0.3055988056127199,1400,0.022739832518920977,,0.5643577420395397,,-0.2818134462521774,0.08833512903772721
hist,青椒,volume,precip_7d,7日累计降水,lag3-6,3,6,0.05390985889159634,0.06131983940588453,0.8791585140130506,0.37931533479714774,1400,0.022739832518920977,,0.5643577420395397,,-0.06627702634393733,0.17409674412713
hist,青椒,volume,precip_7d,7日累计降水,lag7-13,7,13,0.0076762206856006016,0.07972392832175393,0.09628502818652532,0.9232942016130989,1400,0.022739832518920977,,0.9232942016130989,,-0.14858267882503712,0.1639351201962383
hist,青椒,volume,precip_7d,7日累计降水,lag14-30,14,30,0.10062717102799587,0.12566396087850512,0.8007639606814924,0.42326830652965475,1400,0.022739832518920977,,0.5643577420395397,,-0.14567419229387416,0.3469285343498659
hist,青椒,volume,temp_max,日最高气温,lag0-2,0,2,0.1243557743418358,0.29536595076960265,0.4210227144253276,0.6737384954538055,1400,0.023891837058697685,,0.6737384954538055,,-0.4545614891665854,0.703273037850257
hist,青椒,volume,temp_max,日最高气温,lag3-6,3,6,-0.17991722676081615,0.20081830568450273,-0.8959204498193337,0.37029525134222996,1400,0.023891837058697685,,0.5824421234924634,,-0.5735211059024415,0.21368665238080922
hist,青椒,volume,temp_max,日最高气温,lag7-13,7,13,-0.24622107274292046,0.2875760183286173,-0.8561947347833436,0.39189007446317403,1400,0.023891837058697685,,0.5824421234924634,,-0.8098700686670104,0.3174279231811694
hist,青椒,volume,temp_max,日最高气温,lag14-30,14,30,0.30932563298856763,0.397818500211465,0.7775546708464841,0.43683159261934756,1400,0.023891837058697685,,0.5824421234924634,,-0.47039862742590366,1.0890498934030388
hist,青椒,volume,temp_min,日最低气温,lag0-2,0,2,-0.057169372048575244,0.33635355990879007,-0.16996808972106026,0.8650352321748698,1400,0.02678984980269783,,0.8650352321748698,,-0.7164223494698038,0.6020836053726534
hist,青椒,volume,temp_min,日最低气温,lag3-6,3,6,0.061218689747498896,0.25201755051311897,0.24291439077498736,0.8080717171915309,1400,0.02678984980269783,,0.8650352321748698,,-0.4327357092582143,0.5551730887532121
hist,青椒,volume,temp_min,日最低气温,lag7-13,7,13,-0.4596109716497091,0.34603045910238145,-1.3282384817855648,0.18409933541708978,1400,0.02678984980269783,,0.47986337222263575,,-1.1378306714903768,0.21860872819095856
hist,青椒,volume,temp_min,日最低气温,lag14-30,14,30,0.4757665159212803,0.40485338509141744,1.1751575593565813,0.23993168611131788,1400,0.02678984980269783,,0.47986337222263575,,-0.31774611885789794,1.2692791507004584
hist,青椒,volume,vpd,饱和水汽压差VPD,lag0-2,0,2,0.023605535536893082,0.128006789635469,0.18440846461438246,0.8536930298936888,1400,0.02176419983067479,,0.8536930298936888,,-0.2272877721486261,0.2744988432224123
hist,青椒,volume,vpd,饱和水汽压差VPD,lag3-6,3,6,-0.07342540860564736,0.10584338637793211,-0.6937174925929641,0.4878593937523312,1400,0.02176419983067479,,0.8031768749875438,,-0.2808784459063943,0.13402762869509957
hist,青椒,volume,vpd,饱和水汽压差VPD,lag7-13,7,13,-0.1081596400742208,0.11550871558343973,-0.9363764416208905,0.34907940307457475,1400,0.02176419983067479,,0.8031768749875438,,-0.33455672261776265,0.11823744246932105
hist,青椒,volume,vpd,饱和水汽压差VPD,lag14-30,14,30,0.10904790594965669,0.20931416285936796,0.5209771974337101,0.6023826562406578,1400,0.02176419983067479,,0.8031768749875438,,-0.3012078532547045,0.5193036651540179
hist,青椒,volume,soil_z,土壤水分异常,lag0-2,0,2,0.026436287356559313,0.09454802383391955,0.2796069794435531,0.7797790517891141,1400,0.027147595479651176,,0.7797790517891141,,-0.15887783935792302,0.21175041407104164
hist,青椒,volume,soil_z,土壤水分异常,lag3-6,3,6,-0.03415263068935738,0.052583332474722896,-0.6494953644441371,0.5160182417369068,1400,0.027147595479651176,,0.7310369937015538,,-0.13721596233981426,0.0689107009610995
hist,青椒,volume,soil_z,土壤水分异常,lag7-13,7,13,0.0480596340125823,0.08005364170703037,0.6003428824445555,0.5482777452761654,1400,0.027147595479651176,,0.7310369937015538,,-0.10884550373319722,0.2049647717583618
hist,青椒,volume,soil_z,土壤水分异常,lag14-30,14,30,0.15482605434541824,0.16912733757705753,0.9154407357407648,0.359960301355037,1400,0.027147595479651176,,0.7310369937015538,,-0.17666352730561452,0.486315635996451
hist,韭菜,price,precip_1d,当日降水,lag0-2,0,2,-0.013998731677041434,0.045593235332614994,-0.30703527781954704,0.758816520412479,1400,0.036402579430702575,,0.758816520412479,,-0.10336147292896683,0.07536400957488396
hist,韭菜,price,precip_1d,当日降水,lag3-6,3,6,0.10141448728983771,0.062420108422350316,1.6247086051764204,0.10422466293175378,1400,0.036402579430702575,,0.20844932586350756,,-0.020928925217968908,0.22375789979764432
hist,韭菜,price,precip_1d,当日降水,lag7-13,7,13,0.21906257166892318,0.09804851219149473,2.2342263719522903,0.025468182057369986,1400,0.036402579430702575,,0.10187272822947994,,0.02688748777359351,0.41123765556425285
hist,韭菜,price,precip_1d,当日降水,lag14-30,14,30,0.2595891129088519,0.2041763131286075,1.2713968086265752,0.2035875174098537,1400,0.036402579430702575,,0.27145002321313827,,-0.1405964608232188,0.6597746866409226
hist,韭菜,price,precip_3d,3日累计降水,lag0-2,0,2,0.015714782704272887,0.04242108707370172,0.37044743047179046,0.7110491390632454,1400,0.03608411213343021,,0.7110491390632454,,-0.06743054796018248,0.09886011336872826
hist,韭菜,price,precip_3d,3日累计降水,lag3-6,3,6,0.07675647537612025,0.045891007621325745,1.6725820450377558,0.09440960396679388,1400,0.03608411213343021,,0.18881920793358775,,-0.013189899561678209,0.1667028503139187
hist,韭菜,price,precip_3d,3日累计降水,lag7-13,7,13,0.1343629097042916,0.07120909895543026,1.8868783859825171,0.059176684861802706,1400,0.03608411213343021,,0.18881920793358775,,-0.005206924248351702,0.2739327436569349
hist,韭菜,price,precip_3d,3日累计降水,lag14-30,14,30,0.15394399226151534,0.13887497656385978,1.108507782110957,0.2676425801251425,1400,0.03608411213343021,,0.35685677350019,,-0.1182509618036498,0.4261389463266805
hist,韭菜,price,precip_7d,7日累计降水,lag0-2,0,2,0.02262545384217192,0.0544823070915093,0.4152807590209032,0.6779363849221534,1400,0.03617296692549454,,0.6779363849221534,,-0.08415986805718631,0.12941077574153015
hist,韭菜,price,precip_7d,7日累计降水,lag3-6,3,6,0.09474908388031694,0.04454710398344367,2.1269414935599693,0.033424944674676986,1400,0.03617296692549454,,0.13369977869870794,,0.007436760072767348,0.18206140768786655
hist,韭菜,price,precip_7d,7日累计降水,lag7-13,7,13,0.0737573297466824,0.06634211122537204,1.111772423040925,0.26623601168443134,1400,0.03617296692549454,,0.5225173289200903,,-0.056273208255046794,0.20378786774841162
hist,韭菜,price,precip_7d,7日累计降水,lag14-30,14,30,0.09682864156172064,0.11309134796361107,0.856198491796886,0.3918879966900677,1400,0.03617296692549454,,0.5225173289200903,,-0.12483040044695706,0.31848768357039836
hist,韭菜,price,temp_max,日最高气温,lag0-2,0,2,0.020270632689788785,0.2236432781409639,0.09063823808293521,0.9277800473704398,1400,0.005918122183062313,,0.9579062514552044,,-0.41807019246650046,0.45861145784607804
hist,韭菜,price,temp_max,日最高气温,lag3-6,3,6,-0.02461122534726897,0.15399392469529025,-0.15981945648808885,0.8730232970250007,1400,0.005918122183062313,,0.9579062514552044,,-0.3264393177500378,0.2772168670554999
hist,韭菜,price,temp_max,日最高气温,lag7-13,7,13,-0.033601106379935936,0.1962266030455971,-0.17123624349817673,0.8640380101524682,1400,0.005918122183062313,,0.9579062514552044,,-0.4182052483493063,0.35100303558943435
hist,韭菜,price,temp_max,日最高气温,lag14-30,14,30,-0.015143183282221296,0.2869049415854593,-0.052781186683432055,0.9579062514552044,1400,0.005918122183062313,,0.9579062514552044,,-0.5774768687897216,0.547190502225279
hist,韭菜,price,temp_min,日最低气温,lag0-2,0,2,0.07642180867052267,0.23708654570370785,0.3223371804742925,0.7471972690452837,1400,0.0051032988370913746,,0.880823962719782,,-0.38826782090874473,0.5411114382497901
hist,韭菜,price,temp_min,日最低气温,lag3-6,3,6,-0.11002708725456306,0.1731234005507397,-0.635541393621805,0.5250753787255155,1400,0.0051032988370913746,,0.880823962719782,,-0.44934895233401284,0.22929477782488672
hist,韭菜,price,temp_min,日最低气温,lag7-13,7,13,-0.038027913911634,0.25133831633635423,-0.15130169751253938,0.8797377302772267,1400,0.0051032988370913746,,0.880823962719782,,-0.5306510139308883,0.4545951861076203
hist,韭菜,price,temp_min,日最低气温,lag14-30,14,30,0.04580575557812327,0.30552491868928844,0.14992477790234396,0.880823962719782,1400,0.0051032988370913746,,0.880823962719782,,-0.553023085052882,0.6446345962091286
hist,韭菜,price,vpd,饱和水汽压差VPD,lag0-2,0,2,-0.015709893534559094,0.09144754899868786,-0.17179130229925035,0.8636016036283247,1400,0.010969881165267759,,0.983161152338156,,-0.19494708957198728,0.1635273025028691
hist,韭菜,price,vpd,饱和水汽压差VPD,lag3-6,3,6,-0.01452712057133798,0.06553316925097956,-0.22167584350608582,0.8245662363605168,1400,0.010969881165267759,,0.983161152338156,,-0.14297213230325792,0.11391789116058196
hist,韭菜,price,vpd,饱和水汽压差VPD,lag7-13,7,13,-0.08719783821529412,0.10301485429378396,-0.846458880256415,0.39729680356355757,1400,0.010969881165267759,,0.983161152338156,,-0.28910695263111064,0.11471127620052243
hist,韭菜,price,vpd,饱和水汽压差VPD,lag14-30,14,30,0.0037436180663114335,0.17737278513755322,0.021105932702180013,0.983161152338156,1400,0.010969881165267759,,0.983161152338156,,-0.3439070408032929,0.3513942769359158
hist,韭菜,price,soil_z,土壤水分异常,lag0-2,0,2,0.004423648587395766,0.08813769464200416,0.05019020074627149,0.9599708203852622,1400,0.03070189262134282,,0.9599708203852622,,-0.16832623291093238,0.17717353008572392
hist,韭菜,price,soil_z,土壤水分异常,lag3-6,3,6,0.036600555587170715,0.04041132878123077,0.9057003739052999,0.36509446455828765,1400,0.03070189262134282,,0.7301889291165753,,-0.04260564882404159,0.11580675999838302
hist,韭菜,price,soil_z,土壤水分异常,lag7-13,7,13,0.03260768942636644,0.07204185701938355,0.45262144502456436,0.6508213539659945,1400,0.03070189262134282,,0.8677618052879926,,-0.10859435033162532,0.1738097291843582
hist,韭菜,price,soil_z,土壤水分异常,lag14-30,14,30,0.1981871214774727,0.12275718616911308,1.6144645186347433,0.10642670698651145,1400,0.03070189262134282,,0.4257068279460458,,-0.04241696341398893,0.4387912063689343
hist,韭菜,volume,precip_1d,当日降水,lag0-2,0,2,-0.168856966535485,0.11047627715624805,-1.5284454806226713,0.12640197003183587,1400,0.0329662183967232,,0.5056078801273435,,-0.3853904697617312,0.04767653669076119
hist,韭菜,volume,precip_1d,当日降水,lag3-6,3,6,-0.08074998002529182,0.09238733537538242,-0.8740373309522737,0.38209792414519916,1400,0.0329662183967232,,0.5094638988602656,,-0.2618291573610414,0.10032919731045772
hist,韭菜,volume,precip_1d,当日降水,lag7-13,7,13,-0.10320209008667502,0.10438101779571853,-0.9887055354130504,0.32280723374211207,1400,0.0329662183967232,,0.5094638988602656,,-0.3077888849662833,0.1013847047929333
hist,韭菜,volume,precip_1d,当日降水,lag14-30,14,30,0.12135836836972821,0.2089111498895365,0.5809090057371158,0.5613017824395305,1400,0.0329662183967232,,0.5613017824395305,,-0.2881074854137633,0.5308242221532198
hist,韭菜,volume,precip_3d,3日累计降水,lag0-2,0,2,-0.1229998089178104,0.0849844762541927,-1.447320903054247,0.14780706733167212,1400,0.03188776974431773,,0.5912282693266885,,-0.2895693823760281,0.043569764540407285
hist,韭菜,volume,precip_3d,3日累计降水,lag3-6,3,6,-0.056572069403539614,0.06523518522522397,-0.8672017900803836,0.3858314556367699,1400,0.03188776974431773,,0.7317031577241744,,-0.18443303244497858,0.07128889363789934
hist,韭菜,volume,precip_3d,3日累计降水,lag7-13,7,13,-0.02556638442197669,0.07456781845882597,-0.34286083394130207,0.7317031577241744,1400,0.03188776974431773,,0.7317031577241744,,-0.1717193086012756,0.12058653975732221
hist,韭菜,volume,precip_3d,3日累计降水,lag14-30,14,30,0.05495997411400952,0.14740841753550574,0.3728414905530853,0.7092664207486339,1400,0.03188776974431773,,0.7317031577241744,,-0.2339605242555817,0.34388047248360076
hist,韭菜,volume,precip_7d,7日累计降水,lag0-2,0,2,-0.13246762232541315,0.10417055106137178,-1.2716417545623833,0.20350043407577367,1400,0.03133123744675048,,0.8140017363030947,,-0.3366419024057018,0.07170665775487553
hist,韭菜,volume,precip_7d,7日累计降水,lag3-6,3,6,-0.02541485014609982,0.07545804880322059,-0.33680767723502414,0.7362618852897028,1400,0.03133123744675048,,0.9727239841268255,,-0.17331262580041215,0.12248292550821252
hist,韭菜,volume,precip_7d,7日累计降水,lag7-13,7,13,0.041981970457035,0.0751880859696165,0.5583593453090415,0.5765990281842199,1400,0.03133123744675048,,0.9727239841268255,,-0.10538667804341334,0.18935061895748334
hist,韭菜,volume,precip_7d,7日累计降水,lag14-30,14,30,-0.004263149972839938,0.12468239108704376,-0.03419207745112725,0.9727239841268255,1400,0.03133123744675048,,0.9727239841268255,,-0.24864063650344573,0.24011433655776585
hist,韭菜,volume,temp_max,日最高气温,lag0-2,0,2,0.14727677235402722,0.30608986340849875,0.4811553401802002,0.6304060989349057,1400,0.03401069173894922,,0.8405414652465409,,-0.4526593599266303,0.7472129046346848
hist,韭菜,volume,temp_max,日最高气温,lag3-6,3,6,-0.003899483708365792,0.1937672854490549,-0.02012457210890246,0.9839439984046904,1400,0.03401069173894922,,0.9839439984046904,,-0.38368336318851337,0.3758843957717818
hist,韭菜,volume,temp_max,日最高气温,lag7-13,7,13,-0.4682839033052556,0.27502904287272245,-1.702670737657213,0.08862970398601021,1400,0.03401069173894922,,0.35451881594404083,,-1.0073408273357916,0.07077302072528036
hist,韭菜,volume,temp_max,日最高气温,lag14-30,14,30,0.2062801843772788,0.4136438424640037,0.49869033018478887,0.617997557854417,1400,0.03401069173894922,,0.8405414652465409,,-0.6044617468521685,1.017022115606726
hist,韭菜,volume,temp_min,日最低气温,lag0-2,0,2,0.04403601106367768,0.3362053431308823,0.1309795098840377,0.8957915164935514,1400,0.03694478383157229,,0.8957915164935514,,-0.6149264614728516,0.702998483600207
hist,韭菜,volume,temp_min,日最低气温,lag3-6,3,6,0.14338979579711508,0.23942573689214947,0.5988904854523043,0.5492459166162997,1400,0.03694478383157229,,0.7323278888217329,,-0.32588464851149784,0.6126642401057281
hist,韭菜,volume,temp_min,日最低气温,lag7-13,7,13,-0.6180969171317042,0.3520827547376448,-1.7555444247540055,0.07916622880016815,1400,0.03694478383157229,,0.3166649152006726,,-1.308179116417488,0.07198528215407951
hist,韭菜,volume,temp_min,日最低气温,lag14-30,14,30,0.2917598383398884,0.4174027574150203,0.6989887660224388,0.4845590514816346,1400,0.03694478383157229,,0.7323278888217329,,-0.5263495661935514,1.1098692428733283
hist,韭菜,volume,vpd,饱和水汽压差VPD,lag0-2,0,2,0.1217737230519377,0.12310625694949347,0.9891757419112949,0.32257716484656274,1400,0.03294945354578338,,0.46065163511568413,,-0.11951454056906949,0.36306198667294487
hist,韭菜,volume,vpd,饱和水汽压差VPD,lag3-6,3,6,-0.1632282504622037,0.09662810073170398,-1.689242044769364,0.09117305467990204,1400,0.03294945354578338,,0.36469221871960816,,-0.35261932789634354,0.026162826971936087
hist,韭菜,volume,vpd,饱和水汽压差VPD,lag7-13,7,13,-0.1381984763863974,0.14649355972879916,-0.9433757814489709,0.3454887263367631,1400,0.03294945354578338,,0.46065163511568413,,-0.42532585345484375,0.14892890068204892
hist,韭菜,volume,vpd,饱和水汽压差VPD,lag14-30,14,30,0.038450277251302234,0.2257332511014255,0.1703350173875178,0.8647466737434109,1400,0.03294945354578338,,0.8647466737434109,,-0.40398689490749173,0.4808874494100962
hist,韭菜,volume,soil_z,土壤水分异常,lag0-2,0,2,0.03397511190442228,0.09427319913447413,0.36038993283721243,0.7185555539908126,1400,0.03649687737475993,,0.7847939121578122,,-0.150800358399147,0.21875058220799157
hist,韭菜,volume,soil_z,土壤水分异常,lag3-6,3,6,0.10228208304658551,0.0608111707549733,1.6819620766505405,0.09257619392269824,1400,0.03649687737475993,,0.37030477569079295,,-0.016907811633162156,0.22147197772633317
hist,韭菜,volume,soil_z,土壤水分异常,lag7-13,7,13,0.05432925360482084,0.08738089383511044,0.6217520927096634,0.5341048921990789,1400,0.03649687737475993,,0.7847939121578122,,-0.11693729831199563,0.22559580552163733
hist,韭菜,volume,soil_z,土壤水分异常,lag14-30,14,30,0.046274973911008536,0.1694575110002009,0.2730771485894991,0.7847939121578122,1400,0.03649687737475993,,0.7847939121578122,,-0.2858617476493852,0.3784116954714023
hist,黄瓜,price,precip_1d,当日降水,lag0-2,0,2,9.324193192689761e-05,0.07350471464702749,0.001268516344490949,0.9989878706650465,1400,0.03982270548529265,,0.9989878706650465,,-0.14397599877624698,0.14416248264010076
hist,黄瓜,price,precip_1d,当日降水,lag3-6,3,6,0.15969464464141475,0.1112927551747561,1.4349060223251384,0.15131387935158444,1400,0.03982270548529265,,0.3026277587031689,,-0.058439155501107204,0.37782844478393673
hist,黄瓜,price,precip_1d,当日降水,lag7-13,7,13,0.3684016729543674,0.15174217359027703,2.4278133378338067,0.01519015904644445,1400,0.03982270548529265,,0.0607606361857778,,0.07098701271742441,0.6658163331913103
hist,黄瓜,price,precip_1d,当日降水,lag14-30,14,30,0.11272431072188521,0.23550469687452724,0.4786499471895575,0.6321876792307035,1400,0.03982270548529265,,0.842916905640938,,-0.34886489515218816,0.5743135165959585
hist,黄瓜,price,precip_3d,3日累计降水,lag0-2,0,2,0.020795889634069666,0.057596462566334876,0.36106192476870724,0.7180531556227432,1400,0.04073796484622971,,0.7845535403229706,,-0.09209317699594669,0.13368495626408602
hist,黄瓜,price,precip_3d,3日累计降水,lag3-6,3,6,0.14601408042855998,0.08959781601083615,1.6296611561480554,0.10317313129283369,1400,0.04073796484622971,,0.20634626258566738,,-0.029597638952678862,0.32162579980979883
hist,黄瓜,price,precip_3d,3日累计降水,lag7-13,7,13,0.2204050503547601,0.10539444747039989,2.0912396776562736,0.036506584190246084,1400,0.04073796484622971,,0.14602633676098434,,0.013831933312776323,0.4269781673967439
hist,黄瓜,price,precip_3d,3日累计降水,lag14-30,14,30,0.04485565877533483,0.16407213290851483,0.2733898681035978,0.7845535403229706,1400,0.04073796484622971,,0.7845535403229706,,-0.27672572172535426,0.3664370392760239
hist,黄瓜,price,precip_7d,7日累计降水,lag0-2,0,2,0.054027880377115894,0.09846074562325466,0.5487250785591804,0.5831941329450443,1400,0.04145499787248441,,0.777592177260059,,-0.13895518104446322,0.247010941798695
hist,黄瓜,price,precip_7d,7日累计降水,lag3-6,3,6,0.14772741791910568,0.06250751606404717,2.3633544767278787,0.018110337713555073,1400,0.04145499787248441,,0.0724413508542203,,0.02521268643357323,0.27024214940463814
hist,黄瓜,price,precip_7d,7日累计降水,lag7-13,7,13,0.12169266814528487,0.09990937554440467,1.2180305149760307,0.22321237691395857,1400,0.04145499787248441,,0.44642475382791713,,-0.07412970792174828,0.317515044212318
hist,黄瓜,price,precip_7d,7日累计降水,lag14-30,14,30,-0.0006095701673126119,0.13444581724940935,-0.004533946684126314,0.9963824463353809,1400,0.04145499787248441,,0.9963824463353809,,-0.26412337197615493,0.2629042316415297
hist,黄瓜,price,temp_max,日最高气温,lag0-2,0,2,-0.2350197970144207,0.2222348584287964,-1.0575289523705416,0.2902702483437013,1400,0.01822992482412511,,0.5247030937589495,,-0.6706001195348616,0.20056052550602024
hist,黄瓜,price,temp_max,日最高气温,lag3-6,3,6,-0.2612597472898775,0.17665941726137327,-1.4788894435405917,0.13916986518096158,1400,0.01822992482412511,,0.5247030937589495,,-0.6075122051221691,0.08499271054241408
hist,黄瓜,price,temp_max,日最高气温,lag7-13,7,13,0.16472632964250888,0.25895785361455814,0.6361125076657967,0.5247030937589495,1400,0.01822992482412511,,0.5247030937589495,,-0.3428310634420251,0.6722837227270428
hist,黄瓜,price,temp_max,日最高气温,lag14-30,14,30,0.26777730050985904,0.3925786195763308,0.6820985330246543,0.4951766481590124,1400,0.01822992482412511,,0.5247030937589495,,-0.5016767938597493,1.0372313948794674
hist,黄瓜,price,temp_min,日最低气温,lag0-2,0,2,-0.28735262141112156,0.26944844545299595,-1.06644750140616,0.2862213985341947,1400,0.0201983830500998,,0.3816285313789263,,-0.8154715744989935,0.2407663316767505
hist,黄瓜,price,temp_min,日最低气温,lag3-6,3,6,-0.35383094184789227,0.18804556090665256,-1.8816234754062449,0.05988715652453049,1400,0.0201983830500998,,0.23954862609812197,,-0.7224002412249313,0.014738357529146762
hist,黄瓜,price,temp_min,日最低气温,lag7-13,7,13,0.36702747611815334,0.3168361596342693,1.1584141044438265,0.24669508603057866,1400,0.0201983830500998,,0.3816285313789263,,-0.25397139676501446,0.9880263490013211
hist,黄瓜,price,temp_min,日最低气温,lag14-30,14,30,0.24022455302541154,0.42137479257210775,0.5700971136860379,0.5686118326915911,1400,0.0201983830500998,,0.5686118326915911,,-0.5856700404159196,1.0661191464667428
hist,黄瓜,price,vpd,饱和水汽压差VPD,lag0-2,0,2,-0.07545641858543758,0.09380781417037358,-0.8043724209200075,0.42118192391824527,1400,0.013885203897875065,,0.5414623650703829,,-0.25931973435936984,0.10840689718849464
hist,黄瓜,price,vpd,饱和水汽压差VPD,lag3-6,3,6,-0.1400887855917184,0.09381870737475477,-1.4931860554435032,0.13538849123836844,1400,0.013885203897875065,,0.5414623650703829,,-0.32397345204623773,0.04379588086280095
hist,黄瓜,price,vpd,饱和水汽压差VPD,lag7-13,7,13,-0.09083511863399546,0.14876294854055477,-0.6106031073270412,0.5414623650703829,1400,0.013885203897875065,,0.5414623650703829,,-0.3824104977734828,0.20074026050549187
hist,黄瓜,price,vpd,饱和水汽压差VPD,lag14-30,14,30,0.22045677879191936,0.2426800152792664,0.908425766078128,0.3636533177079947,1400,0.013885203897875065,,0.5414623650703829,,-0.25519605115544275,0.6961096087392815
hist,黄瓜,price,soil_z,土壤水分异常,lag0-2,0,2,0.006230156438542307,0.08201757188551738,0.0759612397113944,0.939449935294627,1400,0.020244086923025262,,0.9461832043385747,,-0.15452428445707175,0.16698459733415635
hist,黄瓜,price,soil_z,土壤水分异常,lag3-6,3,6,0.07892933470189742,0.05224163429078633,1.510851177866346,0.1308263721527891,1400,0.020244086923025262,,0.5233054886111564,,-0.023464268508043784,0.18132293791183862
hist,黄瓜,price,soil_z,土壤水分异常,lag7-13,7,13,-0.0058065721391377025,0.08602255824729883,-0.06750057493576149,0.9461832043385747,1400,0.020244086923025262,,0.9461832043385747,,-0.17441078630384343,0.162797642025568
hist,黄瓜,price,soil_z,土壤水分异常,lag14-30,14,30,0.17606651421065325,0.15977972887091582,1.1019327386197741,0.27049091431061667,1400,0.020244086923025262,,0.5409818286212333,,-0.13710175437634173,0.4892347827976482
hist,黄瓜,volume,precip_1d,当日降水,lag0-2,0,2,-0.07858513324803704,0.08802566664296084,-0.8927524919156209,0.37198973300092897,1400,0.013971237778143242,,0.7439794660018579,,-0.25111543986824025,0.09394517337216621
hist,黄瓜,volume,precip_1d,当日降水,lag3-6,3,6,0.02590278401486816,0.11182174284083836,0.23164353690799586,0.8168148895055174,1400,0.013971237778143242,,0.8168148895055174,,-0.19326783195317504,0.24507339998291133
hist,黄瓜,volume,precip_1d,当日降水,lag7-13,7,13,-0.19191075366961532,0.15703027810966583,-1.2221257962466952,0.22166005931831267,1400,0.013971237778143242,,0.7439794660018579,,-0.4996900987645604,0.11586859142532971
hist,黄瓜,volume,precip_1d,当日降水,lag14-30,14,30,0.09614342582511774,0.24841496717533798,0.38702750852068074,0.6987358430161581,1400,0.013971237778143242,,0.8168148895055174,,-0.3907499098385447,0.5830367614887801
hist,黄瓜,volume,precip_3d,3日累计降水,lag0-2,0,2,-0.07506357660683076,0.08031631294935311,-0.9345993839902151,0.3499947966157879,1400,0.013770281213608349,,0.6999895932315758,,-0.23248354998756288,0.08235639677390134
hist,黄瓜,volume,precip_3d,3日累计降水,lag3-6,3,6,0.017987453764743283,0.08478274516182742,0.21215936957938883,0.831982703535096,1400,0.013770281213608349,,0.831982703535096,,-0.14818672675243846,0.18416163428192503
hist,黄瓜,volume,precip_3d,3日累计降水,lag7-13,7,13,-0.11529767597231277,0.11168884964669629,-1.0323114289119482,0.3019262487831821,1400,0.013770281213608349,,0.6999895932315758,,-0.3342078212798375,0.10361246933521195
hist,黄瓜,volume,precip_3d,3日累计降水,lag14-30,14,30,0.07665780046646004,0.1794263143565629,0.4272383387094643,0.6692057394526185,1400,0.013770281213608349,,0.831982703535096,,-0.2750177756724032,0.4283333766053233
hist,黄瓜,volume,precip_7d,7日累计降水,lag0-2,0,2,-0.011658738403521544,0.1053671158973965,-0.11064873802633539,0.9118948973885681,1400,0.01321348415478385,,0.9506092054966258,,-0.2181782855624187,0.1948608087553756
hist,黄瓜,volume,precip_7d,7日累计降水,lag3-6,3,6,-0.09500455602972964,0.09416023846851265,-1.0089668163011218,0.31299054889307265,1400,0.01321348415478385,,0.9506092054966258,,-0.2795586234280144,0.08954951136855514
hist,黄瓜,volume,precip_7d,7日累计降水,lag7-13,7,13,-0.006005110354523863,0.09694767479412056,-0.061941767734774444,0.9506092054966258,1400,0.01321348415478385,,0.9506092054966258,,-0.19602255295100016,0.18401233224195243
hist,黄瓜,volume,precip_7d,7日累计降水,lag14-30,14,30,0.04470954550459227,0.15871080175164026,0.2817044902498591,0.7781701111584168,1400,0.01321348415478385,,0.9506092054966258,,-0.2663636259286226,0.35578271693780716
hist,黄瓜,volume,temp_max,日最高气温,lag0-2,0,2,0.4551905874364684,0.3738916656886573,1.2174397805794084,0.22343693529267428,1400,0.017083307461701502,,0.5383989409030638,,-0.27763707731329984,1.1880182521862366
hist,黄瓜,volume,temp_max,日最高气温,lag3-6,3,6,-0.18834762225844243,0.22560512036170582,-0.8348552637301424,0.4037992056772979,1400,0.017083307461701502,,0.5383989409030638,,-0.6305336581673858,0.25383841365050097
hist,黄瓜,volume,temp_max,日最高气温,lag7-13,7,13,-0.2898674716320357,0.3001676251477146,-0.9656853282874522,0.33420166325068923,1400,0.017083307461701502,,0.5383989409030638,,-0.8781960169215564,0.2984610736574849
hist,黄瓜,volume,temp_max,日最高气温,lag14-30,14,30,0.09194820234029157,0.45053722844131605,0.2040856926704962,0.8382865346396229,1400,0.017083307461701502,,0.8382865346396229,,-0.7911047654046879,0.975001170085271
hist,黄瓜,volume,temp_min,日最低气温,lag0-2,0,2,0.4355863864437736,0.3804160069514433,1.145026440749567,0.2521982046607304,1400,0.01659966948906466,,0.5043964093214608,,-0.31002898718105526,1.1812017600686024
hist,黄瓜,volume,temp_min,日最低气温,lag3-6,3,6,-0.04126956742651139,0.27738021858145734,-0.1487833834639217,0.8817245627658977,1400,0.01659966948906466,,0.8817245627658977,,-0.5849347958461677,0.502395660993145
hist,黄瓜,volume,temp_min,日最低气温,lag7-13,7,13,-0.5817282586159022,0.3803010545303841,-1.5296519735772256,0.1261028973074889,1400,0.01659966948906466,,0.5043964093214608,,-1.327118325495455,0.16366180826365062
hist,黄瓜,volume,temp_min,日最低气温,lag14-30,14,30,0.23351197414164537,0.4777824660313242,0.488741196556041,0.6250249338335344,1400,0.01659966948906466,,0.8333665784447125,,-0.70294165927975,1.1699656075630407
hist,黄瓜,volume,vpd,饱和水汽压差VPD,lag0-2,0,2,0.0857932253624234,0.14574841318503337,0.5886391727195377,0.556103350107749,1400,0.01554058810579484,,0.8863534649570751,,-0.19987366448024202,0.3714601152050888
hist,黄瓜,volume,vpd,饱和水汽压差VPD,lag3-6,3,6,-0.05039264922983695,0.10948556035710141,-0.4602675372485172,0.645324199277014,1400,0.01554058810579484,,0.8863534649570751,,-0.2649843475297557,0.16419904907008182
hist,黄瓜,volume,vpd,饱和水汽压差VPD,lag7-13,7,13,0.0762059275821794,0.18399694821561968,0.41416951922961404,0.6787499628654322,1400,0.01554058810579484,,0.8863534649570751,,-0.2844280909204352,0.43683994608479393
hist,黄瓜,volume,vpd,饱和水汽压差VPD,lag14-30,14,30,0.04005278344357579,0.28024642891056556,0.1429198709124595,0.8863534649570751,1400,0.01554058810579484,,0.8863534649570751,,-0.5092302172211327,0.5893357841082842
hist,黄瓜,volume,soil_z,土壤水分异常,lag0-2,0,2,-0.041740149063955165,0.10449614432142683,-0.39944200176002465,0.6895675508078187,1400,0.025465796888613945,,0.877476109339203,,-0.24655259193395174,0.16307229380604144
hist,黄瓜,volume,soil_z,土壤水分异常,lag3-6,3,6,0.009925116567604822,0.06437796150950495,0.1541694756231051,0.877476109339203,1400,0.025465796888613945,,0.877476109339203,,-0.11625568799102488,0.13610592112623454
hist,黄瓜,volume,soil_z,土壤水分异常,lag7-13,7,13,-0.07562964890360704,0.11201036119476178,-0.6752022589419514,0.4995472716585425,1400,0.025465796888613945,,0.877476109339203,,-0.2951699568453401,0.14391065903812603
hist,黄瓜,volume,soil_z,土壤水分异常,lag14-30,14,30,-0.21649576444840685,0.19452700331562917,-1.1129342495300374,0.26573666915415095,1400,0.025465796888613945,,0.877476109339203,,-0.59776869094704,0.1647771620502263
