target_kind,target,feature_set,model,split,stratum,stratum_value,n,mae,rmse,r2,bias,nrmse_sd,mape
hist,price,F_wx,baseline_mean,valid,crop,土豆,250,1.29413272475877,1.4127664173956116,-5.215278627106473,1.29413272475877,2.4880549657509676,
hist,price,F_wx,baseline_mean,valid,crop,尖椒,250,0.8310730142919109,1.1293765462633207,-0.060634520037033734,0.27003238838892035,1.0278093120598224,
hist,price,F_wx,baseline_mean,valid,crop,甘蓝,250,1.204199391648032,1.402926404306363,-0.0967372166578333,0.4166586404094559,1.0451556189349038,
hist,price,F_wx,baseline_mean,valid,crop,芸豆,250,0.8947009973506213,1.1315958172374778,-0.07701801373438943,0.30260493540314226,1.035717114698532,
hist,price,F_wx,baseline_mean,valid,crop,芹菜,250,0.7525856583429508,0.9095937870343594,-0.09175530427619116,0.2636941042493676,1.0427791151816794,
hist,price,F_wx,baseline_mean,valid,crop,茄子,250,1.1332737995447992,1.3234146263334494,-0.13289808951431237,0.4532730276526999,1.0622459682937164,
hist,price,F_wx,baseline_mean,valid,crop,西红柿,250,0.8642021135122329,1.186947379723876,-0.05618120328179299,-0.27375229406927976,1.0256492960406427,
hist,price,F_wx,baseline_mean,valid,crop,青椒,250,0.9172082340737276,1.2425734861850284,-0.3070194225512739,0.6022322201503088,1.1409607113573494,
hist,price,F_wx,baseline_mean,valid,crop,韭菜,250,0.8957610954044747,1.4033853466736719,-0.08873376773447728,-0.40064576121764933,1.041335120248779,
hist,price,F_wx,baseline_mean,valid,crop,黄瓜,250,1.2680070366485452,1.756465236639766,-0.14499762148784945,-0.625054240192374,1.067903380930081,
hist,price,F_wx,baseline_mean,valid,season,冬(12-2),640,1.480911077103173,1.6829265291158146,-0.057691065641759964,0.2603724641790521,1.0276373014598559,
hist,price,F_wx,baseline_mean,valid,season,夏(6-8),620,0.6431173303119119,0.8482835801937775,-0.8137279143266147,0.43325488863038475,1.3456606357930152,
hist,price,F_wx,baseline_mean,valid,season,春(3-5),600,0.7882829150641552,0.9596665089578975,-1.712696212349396,0.7041451235421817,1.645653381485749,
hist,price,F_wx,baseline_mean,valid,season,秋(9-11),640,1.0848444269001674,1.513091230556585,-0.2378551316095625,-0.4405461652615633,1.1117198311474086,
hist,price,F_wx,baseline_mean,valid,period,normal,2360,1.0272687422613695,1.3301866509840352,-0.11997488049190941,0.23157674781323892,1.0580644190523478,
hist,price,F_wx,baseline_mean,valid,period,extreme,140,0.63879846183703,0.8486221535362519,-0.4941473707746422,0.20909151102926105,1.2179798395518802,
hist,price,F_wx,baseline_mean,valid,overall,all,2500,1.0055144065576065,1.3079140859800544,-0.12660650405828222,0.23031757455333618,1.0612049102113403,
hist,price,F_wx,baseline_seasonal_naive,valid,crop,土豆,250,1.2144740863328078,1.4458529787974082,-5.509807481054783,1.2079386908860406,2.546324459123496,
hist,price,F_wx,baseline_seasonal_naive,valid,crop,尖椒,250,1.0755578784429245,1.4706766171292818,-0.7985503641088152,0.02882994033284791,1.3384155418450503,
hist,price,F_wx,baseline_seasonal_naive,valid,crop,甘蓝,250,1.610959304120402,2.1317065898460217,-1.5321396767731268,0.036014785692503895,1.588084102957408,
hist,price,F_wx,baseline_seasonal_naive,valid,crop,芸豆,250,1.2316609597489045,1.5517666956129894,-1.0253176786353415,0.1113599805578188,1.4202874384858863,
hist,price,F_wx,baseline_seasonal_naive,valid,crop,芹菜,250,1.0360050912964716,1.4853755187262938,-1.911406610180669,-0.08564327084157111,1.7028684575562336,
hist,price,F_wx,baseline_seasonal_naive,valid,crop,茄子,250,1.3958897317488295,1.699986087492214,-0.8693461095592594,0.3791952535238709,1.364503105573975,
hist,price,F_wx,baseline_seasonal_naive,valid,crop,西红柿,250,1.081914521359813,1.4315513601868093,-0.5363471882930526,-0.4217511009395686,1.2370132576249457,
hist,price,F_wx,baseline_seasonal_naive,valid,crop,青椒,250,1.1486781199236726,1.4674198648886998,-0.8228320848228439,0.4678711680439184,1.3474200371389586,
hist,price,F_wx,baseline_seasonal_naive,valid,crop,韭菜,250,1.1984868361071166,1.8041533972104054,-0.7993462320514026,-0.5219539096824276,1.3387116370313648,
hist,price,F_wx,baseline_seasonal_naive,valid,crop,黄瓜,250,1.561932810394932,2.2180337200451548,-0.8258359566858178,-0.8382140824089622,1.3485297968006025,
hist,price,F_wx,baseline_seasonal_naive,valid,season,冬(12-2),640,1.652639658957069,1.9936144139049403,-0.4842629700916894,-0.08370107618972078,1.2173511445761742,
hist,price,F_wx,baseline_seasonal_naive,valid,season,夏(6-8),620,0.6896209388772528,0.9177306366027348,-1.1228557075574455,0.3576072902112365,1.455826825806835,
hist,price,F_wx,baseline_seasonal_naive,valid,season,春(3-5),600,0.9740480051847021,1.208408661968178,-3.301185199964535,0.8289181969158782,2.0722008971054406,
hist,price,F_wx,baseline_seasonal_naive,valid,season,秋(9-11),640,1.6706354186276975,2.2457495597305956,-1.7268562201842168,-0.897792008637429,1.6500289413644171,
hist,price,F_wx,baseline_seasonal_naive,valid,period,normal,2360,1.2868207016146949,1.7241100323973468,-0.8815383286691454,0.034779595889926025,1.3714011326615827,
hist,price,F_wx,baseline_seasonal_naive,valid,period,extreme,140,0.7285212789877766,1.050685957246434,-1.2903959160014726,0.0630858392206592,1.507990697972932,
hist,price,F_wx,baseline_seasonal_naive,valid,overall,all,2500,1.2555559339475877,1.6934913628719555,-0.8887731136739854,0.03636474551644707,1.3740515290295758,
hist,price,F_wx,baseline_persistence,valid,crop,土豆,250,0.08326386389335952,0.1399029871768102,0.9390499800627108,-0.0023249727561681748,0.24638632238324457,
hist,price,F_wx,baseline_persistence,valid,crop,尖椒,250,0.160971289642827,0.282718762095168,0.9335343142395922,-0.00935465971994972,0.25729326267387226,
hist,price,F_wx,baseline_persistence,valid,crop,甘蓝,250,0.14085097149111586,0.27514369230800173,0.9578155952887837,-0.012598328552324118,0.20497723554671002,
hist,price,F_wx,baseline_persistence,valid,crop,芸豆,250,0.16769940929596946,0.27483342212381234,0.9364699215914263,-0.007303769806359156,0.251547128973756,
hist,price,F_wx,baseline_persistence,valid,crop,芹菜,250,0.164088272445213,0.31053051617218763,0.872755531938133,-0.002747016911322862,0.35599928397346464,
hist,price,F_wx,baseline_persistence,valid,crop,茄子,250,0.12840137400173487,0.19603004363336415,0.9751432549833111,-0.014253421627565047,0.15734458375369045,
hist,price,F_wx,baseline_persistence,valid,crop,西红柿,250,0.13828629152431773,0.23925084306766004,0.9570876344566794,-0.01455645173940187,0.2067382791868677,
hist,price,F_wx,baseline_persistence,valid,crop,青椒,250,0.13525653803020515,0.2152820681629105,0.9607668128221765,-0.007722080277151946,0.19767714695713365,
hist,price,F_wx,baseline_persistence,valid,crop,韭菜,250,0.15404320658148493,0.2431542906854712,0.9673162640720466,-0.008099406420545125,0.1804245021726305,
hist,price,F_wx,baseline_persistence,valid,crop,黄瓜,250,0.1944784994531483,0.30891735635566725,0.9645831374435131,-0.00869887086303247,0.1878169191160928,
hist,price,F_wx,baseline_persistence,valid,season,冬(12-2),640,0.1858478111122308,0.3009044014174907,0.966186852154662,0.0051443723684045485,0.1837398018988526,
hist,price,F_wx,baseline_persistence,valid,season,夏(6-8),620,0.0952192549344278,0.14392411071338135,0.947789587416325,-0.002090522887414758,0.22831163404609509,
hist,price,F_wx,baseline_persistence,valid,season,春(3-5),600,0.09375419074214425,0.13206272442991476,0.9486286488750517,-0.022042949253903737,0.2264635339440032,
hist,price,F_wx,baseline_persistence,valid,season,秋(9-11),640,0.2071935585521632,0.3528448915184615,0.932685711280149,-0.01669570194014787,0.2592471989120158,
hist,price,F_wx,baseline_persistence,valid,period,normal,2360,0.15019986699632668,0.2590095881116134,0.9575365971098642,-0.007475005960035472,0.2060228383524736,
hist,price,F_wx,baseline_persistence,valid,period,extreme,140,0.08830887841795013,0.13658419712819653,0.9612951299871451,-0.030526647162652906,0.19603164707674184,
hist,price,F_wx,baseline_persistence,valid,overall,all,2500,0.1467339716359376,0.2537200153699869,0.9576041567197037,-0.008765897867382048,0.2058613245439371,
hist,price,F_wx,elasticnet,valid,crop,土豆,250,1.2647331909455592,1.5040827335014257,-6.044713382164938,1.2094747585719738,2.6488742002285197,
hist,price,F_wx,elasticnet,valid,crop,尖椒,250,1.209957263766993,1.4932625904394121,-0.8542171736530191,0.34521676008371677,1.3589703105507518,
hist,price,F_wx,elasticnet,valid,crop,甘蓝,250,1.5669511291249116,1.7967009245993368,-0.7988062399789573,0.4909253134185743,1.3385107452011886,
hist,price,F_wx,elasticnet,valid,crop,芸豆,250,1.2908178163278494,1.499614453311025,-0.8914703385826186,0.3773156855687428,1.3725539906423674,
hist,price,F_wx,elasticnet,valid,crop,芹菜,250,1.1130998517851252,1.3343196731443088,-1.3493629670221519,0.3382922734455939,1.5296945823117971,
hist,price,F_wx,elasticnet,valid,crop,茄子,250,1.509370361009303,1.7497044043710612,-0.9802879928090702,0.5282374256690507,1.404409783801663,
hist,price,F_wx,elasticnet,valid,crop,西红柿,250,1.0914435005415402,1.5044503972825276,-0.6968023177044329,-0.19793974850434348,1.3000058109230186,
hist,price,F_wx,elasticnet,valid,crop,青椒,250,1.309315537653569,1.5588449773472648,-1.0570447154587286,0.6769274873387168,1.4313687633160415,
hist,price,F_wx,elasticnet,valid,crop,韭菜,250,1.1743616607701868,1.7481930113524913,-0.6894548012850412,-0.3246157721383132,1.2971881058967125,
hist,price,F_wx,elasticnet,valid,crop,黄瓜,250,1.4330543583840474,1.9839149549930188,-0.4607354506524979,-0.5491588890721306,1.206189250843286,
hist,price,F_wx,elasticnet,valid,season,冬(12-2),640,1.754411207272382,2.0351461132510607,-0.5467485316971836,-0.0637885003810735,1.2427114456366801,
hist,price,F_wx,elasticnet,valid,season,夏(6-8),620,0.6836994470097966,0.8896860614797123,-0.9950950404443328,0.37658813796256857,1.4113387776213795,
hist,price,F_wx,elasticnet,valid,season,春(3-5),600,1.222408289613464,1.3889449562262997,-4.68238366840569,1.20861258828463,2.3817877800002134,
hist,price,F_wx,elasticnet,valid,season,秋(9-11),640,1.5009599437637418,1.9060278569809548,-0.9642559630373302,-0.3033730229192,1.4004237976752196,
hist,price,F_wx,elasticnet,valid,period,normal,2360,1.323633572016392,1.6556566268888149,-0.7350965861123406,0.2774544166868627,1.3169515464490318,
hist,price,F_wx,elasticnet,valid,period,extreme,140,0.8357209829899012,1.0517833201166964,-1.2951827087549446,0.4919742872457101,1.5095656814294478,
hist,price,F_wx,elasticnet,valid,overall,all,2500,1.2963104670309085,1.6277719822488899,-0.7450222064598533,0.28946752943815823,1.320728661602098,
hist,price,F_wx,gam,valid,crop,土豆,250,1.3958093197874162,1.6527531843912608,-7.5062057264556294,1.3371362774459754,2.910701101719276,
hist,price,F_wx,gam,valid,crop,尖椒,250,1.2732284905536067,1.562519624583873,-1.0302017135877,0.313243332829695,1.4219989123530823,
hist,price,F_wx,gam,valid,crop,甘蓝,250,1.6090785342748004,1.8630419266974414,-0.9340961479491121,0.4598583551550114,1.3879336307465553,
hist,price,F_wx,gam,valid,crop,芸豆,250,1.3536430777130506,1.5648715539024904,-1.0596702322069858,0.34581008435635585,1.4322819384737622,
hist,price,F_wx,gam,valid,crop,芹菜,250,1.1687919036399652,1.4090731045929592,-1.6199764707059394,0.3068978756421673,1.6153936253505259,
hist,price,F_wx,gam,valid,crop,茄子,250,1.5602417010696412,1.8145960734745226,-1.129898549152505,0.4964812806270589,1.4564954359543647,
hist,price,F_wx,gam,valid,crop,西红柿,250,1.1505237652514402,1.5859330398959137,-0.8855810107390065,-0.2305336623275824,1.3704155160738842,
hist,price,F_wx,gam,valid,crop,青椒,250,1.3805298636569792,1.6152998575770938,-1.2087379131300957,0.645437179950764,1.4832069853791734,
hist,price,F_wx,gam,valid,crop,韭菜,250,1.256101243214087,1.8423188787774585,-0.8762790216811629,-0.3574244684957448,1.367031055095106,
hist,price,F_wx,gam,valid,crop,黄瓜,250,1.4648353366620581,2.0452081040711176,-0.5523887141935353,-0.5818345949500667,1.2434545264450811,
hist,price,F_wx,gam,valid,season,冬(12-2),640,1.828817029351957,2.1175968243028866,-0.6746153846208844,-0.09225502501543766,1.2930579252618246,
hist,price,F_wx,gam,valid,season,夏(6-8),620,0.7492827467523056,0.967759285662767,-1.360612540416784,0.37128186447799333,1.5351889462979684,
hist,price,F_wx,gam,valid,season,春(3-5),600,1.2194828478821251,1.3990065477199058,-4.765008840900212,1.1944901081730268,2.399041577970679,
hist,price,F_wx,gam,valid,season,秋(9-11),640,1.6195435913356313,2.032246199658458,-1.2330180475499928,-0.3188713903310676,1.4931607270654745,
hist,price,F_wx,gam,valid,period,normal,2360,1.3827154374616994,1.7285687935650065,-0.8912826927741333,0.2472346374212521,1.3749477451171077,
hist,price,F_wx,gam,valid,period,extreme,140,0.9999098324725005,1.243697230128311,-2.209179720969298,0.7163869338875253,1.7850089659933532,
hist,price,F_wx,gam,valid,overall,all,2500,1.3612783235823045,1.705064428914854,-0.9146765067165854,0.27350716602336345,1.383441591146478,
hist,price,F_wx,lightgbm,valid,crop,土豆,250,1.2756667757328795,1.5724673018562885,-6.699865228868173,1.24441940031187,2.7693078138684224,
hist,price,F_wx,lightgbm,valid,crop,尖椒,250,1.4754572893703748,1.7110190660273905,-1.4344335617453243,0.8337789979422122,1.5571434832726054,
hist,price,F_wx,lightgbm,valid,crop,甘蓝,250,1.7302853336168416,1.9196662121243233,-1.0534505307099775,0.5969181824389568,1.4301177324217533,
hist,price,F_wx,lightgbm,valid,crop,芸豆,250,1.2643463970934472,1.4792211488827096,-0.8403758050825312,0.3923377862773175,1.3538885854686127,
hist,price,F_wx,lightgbm,valid,crop,芹菜,250,1.6500877982134063,1.8273530285326283,-3.4063120970241583,1.244014586723577,2.094919294062676,
hist,price,F_wx,lightgbm,valid,crop,茄子,250,1.5343049179407309,1.771328743184941,-1.0295386392347203,0.5957611737505529,1.4217666772989799,
hist,price,F_wx,lightgbm,valid,crop,西红柿,250,1.0719837965812544,1.4337582966239393,-0.541087827353562,0.23747912827924,1.2389202863962425,
hist,price,F_wx,lightgbm,valid,crop,青椒,250,1.5258585354758492,1.8503919506257889,-1.8984468267675294,1.1401946049257425,1.6990741712651805,
hist,price,F_wx,lightgbm,valid,crop,韭菜,250,1.2689266423096328,1.8081256687763658,-0.8072783295495072,-0.2053509834268954,1.3416591281809658,
hist,price,F_wx,lightgbm,valid,crop,黄瓜,250,1.3273122793184007,2.0463384735411654,-0.5541051730016424,-0.6105701008795633,1.2441417733962783,
hist,price,F_wx,lightgbm,valid,season,冬(12-2),640,1.82350575619965,2.1348641742288414,-0.7020370957856843,0.28184972388015433,1.303601803781937,
hist,price,F_wx,lightgbm,valid,season,夏(6-8),620,0.873801608187058,1.0983585016308195,-2.0407327219801297,0.7364603516572131,1.7423628538177782,
hist,price,F_wx,lightgbm,valid,season,春(3-5),600,1.171720297848413,1.3731658774444016,-4.554007848830642,1.105933631402095,2.3547295320445167,
hist,price,F_wx,lightgbm,valid,season,秋(9-11),640,1.7487884088443824,2.1196518919468965,-1.4292302420515117,0.10421292802144463,1.5573806759422393,
hist,price,F_wx,lightgbm,valid,period,normal,2360,1.4339181726980277,1.7742219222339073,-0.9925030457338639,0.5279736744207939,1.4112614090884372,
hist,price,F_wx,lightgbm,valid,period,extreme,140,1.05007538461328,1.3167057607678958,-2.597014399111646,0.8659130175191354,1.8897940202884524,
hist,price,F_wx,lightgbm,valid,overall,all,2500,1.4124229765652818,1.7517622740192815,-1.020989970584603,0.546898277634301,1.4213309166398826,
hist,price,F_lag,baseline_mean,valid,crop,土豆,250,1.29413272475877,1.4127664173956116,-5.215278627106473,1.29413272475877,2.4880549657509676,
hist,price,F_lag,baseline_mean,valid,crop,尖椒,250,0.8310730142919109,1.1293765462633207,-0.060634520037033734,0.27003238838892035,1.0278093120598224,
hist,price,F_lag,baseline_mean,valid,crop,甘蓝,250,1.204199391648032,1.402926404306363,-0.0967372166578333,0.4166586404094559,1.0451556189349038,
hist,price,F_lag,baseline_mean,valid,crop,芸豆,250,0.8947009973506213,1.1315958172374778,-0.07701801373438943,0.30260493540314226,1.035717114698532,
hist,price,F_lag,baseline_mean,valid,crop,芹菜,250,0.7525856583429508,0.9095937870343594,-0.09175530427619116,0.2636941042493676,1.0427791151816794,
hist,price,F_lag,baseline_mean,valid,crop,茄子,250,1.1332737995447992,1.3234146263334494,-0.13289808951431237,0.4532730276526999,1.0622459682937164,
hist,price,F_lag,baseline_mean,valid,crop,西红柿,250,0.8642021135122329,1.186947379723876,-0.05618120328179299,-0.27375229406927976,1.0256492960406427,
hist,price,F_lag,baseline_mean,valid,crop,青椒,250,0.9172082340737276,1.2425734861850284,-0.3070194225512739,0.6022322201503088,1.1409607113573494,
hist,price,F_lag,baseline_mean,valid,crop,韭菜,250,0.8957610954044747,1.4033853466736719,-0.08873376773447728,-0.40064576121764933,1.041335120248779,
hist,price,F_lag,baseline_mean,valid,crop,黄瓜,250,1.2680070366485452,1.756465236639766,-0.14499762148784945,-0.625054240192374,1.067903380930081,
hist,price,F_lag,baseline_mean,valid,season,冬(12-2),640,1.480911077103173,1.6829265291158146,-0.057691065641759964,0.2603724641790521,1.0276373014598559,
hist,price,F_lag,baseline_mean,valid,season,夏(6-8),620,0.6431173303119119,0.8482835801937775,-0.8137279143266147,0.43325488863038475,1.3456606357930152,
hist,price,F_lag,baseline_mean,valid,season,春(3-5),600,0.7882829150641552,0.9596665089578975,-1.712696212349396,0.7041451235421817,1.645653381485749,
hist,price,F_lag,baseline_mean,valid,season,秋(9-11),640,1.0848444269001674,1.513091230556585,-0.2378551316095625,-0.4405461652615633,1.1117198311474086,
hist,price,F_lag,baseline_mean,valid,period,normal,2360,1.0272687422613695,1.3301866509840352,-0.11997488049190941,0.23157674781323892,1.0580644190523478,
hist,price,F_lag,baseline_mean,valid,period,extreme,140,0.63879846183703,0.8486221535362519,-0.4941473707746422,0.20909151102926105,1.2179798395518802,
hist,price,F_lag,baseline_mean,valid,overall,all,2500,1.0055144065576065,1.3079140859800544,-0.12660650405828222,0.23031757455333618,1.0612049102113403,
hist,price,F_lag,baseline_seasonal_naive,valid,crop,土豆,250,1.2144740863328078,1.4458529787974082,-5.509807481054783,1.2079386908860406,2.546324459123496,
hist,price,F_lag,baseline_seasonal_naive,valid,crop,尖椒,250,1.0755578784429245,1.4706766171292818,-0.7985503641088152,0.02882994033284791,1.3384155418450503,
hist,price,F_lag,baseline_seasonal_naive,valid,crop,甘蓝,250,1.610959304120402,2.1317065898460217,-1.5321396767731268,0.036014785692503895,1.588084102957408,
hist,price,F_lag,baseline_seasonal_naive,valid,crop,芸豆,250,1.2316609597489045,1.5517666956129894,-1.0253176786353415,0.1113599805578188,1.4202874384858863,
hist,price,F_lag,baseline_seasonal_naive,valid,crop,芹菜,250,1.0360050912964716,1.4853755187262938,-1.911406610180669,-0.08564327084157111,1.7028684575562336,
hist,price,F_lag,baseline_seasonal_naive,valid,crop,茄子,250,1.3958897317488295,1.699986087492214,-0.8693461095592594,0.3791952535238709,1.364503105573975,
hist,price,F_lag,baseline_seasonal_naive,valid,crop,西红柿,250,1.081914521359813,1.4315513601868093,-0.5363471882930526,-0.4217511009395686,1.2370132576249457,
hist,price,F_lag,baseline_seasonal_naive,valid,crop,青椒,250,1.1486781199236726,1.4674198648886998,-0.8228320848228439,0.4678711680439184,1.3474200371389586,
hist,price,F_lag,baseline_seasonal_naive,valid,crop,韭菜,250,1.1984868361071166,1.8041533972104054,-0.7993462320514026,-0.5219539096824276,1.3387116370313648,
hist,price,F_lag,baseline_seasonal_naive,valid,crop,黄瓜,250,1.561932810394932,2.2180337200451548,-0.8258359566858178,-0.8382140824089622,1.3485297968006025,
hist,price,F_lag,baseline_seasonal_naive,valid,season,冬(12-2),640,1.652639658957069,1.9936144139049403,-0.4842629700916894,-0.08370107618972078,1.2173511445761742,
hist,price,F_lag,baseline_seasonal_naive,valid,season,夏(6-8),620,0.6896209388772528,0.9177306366027348,-1.1228557075574455,0.3576072902112365,1.455826825806835,
hist,price,F_lag,baseline_seasonal_naive,valid,season,春(3-5),600,0.9740480051847021,1.208408661968178,-3.301185199964535,0.8289181969158782,2.0722008971054406,
hist,price,F_lag,baseline_seasonal_naive,valid,season,秋(9-11),640,1.6706354186276975,2.2457495597305956,-1.7268562201842168,-0.897792008637429,1.6500289413644171,
hist,price,F_lag,baseline_seasonal_naive,valid,period,normal,2360,1.2868207016146949,1.7241100323973468,-0.8815383286691454,0.034779595889926025,1.3714011326615827,
hist,price,F_lag,baseline_seasonal_naive,valid,period,extreme,140,0.7285212789877766,1.050685957246434,-1.2903959160014726,0.0630858392206592,1.507990697972932,
hist,price,F_lag,baseline_seasonal_naive,valid,overall,all,2500,1.2555559339475877,1.6934913628719555,-0.8887731136739854,0.03636474551644707,1.3740515290295758,
hist,price,F_lag,baseline_persistence,valid,crop,土豆,250,0.08326386389335952,0.1399029871768102,0.9390499800627108,-0.0023249727561681748,0.24638632238324457,
hist,price,F_lag,baseline_persistence,valid,crop,尖椒,250,0.160971289642827,0.282718762095168,0.9335343142395922,-0.00935465971994972,0.25729326267387226,
hist,price,F_lag,baseline_persistence,valid,crop,甘蓝,250,0.14085097149111586,0.27514369230800173,0.9578155952887837,-0.012598328552324118,0.20497723554671002,
hist,price,F_lag,baseline_persistence,valid,crop,芸豆,250,0.16769940929596946,0.27483342212381234,0.9364699215914263,-0.007303769806359156,0.251547128973756,
hist,price,F_lag,baseline_persistence,valid,crop,芹菜,250,0.164088272445213,0.31053051617218763,0.872755531938133,-0.002747016911322862,0.35599928397346464,
hist,price,F_lag,baseline_persistence,valid,crop,茄子,250,0.12840137400173487,0.19603004363336415,0.9751432549833111,-0.014253421627565047,0.15734458375369045,
hist,price,F_lag,baseline_persistence,valid,crop,西红柿,250,0.13828629152431773,0.23925084306766004,0.9570876344566794,-0.01455645173940187,0.2067382791868677,
hist,price,F_lag,baseline_persistence,valid,crop,青椒,250,0.13525653803020515,0.2152820681629105,0.9607668128221765,-0.007722080277151946,0.19767714695713365,
hist,price,F_lag,baseline_persistence,valid,crop,韭菜,250,0.15404320658148493,0.2431542906854712,0.9673162640720466,-0.008099406420545125,0.1804245021726305,
hist,price,F_lag,baseline_persistence,valid,crop,黄瓜,250,0.1944784994531483,0.30891735635566725,0.9645831374435131,-0.00869887086303247,0.1878169191160928,
hist,price,F_lag,baseline_persistence,valid,season,冬(12-2),640,0.1858478111122308,0.3009044014174907,0.966186852154662,0.0051443723684045485,0.1837398018988526,
hist,price,F_lag,baseline_persistence,valid,season,夏(6-8),620,0.0952192549344278,0.14392411071338135,0.947789587416325,-0.002090522887414758,0.22831163404609509,
hist,price,F_lag,baseline_persistence,valid,season,春(3-5),600,0.09375419074214425,0.13206272442991476,0.9486286488750517,-0.022042949253903737,0.2264635339440032,
hist,price,F_lag,baseline_persistence,valid,season,秋(9-11),640,0.2071935585521632,0.3528448915184615,0.932685711280149,-0.01669570194014787,0.2592471989120158,
hist,price,F_lag,baseline_persistence,valid,period,normal,2360,0.15019986699632668,0.2590095881116134,0.9575365971098642,-0.007475005960035472,0.2060228383524736,
hist,price,F_lag,baseline_persistence,valid,period,extreme,140,0.08830887841795013,0.13658419712819653,0.9612951299871451,-0.030526647162652906,0.19603164707674184,
hist,price,F_lag,baseline_persistence,valid,overall,all,2500,0.1467339716359376,0.2537200153699869,0.9576041567197037,-0.008765897867382048,0.2058613245439371,
hist,price,F_lag,elasticnet,valid,crop,土豆,250,0.10934019136034269,0.1520245315899188,0.9280307089083702,0.04986654540093203,0.26773384905025227,
hist,price,F_lag,elasticnet,valid,crop,尖椒,250,0.16862470840997973,0.2851482274230525,0.9323870972822621,0.008364829101958684,0.2595042410190379,
hist,price,F_lag,elasticnet,valid,crop,甘蓝,250,0.15499964290195614,0.27719370288294976,0.9571846476030904,-0.02661032644504535,0.20650445754831048,
hist,price,F_lag,elasticnet,valid,crop,芸豆,250,0.17746773832015014,0.27715219537221186,0.9353933910796322,0.020565511022499913,0.2536694354562379,
hist,price,F_lag,elasticnet,valid,crop,芹菜,250,0.16575240910875189,0.3054985116027688,0.8768459956467359,-0.014851710613690056,0.3502304788790533,
hist,price,F_lag,elasticnet,valid,crop,茄子,250,0.13781711666702404,0.20466388163088692,0.9729054840011951,-0.010995315078229989,0.16427458091503272,
hist,price,F_lag,elasticnet,valid,crop,西红柿,250,0.14866067938393845,0.2431335593950792,0.9556835138248403,-0.025505250691518315,0.21009336074816606,
hist,price,F_lag,elasticnet,valid,crop,青椒,250,0.1479728943367155,0.22395165306853554,0.9575432817905204,0.017868760680328683,0.2056377672915208,
hist,price,F_lag,elasticnet,valid,crop,韭菜,250,0.1594418598925911,0.24827577667592868,0.9659249488664502,-0.016947078593989726,0.18422472941767498,
hist,price,F_lag,elasticnet,valid,crop,黄瓜,250,0.2010143977156199,0.3101467640000555,0.9643006774075513,-0.026184329978982183,0.18856437972766465,
hist,price,F_lag,elasticnet,valid,season,冬(12-2),640,0.20399714683980533,0.3096716839651023,0.9641877576933662,0.020110651184521912,0.1890933253132688,
hist,price,F_lag,elasticnet,valid,season,夏(6-8),620,0.10407183847084281,0.14639464013479464,0.9459817676415977,0.01280826030437284,0.23223071755730124,
hist,price,F_lag,elasticnet,valid,season,春(3-5),600,0.09493884090217904,0.12861831501206444,0.9512733992994049,0.013437006114718783,0.22055699875412568,
hist,price,F_lag,elasticnet,valid,season,秋(9-11),640,0.21988576742744065,0.3546785617885507,0.9319842532727043,-0.05465817674151646,0.2605944591180601,
hist,price,F_lag,elasticnet,valid,period,normal,2360,0.1602314164155357,0.26230219329153365,0.9564501206809268,-0.0021268453219322188,0.20864186056584783,
hist,price,F_lag,elasticnet,valid,period,extreme,140,0.1044769055971652,0.13946588781963112,0.95964468917723,-0.007769545279814603,0.2001675763019759,
hist,price,F_lag,elasticnet,valid,overall,all,2500,0.15710916380970696,0.25698004791830853,0.9565076743128168,-0.002442836519573634,0.20850642377852127,
hist,price,F_lag,gam,valid,crop,土豆,250,0.12729815581793613,0.17463946106010447,0.9050260191634737,0.05979339243859364,0.3075615140312263,
hist,price,F_lag,gam,valid,crop,尖椒,250,0.18426252062078372,0.2934819299635284,0.9283772550240857,-0.006091098812916357,0.26708847597006247,
hist,price,F_lag,gam,valid,crop,甘蓝,250,0.16690388630626926,0.28473715633044155,0.9548226149338719,-0.04409630672637149,0.2121241983505502,
hist,price,F_lag,gam,valid,crop,芸豆,250,0.18092763935351097,0.27764487427492723,0.9351634913692124,-0.006620271822213695,0.25412037028987744,
hist,price,F_lag,gam,valid,crop,芹菜,250,0.16965637042430462,0.30568243808986184,0.8766976603771667,-0.0178902593613865,0.35044133640930825,
hist,price,F_lag,gam,valid,crop,茄子,250,0.147457997000274,0.20919799925956434,0.9716916838307282,-0.022388344923265743,0.16791391516069984,
hist,price,F_lag,gam,valid,crop,西红柿,250,0.15778674741761056,0.2497296879574539,0.9532463145068567,-0.04799570015971858,0.21579312025912856,
hist,price,F_lag,gam,valid,crop,青椒,250,0.16723321506667793,0.24077973622772716,0.9509230296127764,0.008129779498490208,0.22108971596543037,
hist,price,F_lag,gam,valid,crop,韭菜,250,0.17430949394352024,0.2558079802052495,0.9638260449015946,-0.049257359004003916,0.18981374891722616,
hist,price,F_lag,gam,valid,crop,黄瓜,250,0.21086274003948688,0.31154090916113264,0.9639790109925441,-0.05947759982332048,0.18941199817177906,
hist,price,F_lag,gam,valid,season,冬(12-2),640,0.20716276640481848,0.30881475573220823,0.9643856838340434,0.014378676149853243,0.1885700633635872,
hist,price,F_lag,gam,valid,season,夏(6-8),620,0.1204800095242372,0.15986295049753552,0.9355851997723093,-0.013863222763840647,0.25359594907768906,
hist,price,F_lag,gam,valid,season,春(3-5),600,0.10657343835814527,0.14099846032961086,0.9414415970232478,0.008940219065221253,0.24178669450252555,
hist,price,F_lag,gam,valid,season,秋(9-11),640,0.23507633137280548,0.36422129338755704,0.9282750494559661,-0.08194488786794663,0.26760583010990047,
hist,price,F_lag,gam,valid,period,normal,2360,0.1705443117160824,0.26809919770992613,0.9545039030724992,-0.01845817317512888,0.2132529458655333,
hist,price,F_lag,gam,valid,period,extreme,140,0.13707225605456538,0.17067485086752363,0.9395628788456698,-0.020801096290886185,0.24496005272656038,
hist,price,F_lag,gam,valid,overall,all,2500,0.16866987659903743,0.2635969127426173,0.9542391103645377,-0.018589376869611287,0.2138751628394662,
hist,price,F_lag,lightgbm,valid,crop,土豆,250,0.13585993415840497,0.17883907078530534,0.9004033602252143,0.040998411590684194,0.31495754192539455,
hist,price,F_lag,lightgbm,valid,crop,尖椒,250,0.1977304005985973,0.3179831197475786,0.9159192918809591,-0.027929461450464863,0.2893862216598515,
hist,price,F_lag,lightgbm,valid,crop,甘蓝,250,0.18270698611254027,0.3065904106739676,0.9476218762757032,-0.06097079984149847,0.22840449038799493,
hist,price,F_lag,lightgbm,valid,crop,芸豆,250,0.20216803886801915,0.30150525697253566,0.9235407422274955,-0.02176539034858976,0.27595909251447853,
hist,price,F_lag,lightgbm,valid,crop,芹菜,250,0.1854046242995253,0.32807912984189147,0.8579675596722022,-0.026657020303449158,0.37611741593083214,
hist,price,F_lag,lightgbm,valid,crop,茄子,250,0.17886667686803306,0.2588157802057665,0.9566708181872762,-0.03205165780999681,0.20773989767368445,
hist,price,F_lag,lightgbm,valid,crop,西红柿,250,0.17882345034079122,0.276704316415398,0.9426005977304619,-0.051644244456074816,0.23910208000027935,
hist,price,F_lag,lightgbm,valid,crop,青椒,250,0.18544694383857957,0.26365102020740105,0.9411567313964264,0.014312235443611009,0.24209067625408318,
hist,price,F_lag,lightgbm,valid,crop,韭菜,250,0.1953136760747094,0.29261470853699934,0.9526674259541723,-0.04919443390854073,0.21712494962496684,
hist,price,F_lag,lightgbm,valid,crop,黄瓜,250,0.23685471278514453,0.35959436800677946,0.9520099470372068,-0.06349516919025482,0.218627749270174,
hist,price,F_lag,lightgbm,valid,season,冬(12-2),640,0.2518837531977264,0.3477365780534012,0.9548425640198859,-0.002339970045353383,0.2123367078166073,
hist,price,F_lag,lightgbm,valid,season,夏(6-8),620,0.11279330470943769,0.15736058068735717,0.9375860146258501,0.017318581701050193,0.24962635609206907,
hist,price,F_lag,lightgbm,valid,season,春(3-5),600,0.10820447933560393,0.14080931429064525,0.9415986010187716,-0.007823694731580387,0.241462343474629,
hist,price,F_lag,lightgbm,valid,season,秋(9-11),640,0.27145894127863684,0.4122521933061268,0.9081105731355598,-0.11585172743018793,0.30289577355084457,
hist,price,F_lag,lightgbm,valid,period,normal,2360,0.1926431447570265,0.29880264647722155,0.9434865278155026,-0.02955508345494527,0.23767525280932916,
hist,price,F_lag,lightgbm,valid,period,extreme,140,0.10825742399645437,0.13886140369078964,0.9599937534504673,0.0010758170359090697,0.19929999409334512,
hist,price,F_lag,lightgbm,valid,overall,all,2500,0.18791754439443448,0.29216945723981785,0.9437809571188162,-0.02783975302745742,0.23705812634042173,
hist,price,F_now,baseline_mean,valid,crop,土豆,250,1.29413272475877,1.4127664173956116,-5.215278627106473,1.29413272475877,2.4880549657509676,
hist,price,F_now,baseline_mean,valid,crop,尖椒,250,0.8310730142919109,1.1293765462633207,-0.060634520037033734,0.27003238838892035,1.0278093120598224,
hist,price,F_now,baseline_mean,valid,crop,甘蓝,250,1.204199391648032,1.402926404306363,-0.0967372166578333,0.4166586404094559,1.0451556189349038,
hist,price,F_now,baseline_mean,valid,crop,芸豆,250,0.8947009973506213,1.1315958172374778,-0.07701801373438943,0.30260493540314226,1.035717114698532,
hist,price,F_now,baseline_mean,valid,crop,芹菜,250,0.7525856583429508,0.9095937870343594,-0.09175530427619116,0.2636941042493676,1.0427791151816794,
hist,price,F_now,baseline_mean,valid,crop,茄子,250,1.1332737995447992,1.3234146263334494,-0.13289808951431237,0.4532730276526999,1.0622459682937164,
hist,price,F_now,baseline_mean,valid,crop,西红柿,250,0.8642021135122329,1.186947379723876,-0.05618120328179299,-0.27375229406927976,1.0256492960406427,
hist,price,F_now,baseline_mean,valid,crop,青椒,250,0.9172082340737276,1.2425734861850284,-0.3070194225512739,0.6022322201503088,1.1409607113573494,
hist,price,F_now,baseline_mean,valid,crop,韭菜,250,0.8957610954044747,1.4033853466736719,-0.08873376773447728,-0.40064576121764933,1.041335120248779,
hist,price,F_now,baseline_mean,valid,crop,黄瓜,250,1.2680070366485452,1.756465236639766,-0.14499762148784945,-0.625054240192374,1.067903380930081,
hist,price,F_now,baseline_mean,valid,season,冬(12-2),640,1.480911077103173,1.6829265291158146,-0.057691065641759964,0.2603724641790521,1.0276373014598559,
hist,price,F_now,baseline_mean,valid,season,夏(6-8),620,0.6431173303119119,0.8482835801937775,-0.8137279143266147,0.43325488863038475,1.3456606357930152,
hist,price,F_now,baseline_mean,valid,season,春(3-5),600,0.7882829150641552,0.9596665089578975,-1.712696212349396,0.7041451235421817,1.645653381485749,
hist,price,F_now,baseline_mean,valid,season,秋(9-11),640,1.0848444269001674,1.513091230556585,-0.2378551316095625,-0.4405461652615633,1.1117198311474086,
hist,price,F_now,baseline_mean,valid,period,normal,2360,1.0272687422613695,1.3301866509840352,-0.11997488049190941,0.23157674781323892,1.0580644190523478,
hist,price,F_now,baseline_mean,valid,period,extreme,140,0.63879846183703,0.8486221535362519,-0.4941473707746422,0.20909151102926105,1.2179798395518802,
hist,price,F_now,baseline_mean,valid,overall,all,2500,1.0055144065576065,1.3079140859800544,-0.12660650405828222,0.23031757455333618,1.0612049102113403,
hist,price,F_now,baseline_seasonal_naive,valid,crop,土豆,250,1.2144740863328078,1.4458529787974082,-5.509807481054783,1.2079386908860406,2.546324459123496,
hist,price,F_now,baseline_seasonal_naive,valid,crop,尖椒,250,1.0755578784429245,1.4706766171292818,-0.7985503641088152,0.02882994033284791,1.3384155418450503,
hist,price,F_now,baseline_seasonal_naive,valid,crop,甘蓝,250,1.610959304120402,2.1317065898460217,-1.5321396767731268,0.036014785692503895,1.588084102957408,
hist,price,F_now,baseline_seasonal_naive,valid,crop,芸豆,250,1.2316609597489045,1.5517666956129894,-1.0253176786353415,0.1113599805578188,1.4202874384858863,
hist,price,F_now,baseline_seasonal_naive,valid,crop,芹菜,250,1.0360050912964716,1.4853755187262938,-1.911406610180669,-0.08564327084157111,1.7028684575562336,
hist,price,F_now,baseline_seasonal_naive,valid,crop,茄子,250,1.3958897317488295,1.699986087492214,-0.8693461095592594,0.3791952535238709,1.364503105573975,
hist,price,F_now,baseline_seasonal_naive,valid,crop,西红柿,250,1.081914521359813,1.4315513601868093,-0.5363471882930526,-0.4217511009395686,1.2370132576249457,
hist,price,F_now,baseline_seasonal_naive,valid,crop,青椒,250,1.1486781199236726,1.4674198648886998,-0.8228320848228439,0.4678711680439184,1.3474200371389586,
hist,price,F_now,baseline_seasonal_naive,valid,crop,韭菜,250,1.1984868361071166,1.8041533972104054,-0.7993462320514026,-0.5219539096824276,1.3387116370313648,
hist,price,F_now,baseline_seasonal_naive,valid,crop,黄瓜,250,1.561932810394932,2.2180337200451548,-0.8258359566858178,-0.8382140824089622,1.3485297968006025,
hist,price,F_now,baseline_seasonal_naive,valid,season,冬(12-2),640,1.652639658957069,1.9936144139049403,-0.4842629700916894,-0.08370107618972078,1.2173511445761742,
hist,price,F_now,baseline_seasonal_naive,valid,season,夏(6-8),620,0.6896209388772528,0.9177306366027348,-1.1228557075574455,0.3576072902112365,1.455826825806835,
hist,price,F_now,baseline_seasonal_naive,valid,season,春(3-5),600,0.9740480051847021,1.208408661968178,-3.301185199964535,0.8289181969158782,2.0722008971054406,
hist,price,F_now,baseline_seasonal_naive,valid,season,秋(9-11),640,1.6706354186276975,2.2457495597305956,-1.7268562201842168,-0.897792008637429,1.6500289413644171,
hist,price,F_now,baseline_seasonal_naive,valid,period,normal,2360,1.2868207016146949,1.7241100323973468,-0.8815383286691454,0.034779595889926025,1.3714011326615827,
hist,price,F_now,baseline_seasonal_naive,valid,period,extreme,140,0.7285212789877766,1.050685957246434,-1.2903959160014726,0.0630858392206592,1.507990697972932,
hist,price,F_now,baseline_seasonal_naive,valid,overall,all,2500,1.2555559339475877,1.6934913628719555,-0.8887731136739854,0.03636474551644707,1.3740515290295758,
hist,price,F_now,baseline_persistence,valid,crop,土豆,250,0.08326386389335952,0.1399029871768102,0.9390499800627108,-0.0023249727561681748,0.24638632238324457,
hist,price,F_now,baseline_persistence,valid,crop,尖椒,250,0.160971289642827,0.282718762095168,0.9335343142395922,-0.00935465971994972,0.25729326267387226,
hist,price,F_now,baseline_persistence,valid,crop,甘蓝,250,0.14085097149111586,0.27514369230800173,0.9578155952887837,-0.012598328552324118,0.20497723554671002,
hist,price,F_now,baseline_persistence,valid,crop,芸豆,250,0.16769940929596946,0.27483342212381234,0.9364699215914263,-0.007303769806359156,0.251547128973756,
hist,price,F_now,baseline_persistence,valid,crop,芹菜,250,0.164088272445213,0.31053051617218763,0.872755531938133,-0.002747016911322862,0.35599928397346464,
hist,price,F_now,baseline_persistence,valid,crop,茄子,250,0.12840137400173487,0.19603004363336415,0.9751432549833111,-0.014253421627565047,0.15734458375369045,
hist,price,F_now,baseline_persistence,valid,crop,西红柿,250,0.13828629152431773,0.23925084306766004,0.9570876344566794,-0.01455645173940187,0.2067382791868677,
hist,price,F_now,baseline_persistence,valid,crop,青椒,250,0.13525653803020515,0.2152820681629105,0.9607668128221765,-0.007722080277151946,0.19767714695713365,
hist,price,F_now,baseline_persistence,valid,crop,韭菜,250,0.15404320658148493,0.2431542906854712,0.9673162640720466,-0.008099406420545125,0.1804245021726305,
hist,price,F_now,baseline_persistence,valid,crop,黄瓜,250,0.1944784994531483,0.30891735635566725,0.9645831374435131,-0.00869887086303247,0.1878169191160928,
hist,price,F_now,baseline_persistence,valid,season,冬(12-2),640,0.1858478111122308,0.3009044014174907,0.966186852154662,0.0051443723684045485,0.1837398018988526,
hist,price,F_now,baseline_persistence,valid,season,夏(6-8),620,0.0952192549344278,0.14392411071338135,0.947789587416325,-0.002090522887414758,0.22831163404609509,
hist,price,F_now,baseline_persistence,valid,season,春(3-5),600,0.09375419074214425,0.13206272442991476,0.9486286488750517,-0.022042949253903737,0.2264635339440032,
hist,price,F_now,baseline_persistence,valid,season,秋(9-11),640,0.2071935585521632,0.3528448915184615,0.932685711280149,-0.01669570194014787,0.2592471989120158,
hist,price,F_now,baseline_persistence,valid,period,normal,2360,0.15019986699632668,0.2590095881116134,0.9575365971098642,-0.007475005960035472,0.2060228383524736,
hist,price,F_now,baseline_persistence,valid,period,extreme,140,0.08830887841795013,0.13658419712819653,0.9612951299871451,-0.030526647162652906,0.19603164707674184,
hist,price,F_now,baseline_persistence,valid,overall,all,2500,0.1467339716359376,0.2537200153699869,0.9576041567197037,-0.008765897867382048,0.2058613245439371,
hist,price,F_now,elasticnet,valid,crop,土豆,250,0.10684634509041291,0.15223440850019312,0.9278318578590721,0.038400139389371604,0.2681034680349441,
hist,price,F_now,elasticnet,valid,crop,尖椒,250,0.1703840973416156,0.2851254811748149,0.9323978838022593,-0.0043884341659480445,0.25948354038926974,
hist,price,F_now,elasticnet,valid,crop,甘蓝,250,0.15765931962161697,0.27931231682455054,0.9565276640536835,-0.038966932447685745,0.20808278785745646,
hist,price,F_now,elasticnet,valid,crop,芸豆,250,0.1780823452476925,0.2783616848711898,0.9348282754523473,0.007694938680784798,0.25477644641815334,
hist,price,F_now,elasticnet,valid,crop,芹菜,250,0.16656365046562713,0.30647332786280207,0.8760587966302067,-0.027292461368926522,0.351348030528583,
hist,price,F_now,elasticnet,valid,crop,茄子,250,0.13863990806853183,0.2065657698483746,0.97239957967446,-0.024291019202010686,0.1658011418665078,
hist,price,F_now,elasticnet,valid,crop,西红柿,250,0.1520655831746862,0.24562989258549936,0.9547688178320529,-0.038972146579792824,0.21225045922041086,
hist,price,F_now,elasticnet,valid,crop,青椒,250,0.15052565877630483,0.2244447303742769,0.9573561209479095,0.005296284574773352,0.206090522673611,
hist,price,F_now,elasticnet,valid,crop,韭菜,250,0.16216790207745316,0.25149900795251917,0.9650344494747142,-0.031050597916847198,0.1866164202935656,
hist,price,F_now,elasticnet,valid,crop,黄瓜,250,0.20192055951307358,0.3124161752247689,0.9637763266143181,-0.04048403583970611,0.18994414624341335,
hist,price,F_now,elasticnet,valid,season,冬(12-2),640,0.20387371019992617,0.3097070745073715,0.964179571687584,0.003646765216579481,0.18911493566923238,
hist,price,F_now,elasticnet,valid,season,夏(6-8),620,0.1054742550260162,0.1472348312928764,0.9453599432323438,-0.0034082897848783473,0.23356354091304002,
hist,price,F_now,elasticnet,valid,season,春(3-5),600,0.09597887691147715,0.12935705909603476,0.9507120505617884,0.008249105262785727,0.22182381038972032,
hist,price,F_now,elasticnet,valid,season,秋(9-11),640,0.2230520368020071,0.35830553230408274,0.9305860720692228,-0.06825596788852276,0.2632593182935513,
hist,price,F_now,elasticnet,valid,period,normal,2360,0.16143711883420733,0.26370783929636576,0.95598211286947,-0.014947325527636645,0.2097599472812691,
hist,price,F_now,elasticnet,valid,period,extreme,140,0.1087302992537457,0.14428423320365658,0.9568080853279733,-0.023127699812673996,0.20708307752155392,
hist,price,F_now,elasticnet,valid,overall,all,2500,0.15848553693770145,0.25848266280597465,0.9559975702756119,-0.01540542648759874,0.20972560347391625,
hist,price,F_now,gam,valid,crop,土豆,250,0.1340294895209509,0.18080917756275422,0.8981969432435186,0.06096624106310372,0.318427141634402,
hist,price,F_now,gam,valid,crop,尖椒,250,0.18962166111619264,0.294424696603291,0.9279163613041298,-0.010771409190214427,0.26794645760130265,
hist,price,F_now,gam,valid,crop,甘蓝,250,0.17191115385523528,0.285978797225776,0.9544277497670643,-0.0513350464496877,0.21304919908791947,
hist,price,F_now,gam,valid,crop,芸豆,250,0.1894939114098636,0.2836689509406091,0.9323194459382091,-0.010068207164444804,0.2596340344514633,
hist,price,F_now,gam,valid,crop,芹菜,250,0.17311560041254495,0.30639687861742776,0.8761206227587437,-0.024666897875413717,0.3512603873656853,
hist,price,F_now,gam,valid,crop,茄子,250,0.14688453436926038,0.21128482102817744,0.9711240966226854,-0.023650097248229397,0.1695889140356921,
hist,price,F_now,gam,valid,crop,西红柿,250,0.16220003409956474,0.25355142358324684,0.9518043758857434,-0.055669921606323565,0.21909550798179225,
hist,price,F_now,gam,valid,crop,青椒,250,0.1756365564759993,0.24480878443729306,0.949266844975626,0.00490946970128693,0.2247892844516316,
hist,price,F_now,gam,valid,crop,韭菜,250,0.1832926674129428,0.2619459778571142,0.9620692625356624,-0.05378759359809496,0.19436824461439234,
hist,price,F_now,gam,valid,crop,黄瓜,250,0.21698756606257114,0.315983797684272,0.9629442936865779,-0.06247938226009763,0.1921132048771464,
hist,price,F_now,gam,valid,season,冬(12-2),640,0.20833256352752327,0.3075633400719566,0.9646737400856333,0.015011524710377862,0.1878059174606872,
hist,price,F_now,gam,valid,season,夏(6-8),620,0.13352511022384586,0.17327707349779806,0.9243215506610183,-0.02555860505264244,0.27487522137129583,
hist,price,F_now,gam,valid,season,春(3-5),600,0.10863477258473059,0.1428528692374388,0.9398911500375442,0.009891628437969278,0.24496666823437768,
hist,price,F_now,gam,valid,season,秋(9-11),640,0.24139690802584957,0.368288373570086,0.9266642714610499,-0.08802223265908433,0.2705940528967848,
hist,price,F_now,gam,valid,period,normal,2360,0.17457615969107287,0.27027056192439325,0.9537639631745473,-0.022090120667743796,0.21498010439206913,
hist,price,F_now,gam,valid,period,extreme,140,0.16995397723463876,0.20387033352255818,0.9137671436421873,-0.03218233129395371,0.2926036694640523,
hist,price,F_now,gam,valid,overall,all,2500,0.17431731747351256,0.266988998036992,0.9530537884942045,-0.022655284462811547,0.216627405979006,
hist,price,F_now,lightgbm,valid,crop,土豆,250,0.15544459553663853,0.19841833522350963,0.8774019733251431,0.04051132719571238,0.34943902839859986,
hist,price,F_now,lightgbm,valid,crop,尖椒,250,0.203691051412938,0.32720120914333317,0.910973760585383,-0.02922161690833701,0.29777530867578417,
hist,price,F_now,lightgbm,valid,crop,甘蓝,250,0.20518657528092582,0.32783791371835186,0.940110435159871,-0.049390787110668355,0.24423350830868498,
hist,price,F_now,lightgbm,valid,crop,芸豆,250,0.21599725759336452,0.31888921010860655,0.9144697089809951,-0.02010670646300446,0.2918701249784376,
hist,price,F_now,lightgbm,valid,crop,芹菜,250,0.1930297339743699,0.3406023943545004,0.846917433992192,-0.0486777742208848,0.3904743727106515,
hist,price,F_now,lightgbm,valid,crop,茄子,250,0.18637328272781156,0.2672422497572905,0.9538034841230836,-0.03125992818556648,0.21450344942076996,
hist,price,F_now,lightgbm,valid,crop,西红柿,250,0.1813074999669206,0.28366704278210453,0.9396755647978495,-0.05418584557829475,0.24511861916497046,
hist,price,F_now,lightgbm,valid,crop,青椒,250,0.19290621137875497,0.27300786061659404,0.9369059828089293,0.014683650302536079,0.25068235103873276,
hist,price,F_now,lightgbm,valid,crop,韭菜,250,0.2047666477841941,0.3096468389455866,0.9469969184791153,-0.06192261012897784,0.22976307186926534,
hist,price,F_now,lightgbm,valid,crop,黄瓜,250,0.2465421239450451,0.37680089233098163,0.947307438374483,-0.0773496855888625,0.22908904683335468,
hist,price,F_now,lightgbm,valid,season,冬(12-2),640,0.27529372529642815,0.37090451470134883,0.9486248903202161,-0.004653051585344953,0.22648363311928127,
hist,price,F_now,lightgbm,valid,season,夏(6-8),620,0.11601709571436003,0.16015104928350385,0.9353528188762763,0.01794066003202121,0.2540529698247001,
hist,price,F_now,lightgbm,valid,season,春(3-5),600,0.11195382500647592,0.14502338763046554,0.9380506755531377,0.004475813956232475,0.2486887121941489,
hist,price,F_now,lightgbm,valid,season,秋(9-11),640,0.2828443224433406,0.4283067356303911,0.9008142226377698,-0.14071990429774814,0.3146915943985503,
hist,price,F_now,lightgbm,valid,period,normal,2360,0.2035488032855032,0.3128574473285303,0.9380450363162116,-0.033730695350863725,0.24885480019588233,
hist,price,F_now,lightgbm,valid,period,extreme,140,0.11382906533180857,0.14578677668667056,0.9559038195793664,0.0026746204032247495,0.2092395940144773,
hist,price,F_now,lightgbm,valid,overall,all,2500,0.1985244979600963,0.3059227458947094,0.9383635868620638,-0.03169199766863477,0.24821716010920966,
hist,volume,F_wx,baseline_mean,valid,crop,土豆,250,1.2236928910904061,1.3015663911864979,-6.835528619788866,-1.2156770784803317,2.7935974128907173,
hist,volume,F_wx,baseline_mean,valid,crop,尖椒,250,0.9596282015200351,1.2938911327707063,-0.6246915147205487,0.8023153179248145,1.2720820526450591,
hist,volume,F_wx,baseline_mean,valid,crop,甘蓝,250,1.3499479061213453,1.4825210909275826,-4.853032109142617,1.3499479061213453,2.4144605982923073,
hist,volume,F_wx,baseline_mean,valid,crop,芸豆,250,0.6058131653748628,0.9324659799376586,-0.0015034288733741796,0.036128357607772645,0.9987479237314492,
hist,volume,F_wx,baseline_mean,valid,crop,芹菜,250,1.478388859558242,1.7973180939891713,-1.9913904894934897,1.4664477938445817,1.726101076859497,
hist,volume,F_wx,baseline_mean,valid,crop,茄子,250,1.1306013406450668,1.2321096672012357,-3.3025333143815985,-1.079470672764104,2.0701022151391637,
hist,volume,F_wx,baseline_mean,valid,crop,西红柿,250,1.3662791681737354,1.455531592981223,-6.983515679587678,1.361324314344172,2.819854892874689,
hist,volume,F_wx,baseline_mean,valid,crop,青椒,250,0.724391206466529,1.0500573663021415,-0.004900885562352908,0.07333118318004929,1.0004405439705568,
hist,volume,F_wx,baseline_mean,valid,crop,韭菜,250,0.6236196940345574,1.1355594757312173,-0.04199715296359319,0.22797464310384755,1.018739006984487,
hist,volume,F_wx,baseline_mean,valid,crop,黄瓜,250,0.9112701859334782,1.158550783579519,-0.5336168348730068,-0.6833943798827825,1.23591357607784,
hist,volume,F_wx,baseline_mean,valid,season,冬(12-2),640,1.320032937995795,1.7455136987972597,-0.4629939565077619,0.5261465918506383,1.2085975461048721,
hist,volume,F_wx,baseline_mean,valid,season,夏(6-8),620,0.9233210744500278,1.0554294925457957,-1.0126407309083203,0.026842204911890377,1.4175311411679985,
hist,volume,F_wx,baseline_mean,valid,season,春(3-5),600,0.9950877172203676,1.2119361642811501,-1.015149627003764,0.2236909112638452,1.4183761998468853,
hist,volume,F_wx,baseline_mean,valid,season,秋(9-11),640,0.9048052780015908,1.0733757726802062,-1.0245504283483493,0.15178330259649012,1.421754925542393,
hist,volume,F_wx,baseline_mean,valid,period,normal,2360,1.0448022786364939,1.3186358416433892,-0.6540216245506927,0.24490248203219545,1.2858152153128848,
hist,volume,F_wx,baseline_mean,valid,period,extreme,140,0.9119626939102781,1.0544877390347824,-1.0192922938533515,0.048299918956142815,1.415933888805789,
hist,volume,F_wx,baseline_mean,valid,overall,all,2500,1.0373632618918258,1.3052572703361678,-0.6617114669158193,0.23389273849993653,1.288816038978819,
hist,volume,F_wx,baseline_seasonal_naive,valid,crop,土豆,250,1.2173509504781264,1.3440730209557599,-7.355671877813281,-1.1864123009377427,2.8848308772442843,
hist,volume,F_wx,baseline_seasonal_naive,valid,crop,尖椒,250,0.803543324789784,1.1079336268965028,-0.19125003605556268,0.3480372318899232,1.0892589388714427,
hist,volume,F_wx,baseline_seasonal_naive,valid,crop,甘蓝,250,1.2079396416709247,1.6491110242957285,-6.242340434490032,1.1775836511773379,2.68577196961173,
hist,volume,F_wx,baseline_seasonal_naive,valid,crop,芸豆,250,0.7493442450949536,1.113235469621564,-0.4274487318112896,-0.0010791852151625391,1.1923669472457061,
hist,volume,F_wx,baseline_seasonal_naive,valid,crop,芹菜,250,1.3259139349790907,1.8386451397459158,-2.130538518726827,1.2771257700436172,1.7657905778013199,
hist,volume,F_wx,baseline_seasonal_naive,valid,crop,茄子,250,1.072410834021994,1.261300498877916,-3.5088173913111476,-1.0081373437004644,2.119146555041888,
hist,volume,F_wx,baseline_seasonal_naive,valid,crop,西红柿,250,1.3113057498731315,1.443382479976049,-6.850797375365022,1.2708736033327095,2.7963179693775095,
hist,volume,F_wx,baseline_seasonal_naive,valid,crop,青椒,250,0.811637213903503,1.1717517800204489,-0.25132010078374045,0.01663743873375598,1.116384709847195,
hist,volume,F_wx,baseline_seasonal_naive,valid,crop,韭菜,250,0.860144341022528,1.45668246929352,-0.7146542031865815,0.1313196036992071,1.3068265326254418,
hist,volume,F_wx,baseline_seasonal_naive,valid,crop,黄瓜,250,0.8950492378254419,1.2165221084509132,-0.6909342802179061,-0.47574081568415855,1.2977559643850742,
hist,volume,F_wx,baseline_seasonal_naive,valid,season,冬(12-2),640,1.3725781159899966,1.9281830970400515,-0.7852233223971845,0.49684494629402975,1.3350782415109381,
hist,volume,F_wx,baseline_seasonal_naive,valid,season,夏(6-8),620,0.886792313684885,1.06072066873078,-1.0328712259741972,-0.13128985189100356,1.4246376386352335,
hist,volume,F_wx,baseline_seasonal_naive,valid,season,春(3-5),600,1.043499451936204,1.3219093341803296,-1.397458767958354,0.22045628413532256,1.5470820932791802,
hist,volume,F_wx,baseline_seasonal_naive,valid,season,秋(9-11),640,0.7957796383358131,0.992280055101066,-0.7301889974373887,0.029214195934071062,1.3143384560792903,
hist,volume,F_wx,baseline_seasonal_naive,valid,period,normal,2360,1.0340889392421078,1.3964473616694326,-0.8549857203053111,0.17167615948384846,1.3616900195737929,
hist,volume,F_wx,baseline_seasonal_naive,valid,period,extreme,140,0.8800712271678244,1.0470995253586997,-0.9910952880069706,-0.12574159319376188,1.4060132214196708,
hist,volume,F_wx,baseline_seasonal_naive,valid,overall,all,2500,1.0254639473659477,1.379224766349097,-0.8553825557219827,0.15502076533390233,1.3618518284672874,
hist,volume,F_wx,baseline_persistence,valid,crop,土豆,250,0.1398412729857489,0.2552268341891994,0.6987075029580088,-0.002980966153770686,0.5478022700334705,
hist,volume,F_wx,baseline_persistence,valid,crop,尖椒,250,0.5575790278339853,0.838107355565038,0.3183291175305384,-0.005395926075812764,0.823980703014084,
hist,volume,F_wx,baseline_persistence,valid,crop,甘蓝,250,0.20957339370937106,0.3135530120767127,0.7381810361916629,-0.000721887407439818,0.5106580930065671,
hist,volume,F_wx,baseline_persistence,valid,crop,芸豆,250,0.35157456120628927,0.5645614550825498,0.6328792802770729,-0.00023981893670279054,0.6046918528011068,
hist,volume,F_wx,baseline_persistence,valid,crop,芹菜,250,0.3752866585727776,0.5752737974595001,0.6935409844529934,0.0018885741265344711,0.5524791213112207,
hist,volume,F_wx,baseline_persistence,valid,crop,茄子,250,0.3323505039409532,0.49258581881066543,0.3123153651280145,-0.0011177275442755023,0.8276073322128663,
hist,volume,F_wx,baseline_persistence,valid,crop,西红柿,250,0.23523253768289734,0.32856232769047083,0.5931948494188104,0.0001243300939127363,0.6365358827111515,
hist,volume,F_wx,baseline_persistence,valid,crop,青椒,250,0.5288007554296507,0.8343595794098739,0.36554081334240207,-1.0658141036401503e-17,0.7949348085918541,
hist,volume,F_wx,baseline_persistence,valid,crop,韭菜,250,0.3900804892306309,0.6031909328788243,0.7059938802667195,-0.0015738117721120436,0.5411377784394169,
hist,volume,F_wx,baseline_persistence,valid,crop,黄瓜,250,0.4959193309051667,0.8050696035883759,0.2594513817921349,0.0011803588290840445,0.8588285182357615,
hist,volume,F_wx,baseline_persistence,valid,season,冬(12-2),640,0.44683050781999195,0.758897121215412,0.7234575412502825,-0.0015698641468764429,0.525462045401874,
hist,volume,F_wx,baseline_persistence,valid,season,夏(6-8),620,0.33009648207230485,0.5199345165544058,0.5115668800400806,-0.0013606495571482978,0.6983160635451152,
hist,volume,F_wx,baseline_persistence,valid,season,春(3-5),600,0.3310320491286362,0.5545827092625903,0.5780310856373136,0.009195297371474356,0.6490497922646217,
hist,volume,F_wx,baseline_persistence,valid,season,秋(9-11),640,0.3356391554805659,0.5196665664963827,0.5254580885503406,-0.009184502114995843,0.6883316349791133,
hist,volume,F_wx,baseline_persistence,valid,period,normal,2360,0.36407066835480667,0.6030150803107519,0.6541022178019353,0.0003940540051305741,0.5880061354622085,
hist,volume,F_wx,baseline_persistence,valid,period,extreme,140,0.32037753969302796,0.5029118217057537,0.5406964436731463,-0.022422758301812475,0.675294614697026,
hist,volume,F_wx,baseline_persistence,valid,overall,all,2500,0.3616238531497471,0.5978524913627263,0.651380671776975,-0.0008836874840582368,0.5903218448369802,
hist,volume,F_wx,elasticnet,valid,crop,土豆,250,1.2475144139309153,1.3423043569680841,-7.333695910302943,-1.2475144139309153,2.8810347319429757,
hist,volume,F_wx,elasticnet,valid,crop,尖椒,250,0.8706804014396387,1.1402110667765923,-0.26167048339678,0.6270956166297894,1.1209923289047043,
hist,volume,F_wx,elasticnet,valid,crop,甘蓝,250,1.1739870654627413,1.333799541564901,-3.737620542799661,1.1733315908733606,2.172249999569217,
hist,volume,F_wx,elasticnet,valid,crop,芸豆,250,0.5808496998571246,0.8091784559318508,0.24581989579930763,-0.13646591976820072,0.8666968234532128,
hist,volume,F_wx,elasticnet,valid,crop,芹菜,250,1.3156364824614453,1.6260763796491031,-1.4485281326013064,1.2908929672399205,1.5616446523043905,
hist,volume,F_wx,elasticnet,valid,crop,茄子,250,1.2476114670430583,1.375069044649954,-4.358886049669944,-1.2350792570198377,2.310292298708383,
hist,volume,F_wx,elasticnet,valid,crop,西红柿,250,1.1924327848195657,1.3106345312957102,-5.473126913393051,1.1859059749929097,2.5391404856249045,
hist,volume,F_wx,elasticnet,valid,crop,青椒,250,0.7444533801698805,0.9983223849330594,0.091680170130511,-0.0994325770991243,0.9511501198811947,
hist,volume,F_wx,elasticnet,valid,crop,韭菜,250,0.6402838741703295,1.0053575293673267,0.18325246822772223,0.05434822306180206,0.9019315615085152,
hist,volume,F_wx,elasticnet,valid,crop,黄瓜,250,1.043549437038561,1.2793208432067087,-0.8700174879524005,-0.8378716487640707,1.364748115221483,
hist,volume,F_wx,elasticnet,valid,season,冬(12-2),640,1.191932686692295,1.527830888342928,-0.12084763815831079,0.14593841127487556,1.0578734866342423,
hist,volume,F_wx,elasticnet,valid,season,夏(6-8),620,0.9169658526716004,1.0699089032122977,-1.0682422657133746,-0.23579648820575255,1.4369782152458874,
hist,volume,F_wx,elasticnet,valid,season,春(3-5),600,0.9878392934362746,1.200255661105357,-0.9764932452449864,0.1460999426215936,1.4047060510427956,
hist,volume,F_wx,elasticnet,valid,season,秋(9-11),640,0.9221725428079516,1.1110846256976838,-1.169298411234133,0.24833736398843512,1.4717027153833007,
hist,volume,F_wx,elasticnet,valid,period,normal,2360,1.0105415750691962,1.2513696221578363,-0.48957593367919494,0.0830750952465214,1.2202232408195275,
hist,volume,F_wx,elasticnet,valid,period,extreme,140,0.9240831031072275,1.0774206746390986,-1.1080782578137063,-0.01610418377058686,1.4467275334257585,
hist,volume,F_wx,elasticnet,valid,overall,all,2500,1.005699900639326,1.2422724566200218,-0.5052099740503446,0.07752105562156336,1.2266245921473793,
hist,volume,F_wx,gam,valid,crop,土豆,250,1.4188947447072728,1.5469279710296968,-10.068170337070125,-1.4186545322491566,3.3202255428994345,
hist,volume,F_wx,gam,valid,crop,尖椒,250,0.8623120130992075,1.1148846123573035,-0.2062443213869538,0.5989447009523577,1.0960927625440315,
hist,volume,F_wx,gam,valid,crop,甘蓝,250,1.1544856117872908,1.351043035130685,-3.8609092308649977,1.1465601989335437,2.200333064320385,
hist,volume,F_wx,gam,valid,crop,芸豆,250,0.5890200833298637,0.7963140159459297,0.2696094118537047,-0.16721013233334892,0.8529179478670327,
hist,volume,F_wx,gam,valid,crop,芹菜,250,1.3055357497991307,1.606057424908504,-1.3886105966915374,1.2630730759796267,1.5424189295728872,
hist,volume,F_wx,gam,valid,crop,茄子,250,1.2867804709470252,1.4473666208452316,-4.937212826236482,-1.2827933378247793,2.4317614963091128,
hist,volume,F_wx,gam,valid,crop,西红柿,250,1.1672885892582594,1.3244358505290081,-5.610172082392573,1.157951266659113,2.5658782890197656,
hist,volume,F_wx,gam,valid,crop,青椒,250,0.7652053513267912,0.9923561245589126,0.10250448725947414,-0.1300093807052169,0.9454657744675711,
hist,volume,F_wx,gam,valid,crop,韭菜,250,0.6760627572006197,0.9772158070273367,0.22833690991897693,0.024623522943460357,0.8766849135925056,
hist,volume,F_wx,gam,valid,crop,黄瓜,250,1.09605829670802,1.3595323424854449,-1.1118633045146016,-0.8867169829255,1.4503157764075183,
hist,volume,F_wx,gam,valid,season,冬(12-2),640,1.183844901936236,1.5194614808630764,-0.10860133951778672,-0.06081719145453705,1.0520784903821532,
hist,volume,F_wx,gam,valid,season,夏(6-8),620,0.9468209119674511,1.1211371517835478,-1.2710426718778445,-0.3017660437134481,1.5057820890907252,
hist,volume,F_wx,gam,valid,season,春(3-5),600,1.026078301667006,1.2454770174296264,-1.128233349736357,0.14380480526912384,1.457630369522213,
hist,volume,F_wx,gam,valid,season,秋(9-11),640,0.9688659896588373,1.1794596827144015,-1.4445066433123408,0.3377768223895189,1.5622698555890289,
hist,volume,F_wx,gam,valid,period,normal,2360,1.0364079049868309,1.2847907895231518,-0.5702046537017633,0.038544573211552184,1.2528125608991973,
hist,volume,F_wx,gam,valid,period,extreme,140,0.9606304376567798,1.141246853128319,-1.3652404910782372,-0.10373637801241696,1.5324313740399484,
hist,volume,F_wx,gam,valid,overall,all,2500,1.0321643668163483,1.2771788305604281,-0.5909876109430898,0.030576839943009963,1.261091279764757,
hist,volume,F_wx,lightgbm,valid,crop,土豆,250,1.2325484566725011,1.3114710274799368,-6.955235692560131,-1.2325484566725011,2.8148560797649838,
hist,volume,F_wx,lightgbm,valid,crop,尖椒,250,0.7689550575182159,0.9655449060892348,0.09526707988749095,-0.22718307807934648,0.9492702399380585,
hist,volume,F_wx,lightgbm,valid,crop,甘蓝,250,0.4780948168889463,0.6262350189673446,-0.04436869380303787,0.27548031118722033,1.0198976512512545,
hist,volume,F_wx,lightgbm,valid,crop,芸豆,250,0.6985108018751798,0.8811472230182325,0.10569964676261656,-0.4369574402930738,0.9437813050831394,
hist,volume,F_wx,lightgbm,valid,crop,芹菜,250,0.8869748276859528,1.172432444860539,-0.27291344022216535,0.7276930997821953,1.1259759262352267,
hist,volume,F_wx,lightgbm,valid,crop,茄子,250,0.9298978496966952,1.0522952475949596,-2.138345328961638,-0.9132103948433722,1.7679909353969527,
hist,volume,F_wx,lightgbm,valid,crop,西红柿,250,0.622617270472002,0.7313191045142147,-1.0154162101934583,0.5437508757113021,1.4168114007702943,
hist,volume,F_wx,lightgbm,valid,crop,青椒,250,0.7443170060988774,0.9690755658574064,0.14412081580971914,-0.3412136044979925,0.9232852578989441,
hist,volume,F_wx,lightgbm,valid,crop,韭菜,250,0.8116140100696927,1.0924307284952999,0.03565024049068877,-0.4468258096169389,0.9800471215565474,
hist,volume,F_wx,lightgbm,valid,crop,黄瓜,250,0.7289909337542957,0.9728910520621784,-0.08147163918311184,-0.40760373453154897,1.0378563256185218,
hist,volume,F_wx,lightgbm,valid,season,冬(12-2),640,0.9227659986457921,1.207229921187361,0.30019669235894486,-0.09139139251359576,0.8358886678098142,
hist,volume,F_wx,lightgbm,valid,season,夏(6-8),620,0.7593037563070871,0.9385223649458118,-0.5914648776487614,-0.4691026032843228,1.2605149736571335,
hist,volume,F_wx,lightgbm,valid,season,春(3-5),600,0.7856438417452343,0.9555112891413843,-0.25262032250535094,-0.19182957387118446,1.1182721591669185,
hist,volume,F_wx,lightgbm,valid,season,秋(9-11),640,0.6920396634253875,0.8408517673501487,-0.24240704233597254,-0.2347229818684718,1.1137619949218607,
hist,volume,F_wx,lightgbm,valid,period,normal,2360,0.7939557168901692,1.0015290491982103,0.04584587543842644,-0.23618625156406742,0.9766011580816504,
hist,volume,F_wx,lightgbm,valid,period,extreme,140,0.7278197558735016,0.8941411844132198,-0.4518719582808872,-0.40896431623082113,1.200625438799781,
hist,volume,F_wx,lightgbm,valid,overall,all,2500,0.7902521030732359,0.9958214727446517,0.03277759457678864,-0.24586182318540567,0.9832779446631772,
hist,volume,F_lag,baseline_mean,valid,crop,土豆,250,1.2236928910904061,1.3015663911864979,-6.835528619788866,-1.2156770784803317,2.7935974128907173,
hist,volume,F_lag,baseline_mean,valid,crop,尖椒,250,0.9596282015200351,1.2938911327707063,-0.6246915147205487,0.8023153179248145,1.2720820526450591,
hist,volume,F_lag,baseline_mean,valid,crop,甘蓝,250,1.3499479061213453,1.4825210909275826,-4.853032109142617,1.3499479061213453,2.4144605982923073,
hist,volume,F_lag,baseline_mean,valid,crop,芸豆,250,0.6058131653748628,0.9324659799376586,-0.0015034288733741796,0.036128357607772645,0.9987479237314492,
hist,volume,F_lag,baseline_mean,valid,crop,芹菜,250,1.478388859558242,1.7973180939891713,-1.9913904894934897,1.4664477938445817,1.726101076859497,
hist,volume,F_lag,baseline_mean,valid,crop,茄子,250,1.1306013406450668,1.2321096672012357,-3.3025333143815985,-1.079470672764104,2.0701022151391637,
hist,volume,F_lag,baseline_mean,valid,crop,西红柿,250,1.3662791681737354,1.455531592981223,-6.983515679587678,1.361324314344172,2.819854892874689,
hist,volume,F_lag,baseline_mean,valid,crop,青椒,250,0.724391206466529,1.0500573663021415,-0.004900885562352908,0.07333118318004929,1.0004405439705568,
hist,volume,F_lag,baseline_mean,valid,crop,韭菜,250,0.6236196940345574,1.1355594757312173,-0.04199715296359319,0.22797464310384755,1.018739006984487,
hist,volume,F_lag,baseline_mean,valid,crop,黄瓜,250,0.9112701859334782,1.158550783579519,-0.5336168348730068,-0.6833943798827825,1.23591357607784,
hist,volume,F_lag,baseline_mean,valid,season,冬(12-2),640,1.320032937995795,1.7455136987972597,-0.4629939565077619,0.5261465918506383,1.2085975461048721,
hist,volume,F_lag,baseline_mean,valid,season,夏(6-8),620,0.9233210744500278,1.0554294925457957,-1.0126407309083203,0.026842204911890377,1.4175311411679985,
hist,volume,F_lag,baseline_mean,valid,season,春(3-5),600,0.9950877172203676,1.2119361642811501,-1.015149627003764,0.2236909112638452,1.4183761998468853,
hist,volume,F_lag,baseline_mean,valid,season,秋(9-11),640,0.9048052780015908,1.0733757726802062,-1.0245504283483493,0.15178330259649012,1.421754925542393,
hist,volume,F_lag,baseline_mean,valid,period,normal,2360,1.0448022786364939,1.3186358416433892,-0.6540216245506927,0.24490248203219545,1.2858152153128848,
hist,volume,F_lag,baseline_mean,valid,period,extreme,140,0.9119626939102781,1.0544877390347824,-1.0192922938533515,0.048299918956142815,1.415933888805789,
hist,volume,F_lag,baseline_mean,valid,overall,all,2500,1.0373632618918258,1.3052572703361678,-0.6617114669158193,0.23389273849993653,1.288816038978819,
hist,volume,F_lag,baseline_seasonal_naive,valid,crop,土豆,250,1.2173509504781264,1.3440730209557599,-7.355671877813281,-1.1864123009377427,2.8848308772442843,
hist,volume,F_lag,baseline_seasonal_naive,valid,crop,尖椒,250,0.803543324789784,1.1079336268965028,-0.19125003605556268,0.3480372318899232,1.0892589388714427,
hist,volume,F_lag,baseline_seasonal_naive,valid,crop,甘蓝,250,1.2079396416709247,1.6491110242957285,-6.242340434490032,1.1775836511773379,2.68577196961173,
hist,volume,F_lag,baseline_seasonal_naive,valid,crop,芸豆,250,0.7493442450949536,1.113235469621564,-0.4274487318112896,-0.0010791852151625391,1.1923669472457061,
hist,volume,F_lag,baseline_seasonal_naive,valid,crop,芹菜,250,1.3259139349790907,1.8386451397459158,-2.130538518726827,1.2771257700436172,1.7657905778013199,
hist,volume,F_lag,baseline_seasonal_naive,valid,crop,茄子,250,1.072410834021994,1.261300498877916,-3.5088173913111476,-1.0081373437004644,2.119146555041888,
hist,volume,F_lag,baseline_seasonal_naive,valid,crop,西红柿,250,1.3113057498731315,1.443382479976049,-6.850797375365022,1.2708736033327095,2.7963179693775095,
hist,volume,F_lag,baseline_seasonal_naive,valid,crop,青椒,250,0.811637213903503,1.1717517800204489,-0.25132010078374045,0.01663743873375598,1.116384709847195,
hist,volume,F_lag,baseline_seasonal_naive,valid,crop,韭菜,250,0.860144341022528,1.45668246929352,-0.7146542031865815,0.1313196036992071,1.3068265326254418,
hist,volume,F_lag,baseline_seasonal_naive,valid,crop,黄瓜,250,0.8950492378254419,1.2165221084509132,-0.6909342802179061,-0.47574081568415855,1.2977559643850742,
hist,volume,F_lag,baseline_seasonal_naive,valid,season,冬(12-2),640,1.3725781159899966,1.9281830970400515,-0.7852233223971845,0.49684494629402975,1.3350782415109381,
hist,volume,F_lag,baseline_seasonal_naive,valid,season,夏(6-8),620,0.886792313684885,1.06072066873078,-1.0328712259741972,-0.13128985189100356,1.4246376386352335,
hist,volume,F_lag,baseline_seasonal_naive,valid,season,春(3-5),600,1.043499451936204,1.3219093341803296,-1.397458767958354,0.22045628413532256,1.5470820932791802,
hist,volume,F_lag,baseline_seasonal_naive,valid,season,秋(9-11),640,0.7957796383358131,0.992280055101066,-0.7301889974373887,0.029214195934071062,1.3143384560792903,
hist,volume,F_lag,baseline_seasonal_naive,valid,period,normal,2360,1.0340889392421078,1.3964473616694326,-0.8549857203053111,0.17167615948384846,1.3616900195737929,
hist,volume,F_lag,baseline_seasonal_naive,valid,period,extreme,140,0.8800712271678244,1.0470995253586997,-0.9910952880069706,-0.12574159319376188,1.4060132214196708,
hist,volume,F_lag,baseline_seasonal_naive,valid,overall,all,2500,1.0254639473659477,1.379224766349097,-0.8553825557219827,0.15502076533390233,1.3618518284672874,
hist,volume,F_lag,baseline_persistence,valid,crop,土豆,250,0.1398412729857489,0.2552268341891994,0.6987075029580088,-0.002980966153770686,0.5478022700334705,
hist,volume,F_lag,baseline_persistence,valid,crop,尖椒,250,0.5575790278339853,0.838107355565038,0.3183291175305384,-0.005395926075812764,0.823980703014084,
hist,volume,F_lag,baseline_persistence,valid,crop,甘蓝,250,0.20957339370937106,0.3135530120767127,0.7381810361916629,-0.000721887407439818,0.5106580930065671,
hist,volume,F_lag,baseline_persistence,valid,crop,芸豆,250,0.35157456120628927,0.5645614550825498,0.6328792802770729,-0.00023981893670279054,0.6046918528011068,
hist,volume,F_lag,baseline_persistence,valid,crop,芹菜,250,0.3752866585727776,0.5752737974595001,0.6935409844529934,0.0018885741265344711,0.5524791213112207,
hist,volume,F_lag,baseline_persistence,valid,crop,茄子,250,0.3323505039409532,0.49258581881066543,0.3123153651280145,-0.0011177275442755023,0.8276073322128663,
hist,volume,F_lag,baseline_persistence,valid,crop,西红柿,250,0.23523253768289734,0.32856232769047083,0.5931948494188104,0.0001243300939127363,0.6365358827111515,
hist,volume,F_lag,baseline_persistence,valid,crop,青椒,250,0.5288007554296507,0.8343595794098739,0.36554081334240207,-1.0658141036401503e-17,0.7949348085918541,
hist,volume,F_lag,baseline_persistence,valid,crop,韭菜,250,0.3900804892306309,0.6031909328788243,0.7059938802667195,-0.0015738117721120436,0.5411377784394169,
hist,volume,F_lag,baseline_persistence,valid,crop,黄瓜,250,0.4959193309051667,0.8050696035883759,0.2594513817921349,0.0011803588290840445,0.8588285182357615,
hist,volume,F_lag,baseline_persistence,valid,season,冬(12-2),640,0.44683050781999195,0.758897121215412,0.7234575412502825,-0.0015698641468764429,0.525462045401874,
hist,volume,F_lag,baseline_persistence,valid,season,夏(6-8),620,0.33009648207230485,0.5199345165544058,0.5115668800400806,-0.0013606495571482978,0.6983160635451152,
hist,volume,F_lag,baseline_persistence,valid,season,春(3-5),600,0.3310320491286362,0.5545827092625903,0.5780310856373136,0.009195297371474356,0.6490497922646217,
hist,volume,F_lag,baseline_persistence,valid,season,秋(9-11),640,0.3356391554805659,0.5196665664963827,0.5254580885503406,-0.009184502114995843,0.6883316349791133,
hist,volume,F_lag,baseline_persistence,valid,period,normal,2360,0.36407066835480667,0.6030150803107519,0.6541022178019353,0.0003940540051305741,0.5880061354622085,
hist,volume,F_lag,baseline_persistence,valid,period,extreme,140,0.32037753969302796,0.5029118217057537,0.5406964436731463,-0.022422758301812475,0.675294614697026,
hist,volume,F_lag,baseline_persistence,valid,overall,all,2500,0.3616238531497471,0.5978524913627263,0.651380671776975,-0.0008836874840582368,0.5903218448369802,
hist,volume,F_lag,elasticnet,valid,crop,土豆,250,0.1846819993171479,0.2809109537390763,0.6350166961313257,-0.09245465942270233,0.6029289930441225,
hist,volume,F_lag,elasticnet,valid,crop,尖椒,250,0.5978419447331784,0.7898082210601166,0.3946330052991034,0.04386054910743648,0.7764956707684164,
hist,volume,F_lag,elasticnet,valid,crop,甘蓝,250,0.26199472543113556,0.33937268845249385,0.6932864778192152,0.10308241159087816,0.5527084838249379,
hist,volume,F_lag,elasticnet,valid,crop,芸豆,250,0.3803967940260185,0.5495814759840594,0.6521030504247514,0.0012912496990555517,0.5886470604504431,
hist,volume,F_lag,elasticnet,valid,crop,芹菜,250,0.4220531045916875,0.5789968516810016,0.6895614686892715,0.11379250307535381,0.5560546530562311,
hist,volume,F_lag,elasticnet,valid,crop,茄子,250,0.37572211581040743,0.4851545271126084,0.33290806817628715,-0.09422422398300005,0.8151218093612868,
hist,volume,F_lag,elasticnet,valid,crop,西红柿,250,0.2771218848525678,0.3389436446485173,0.5670817443341645,0.09210985569357169,0.6566479899026357,
hist,volume,F_lag,elasticnet,valid,crop,青椒,250,0.5760975800172816,0.8089910177092086,0.4035355334136529,0.014664387228329417,0.7707649503707351,
hist,volume,F_lag,elasticnet,valid,crop,韭菜,250,0.42036288699844987,0.5888758456018932,0.7197831525140297,-0.008684914064752629,0.5282953530895633,
hist,volume,F_lag,elasticnet,valid,crop,黄瓜,250,0.5360955358366333,0.7803543702478981,0.30422238776618027,-0.07526869193758162,0.8324629131588291,
hist,volume,F_lag,elasticnet,valid,season,冬(12-2),640,0.4843872631033911,0.7497102752722458,0.730112397447607,0.008028678418019396,0.5191010529496206,
hist,volume,F_lag,elasticnet,valid,season,夏(6-8),620,0.3708878599933189,0.5060011713007516,0.5373944378226626,-0.0013955385378135142,0.6796024015362405,
hist,volume,F_lag,elasticnet,valid,season,春(3-5),600,0.3663785811071686,0.5248580960056137,0.6220523845110357,0.05506850983292788,0.6142619170976519,
hist,volume,F_lag,elasticnet,valid,season,秋(9-11),640,0.38797917602702786,0.5156187513368128,0.532821952384013,-0.019956421011246304,0.6829700446700332,
hist,volume,F_lag,elasticnet,valid,period,normal,2360,0.4054656602795536,0.5894778028277765,0.6694582338718453,0.01041686795406321,0.5748057985596191,
hist,volume,F_lag,elasticnet,valid,period,extreme,140,0.36566560459914643,0.4916465231020107,0.5610429146215775,-0.00029779732101461293,0.6601679162347406,
hist,volume,F_lag,elasticnet,valid,overall,all,2500,0.4032368571614508,0.5844322754187644,0.6668561818745509,0.009816846698658852,0.5770706721002195,
hist,volume,F_lag,gam,valid,crop,土豆,250,0.23509329478405597,0.3262701171479897,0.5076315148689365,-0.15824797284654574,0.7002849499957422,
hist,volume,F_lag,gam,valid,crop,尖椒,250,0.6065046922690962,0.7943209838462203,0.3876954166574348,0.020426479075576782,0.7809323690366504,
hist,volume,F_lag,gam,valid,crop,甘蓝,250,0.2789229001409307,0.356257784127702,0.662006872131099,0.10720065955453256,0.5802078553048255,
hist,volume,F_lag,gam,valid,crop,芸豆,250,0.39042673527989274,0.5493288991731676,0.6524227501019075,-0.030285076716321812,0.5883765298671422,
hist,volume,F_lag,gam,valid,crop,芹菜,250,0.43277186696453546,0.5829341921700376,0.6853249751971571,0.10469231177041476,0.5598359801795804,
hist,volume,F_lag,gam,valid,crop,茄子,250,0.4011634140780982,0.5044030625608905,0.2789241656363183,-0.1346994020885824,0.8474618168544392,
hist,volume,F_lag,gam,valid,crop,西红柿,250,0.2981381971893757,0.3611692017077992,0.5084447620943398,0.10719428423380321,0.6997063791005748,
hist,volume,F_lag,gam,valid,crop,青椒,250,0.5807636379714238,0.8102148618840183,0.4017295016911274,-0.022767045745719684,0.7719309660297592,
hist,volume,F_lag,gam,valid,crop,韭菜,250,0.43240190650392885,0.5945380542788697,0.7143685161194664,-0.03377203571429483,0.5333750631075768,
hist,volume,F_lag,gam,valid,crop,黄瓜,250,0.5549990411918788,0.7917908299507822,0.2836790515070229,-0.1131504692311051,0.8446630480250721,
hist,volume,F_lag,gam,valid,season,冬(12-2),640,0.5027926460641163,0.7522439949328967,0.7282850914467751,-0.05617753428379859,0.5208554060472161,
hist,volume,F_lag,gam,valid,season,夏(6-8),620,0.3844585948601275,0.5183614983551887,0.514517836083041,-0.029572227976544664,0.696203366961627,
hist,volume,F_lag,gam,valid,season,春(3-5),600,0.3812733581666839,0.5328639374842121,0.610434518961946,0.07065931863469621,0.6236314658805503,
hist,volume,F_lag,gam,valid,season,秋(9-11),640,0.4123137256234065,0.5344192627107057,0.49813231933049595,-0.04134258565748357,0.7078725255428819,
hist,volume,F_lag,gam,valid,period,normal,2360,0.4236076614459491,0.5990265562259159,0.658662830173827,-0.014343738657857161,0.5841168850771041,
hist,volume,F_lag,gam,valid,period,extreme,140,0.3791595755776009,0.5004147239310662,0.5452462610972433,-0.03214888353226896,0.6719415881686399,
hist,volume,F_lag,gam,valid,overall,all,2500,0.42111856863732167,0.5939372118264822,0.6559318702843822,-0.015340826770824222,0.5864558827940357,
hist,volume,F_lag,lightgbm,valid,crop,土豆,250,0.2809417577184651,0.3530610602473867,0.4234522365234862,-0.21892307874696537,0.7577872870552844,
hist,volume,F_lag,lightgbm,valid,crop,尖椒,250,0.6043271592239193,0.7774301942663487,0.4134591731238535,-0.06957412660320256,0.7643262808307993,
hist,volume,F_lag,lightgbm,valid,crop,甘蓝,250,0.2751003644612471,0.39920891253363816,0.5755958688356405,0.07019187911607713,0.6501588380078379,
hist,volume,F_lag,lightgbm,valid,crop,芸豆,250,0.4185533967253763,0.5794808000517624,0.6132195176464911,-0.12107975180931577,0.6206717010014996,
hist,volume,F_lag,lightgbm,valid,crop,芹菜,250,0.4181489698562988,0.541708655390038,0.7282592528331857,0.11723997729879838,0.5202439660180088,
hist,volume,F_lag,lightgbm,valid,crop,茄子,250,0.4316574123900605,0.5399771624901789,0.17362666270230276,-0.1898411536006531,0.9072308658486585,
hist,volume,F_lag,lightgbm,valid,crop,西红柿,250,0.3287550576890907,0.4112146192954359,0.3627820488537935,0.1534247814501797,0.7966612073784073,
hist,volume,F_lag,lightgbm,valid,crop,青椒,250,0.6000523363366376,0.7903918661394298,0.4306463597310901,-0.03646801701953249,0.7530446372611881,
hist,volume,F_lag,lightgbm,valid,crop,韭菜,250,0.40864298870470694,0.5294484255878712,0.7734865037652242,-0.11376676068536591,0.47498151779815256,
hist,volume,F_lag,lightgbm,valid,crop,黄瓜,250,0.5870077415645077,0.866031183872608,0.14305336599769625,-0.1884727039969257,0.9238608377165332,
hist,volume,F_lag,lightgbm,valid,season,冬(12-2),640,0.5389049918625479,0.8035640051583542,0.6899462712957594,-0.0974252097670084,0.5563894946466372,
hist,volume,F_lag,lightgbm,valid,season,夏(6-8),620,0.3946631223451161,0.5111830842764461,0.5278709166747958,-0.06166371188479507,0.6865621492652445,
hist,volume,F_lag,lightgbm,valid,season,春(3-5),600,0.39584468336906165,0.52898005105024,0.6160926766096995,-0.015833924985371707,0.6190860019830176,
hist,volume,F_lag,lightgbm,valid,season,秋(9-11),640,0.4081244617189655,0.5080365688832308,0.5464606531338275,-0.061301950060226665,0.6729269586193543,
hist,volume,F_lag,lightgbm,valid,period,normal,2360,0.43794385179772627,0.6085501530035521,0.6477230861903727,-0.056111277438781436,0.5934034411181774,
hist,volume,F_lag,lightgbm,valid,period,extreme,140,0.39106647089245244,0.4953990860306332,0.5543165357799547,-0.12067588495501566,0.665206742978593,
hist,volume,F_lag,lightgbm,valid,overall,all,2500,0.43531871846703096,0.6027753800553982,0.6456157713263024,-0.05972689545969056,0.5951827240287039,
hist,volume,F_now,baseline_mean,valid,crop,土豆,250,1.2236928910904061,1.3015663911864979,-6.835528619788866,-1.2156770784803317,2.7935974128907173,
hist,volume,F_now,baseline_mean,valid,crop,尖椒,250,0.9596282015200351,1.2938911327707063,-0.6246915147205487,0.8023153179248145,1.2720820526450591,
hist,volume,F_now,baseline_mean,valid,crop,甘蓝,250,1.3499479061213453,1.4825210909275826,-4.853032109142617,1.3499479061213453,2.4144605982923073,
hist,volume,F_now,baseline_mean,valid,crop,芸豆,250,0.6058131653748628,0.9324659799376586,-0.0015034288733741796,0.036128357607772645,0.9987479237314492,
hist,volume,F_now,baseline_mean,valid,crop,芹菜,250,1.478388859558242,1.7973180939891713,-1.9913904894934897,1.4664477938445817,1.726101076859497,
hist,volume,F_now,baseline_mean,valid,crop,茄子,250,1.1306013406450668,1.2321096672012357,-3.3025333143815985,-1.079470672764104,2.0701022151391637,
hist,volume,F_now,baseline_mean,valid,crop,西红柿,250,1.3662791681737354,1.455531592981223,-6.983515679587678,1.361324314344172,2.819854892874689,
hist,volume,F_now,baseline_mean,valid,crop,青椒,250,0.724391206466529,1.0500573663021415,-0.004900885562352908,0.07333118318004929,1.0004405439705568,
hist,volume,F_now,baseline_mean,valid,crop,韭菜,250,0.6236196940345574,1.1355594757312173,-0.04199715296359319,0.22797464310384755,1.018739006984487,
hist,volume,F_now,baseline_mean,valid,crop,黄瓜,250,0.9112701859334782,1.158550783579519,-0.5336168348730068,-0.6833943798827825,1.23591357607784,
hist,volume,F_now,baseline_mean,valid,season,冬(12-2),640,1.320032937995795,1.7455136987972597,-0.4629939565077619,0.5261465918506383,1.2085975461048721,
hist,volume,F_now,baseline_mean,valid,season,夏(6-8),620,0.9233210744500278,1.0554294925457957,-1.0126407309083203,0.026842204911890377,1.4175311411679985,
hist,volume,F_now,baseline_mean,valid,season,春(3-5),600,0.9950877172203676,1.2119361642811501,-1.015149627003764,0.2236909112638452,1.4183761998468853,
hist,volume,F_now,baseline_mean,valid,season,秋(9-11),640,0.9048052780015908,1.0733757726802062,-1.0245504283483493,0.15178330259649012,1.421754925542393,
hist,volume,F_now,baseline_mean,valid,period,normal,2360,1.0448022786364939,1.3186358416433892,-0.6540216245506927,0.24490248203219545,1.2858152153128848,
hist,volume,F_now,baseline_mean,valid,period,extreme,140,0.9119626939102781,1.0544877390347824,-1.0192922938533515,0.048299918956142815,1.415933888805789,
hist,volume,F_now,baseline_mean,valid,overall,all,2500,1.0373632618918258,1.3052572703361678,-0.6617114669158193,0.23389273849993653,1.288816038978819,
hist,volume,F_now,baseline_seasonal_naive,valid,crop,土豆,250,1.2173509504781264,1.3440730209557599,-7.355671877813281,-1.1864123009377427,2.8848308772442843,
hist,volume,F_now,baseline_seasonal_naive,valid,crop,尖椒,250,0.803543324789784,1.1079336268965028,-0.19125003605556268,0.3480372318899232,1.0892589388714427,
hist,volume,F_now,baseline_seasonal_naive,valid,crop,甘蓝,250,1.2079396416709247,1.6491110242957285,-6.242340434490032,1.1775836511773379,2.68577196961173,
hist,volume,F_now,baseline_seasonal_naive,valid,crop,芸豆,250,0.7493442450949536,1.113235469621564,-0.4274487318112896,-0.0010791852151625391,1.1923669472457061,
hist,volume,F_now,baseline_seasonal_naive,valid,crop,芹菜,250,1.3259139349790907,1.8386451397459158,-2.130538518726827,1.2771257700436172,1.7657905778013199,
hist,volume,F_now,baseline_seasonal_naive,valid,crop,茄子,250,1.072410834021994,1.261300498877916,-3.5088173913111476,-1.0081373437004644,2.119146555041888,
hist,volume,F_now,baseline_seasonal_naive,valid,crop,西红柿,250,1.3113057498731315,1.443382479976049,-6.850797375365022,1.2708736033327095,2.7963179693775095,
hist,volume,F_now,baseline_seasonal_naive,valid,crop,青椒,250,0.811637213903503,1.1717517800204489,-0.25132010078374045,0.01663743873375598,1.116384709847195,
hist,volume,F_now,baseline_seasonal_naive,valid,crop,韭菜,250,0.860144341022528,1.45668246929352,-0.7146542031865815,0.1313196036992071,1.3068265326254418,
hist,volume,F_now,baseline_seasonal_naive,valid,crop,黄瓜,250,0.8950492378254419,1.2165221084509132,-0.6909342802179061,-0.47574081568415855,1.2977559643850742,
hist,volume,F_now,baseline_seasonal_naive,valid,season,冬(12-2),640,1.3725781159899966,1.9281830970400515,-0.7852233223971845,0.49684494629402975,1.3350782415109381,
hist,volume,F_now,baseline_seasonal_naive,valid,season,夏(6-8),620,0.886792313684885,1.06072066873078,-1.0328712259741972,-0.13128985189100356,1.4246376386352335,
hist,volume,F_now,baseline_seasonal_naive,valid,season,春(3-5),600,1.043499451936204,1.3219093341803296,-1.397458767958354,0.22045628413532256,1.5470820932791802,
hist,volume,F_now,baseline_seasonal_naive,valid,season,秋(9-11),640,0.7957796383358131,0.992280055101066,-0.7301889974373887,0.029214195934071062,1.3143384560792903,
hist,volume,F_now,baseline_seasonal_naive,valid,period,normal,2360,1.0340889392421078,1.3964473616694326,-0.8549857203053111,0.17167615948384846,1.3616900195737929,
hist,volume,F_now,baseline_seasonal_naive,valid,period,extreme,140,0.8800712271678244,1.0470995253586997,-0.9910952880069706,-0.12574159319376188,1.4060132214196708,
hist,volume,F_now,baseline_seasonal_naive,valid,overall,all,2500,1.0254639473659477,1.379224766349097,-0.8553825557219827,0.15502076533390233,1.3618518284672874,
hist,volume,F_now,baseline_persistence,valid,crop,土豆,250,0.1398412729857489,0.2552268341891994,0.6987075029580088,-0.002980966153770686,0.5478022700334705,
hist,volume,F_now,baseline_persistence,valid,crop,尖椒,250,0.5575790278339853,0.838107355565038,0.3183291175305384,-0.005395926075812764,0.823980703014084,
hist,volume,F_now,baseline_persistence,valid,crop,甘蓝,250,0.20957339370937106,0.3135530120767127,0.7381810361916629,-0.000721887407439818,0.5106580930065671,
hist,volume,F_now,baseline_persistence,valid,crop,芸豆,250,0.35157456120628927,0.5645614550825498,0.6328792802770729,-0.00023981893670279054,0.6046918528011068,
hist,volume,F_now,baseline_persistence,valid,crop,芹菜,250,0.3752866585727776,0.5752737974595001,0.6935409844529934,0.0018885741265344711,0.5524791213112207,
hist,volume,F_now,baseline_persistence,valid,crop,茄子,250,0.3323505039409532,0.49258581881066543,0.3123153651280145,-0.0011177275442755023,0.8276073322128663,
hist,volume,F_now,baseline_persistence,valid,crop,西红柿,250,0.23523253768289734,0.32856232769047083,0.5931948494188104,0.0001243300939127363,0.6365358827111515,
hist,volume,F_now,baseline_persistence,valid,crop,青椒,250,0.5288007554296507,0.8343595794098739,0.36554081334240207,-1.0658141036401503e-17,0.7949348085918541,
hist,volume,F_now,baseline_persistence,valid,crop,韭菜,250,0.3900804892306309,0.6031909328788243,0.7059938802667195,-0.0015738117721120436,0.5411377784394169,
hist,volume,F_now,baseline_persistence,valid,crop,黄瓜,250,0.4959193309051667,0.8050696035883759,0.2594513817921349,0.0011803588290840445,0.8588285182357615,
hist,volume,F_now,baseline_persistence,valid,season,冬(12-2),640,0.44683050781999195,0.758897121215412,0.7234575412502825,-0.0015698641468764429,0.525462045401874,
hist,volume,F_now,baseline_persistence,valid,season,夏(6-8),620,0.33009648207230485,0.5199345165544058,0.5115668800400806,-0.0013606495571482978,0.6983160635451152,
hist,volume,F_now,baseline_persistence,valid,season,春(3-5),600,0.3310320491286362,0.5545827092625903,0.5780310856373136,0.009195297371474356,0.6490497922646217,
hist,volume,F_now,baseline_persistence,valid,season,秋(9-11),640,0.3356391554805659,0.5196665664963827,0.5254580885503406,-0.009184502114995843,0.6883316349791133,
hist,volume,F_now,baseline_persistence,valid,period,normal,2360,0.36407066835480667,0.6030150803107519,0.6541022178019353,0.0003940540051305741,0.5880061354622085,
hist,volume,F_now,baseline_persistence,valid,period,extreme,140,0.32037753969302796,0.5029118217057537,0.5406964436731463,-0.022422758301812475,0.675294614697026,
hist,volume,F_now,baseline_persistence,valid,overall,all,2500,0.3616238531497471,0.5978524913627263,0.651380671776975,-0.0008836874840582368,0.5903218448369802,
hist,volume,F_now,elasticnet,valid,crop,土豆,250,0.1906020252419682,0.28297776541247904,0.6296261848180746,-0.08559243590151872,0.6073650631384699,
hist,volume,F_now,elasticnet,valid,crop,尖椒,250,0.6017266553581418,0.790578851250101,0.39345109388615085,0.05376252618728084,0.7772533116619021,
hist,volume,F_now,elasticnet,valid,crop,甘蓝,250,0.2726862942232766,0.3504703832541709,0.67289905971222,0.11429465237410807,0.5707823898182466,
hist,volume,F_now,elasticnet,valid,crop,芸豆,250,0.38879796618239465,0.5512578284511361,0.6499774789472836,0.009564491007891298,0.5904425721173105,
hist,volume,F_now,elasticnet,valid,crop,芹菜,250,0.42537991005532116,0.5779844177816248,0.6906461851283558,0.12509922845929972,0.555082335885549,
hist,volume,F_now,elasticnet,valid,crop,茄子,250,0.3774968497531597,0.4877562768700931,0.32573402377117466,-0.08815642837731787,0.8194930825357283,
hist,volume,F_now,elasticnet,valid,crop,西红柿,250,0.2825126826254674,0.34372377098702245,0.5547847362397462,0.1026822651432168,0.665908704482238,
hist,volume,F_now,elasticnet,valid,crop,青椒,250,0.5816224236311537,0.8096359646228287,0.4025841229540289,0.023309874393650475,0.7713794225527327,
hist,volume,F_now,elasticnet,valid,crop,韭菜,250,0.4209679864230799,0.5848623080362568,0.7235898232664286,-0.0008515757315698345,0.524694707450568,
hist,volume,F_now,elasticnet,valid,crop,黄瓜,250,0.5379133966862979,0.7823312820558909,0.3006926240310299,-0.06939923161120719,0.8345718342150628,
hist,volume,F_now,elasticnet,valid,season,冬(12-2),640,0.4869064299537188,0.7455613994541022,0.7330912331576778,-0.016633100836063473,0.5162283621558691,
hist,volume,F_now,elasticnet,valid,season,夏(6-8),620,0.37701217022356254,0.5108080140621597,0.5285634927669997,0.016229798588220053,0.6860583982211145,
hist,volume,F_now,elasticnet,valid,season,春(3-5),600,0.3730644002081858,0.5294184181800364,0.6154561229881381,0.07787560413929545,0.619599040146267,
hist,volume,F_now,elasticnet,valid,season,秋(9-11),640,0.3917503854861953,0.5186971824348223,0.5272268546843561,5.576314494581819e-05,0.6870476237322186,
hist,volume,F_now,elasticnet,valid,period,normal,2360,0.40964872709059463,0.590316311438919,0.6685172001571693,0.018315351955572295,0.5756234368311788,
hist,volume,F_now,elasticnet,valid,period,extreme,140,0.3796825115090148,0.5034743057535533,0.5396684487473318,0.021100791934341265,0.6760499010751504,
hist,volume,F_now,elasticnet,valid,overall,all,2500,0.4079706190180261,0.5857935448389888,0.6653024461916336,0.018471336594383363,0.5784147947510014,
hist,volume,F_now,gam,valid,crop,土豆,250,0.2801338255056411,0.3934642804059976,0.2839451772986994,-0.2057157705765187,0.8445061298833154,
hist,volume,F_now,gam,valid,crop,尖椒,250,0.62549847541915,0.8188382289337868,0.34931370483291724,-0.012274711431818698,0.8050363656297861,
hist,volume,F_now,gam,valid,crop,甘蓝,250,0.2948460561180923,0.38870066196706815,0.5976447188596945,0.08024533724138894,0.6330449115313576,
hist,volume,F_now,gam,valid,crop,芸豆,250,0.412248709150254,0.5794799668700743,0.6132206298772449,-0.06653818695587947,0.620670808595236,
hist,volume,F_now,gam,valid,crop,芹菜,250,0.44186890741830165,0.5958450504868743,0.6712317364060139,0.07718088611444486,0.5722352580360723,
hist,volume,F_now,gam,valid,crop,茄子,250,0.430764433020996,0.541599656071423,0.1686531197904898,-0.17713235335670216,0.9099568630922414,
hist,volume,F_now,gam,valid,crop,西红柿,250,0.3191741981752002,0.39596292607609407,0.4091735090784614,0.08133210145816679,0.7671135411122999,
hist,volume,F_now,gam,valid,crop,青椒,250,0.6057553779855882,0.8290666132811528,0.37356497792081045,-0.059517312896022335,0.7898919432370942,
hist,volume,F_now,gam,valid,crop,韭菜,250,0.4531991030556334,0.6156793806143849,0.6936936647388399,-0.06746600466013428,0.5523414794491859,
hist,volume,F_now,gam,valid,crop,黄瓜,250,0.5680035593096221,0.8157471134166612,0.23967756054528522,-0.1511982911225903,0.8702190239801103,
hist,volume,F_now,gam,valid,season,冬(12-2),640,0.557818438092068,0.8058497894530414,0.688179830960518,-0.1990391452096604,0.557972176748409,
hist,volume,F_now,gam,valid,season,夏(6-8),620,0.40192913988610307,0.5318541552443129,0.4889152538468188,-0.02469510413917763,0.7143251471966041,
hist,volume,F_now,gam,valid,season,春(3-5),600,0.3892159530177643,0.5425118784698483,0.5962000027247767,0.07069195419770224,0.6349228278143452,
hist,volume,F_now,gam,valid,season,秋(9-11),640,0.41897456620414636,0.5515852410973959,0.46537372865612703,-0.03904723681963268,0.730609962835779,
hist,volume,F_now,gam,valid,period,normal,2360,0.44439656620950185,0.624765193224423,0.6286998851855287,-0.05180967524540809,0.6092148916904006,
hist,volume,F_now,gam,valid,period,extreme,140,0.4221233216799658,0.5419371235815996,0.466648006157771,-0.021430306908951723,0.7276965966275752,
hist,volume,F_now,gam,valid,overall,all,2500,0.4431492645158479,0.620419170740891,0.6245658338812349,-0.05010843061856655,0.6126042706775049,
hist,volume,F_now,lightgbm,valid,crop,土豆,250,0.2846050533377136,0.3542619883745197,0.41952334103535815,-0.23295472082775398,0.7603648810464508,
hist,volume,F_now,lightgbm,valid,crop,尖椒,250,0.5947341495719942,0.7620571369461211,0.43642657158060283,-0.06773053965888008,0.7492123428679748,
hist,volume,F_now,lightgbm,valid,crop,甘蓝,250,0.269308503363236,0.3862071132818737,0.6027904491127394,0.05830987118802318,0.6289838731507442,
hist,volume,F_now,lightgbm,valid,crop,芸豆,250,0.4125043931292397,0.5462015572758159,0.6563690152999817,-0.11973547138287863,0.585026888921542,
hist,volume,F_now,lightgbm,valid,crop,芹菜,250,0.41528192237317374,0.5251884174275852,0.7445808268165521,0.09324952012367847,0.5043783267456226,
hist,volume,F_now,lightgbm,valid,crop,茄子,250,0.43830462314426855,0.557287470449633,0.11979451745654812,-0.20210902175851594,0.9363144026518434,
hist,volume,F_now,lightgbm,valid,crop,西红柿,250,0.31920777025357916,0.39913475604266996,0.3996700590595603,0.13650300149201058,0.7732584439737323,
hist,volume,F_now,lightgbm,valid,crop,青椒,250,0.5966294619120661,0.7716630567213127,0.4573090303351671,-0.08312256180899795,0.7352007928356535,
hist,volume,F_now,lightgbm,valid,crop,韭菜,250,0.4157505347373052,0.5194301805474344,0.7819775975632399,-0.1447857264278436,0.46599389784310796,
hist,volume,F_now,lightgbm,valid,crop,黄瓜,250,0.580753615629661,0.8398349126224396,0.19411222825549213,-0.2052582321525667,0.8959152977025951,
hist,volume,F_now,lightgbm,valid,season,冬(12-2),640,0.532740216115893,0.7643642406459468,0.719458747575161,-0.16512853596951999,0.529247490988786,
hist,volume,F_now,lightgbm,valid,season,夏(6-8),620,0.400241785611555,0.5160249186345508,0.5188847156824532,-0.07627201965636413,0.6930651426262082,
hist,volume,F_now,lightgbm,valid,season,春(3-5),600,0.3961160433646478,0.5307014036412883,0.6135900677375513,-0.010923084589326946,0.6211005681117012,
hist,volume,F_now,lightgbm,valid,season,秋(9-11),640,0.398432399142086,0.49922151449214724,0.562063030561364,-0.05059953803499442,0.6612508547623119,
hist,volume,F_now,lightgbm,valid,period,normal,2360,0.43468646123009264,0.593470404772096,0.6649654743267048,-0.07195415225376871,0.578699025306964,
hist,volume,F_now,lightgbm,valid,period,extreme,140,0.3993568454288622,0.5091738835704526,0.5291870945560591,-0.15783336417526442,0.683703119869539,
hist,volume,F_now,lightgbm,valid,overall,all,2500,0.4327080027452237,0.5890687336746602,0.6615493760599613,-0.07676338812137247,0.5816487287792029,
strict,price,F_wx,baseline_mean,valid,crop,土豆,250,0.1770606531203428,0.19577895499041392,-4.492164319915904,0.1770606531203428,2.338844941982311,
strict,price,F_wx,baseline_mean,valid,crop,尖椒,250,0.17265864508039955,0.20494538096963608,-0.30227594173639405,0.09873893017996233,1.1388884220894724,
strict,price,F_wx,baseline_mean,valid,crop,甘蓝,250,0.36784733935663183,0.43973013301395303,-0.04259013373119047,0.08887588199426852,1.0190288382554566,
strict,price,F_wx,baseline_mean,valid,crop,芸豆,250,0.1840690958972465,0.22069626422472494,-0.0824991375245665,0.06092645457876436,1.0383492384426678,
strict,price,F_wx,baseline_mean,valid,crop,芹菜,250,0.2758895242099801,0.31619388848016483,-0.24698115693573874,0.14071987359400695,1.1144475009205215,
strict,price,F_wx,baseline_mean,valid,crop,茄子,250,0.3849588992102793,0.4287889157655428,-0.2024079736351736,0.17592656983003752,1.0943483639776839,
strict,price,F_wx,baseline_mean,valid,crop,西红柿,250,0.2412408632357986,0.3137118638276529,-0.006066971858093462,-0.024361469815751973,1.001020830937429,
strict,price,F_wx,baseline_mean,valid,crop,青椒,250,0.22280979616460297,0.2665200691541546,-0.3584815387998297,0.1369104016056614,1.1632057481996168,
strict,price,F_wx,baseline_mean,valid,crop,韭菜,250,0.24698029979891178,0.3155183709906193,-0.2279976898308349,0.13595372126727612,1.105932049934132,
strict,price,F_wx,baseline_mean,valid,crop,黄瓜,250,0.3204421122924297,0.44979265875695956,-0.01732756293749138,-0.058701702860511774,1.0066072981484593,
strict,price,F_wx,baseline_mean,valid,season,冬(12-2),640,0.3152277816744331,0.38180436958281067,-0.049214263797424884,0.06994363008506682,1.0235110485530878,
strict,price,F_wx,baseline_mean,valid,season,夏(6-8),620,0.20108471570706304,0.24603976897448912,-0.6803056839682424,0.17028946068060685,1.295220256755672,
strict,price,F_wx,baseline_mean,valid,season,春(3-5),600,0.2396445868541636,0.2735550750190352,-1.8562453226476023,0.23480655883380905,1.6886340378473137,
strict,price,F_wx,baseline_mean,valid,season,秋(9-11),640,0.2785691421392833,0.3825513003848098,0.021827418150381472,-0.090960930942485,0.9882530987507596,
strict,price,F_wx,baseline_mean,valid,period,normal,2360,0.2637397480015334,0.33324255105724904,-0.03369530573097679,0.0922455952022631,1.016492645937735,
strict,price,F_wx,baseline_mean,valid,period,extreme,140,0.18616787005740684,0.22848751226182512,-0.056264110323601235,0.10937659782980812,1.0240700008683161,
strict,price,F_wx,baseline_mean,valid,overall,all,2500,0.2593957228366623,0.3282610710683079,-0.034140899530837876,0.09320493134940562,1.0167237791903097,
strict,price,F_wx,baseline_seasonal_naive,valid,crop,土豆,250,0.1837945400734495,0.2374418294624891,-7.078411468936453,0.14884629718546852,2.8365644401389347,
strict,price,F_wx,baseline_seasonal_naive,valid,crop,尖椒,250,0.31127131294197646,0.3687523478351551,-3.2159585885856856,0.07374692068389486,2.0491692839371134,
strict,price,F_wx,baseline_seasonal_naive,valid,crop,甘蓝,250,0.4728468469924986,0.6227309968516493,-1.0909426612154611,-0.03461057401509396,1.443114302669958,
strict,price,F_wx,baseline_seasonal_naive,valid,crop,芸豆,250,0.18018101310864704,0.21898676018213092,-0.06579410114000028,0.022481485933595544,1.0303062286211029,
strict,price,F_wx,baseline_seasonal_naive,valid,crop,芹菜,250,0.3674909613987892,0.4817513824212902,-1.8946688467171588,0.02483311214893766,1.697966481215189,
strict,price,F_wx,baseline_seasonal_naive,valid,crop,茄子,250,0.3786059752101372,0.46895841500199814,-0.4382467904051177,0.13903634479776786,1.196868331623616,
strict,price,F_wx,baseline_seasonal_naive,valid,crop,西红柿,250,0.22799064244929823,0.318136071244449,-0.034643736358180854,-0.05627218711216338,1.0151380011667124,
strict,price,F_wx,baseline_seasonal_naive,valid,crop,青椒,250,0.25255875552637913,0.2916429412628477,-0.6266602171787896,0.14230924512594265,1.2728525351783977,
strict,price,F_wx,baseline_seasonal_naive,valid,crop,韭菜,250,0.277108692116922,0.38106650603291226,-0.7912236047057213,0.08849148479015385,1.3356866063141077,
strict,price,F_wx,baseline_seasonal_naive,valid,crop,黄瓜,250,0.37059151445755073,0.49883779501217085,-0.2512808187993698,-0.06780531047044207,1.1163671866926994,
strict,price,F_wx,baseline_seasonal_naive,valid,season,冬(12-2),640,0.30502898909392523,0.42887540542681596,-0.3238679872398491,-0.10417625843745397,1.1496953698740318,
strict,price,F_wx,baseline_seasonal_naive,valid,season,夏(6-8),620,0.24632363222121847,0.3325574555541481,-2.069806862959016,0.21246688309209508,1.7506728882253093,
strict,price,F_wx,baseline_seasonal_naive,valid,season,春(3-5),600,0.27088524763000743,0.33961374263553146,-3.4022678738432415,0.24833935703389495,2.0964090156074433,
strict,price,F_wx,baseline_seasonal_naive,valid,season,秋(9-11),640,0.38303079686506236,0.49940347776795746,-0.6670139917728999,-0.1465563618288282,1.2901198713339606,
strict,price,F_wx,baseline_seasonal_naive,valid,period,normal,2360,0.30576892087175794,0.412290610123808,-0.5822624840716528,0.04049126410169296,1.2576136266224764,
strict,price,F_wx,baseline_seasonal_naive,valid,period,extreme,140,0.24282435936830865,0.31561931377814445,-1.0154625268123287,0.17646301062157152,1.4145905294135566,
strict,price,F_wx,baseline_seasonal_naive,valid,overall,all,2500,0.3022440254275648,0.4074836676753306,-0.5935341063270985,0.04810568190680616,1.2621001119897612,
strict,price,F_wx,baseline_persistence,valid,crop,土豆,250,0.012452615296666393,0.02007802486013274,0.9422365019297615,-0.0005090909090909092,0.23985921720450426,
strict,price,F_wx,baseline_persistence,valid,crop,尖椒,250,0.03031517510921519,0.04094669813567269,0.9480166191051089,-0.0019337321675103544,0.22754218811313093,
strict,price,F_wx,baseline_persistence,valid,crop,甘蓝,250,0.034792912587372334,0.053778721413132904,0.9844058358376852,-0.005307407407407407,0.12462659228938891,
strict,price,F_wx,baseline_persistence,valid,crop,芸豆,250,0.034668572611802305,0.05383255364048582,0.9355938173984187,-0.0012870879120879116,0.2532756558992098,
strict,price,F_wx,baseline_persistence,valid,crop,芹菜,250,0.034324046497238414,0.054104464776281884,0.9634893841674096,-0.0004155706124618037,0.19069497468276397,
strict,price,F_wx,baseline_persistence,valid,crop,茄子,250,0.036663915392708614,0.058654077616178635,0.9775011061817104,-0.003977972465581976,0.14969601946283165,
strict,price,F_wx,baseline_persistence,valid,crop,西红柿,250,0.028834678288541176,0.04189609972594278,0.9820562919244169,-0.0038991596638655464,0.13368595005938638,
strict,price,F_wx,baseline_persistence,valid,crop,青椒,250,0.02936862789665133,0.042454930100643766,0.9655292949245603,-0.001424394319131161,0.18529118234589032,
strict,price,F_wx,baseline_persistence,valid,crop,韭菜,250,0.03619715706193212,0.05703776355755116,0.9598696243698334,-0.0013369565217391305,0.1999246211141738,
strict,price,F_wx,baseline_persistence,valid,crop,黄瓜,250,0.05472020295530727,0.08665298308163223,0.962242509500656,-0.0018765178284612914,0.19392385241982643,
strict,price,F_wx,baseline_persistence,valid,season,冬(12-2),640,0.032372013345344085,0.054329807887186304,0.9787549021353082,0.0009305187804175471,0.14564306505727687,
strict,price,F_wx,baseline_persistence,valid,season,夏(6-8),620,0.032849124752639805,0.04811900190423832,0.9357296157513314,-0.0001871298363644881,0.2533115124477963,
strict,price,F_wx,baseline_persistence,valid,season,春(3-5),600,0.023619875992141548,0.032429499858610454,0.9598591600948638,-0.004255484145203165,0.2001847609217402,
strict,price,F_wx,baseline_persistence,valid,season,秋(9-11),640,0.043481256939714,0.07052945216666688,0.9667511107578798,-0.00534092732130269,0.18220026853075544,
strict,price,F_wx,baseline_persistence,valid,period,normal,2360,0.03311931207962319,0.05350053658364693,0.9733567058993584,-0.001959952149365393,0.16319315111009702,
strict,price,F_wx,baseline_persistence,valid,period,extreme,140,0.03516356726034333,0.052389612248707376,0.9444686855509172,-0.006189181280943181,0.2348077132528186,
strict,price,F_wx,baseline_persistence,valid,overall,all,2500,0.03323379036974351,0.05343893526185494,0.9725933128002215,-0.0021967889807337493,0.16551653852379397,
strict,price,F_wx,elasticnet,valid,crop,土豆,250,0.25233394559852673,0.3070070796708482,-12.50542611737479,0.23440449631888777,3.6676156304751033,
strict,price,F_wx,elasticnet,valid,crop,尖椒,250,0.2281792906156954,0.27392870172409567,-1.3264934086626297,0.08831598009009062,1.5222310714960392,
strict,price,F_wx,elasticnet,valid,crop,甘蓝,250,0.43172647134864983,0.5210104775145654,-0.4636393282200211,0.10044278167685905,1.2073875810638195,
strict,price,F_wx,elasticnet,valid,crop,芸豆,250,0.2644212795635695,0.2974455861104444,-0.9663130099825168,0.0660539523816418,1.399445518032977,
strict,price,F_wx,elasticnet,valid,crop,芹菜,250,0.32882007639729066,0.3892869274656088,-0.8901339728290516,0.12180329854525855,1.3720690350480675,
strict,price,F_wx,elasticnet,valid,crop,茄子,250,0.4338000212055697,0.5005401481463381,-0.6384854255258194,0.1570937662765329,1.2774707369735387,
strict,price,F_wx,elasticnet,valid,crop,西红柿,250,0.27557885653759356,0.3829304942886828,-0.49901131310389335,-0.04028495851680006,1.2218900391817087,
strict,price,F_wx,elasticnet,valid,crop,青椒,250,0.27882942317181025,0.31035572919779386,-0.8421010078971811,0.12787537105728725,1.3545230171043947,
strict,price,F_wx,elasticnet,valid,crop,韭菜,250,0.2957523265468116,0.37445686387820376,-0.7296245428848489,0.1165040829829026,1.3125189692775145,
strict,price,F_wx,elasticnet,valid,crop,黄瓜,250,0.3452374268497105,0.4807945673281682,-0.16239889653485062,-0.07768030073927447,1.075987593306127,
strict,price,F_wx,elasticnet,valid,season,冬(12-2),640,0.3278305145275387,0.43137267345562746,-0.3393301865066156,-0.0839388696386203,1.1563898490951048,
strict,price,F_wx,elasticnet,valid,season,夏(6-8),620,0.22449563367641107,0.282283930152308,-1.2118210455151814,0.17833024151194068,1.4860193781428166,
strict,price,F_wx,elasticnet,valid,season,春(3-5),600,0.3080761258672354,0.34231161823541634,-3.47248850298459,0.3073710572302128,2.1130627902359214,
strict,price,F_wx,elasticnet,valid,season,秋(9-11),640,0.3903520027522907,0.4802446812803814,-0.5415628925186111,-0.02755373435698036,1.2406265354646622,
strict,price,F_wx,elasticnet,valid,period,normal,2360,0.31644479397880343,0.39706407799779936,-0.4675497758679239,0.08278499808465328,1.21116800351667,
strict,price,F_wx,elasticnet,valid,period,extreme,140,0.2632861833487916,0.3199590970859316,-1.0712690244081613,0.20185372884689115,1.4340412287177762,
strict,price,F_wx,elasticnet,valid,overall,all,2500,0.31346791178352273,0.3931461086866604,-0.4833680239312945,0.08945284700733859,1.2176923571747185,
strict,price,F_wx,gam,valid,crop,土豆,250,0.242645710999118,0.3073987436611223,-12.539907167018868,0.1763329755207271,3.6722945876319333,
strict,price,F_wx,gam,valid,crop,尖椒,250,0.2699043911897822,0.32231566012474433,-2.2209913732427373,0.09795648707395188,1.7911190378502952,
strict,price,F_wx,gam,valid,crop,甘蓝,250,0.44991286409932124,0.5586167593757295,-0.682554260331016,0.0880993043193397,1.294536227105944,
strict,price,F_wx,gam,valid,crop,芸豆,250,0.3047072818681302,0.34640746099180186,-1.6669327839672041,0.06014499354430346,1.6298052192919665,
strict,price,F_wx,gam,valid,crop,芹菜,250,0.37143579827322004,0.4388345368825514,-1.401897928752387,0.13993458558663519,1.5467030539303197,
strict,price,F_wx,gam,valid,crop,茄子,250,0.47118465849807845,0.540864141788838,-0.9131152168947245,0.1751424627792236,1.380385002826076,
strict,price,F_wx,gam,valid,crop,西红柿,250,0.31106608431926863,0.4243963637410633,-0.8412311521189988,-0.025144260302270793,1.3542031706913562,
strict,price,F_wx,gam,valid,crop,青椒,250,0.3172724071937937,0.3531932173242258,-1.3857153015215666,0.13612804615219312,1.5414838436764364,
strict,price,F_wx,gam,valid,crop,韭菜,250,0.3395942692428992,0.4218121276534377,-1.1947566419141378,0.1351609184779115,1.4785051962527833,
strict,price,F_wx,gam,valid,crop,黄瓜,250,0.37490552512221337,0.4976175377314747,-0.2451665387199209,-0.05948786522577363,1.1136363286841182,
strict,price,F_wx,gam,valid,season,冬(12-2),640,0.3468042529216213,0.46768099422672643,-0.5742794987082005,-0.13551157023412932,1.2537223324929125,
strict,price,F_wx,gam,valid,season,夏(6-8),620,0.23723331560786043,0.29676775670494004,-1.4446185507285652,0.16572889045710437,1.5622661801313593,
strict,price,F_wx,gam,valid,season,春(3-5),600,0.3409323717712042,0.3802901836661721,-4.519963221904963,0.33866784044196513,2.347501498019072,
strict,price,F_wx,gam,valid,season,秋(9-11),640,0.45243507358128526,0.5305161191415201,-0.881192714890044,0.018502657160655123,1.3704938348175917,
strict,price,F_wx,gam,valid,period,normal,2360,0.3469805488292353,0.4324757117414647,-0.7409852324213537,0.08314245004693896,1.3191844172875888,
strict,price,F_wx,gam,valid,period,extreme,140,0.31630823188900703,0.37875662590903963,-1.9024721643463876,0.24893378479131673,1.6975689147470103,
strict,price,F_wx,gam,valid,overall,all,2500,0.3452628990805825,0.4296450119692005,-0.7715788972153939,0.09242676479262411,1.3307404952343291,
strict,price,F_wx,lightgbm,valid,crop,土豆,250,0.27009537297160835,0.3508342392665456,-16.636623862898773,0.25543727962704665,4.191190447527668,
strict,price,F_wx,lightgbm,valid,crop,尖椒,250,0.3415908870460338,0.3960934593165038,-3.8643194700550634,0.23265668702873676,2.2011047662877936,
strict,price,F_wx,lightgbm,valid,crop,甘蓝,250,0.523916963197169,0.5973763392454288,-0.9241423160595539,0.20408728629633605,1.3843575213055752,
strict,price,F_wx,lightgbm,valid,crop,芸豆,250,0.25277158287396634,0.30618601822984276,-1.0835710065565856,0.056617018271750995,1.4405681943352626,
strict,price,F_wx,lightgbm,valid,crop,芹菜,250,0.45414852120579224,0.5311563344794077,-2.518825077113041,0.3851097156554046,1.872097694246908,
strict,price,F_wx,lightgbm,valid,crop,茄子,250,0.43635869336150035,0.5078599439723335,-0.6867575698143569,0.16790589599543887,1.296152205389128,
strict,price,F_wx,lightgbm,valid,crop,西红柿,250,0.27452251675731054,0.35108992633270625,-0.26009051657640114,0.031479185897612214,1.120290209950125,
strict,price,F_wx,lightgbm,valid,crop,青椒,250,0.33951853615005373,0.38409114333053396,-1.8213859045973249,0.22873080080001207,1.6763353963270404,
strict,price,F_wx,lightgbm,valid,crop,韭菜,250,0.28407975942854913,0.38827996113434143,-0.8596799239905515,0.049010928754614054,1.3609706845830989,
strict,price,F_wx,lightgbm,valid,crop,黄瓜,250,0.3208966880459444,0.47301448601721524,-0.12508404983831367,-0.07816998916281913,1.058576267275514,
strict,price,F_wx,lightgbm,valid,season,冬(12-2),640,0.3189012827166722,0.4240390722854565,-0.29417840461122124,-0.0520169414504603,1.1367305093354432,
strict,price,F_wx,lightgbm,valid,season,夏(6-8),620,0.2871230585036366,0.35235549260790816,-2.4461943566922515,0.24937295401429102,1.8548951395422832,
strict,price,F_wx,lightgbm,valid,season,春(3-5),600,0.28845629820133695,0.3553568807779565,-3.8198709674280487,0.2796646831873519,2.193590173471107,
strict,price,F_wx,lightgbm,valid,season,秋(9-11),640,0.498887475199617,0.5744029845527688,-1.2053092335273288,0.14702656784071305,1.4838677292299143,
strict,price,F_wx,lightgbm,valid,period,normal,2360,0.35115394433525465,0.44007964900477514,-0.8027446453777645,0.1461727954459046,1.3423787731218146,
strict,price,F_wx,lightgbm,valid,period,extreme,140,0.3267969402020059,0.3956917306898365,-2.1678275679438594,0.2732028931335603,1.7734712369172587,
strict,price,F_wx,lightgbm,valid,overall,all,2500,0.34978995210379277,0.4377129207267962,-0.8387372882582778,0.15328648091641334,1.3557292478009664,
strict,price,F_lag,baseline_mean,valid,crop,土豆,250,0.1770606531203428,0.19577895499041392,-4.492164319915904,0.1770606531203428,2.338844941982311,
strict,price,F_lag,baseline_mean,valid,crop,尖椒,250,0.17265864508039955,0.20494538096963608,-0.30227594173639405,0.09873893017996233,1.1388884220894724,
strict,price,F_lag,baseline_mean,valid,crop,甘蓝,250,0.36784733935663183,0.43973013301395303,-0.04259013373119047,0.08887588199426852,1.0190288382554566,
strict,price,F_lag,baseline_mean,valid,crop,芸豆,250,0.1840690958972465,0.22069626422472494,-0.0824991375245665,0.06092645457876436,1.0383492384426678,
strict,price,F_lag,baseline_mean,valid,crop,芹菜,250,0.2758895242099801,0.31619388848016483,-0.24698115693573874,0.14071987359400695,1.1144475009205215,
strict,price,F_lag,baseline_mean,valid,crop,茄子,250,0.3849588992102793,0.4287889157655428,-0.2024079736351736,0.17592656983003752,1.0943483639776839,
strict,price,F_lag,baseline_mean,valid,crop,西红柿,250,0.2412408632357986,0.3137118638276529,-0.006066971858093462,-0.024361469815751973,1.001020830937429,
strict,price,F_lag,baseline_mean,valid,crop,青椒,250,0.22280979616460297,0.2665200691541546,-0.3584815387998297,0.1369104016056614,1.1632057481996168,
strict,price,F_lag,baseline_mean,valid,crop,韭菜,250,0.24698029979891178,0.3155183709906193,-0.2279976898308349,0.13595372126727612,1.105932049934132,
strict,price,F_lag,baseline_mean,valid,crop,黄瓜,250,0.3204421122924297,0.44979265875695956,-0.01732756293749138,-0.058701702860511774,1.0066072981484593,
strict,price,F_lag,baseline_mean,valid,season,冬(12-2),640,0.3152277816744331,0.38180436958281067,-0.049214263797424884,0.06994363008506682,1.0235110485530878,
strict,price,F_lag,baseline_mean,valid,season,夏(6-8),620,0.20108471570706304,0.24603976897448912,-0.6803056839682424,0.17028946068060685,1.295220256755672,
strict,price,F_lag,baseline_mean,valid,season,春(3-5),600,0.2396445868541636,0.2735550750190352,-1.8562453226476023,0.23480655883380905,1.6886340378473137,
strict,price,F_lag,baseline_mean,valid,season,秋(9-11),640,0.2785691421392833,0.3825513003848098,0.021827418150381472,-0.090960930942485,0.9882530987507596,
strict,price,F_lag,baseline_mean,valid,period,normal,2360,0.2637397480015334,0.33324255105724904,-0.03369530573097679,0.0922455952022631,1.016492645937735,
strict,price,F_lag,baseline_mean,valid,period,extreme,140,0.18616787005740684,0.22848751226182512,-0.056264110323601235,0.10937659782980812,1.0240700008683161,
strict,price,F_lag,baseline_mean,valid,overall,all,2500,0.2593957228366623,0.3282610710683079,-0.034140899530837876,0.09320493134940562,1.0167237791903097,
strict,price,F_lag,baseline_seasonal_naive,valid,crop,土豆,250,0.1837945400734495,0.2374418294624891,-7.078411468936453,0.14884629718546852,2.8365644401389347,
strict,price,F_lag,baseline_seasonal_naive,valid,crop,尖椒,250,0.31127131294197646,0.3687523478351551,-3.2159585885856856,0.07374692068389486,2.0491692839371134,
strict,price,F_lag,baseline_seasonal_naive,valid,crop,甘蓝,250,0.4728468469924986,0.6227309968516493,-1.0909426612154611,-0.03461057401509396,1.443114302669958,
strict,price,F_lag,baseline_seasonal_naive,valid,crop,芸豆,250,0.18018101310864704,0.21898676018213092,-0.06579410114000028,0.022481485933595544,1.0303062286211029,
strict,price,F_lag,baseline_seasonal_naive,valid,crop,芹菜,250,0.3674909613987892,0.4817513824212902,-1.8946688467171588,0.02483311214893766,1.697966481215189,
strict,price,F_lag,baseline_seasonal_naive,valid,crop,茄子,250,0.3786059752101372,0.46895841500199814,-0.4382467904051177,0.13903634479776786,1.196868331623616,
strict,price,F_lag,baseline_seasonal_naive,valid,crop,西红柿,250,0.22799064244929823,0.318136071244449,-0.034643736358180854,-0.05627218711216338,1.0151380011667124,
strict,price,F_lag,baseline_seasonal_naive,valid,crop,青椒,250,0.25255875552637913,0.2916429412628477,-0.6266602171787896,0.14230924512594265,1.2728525351783977,
strict,price,F_lag,baseline_seasonal_naive,valid,crop,韭菜,250,0.277108692116922,0.38106650603291226,-0.7912236047057213,0.08849148479015385,1.3356866063141077,
strict,price,F_lag,baseline_seasonal_naive,valid,crop,黄瓜,250,0.37059151445755073,0.49883779501217085,-0.2512808187993698,-0.06780531047044207,1.1163671866926994,
strict,price,F_lag,baseline_seasonal_naive,valid,season,冬(12-2),640,0.30502898909392523,0.42887540542681596,-0.3238679872398491,-0.10417625843745397,1.1496953698740318,
strict,price,F_lag,baseline_seasonal_naive,valid,season,夏(6-8),620,0.24632363222121847,0.3325574555541481,-2.069806862959016,0.21246688309209508,1.7506728882253093,
strict,price,F_lag,baseline_seasonal_naive,valid,season,春(3-5),600,0.27088524763000743,0.33961374263553146,-3.4022678738432415,0.24833935703389495,2.0964090156074433,
strict,price,F_lag,baseline_seasonal_naive,valid,season,秋(9-11),640,0.38303079686506236,0.49940347776795746,-0.6670139917728999,-0.1465563618288282,1.2901198713339606,
strict,price,F_lag,baseline_seasonal_naive,valid,period,normal,2360,0.30576892087175794,0.412290610123808,-0.5822624840716528,0.04049126410169296,1.2576136266224764,
strict,price,F_lag,baseline_seasonal_naive,valid,period,extreme,140,0.24282435936830865,0.31561931377814445,-1.0154625268123287,0.17646301062157152,1.4145905294135566,
strict,price,F_lag,baseline_seasonal_naive,valid,overall,all,2500,0.3022440254275648,0.4074836676753306,-0.5935341063270985,0.04810568190680616,1.2621001119897612,
strict,price,F_lag,baseline_persistence,valid,crop,土豆,250,0.012452615296666393,0.02007802486013274,0.9422365019297615,-0.0005090909090909092,0.23985921720450426,
strict,price,F_lag,baseline_persistence,valid,crop,尖椒,250,0.03031517510921519,0.04094669813567269,0.9480166191051089,-0.0019337321675103544,0.22754218811313093,
strict,price,F_lag,baseline_persistence,valid,crop,甘蓝,250,0.034792912587372334,0.053778721413132904,0.9844058358376852,-0.005307407407407407,0.12462659228938891,
strict,price,F_lag,baseline_persistence,valid,crop,芸豆,250,0.034668572611802305,0.05383255364048582,0.9355938173984187,-0.0012870879120879116,0.2532756558992098,
strict,price,F_lag,baseline_persistence,valid,crop,芹菜,250,0.034324046497238414,0.054104464776281884,0.9634893841674096,-0.0004155706124618037,0.19069497468276397,
strict,price,F_lag,baseline_persistence,valid,crop,茄子,250,0.036663915392708614,0.058654077616178635,0.9775011061817104,-0.003977972465581976,0.14969601946283165,
strict,price,F_lag,baseline_persistence,valid,crop,西红柿,250,0.028834678288541176,0.04189609972594278,0.9820562919244169,-0.0038991596638655464,0.13368595005938638,
strict,price,F_lag,baseline_persistence,valid,crop,青椒,250,0.02936862789665133,0.042454930100643766,0.9655292949245603,-0.001424394319131161,0.18529118234589032,
strict,price,F_lag,baseline_persistence,valid,crop,韭菜,250,0.03619715706193212,0.05703776355755116,0.9598696243698334,-0.0013369565217391305,0.1999246211141738,
strict,price,F_lag,baseline_persistence,valid,crop,黄瓜,250,0.05472020295530727,0.08665298308163223,0.962242509500656,-0.0018765178284612914,0.19392385241982643,
strict,price,F_lag,baseline_persistence,valid,season,冬(12-2),640,0.032372013345344085,0.054329807887186304,0.9787549021353082,0.0009305187804175471,0.14564306505727687,
strict,price,F_lag,baseline_persistence,valid,season,夏(6-8),620,0.032849124752639805,0.04811900190423832,0.9357296157513314,-0.0001871298363644881,0.2533115124477963,
strict,price,F_lag,baseline_persistence,valid,season,春(3-5),600,0.023619875992141548,0.032429499858610454,0.9598591600948638,-0.004255484145203165,0.2001847609217402,
strict,price,F_lag,baseline_persistence,valid,season,秋(9-11),640,0.043481256939714,0.07052945216666688,0.9667511107578798,-0.00534092732130269,0.18220026853075544,
strict,price,F_lag,baseline_persistence,valid,period,normal,2360,0.03311931207962319,0.05350053658364693,0.9733567058993584,-0.001959952149365393,0.16319315111009702,
strict,price,F_lag,baseline_persistence,valid,period,extreme,140,0.03516356726034333,0.052389612248707376,0.9444686855509172,-0.006189181280943181,0.2348077132528186,
strict,price,F_lag,baseline_persistence,valid,overall,all,2500,0.03323379036974351,0.05343893526185494,0.9725933128002215,-0.0021967889807337493,0.16551653852379397,
strict,price,F_lag,elasticnet,valid,crop,土豆,250,0.01882204654802293,0.024058158704158717,0.9170652993848076,-0.005816600801403446,0.28740730995006303,
strict,price,F_lag,elasticnet,valid,crop,尖椒,250,0.03586363434627909,0.04570210963917852,0.935241132715784,0.017347671491602108,0.2539681708700503,
strict,price,F_lag,elasticnet,valid,crop,甘蓝,250,0.0434780910082942,0.06278647471817941,0.9787444006629642,-0.021382575171632112,0.14550112349974387,
strict,price,F_lag,elasticnet,valid,crop,芸豆,250,0.04238075771229917,0.05818156531669459,0.9247669969050847,0.017496975596991888,0.2737372299898859,
strict,price,F_lag,elasticnet,valid,crop,芹菜,250,0.03583283282053607,0.055384924108540366,0.9617407829779557,0.0027190296158386726,0.19520804326142926,
strict,price,F_lag,elasticnet,valid,crop,茄子,250,0.0436094248722237,0.0641425932066095,0.9730934649011941,0.005374735703575993,0.16370372310491516,
strict,price,F_lag,elasticnet,valid,crop,西红柿,250,0.03489091751690514,0.047538193520362586,0.9768979587834732,0.0040829451649403055,0.15168926478713238,
strict,price,F_lag,elasticnet,valid,crop,青椒,250,0.03904915090790814,0.04954593078408611,0.9530527790132081,0.020274334212394954,0.21623929361437702,
strict,price,F_lag,elasticnet,valid,crop,韭菜,250,0.04018275547735883,0.05852529681224034,0.9577491454197713,0.009853275688445177,0.20513861450713697,
strict,price,F_lag,elasticnet,valid,crop,黄瓜,250,0.05823139665643845,0.08902708326075447,0.9601452237169295,-0.003306926317035555,0.19923693728307074,
strict,price,F_lag,elasticnet,valid,season,冬(12-2),640,0.044482281741251975,0.06366117314926,0.9708303194914711,0.0060389549570566085,0.17065785327002783,
strict,price,F_lag,elasticnet,valid,season,夏(6-8),620,0.03529895327783419,0.04935633268045903,0.9323818256166939,0.00867935496340108,0.25982515815778906,
strict,price,F_lag,elasticnet,valid,season,春(3-5),600,0.027266087461924816,0.034753435496306176,0.9538999455024284,0.00847524504604934,0.2145302334716694,
strict,price,F_lag,elasticnet,valid,season,秋(9-11),640,0.049018106473051694,0.07375804698532246,0.9636373992496476,-0.00417275309613282,0.19054076778128082,
strict,price,F_lag,elasticnet,valid,period,normal,2360,0.03941974884278076,0.05803652659346716,0.9686473345464821,0.004729778482114173,0.17702932080811734,
strict,price,F_lag,elasticnet,valid,period,extreme,140,0.03610460498288451,0.05081507445343775,0.947756445457243,0.003560279129571781,0.22775071085733858,
strict,price,F_lag,elasticnet,valid,overall,all,2500,0.03923410078662657,0.057656037740239974,0.9680970725132887,0.0046642865183718,0.17857817984209773,
strict,price,F_lag,gam,valid,crop,土豆,250,0.054628181765129825,0.0666883032791993,0.3627485294889846,-0.04347566330911755,0.7966821603556661,
strict,price,F_lag,gam,valid,crop,尖椒,250,0.03561564226568086,0.04630506753448554,0.9335211050161198,-0.0006502029405834659,0.25731882831216335,
strict,price,F_lag,gam,valid,crop,甘蓝,250,0.05652403206526615,0.07257230524997632,0.9716023113267845,-0.025230969870379195,0.16817876773993368,
strict,price,F_lag,gam,valid,crop,芸豆,250,0.042265756411804384,0.059121793620204054,0.9223157821396005,-0.012790850223533871,0.2781608904734054,
strict,price,F_lag,gam,valid,crop,芹菜,250,0.04673817318797859,0.06605008349973941,0.9455873734827722,0.007530887588342235,0.2327981443464678,
strict,price,F_lag,gam,valid,crop,茄子,250,0.043850929434653296,0.06432101494298414,0.972943568010492,-0.005343070441456294,0.16415908826973302,
strict,price,F_lag,gam,valid,crop,西红柿,250,0.04070181893875626,0.05284652034036916,0.9714505465142487,-0.006834500220314581,0.1686275649821473,
strict,price,F_lag,gam,valid,crop,青椒,250,0.03897716203593614,0.05156991621808965,0.9491387817906152,-0.010350502283874376,0.22507281785357225,
strict,price,F_lag,gam,valid,crop,韭菜,250,0.055421592323584006,0.0729905276670843,0.9342824666324697,0.022272723824464522,0.255841089807834,
strict,price,F_lag,gam,valid,crop,黄瓜,250,0.06251440700213248,0.08850025454946675,0.960615519149745,-0.004658940690907492,0.19805792821004156,
strict,price,F_lag,gam,valid,season,冬(12-2),640,0.053893486377414965,0.07211955170831025,0.9625640865705194,-0.018557608988813007,0.193332407564658,
strict,price,F_lag,gam,valid,season,夏(6-8),620,0.047793652937131496,0.0629504358658797,0.8900044391801142,-0.0021841926250088938,0.3313882143725317,
strict,price,F_lag,gam,valid,season,春(3-5),600,0.03512660318750219,0.044618652973620956,0.9240130761475962,-0.016557662234085876,0.275427447759508,
strict,price,F_lag,gam,valid,season,秋(9-11),640,0.053296196629159506,0.07537608883559073,0.9620245159965499,0.005129522467120855,0.1947206905023056,
strict,price,F_lag,gam,valid,period,normal,2360,0.04754795217560266,0.06510402636716661,0.9605463361566094,-0.00813049531494011,0.19858737671166227,
strict,price,F_lag,gam,valid,period,extreme,140,0.05068754802363014,0.06619480692939826,0.9113465941333263,-0.004962879989866812,0.2966819294351111,
strict,price,F_lag,gam,valid,overall,all,2500,0.047723769543092195,0.06516559267948176,0.959245304830756,-0.007953108856736005,0.20183754182801644,
strict,price,F_lag,lightgbm,valid,crop,土豆,250,0.03829911675308428,0.04697362359528335,0.6838307440868746,-0.005580022644976235,0.5611635936957001,
strict,price,F_lag,lightgbm,valid,crop,尖椒,250,0.04959618935042318,0.06303154026290311,0.8768193226808092,0.006121924249919311,0.35026840367054823,
strict,price,F_lag,lightgbm,valid,crop,甘蓝,250,0.06283561717805995,0.09207284453104926,0.954290730819591,-0.018715829947467767,0.21336923888810064,
strict,price,F_lag,lightgbm,valid,crop,芸豆,250,0.05336446310735414,0.07048463575365355,0.8895853970978312,0.00609167050250389,0.3316216888120559,
strict,price,F_lag,lightgbm,valid,crop,芹菜,250,0.046834715006944846,0.06482031332670084,0.9475947013909698,0.004685770711648341,0.22846373325890054,
strict,price,F_lag,lightgbm,valid,crop,茄子,250,0.06947669438787576,0.09506429365542785,0.9408983510000603,0.0021362354692739806,0.24262160333313268,
strict,price,F_lag,lightgbm,valid,crop,西红柿,250,0.06696332784585389,0.09898521821931595,0.8998373755085012,-0.010854738278771358,0.3158511896345062,
strict,price,F_lag,lightgbm,valid,crop,青椒,250,0.05539049271464869,0.06700713974831456,0.9141310669623294,0.011029100882204698,0.2924473581783907,
strict,price,F_lag,lightgbm,valid,crop,韭菜,250,0.057653841477514345,0.07879994966152794,0.923405051612343,0.010545680356109184,0.27620385332957675,
strict,price,F_lag,lightgbm,valid,crop,黄瓜,250,0.06381881494452821,0.0967778619313324,0.9529035543978763,-0.005630785641543418,0.21658268587242885,
strict,price,F_lag,lightgbm,valid,season,冬(12-2),640,0.06844034235522688,0.0990396603521444,0.929400653360855,-0.04221038515929555,0.265497712155908,
strict,price,F_lag,lightgbm,valid,season,夏(6-8),620,0.05062089884365755,0.06751989417856188,0.8734561098231193,0.025371266461587383,0.35544308563848637,
strict,price,F_lag,lightgbm,valid,season,春(3-5),600,0.03668549079853117,0.04568221616037705,0.9203473401806745,0.0198898735477033,0.2819927399531649,
strict,price,F_lag,lightgbm,valid,season,秋(9-11),640,0.06853163644068787,0.09122001738208747,0.9443818650443545,-0.0010815803408310081,0.23565065588658418,
strict,price,F_lag,lightgbm,valid,period,normal,2360,0.05650957371259075,0.07954822379330412,0.94109765069123,-0.0017192245948575578,0.24264663749201557,
strict,price,F_lag,lightgbm,valid,period,extreme,140,0.05496945878469751,0.07309161080111042,0.891910713184233,0.028675867561349946,0.3275930714794937,
strict,price,F_lag,lightgbm,valid,overall,all,2500,0.05642332727662873,0.07920056738228681,0.9397998552165655,-1.7099434109938196e-05,0.2453081016304213,
strict,price,F_now,baseline_mean,valid,crop,土豆,250,0.1770606531203428,0.19577895499041392,-4.492164319915904,0.1770606531203428,2.338844941982311,
strict,price,F_now,baseline_mean,valid,crop,尖椒,250,0.17265864508039955,0.20494538096963608,-0.30227594173639405,0.09873893017996233,1.1388884220894724,
strict,price,F_now,baseline_mean,valid,crop,甘蓝,250,0.36784733935663183,0.43973013301395303,-0.04259013373119047,0.08887588199426852,1.0190288382554566,
strict,price,F_now,baseline_mean,valid,crop,芸豆,250,0.1840690958972465,0.22069626422472494,-0.0824991375245665,0.06092645457876436,1.0383492384426678,
strict,price,F_now,baseline_mean,valid,crop,芹菜,250,0.2758895242099801,0.31619388848016483,-0.24698115693573874,0.14071987359400695,1.1144475009205215,
strict,price,F_now,baseline_mean,valid,crop,茄子,250,0.3849588992102793,0.4287889157655428,-0.2024079736351736,0.17592656983003752,1.0943483639776839,
strict,price,F_now,baseline_mean,valid,crop,西红柿,250,0.2412408632357986,0.3137118638276529,-0.006066971858093462,-0.024361469815751973,1.001020830937429,
strict,price,F_now,baseline_mean,valid,crop,青椒,250,0.22280979616460297,0.2665200691541546,-0.3584815387998297,0.1369104016056614,1.1632057481996168,
strict,price,F_now,baseline_mean,valid,crop,韭菜,250,0.24698029979891178,0.3155183709906193,-0.2279976898308349,0.13595372126727612,1.105932049934132,
strict,price,F_now,baseline_mean,valid,crop,黄瓜,250,0.3204421122924297,0.44979265875695956,-0.01732756293749138,-0.058701702860511774,1.0066072981484593,
strict,price,F_now,baseline_mean,valid,season,冬(12-2),640,0.3152277816744331,0.38180436958281067,-0.049214263797424884,0.06994363008506682,1.0235110485530878,
strict,price,F_now,baseline_mean,valid,season,夏(6-8),620,0.20108471570706304,0.24603976897448912,-0.6803056839682424,0.17028946068060685,1.295220256755672,
strict,price,F_now,baseline_mean,valid,season,春(3-5),600,0.2396445868541636,0.2735550750190352,-1.8562453226476023,0.23480655883380905,1.6886340378473137,
strict,price,F_now,baseline_mean,valid,season,秋(9-11),640,0.2785691421392833,0.3825513003848098,0.021827418150381472,-0.090960930942485,0.9882530987507596,
strict,price,F_now,baseline_mean,valid,period,normal,2360,0.2637397480015334,0.33324255105724904,-0.03369530573097679,0.0922455952022631,1.016492645937735,
strict,price,F_now,baseline_mean,valid,period,extreme,140,0.18616787005740684,0.22848751226182512,-0.056264110323601235,0.10937659782980812,1.0240700008683161,
strict,price,F_now,baseline_mean,valid,overall,all,2500,0.2593957228366623,0.3282610710683079,-0.034140899530837876,0.09320493134940562,1.0167237791903097,
strict,price,F_now,baseline_seasonal_naive,valid,crop,土豆,250,0.1837945400734495,0.2374418294624891,-7.078411468936453,0.14884629718546852,2.8365644401389347,
strict,price,F_now,baseline_seasonal_naive,valid,crop,尖椒,250,0.31127131294197646,0.3687523478351551,-3.2159585885856856,0.07374692068389486,2.0491692839371134,
strict,price,F_now,baseline_seasonal_naive,valid,crop,甘蓝,250,0.4728468469924986,0.6227309968516493,-1.0909426612154611,-0.03461057401509396,1.443114302669958,
strict,price,F_now,baseline_seasonal_naive,valid,crop,芸豆,250,0.18018101310864704,0.21898676018213092,-0.06579410114000028,0.022481485933595544,1.0303062286211029,
strict,price,F_now,baseline_seasonal_naive,valid,crop,芹菜,250,0.3674909613987892,0.4817513824212902,-1.8946688467171588,0.02483311214893766,1.697966481215189,
strict,price,F_now,baseline_seasonal_naive,valid,crop,茄子,250,0.3786059752101372,0.46895841500199814,-0.4382467904051177,0.13903634479776786,1.196868331623616,
strict,price,F_now,baseline_seasonal_naive,valid,crop,西红柿,250,0.22799064244929823,0.318136071244449,-0.034643736358180854,-0.05627218711216338,1.0151380011667124,
strict,price,F_now,baseline_seasonal_naive,valid,crop,青椒,250,0.25255875552637913,0.2916429412628477,-0.6266602171787896,0.14230924512594265,1.2728525351783977,
strict,price,F_now,baseline_seasonal_naive,valid,crop,韭菜,250,0.277108692116922,0.38106650603291226,-0.7912236047057213,0.08849148479015385,1.3356866063141077,
strict,price,F_now,baseline_seasonal_naive,valid,crop,黄瓜,250,0.37059151445755073,0.49883779501217085,-0.2512808187993698,-0.06780531047044207,1.1163671866926994,
strict,price,F_now,baseline_seasonal_naive,valid,season,冬(12-2),640,0.30502898909392523,0.42887540542681596,-0.3238679872398491,-0.10417625843745397,1.1496953698740318,
strict,price,F_now,baseline_seasonal_naive,valid,season,夏(6-8),620,0.24632363222121847,0.3325574555541481,-2.069806862959016,0.21246688309209508,1.7506728882253093,
strict,price,F_now,baseline_seasonal_naive,valid,season,春(3-5),600,0.27088524763000743,0.33961374263553146,-3.4022678738432415,0.24833935703389495,2.0964090156074433,
strict,price,F_now,baseline_seasonal_naive,valid,season,秋(9-11),640,0.38303079686506236,0.49940347776795746,-0.6670139917728999,-0.1465563618288282,1.2901198713339606,
strict,price,F_now,baseline_seasonal_naive,valid,period,normal,2360,0.30576892087175794,0.412290610123808,-0.5822624840716528,0.04049126410169296,1.2576136266224764,
strict,price,F_now,baseline_seasonal_naive,valid,period,extreme,140,0.24282435936830865,0.31561931377814445,-1.0154625268123287,0.17646301062157152,1.4145905294135566,
strict,price,F_now,baseline_seasonal_naive,valid,overall,all,2500,0.3022440254275648,0.4074836676753306,-0.5935341063270985,0.04810568190680616,1.2621001119897612,
strict,price,F_now,baseline_persistence,valid,crop,土豆,250,0.012452615296666393,0.02007802486013274,0.9422365019297615,-0.0005090909090909092,0.23985921720450426,
strict,price,F_now,baseline_persistence,valid,crop,尖椒,250,0.03031517510921519,0.04094669813567269,0.9480166191051089,-0.0019337321675103544,0.22754218811313093,
strict,price,F_now,baseline_persistence,valid,crop,甘蓝,250,0.034792912587372334,0.053778721413132904,0.9844058358376852,-0.005307407407407407,0.12462659228938891,
strict,price,F_now,baseline_persistence,valid,crop,芸豆,250,0.034668572611802305,0.05383255364048582,0.9355938173984187,-0.0012870879120879116,0.2532756558992098,
strict,price,F_now,baseline_persistence,valid,crop,芹菜,250,0.034324046497238414,0.054104464776281884,0.9634893841674096,-0.0004155706124618037,0.19069497468276397,
strict,price,F_now,baseline_persistence,valid,crop,茄子,250,0.036663915392708614,0.058654077616178635,0.9775011061817104,-0.003977972465581976,0.14969601946283165,
strict,price,F_now,baseline_persistence,valid,crop,西红柿,250,0.028834678288541176,0.04189609972594278,0.9820562919244169,-0.0038991596638655464,0.13368595005938638,
strict,price,F_now,baseline_persistence,valid,crop,青椒,250,0.02936862789665133,0.042454930100643766,0.9655292949245603,-0.001424394319131161,0.18529118234589032,
strict,price,F_now,baseline_persistence,valid,crop,韭菜,250,0.03619715706193212,0.05703776355755116,0.9598696243698334,-0.0013369565217391305,0.1999246211141738,
strict,price,F_now,baseline_persistence,valid,crop,黄瓜,250,0.05472020295530727,0.08665298308163223,0.962242509500656,-0.0018765178284612914,0.19392385241982643,
strict,price,F_now,baseline_persistence,valid,season,冬(12-2),640,0.032372013345344085,0.054329807887186304,0.9787549021353082,0.0009305187804175471,0.14564306505727687,
strict,price,F_now,baseline_persistence,valid,season,夏(6-8),620,0.032849124752639805,0.04811900190423832,0.9357296157513314,-0.0001871298363644881,0.2533115124477963,
strict,price,F_now,baseline_persistence,valid,season,春(3-5),600,0.023619875992141548,0.032429499858610454,0.9598591600948638,-0.004255484145203165,0.2001847609217402,
strict,price,F_now,baseline_persistence,valid,season,秋(9-11),640,0.043481256939714,0.07052945216666688,0.9667511107578798,-0.00534092732130269,0.18220026853075544,
strict,price,F_now,baseline_persistence,valid,period,normal,2360,0.03311931207962319,0.05350053658364693,0.9733567058993584,-0.001959952149365393,0.16319315111009702,
strict,price,F_now,baseline_persistence,valid,period,extreme,140,0.03516356726034333,0.052389612248707376,0.9444686855509172,-0.006189181280943181,0.2348077132528186,
strict,price,F_now,baseline_persistence,valid,overall,all,2500,0.03323379036974351,0.05343893526185494,0.9725933128002215,-0.0021967889807337493,0.16551653852379397,
strict,price,F_now,elasticnet,valid,crop,土豆,250,0.020619485370294382,0.026078207196566883,0.9025533365794499,-0.0065942426925498015,0.3115395268129999,
strict,price,F_now,elasticnet,valid,crop,尖椒,250,0.036050280986458405,0.04571015000721161,0.935218344668032,0.01563033332101326,0.25401285146748026,
strict,price,F_now,elasticnet,valid,crop,甘蓝,250,0.04514745801319241,0.06509559368056186,0.9771522025084672,-0.02217337639932326,0.1508522664780568,
strict,price,F_now,elasticnet,valid,crop,芸豆,250,0.04238372126266485,0.058397532554204365,0.924207437552803,0.015933314981880872,0.27475332972942884,
strict,price,F_now,elasticnet,valid,crop,芹菜,250,0.03694644212934447,0.0564950218000468,0.9601917295567481,0.0012710781285729818,0.19912066030796205,
strict,price,F_now,elasticnet,valid,crop,茄子,250,0.04438392157746639,0.06495680951188217,0.9724060344357907,0.004017530631976836,0.16578175322378674,
strict,price,F_now,elasticnet,valid,crop,西红柿,250,0.03631818028353855,0.04912420528107512,0.9753307423470138,0.0023153170985322023,0.15675005780660584,
strict,price,F_now,elasticnet,valid,crop,青椒,250,0.038655772535526677,0.04947254678263044,0.9531917459677689,0.01888982500428543,0.21591901494797103,
strict,price,F_now,elasticnet,valid,crop,韭菜,250,0.0404643152236373,0.058725356400552625,0.9574597958177242,0.007834061975153987,0.20583984882803097,
strict,price,F_now,elasticnet,valid,crop,黄瓜,250,0.05807534759615164,0.08902239137056157,0.9601494244455092,-0.005413705381412561,0.1992264371319048,
strict,price,F_now,elasticnet,valid,season,冬(12-2),640,0.04466881871501902,0.06421837925517287,0.9703174588495401,0.0010010304756626724,0.17215156746283874,
strict,price,F_now,elasticnet,valid,season,夏(6-8),620,0.03587614759082104,0.04997903463802598,0.9306648591691216,0.007359641426994251,0.26310323061218865,
strict,price,F_now,elasticnet,valid,season,春(3-5),600,0.028327387387826412,0.03579285763849951,0.9511011438836633,0.010150425599368835,0.22094650488932707,
strict,price,F_now,elasticnet,valid,season,秋(9-11),640,0.04989616144992455,0.07457089862599897,0.9628315137965293,-0.005259934971483381,0.1926406251126117,
strict,price,F_now,elasticnet,valid,period,normal,2360,0.04001029987288755,0.05868077237813362,0.9679473983430718,0.003226384515547917,0.1789944693169503,
strict,price,F_now,elasticnet,valid,period,extreme,140,0.03812088246110105,0.0527229879407352,0.9437597017784888,0.0022376193595671436,0.23630188701244706,
strict,price,F_now,elasticnet,valid,overall,all,2500,0.03990449249782751,0.05836321401261746,0.9673096665657203,0.0031710136668129936,0.18076851855593118,
strict,price,F_now,gam,valid,crop,土豆,250,0.05691116668116726,0.07007735406706357,0.2963334579654924,-0.04106038326739352,0.837168964944574,
strict,price,F_now,gam,valid,crop,尖椒,250,0.037725944151855616,0.04994415277342383,0.9226614458143371,-0.0001518408664583397,0.27754134821485665,
strict,price,F_now,gam,valid,crop,甘蓝,250,0.060672334615028876,0.07731726522485566,0.9677674900800257,-0.025054086038879573,0.1791747188648399,
strict,price,F_now,gam,valid,crop,芸豆,250,0.0476725018907172,0.06496170618898725,0.9062108842746615,-0.011996808750895248,0.30563697299645726,
strict,price,F_now,gam,valid,crop,芹菜,250,0.051762550266254585,0.07181217168605449,0.935679550762212,0.007881964054578717,0.25310702764016035,
strict,price,F_now,gam,valid,crop,茄子,250,0.04713212507432512,0.06751619179708106,0.9701887200102748,-0.003817007406419502,0.17231376865986753,
strict,price,F_now,gam,valid,crop,西红柿,250,0.04593958588062507,0.058713510481819484,0.9647595779437907,-0.0070865278491443855,0.18734849977511006,
strict,price,F_now,gam,valid,crop,青椒,250,0.04091214949065504,0.05509712621976657,0.9419433729208084,-0.009351250286553583,0.24046704674627406,
strict,price,F_now,gam,valid,crop,韭菜,250,0.057802716335628224,0.07731991287052678,0.9262552751303187,0.022680531060198326,0.27101613599600033,
strict,price,F_now,gam,valid,crop,黄瓜,250,0.06454692549348684,0.08939666760643487,0.9598136330347892,-0.004124119819710158,0.20006404348945359,
strict,price,F_now,gam,valid,season,冬(12-2),640,0.05645518478593116,0.07491497968510401,0.959605733214811,-0.0242997037043747,0.20082617046425272,
strict,price,F_now,gam,valid,season,夏(6-8),620,0.05470003045054505,0.07139733537991105,0.858504807967085,0.003826433313984547,0.3758549906296962,
strict,price,F_now,gam,valid,season,春(3-5),600,0.03727262432374775,0.046722404797673825,0.916678643988367,-0.013951084834504655,0.28841374288502103,
strict,price,F_now,gam,valid,season,秋(9-11),640,0.05525091911461475,0.0778701751336773,0.9594698302069475,0.005515922381504475,0.20116371790845092,
strict,price,F_now,gam,valid,period,normal,2360,0.050665601246781475,0.06872940645964128,0.9560299631137322,-0.007771898026016379,0.20964590507497585,
strict,price,F_now,gam,valid,period,extreme,140,0.05856200733951198,0.07535321619989696,0.8851182157127961,0.0022985503480667116,0.33772947770919237,
strict,price,F_now,gam,valid,overall,all,2500,0.051107799987974385,0.0691171206108842,0.9541528625634667,-0.007207952917067727,0.2140766184840343,
strict,price,F_now,lightgbm,valid,crop,土豆,250,0.027289724680777602,0.034931387517759496,0.8251590394787025,-0.00529364566864075,0.41730276380490505,
strict,price,F_now,lightgbm,valid,crop,尖椒,250,0.045434804954973276,0.05729926620662483,0.8982053698827528,0.003506925257589326,0.31841396262849114,
strict,price,F_now,lightgbm,valid,crop,甘蓝,250,0.06499133550722291,0.09734796212153941,0.9489030608637786,-0.026976248094055164,0.22559377513503445,
strict,price,F_now,lightgbm,valid,crop,芸豆,250,0.05000014905291806,0.06880908183310996,0.8947725318823768,0.000581889533105695,0.32373841020977523,
strict,price,F_now,lightgbm,valid,crop,芹菜,250,0.04522397790100002,0.06393509786872062,0.9490162686987478,-0.000618490497868657,0.22534372939145023,
strict,price,F_now,lightgbm,valid,crop,茄子,250,0.06446874516930867,0.09025975024757021,0.9467213757597027,-0.0038551784823411665,0.2303595227971617,
strict,price,F_now,lightgbm,valid,crop,西红柿,250,0.07203255159121624,0.10604466240263448,0.8850410910028623,-0.01344745680368472,0.3383771170767154,
strict,price,F_now,lightgbm,valid,crop,青椒,250,0.052527388907599955,0.06661735626019039,0.9151271680728372,0.005962169782524495,0.2907461789937302,
strict,price,F_now,lightgbm,valid,crop,韭菜,250,0.058089174809932934,0.07810545214807123,0.9247492297831841,0.01126245686226181,0.27376955114831275,
strict,price,F_now,lightgbm,valid,crop,黄瓜,250,0.0707446750195321,0.10736022220558888,0.9420407324040619,-0.010647982136568281,0.24026533359091629,
strict,price,F_now,lightgbm,valid,season,冬(12-2),640,0.0728587555069444,0.10449044384608876,0.9214157441166806,-0.027681271406346564,0.28010974275005457,
strict,price,F_now,lightgbm,valid,season,夏(6-8),620,0.047415694733604095,0.06454089931492552,0.8843760769803272,0.017039978306602296,0.33976084651009164,
strict,price,F_now,lightgbm,valid,season,春(3-5),600,0.03333660275877385,0.041671016044977624,0.9337212768400307,0.015906289764496605,0.25723191602398277,
strict,price,F_now,lightgbm,valid,season,秋(9-11),640,0.0651114624751206,0.09230234681002787,0.9430542120405646,-0.019178026204138974,0.23844666104969642,
strict,price,F_now,lightgbm,valid,period,normal,2360,0.055370056152619224,0.08091706378226968,0.9390530644873587,-0.005218826087641497,0.24682202199148767,
strict,price,F_now,lightgbm,valid,period,extreme,140,0.05019499556027915,0.06614637152852183,0.9114762838320638,0.017393139320818395,0.29646484430635917,
strict,price,F_now,lightgbm,valid,overall,all,2500,0.055080252759448174,0.08016187623451461,0.9383296096715974,-0.003952556024767743,0.2482855657751196,
strict,volume,F_wx,baseline_mean,valid,crop,土豆,250,0.05528681664656628,0.0714724876638934,-0.14558260433992953,0.02547888598349613,1.0681761436778905,
strict,volume,F_wx,baseline_mean,valid,crop,尖椒,250,0.03681031329351923,0.05271955378524638,-0.0009320752473909177,-0.0016087735221960114,0.9984629922768301,
strict,volume,F_wx,baseline_mean,valid,crop,甘蓝,250,0.06645898383068899,0.08590313660015787,-0.2092521320371885,-0.03573432118200709,1.0974584837291295,
strict,volume,F_wx,baseline_mean,valid,crop,芸豆,250,0.05398934874426565,0.08041447100848899,-0.0610267192189069,0.019285506998672732,1.0279993250688597,
strict,volume,F_wx,baseline_mean,valid,crop,芹菜,250,0.05995961525519672,0.08999417046233356,-0.2518987716296448,0.040368517102289066,1.1166428151128394,
strict,volume,F_wx,baseline_mean,valid,crop,茄子,250,0.039442622119930375,0.053069587669200155,-0.020800519797675054,0.007575518551382675,1.0083240142526033,
strict,volume,F_wx,baseline_mean,valid,crop,西红柿,250,0.09711016857711245,0.11517427320630236,-1.8307067534360897,0.09262269891667309,1.6791021191167455,
strict,volume,F_wx,baseline_mean,valid,crop,青椒,250,0.05424901885805952,0.07708921552845198,-0.07298543842143457,0.02010549744386346,1.0337763281618266,
strict,volume,F_wx,baseline_mean,valid,crop,韭菜,250,0.061981150894906016,0.09485358566809217,-9.13374094158037e-06,0.0002866659522902175,0.9980025537071425,
strict,volume,F_wx,baseline_mean,valid,crop,黄瓜,250,0.03948018676220266,0.05929878767334226,-0.17128379292706764,0.02267633599541036,1.0800919672673062,
strict,volume,F_wx,baseline_mean,valid,season,冬(12-2),640,0.08462839368743988,0.12076806856475306,0.17000115359128132,0.053391316247324815,0.9103306944243971,
strict,volume,F_wx,baseline_mean,valid,season,夏(6-8),620,0.047610857106458945,0.062225168739035386,0.5052811556215451,-0.002189238952679201,0.7027950702434456,
strict,volume,F_wx,baseline_mean,valid,season,春(3-5),600,0.04530661483717808,0.057623780087500166,0.6601051352003392,0.015799187769200345,0.5825189896976132,
strict,volume,F_wx,baseline_mean,valid,season,秋(9-11),640,0.04738622496459226,0.06079275683196065,0.4258514762919039,0.00854922836065887,0.7571336847874371,
strict,volume,F_wx,baseline_mean,valid,period,normal,2360,0.05716253329210849,0.08140025499377639,0.4016571573775385,0.020162738810169948,0.7733623390879952,
strict,volume,F_wx,baseline_mean,valid,period,extreme,140,0.04491769768739952,0.05702115415554457,0.5491723805549567,0.0012862104854826878,0.6690346942896855,
strict,volume,F_wx,baseline_mean,valid,overall,all,2500,0.05647682249824478,0.0802310694276838,0.4081710983230389,0.019105653223987464,0.7691502909810868,
strict,volume,F_wx,baseline_seasonal_naive,valid,crop,土豆,250,0.07331197525460874,0.0979164762940011,-1.1501074593821974,-0.005749711400233588,1.463388885274406,
strict,volume,F_wx,baseline_seasonal_naive,valid,crop,尖椒,250,0.044461156287581856,0.05919277614012512,-0.2618233878743266,-0.013076945042480663,1.1210602545460386,
strict,volume,F_wx,baseline_seasonal_naive,valid,crop,甘蓝,250,0.06670476654868045,0.085571618327105,-0.19993662537462487,-0.04127656128833932,1.0932231606003995,
strict,volume,F_wx,baseline_seasonal_naive,valid,crop,芸豆,250,0.04289608313979484,0.06535788418682648,0.29910353307381243,0.0020912383836416623,0.8355195276344428,
strict,volume,F_wx,baseline_seasonal_naive,valid,crop,芹菜,250,0.06157623079993961,0.08780920610120058,-0.19184713904211415,0.02713161362010195,1.0895318951209945,
strict,volume,F_wx,baseline_seasonal_naive,valid,crop,茄子,250,0.05192845397850185,0.07202344310042688,-0.8801704123471923,-0.010028143145347309,1.3684479276530048,
strict,volume,F_wx,baseline_seasonal_naive,valid,crop,西红柿,250,0.08324305967716057,0.10376725033887434,-1.297759328263668,0.0663667472626224,1.5128014710961293,
strict,volume,F_wx,baseline_seasonal_naive,valid,crop,青椒,250,0.06662264754658902,0.08653621275126618,-0.35207986229245414,0.0026023314608120424,1.160461780001084,
strict,volume,F_wx,baseline_seasonal_naive,valid,crop,韭菜,250,0.06310729395346942,0.08255145317298658,0.24256406334067881,-0.016810949416467238,0.8685655950546765,
strict,volume,F_wx,baseline_seasonal_naive,valid,crop,黄瓜,250,0.05464352792117462,0.08084891639715722,-1.177303205038732,0.013131524360786177,1.4726146788004584,
strict,volume,F_wx,baseline_seasonal_naive,valid,season,冬(12-2),640,0.0822419220620457,0.11492655737291113,0.24835280252264547,-0.020441955289581582,0.866298302394329,
strict,volume,F_wx,baseline_seasonal_naive,valid,season,夏(6-8),620,0.05106677291091175,0.06685288830967288,0.428959858850934,0.005845590562600098,0.7550623210459794,
strict,volume,F_wx,baseline_seasonal_naive,valid,season,春(3-5),600,0.05732989114012497,0.07095121540146793,0.484699227823544,0.016595371900511222,0.7172460788015239,
strict,volume,F_wx,baseline_seasonal_naive,valid,season,秋(9-11),640,0.05223380432550895,0.069068638970891,0.25889051383874995,0.008744762960917887,0.860204337694901,
strict,volume,F_wx,baseline_seasonal_naive,valid,period,normal,2360,0.06104017363776288,0.08371575598941704,0.3671322334973427,0.002206898639219727,0.7953613029276804,
strict,volume,F_wx,baseline_seasonal_naive,valid,period,extreme,140,0.05763563565539179,0.07358477401168391,0.24921700306686545,0.0063357529301105164,0.8633772415582628,
strict,volume,F_wx,baseline_seasonal_naive,valid,overall,all,2500,0.060849519510750086,0.08318104174717932,0.3638497269791856,0.002438114479509611,0.7974307574401718,
strict,volume,F_wx,baseline_persistence,valid,crop,土豆,250,0.02032197384942365,0.034075832702574874,0.7395996472116382,-0.00035208711433756877,0.5092727671662881,
strict,volume,F_wx,baseline_persistence,valid,crop,尖椒,250,0.027867697085805575,0.04305182814494984,0.332510634236576,-0.0002790697674418605,0.8153645861210617,
strict,volume,F_wx,baseline_persistence,valid,crop,甘蓝,250,0.02640824867853477,0.03754970381197027,0.7689468733096809,-0.00028072033898305103,0.47971753583078214,
strict,volume,F_wx,baseline_persistence,valid,crop,芸豆,250,0.028251148929195054,0.042530404643978136,0.7032047600934175,-0.0001132075471698113,0.5436985000411129,
strict,volume,F_wx,baseline_persistence,valid,crop,芹菜,250,0.0270278217075344,0.0421662297532402,0.7251662911697466,-0.0003171681415929206,0.523196305410247,
strict,volume,F_wx,baseline_persistence,valid,crop,茄子,250,0.02769017954249461,0.03993949387492726,0.4218313091048044,0.00028063241106719337,0.7588517748095571,
strict,volume,F_wx,baseline_persistence,valid,crop,西红柿,250,0.029278629329940638,0.04157552384206242,0.6311418530229411,-0.00019869281045751652,0.606121039388298,
strict,volume,F_wx,baseline_persistence,valid,crop,青椒,250,0.03512229976284635,0.05456701259477687,0.4623905036625673,-0.00032981715893108324,0.7317506804589136,
strict,volume,F_wx,baseline_persistence,valid,crop,韭菜,250,0.03244515271429681,0.048119792923744874,0.7426382739263916,-0.0003822966507177039,0.5062926813309807,
strict,volume,F_wx,baseline_persistence,valid,crop,黄瓜,250,0.029100672862250144,0.04692446472545292,0.26655228592855273,0.00016489795918367368,0.8547010724312691,
strict,volume,F_wx,baseline_persistence,valid,season,冬(12-2),640,0.034562735555364786,0.05438098325051987,0.8317064937224664,-0.0005876990892373883,0.4099152932911566,
strict,volume,F_wx,baseline_persistence,valid,season,夏(6-8),620,0.026316805894982004,0.038451000895994965,0.8110958122366474,-0.0002543621931123024,0.434280443480409,
strict,volume,F_wx,baseline_persistence,valid,season,春(3-5),600,0.02617207210628866,0.03990243684812332,0.8370178838425069,0.0007542142279561722,0.4033738703699467,
strict,volume,F_wx,baseline_persistence,valid,season,秋(9-11),640,0.02615412881482031,0.03838288412918159,0.7711263551267837,-0.0005790294527770461,0.4780335028040419,
strict,volume,F_wx,baseline_persistence,valid,period,normal,2360,0.0284945360377119,0.043736179690067316,0.8272650335307584,-5.901118001501778e-05,0.41552590013961754,
strict,volume,F_wx,baseline_persistence,valid,period,extreme,140,0.025938221904145877,0.03714735712435977,0.8086650313029246,-0.0022329707500694305,0.4358535193723222,
strict,volume,F_wx,baseline_persistence,valid,overall,all,2500,0.028351382446232195,0.04339365721644878,0.8268735133676391,-0.00018075291593806488,0.4160014856195923,
strict,volume,F_wx,elasticnet,valid,crop,土豆,250,0.10296149392428591,0.12202881833686097,-2.3394383104217584,-0.10145676305272885,1.823754522182213,
strict,volume,F_wx,elasticnet,valid,crop,尖椒,250,0.039238320151353645,0.050594796779373064,0.07812324003587368,-0.011928793389444227,0.9582219225859268,
strict,volume,F_wx,elasticnet,valid,crop,甘蓝,250,0.06586667316291175,0.08669011882431547,-0.23151020500780595,-0.045487901291039204,1.1075126022704098,
strict,volume,F_wx,elasticnet,valid,crop,芸豆,250,0.04633044848659613,0.06479862713113653,0.31104713370866244,0.0087624103567738,0.8283701194672416,
strict,volume,F_wx,elasticnet,valid,crop,芹菜,250,0.05755078982100306,0.0746692622685851,0.1381648991088248,0.030174215234311307,0.9264921804783949,
strict,volume,F_wx,elasticnet,valid,crop,茄子,250,0.05115499782460308,0.06917429282594878,-0.7343586547555863,-0.03305630182262555,1.3143139731953561,
strict,volume,F_wx,elasticnet,valid,crop,西红柿,250,0.09411951800635203,0.10823639246412348,-1.4999454816015336,0.08233030177947509,1.5779561779958045,
strict,volume,F_wx,elasticnet,valid,crop,青椒,250,0.05464046920631592,0.07231158368949236,0.05589059971148391,0.009619000325008287,0.9697076686751332,
strict,volume,F_wx,elasticnet,valid,crop,韭菜,250,0.051444587971881,0.07273610688296568,0.41197395067739484,-0.01007613290957116,0.7652933719334795,
strict,volume,F_wx,elasticnet,valid,crop,黄瓜,250,0.05097617388378424,0.06682527898250558,-0.48748318797973655,0.006075057065106819,1.2171825069511217,
strict,volume,F_wx,elasticnet,valid,season,冬(12-2),640,0.08542511077780758,0.11034386016053363,0.3071015449905595,-0.030598246183469013,0.8317546520299651,
strict,volume,F_wx,elasticnet,valid,season,夏(6-8),620,0.053773995016692264,0.07003289036113765,0.37334228778534795,0.0028132203490289147,0.7909784914706243,
strict,volume,F_wx,elasticnet,valid,season,春(3-5),600,0.05181482001451078,0.06692735113027316,0.54149044767135,-0.0016010242069034925,0.6765688211419704,
strict,volume,F_wx,elasticnet,valid,season,秋(9-11),640,0.0538594192076862,0.06886947420957559,0.26315844452152704,0.003965732092157689,0.8577238719704833,
strict,volume,F_wx,elasticnet,valid,period,normal,2360,0.06201353351249028,0.08207328302505497,0.3917218985757489,-0.007605637312601078,0.7797566007838731,
strict,volume,F_wx,elasticnet,valid,period,extreme,140,0.05156377871639024,0.0686302549594035,0.3469149651183012,0.012057693796822321,0.8052453922720707,
strict,volume,F_wx,elasticnet,valid,overall,all,2500,0.06142834724390867,0.08137919095586148,0.3911115394065561,-0.006504490770473367,0.7801569747231685,
strict,volume,F_wx,gam,valid,crop,土豆,250,0.0827932156442198,0.10143320638221917,-1.3073257968195011,-0.006607692755934497,1.515947391446096,
strict,volume,F_wx,gam,valid,crop,尖椒,250,0.06764423877127942,0.08445702657310059,-1.5688144167133213,-0.03358747357151906,1.5995434220572031,
strict,volume,F_wx,gam,valid,crop,甘蓝,250,0.08520931867972928,0.11351297117258187,-1.111493754996927,-0.06770503592860332,1.4501888773456164,
strict,volume,F_wx,gam,valid,crop,芸豆,250,0.05459255996255993,0.06873011002090888,0.22491027422927135,-0.0126960558961061,0.8786292545025153,
strict,volume,F_wx,gam,valid,crop,芹菜,250,0.07795433267094529,0.09307747471022883,-0.33915128031174735,0.00839158934438188,1.1549002879861536,
strict,volume,F_wx,gam,valid,crop,茄子,250,0.07336700691246972,0.0920568329163081,-2.071577763761341,-0.02440947167769413,1.7490830319645478,
strict,volume,F_wx,gam,valid,crop,西红柿,250,0.08889885736810942,0.11103061294443879,-1.6306883103634027,0.06064438827491531,1.618692545581757,
strict,volume,F_wx,gam,valid,crop,青椒,250,0.0742432121119053,0.09239893432750157,-0.541489249963496,-0.011875549494339633,1.2390816328893113,
strict,volume,F_wx,gam,valid,crop,韭菜,250,0.07007289440236728,0.08549528977014903,0.18757956581276425,-0.031692637167578086,0.8995391889464777,
strict,volume,F_wx,gam,valid,crop,黄瓜,250,0.08016077118645615,0.09951865879709233,-2.298978868709208,-0.00930683240033184,1.8126728754064734,
strict,volume,F_wx,gam,valid,season,冬(12-2),640,0.11323302530736115,0.13055448472449596,0.030033271739944967,-0.10109165258184576,0.9840991592553815,
strict,volume,F_wx,gam,valid,season,夏(6-8),620,0.05684446912105869,0.07254187135389929,0.32763701417585245,-0.0052438653692747856,0.8193158910917077,
strict,volume,F_wx,gam,valid,season,春(3-5),600,0.05494656010588071,0.06917714032965881,0.5101463769004058,0.02352558047544736,0.6993119478418971,
strict,volume,F_wx,gam,valid,season,秋(9-11),640,0.07508352939408507,0.09286623999491296,-0.33978866756208137,0.03378642668415759,1.156587760513233,
strict,volume,F_wx,gam,valid,period,normal,2360,0.07567397913973865,0.09523655907236382,0.18095839872011632,-0.014885038503019655,0.9048174123843538,
strict,volume,F_wx,gam,valid,period,extreme,140,0.07245365112662253,0.09089369387577922,-0.14552880501924337,0.020839271778028693,1.0664644656114723,
strict,volume,F_wx,gam,valid,overall,all,2500,0.07549364077100415,0.09499860642388648,0.17025340925869625,-0.012884477127280948,0.9107220718226869,
strict,volume,F_wx,lightgbm,valid,crop,土豆,250,0.0817000282766266,0.10373418567154744,-1.4131950041046624,-0.07228325214919687,1.5503361648649765,
strict,volume,F_wx,lightgbm,valid,crop,尖椒,250,0.04397364495655923,0.05786632080104704,-0.2059044444882665,-0.033377768109669,1.095938331618305,
strict,volume,F_wx,lightgbm,valid,crop,甘蓝,250,0.0633457568862648,0.08271681925953059,-0.12120872972192309,-0.035243932668948603,1.056751576674024,
strict,volume,F_wx,lightgbm,valid,crop,芸豆,250,0.04727690758623057,0.06214894204902538,0.3662391870740811,-0.029470097346977087,0.7944971804067117,
strict,volume,F_wx,lightgbm,valid,crop,芹菜,250,0.051955860517593405,0.06672343049193306,0.3118276950449095,0.018841330621147553,0.8279007281886338,
strict,volume,F_wx,lightgbm,valid,crop,茄子,250,0.04303976844711737,0.057019125520638994,-0.17839410349938345,-0.011462125699997612,1.0833653710015776,
strict,volume,F_wx,lightgbm,valid,crop,西红柿,250,0.05475346380653231,0.07072412453105859,-0.06738004842173217,0.025353090566012114,1.031072513564417,
strict,volume,F_wx,lightgbm,valid,crop,青椒,250,0.05268151935493297,0.07066553881861533,0.0983833457677794,-0.0070005230441292305,0.9476339945439335,
strict,volume,F_wx,lightgbm,valid,crop,韭菜,250,0.0649975789729846,0.08383261005960321,0.21887158444550747,-0.039428971611519384,0.8820452946942547,
strict,volume,F_wx,lightgbm,valid,crop,黄瓜,250,0.049529773792127106,0.06584025645635885,-0.44395457975235786,0.00613156968550485,1.1992409105068709,
strict,volume,F_wx,lightgbm,valid,season,冬(12-2),640,0.07982833968645556,0.1028252551974149,0.39830993658813096,-0.04261504068979684,0.7750805910921702,
strict,volume,F_wx,lightgbm,valid,season,夏(6-8),620,0.04728879030188972,0.061744864907336,0.5128889551109768,-0.02371927043019501,0.6973703334049963,
strict,volume,F_wx,lightgbm,valid,season,春(3-5),600,0.04554985985738285,0.058038893129440786,0.655190393269981,-0.0007476424563806135,0.5867153688562586,
strict,volume,F_wx,lightgbm,valid,season,秋(9-11),640,0.047772613044233365,0.060172927641175294,0.4374995681973307,-0.0032140793084751056,0.7494141210825813,
strict,volume,F_wx,lightgbm,valid,period,normal,2360,0.05591236441451643,0.0741494375279376,0.5035056718298445,-0.01766745753406031,0.7044742360211201,
strict,volume,F_wx,lightgbm,valid,period,extreme,140,0.04543139736416783,0.0593564516249463,0.511488975838069,-0.019928358279007043,0.6964349644465242,
strict,volume,F_wx,lightgbm,valid,overall,all,2500,0.0553254302596969,0.07339987632470538,0.5046619797997338,-0.017794067975777327,0.7036617688862925,
strict,volume,F_lag,baseline_mean,valid,crop,土豆,250,0.05528681664656628,0.0714724876638934,-0.14558260433992953,0.02547888598349613,1.0681761436778905,
strict,volume,F_lag,baseline_mean,valid,crop,尖椒,250,0.03681031329351923,0.05271955378524638,-0.0009320752473909177,-0.0016087735221960114,0.9984629922768301,
strict,volume,F_lag,baseline_mean,valid,crop,甘蓝,250,0.06645898383068899,0.08590313660015787,-0.2092521320371885,-0.03573432118200709,1.0974584837291295,
strict,volume,F_lag,baseline_mean,valid,crop,芸豆,250,0.05398934874426565,0.08041447100848899,-0.0610267192189069,0.019285506998672732,1.0279993250688597,
strict,volume,F_lag,baseline_mean,valid,crop,芹菜,250,0.05995961525519672,0.08999417046233356,-0.2518987716296448,0.040368517102289066,1.1166428151128394,
strict,volume,F_lag,baseline_mean,valid,crop,茄子,250,0.039442622119930375,0.053069587669200155,-0.020800519797675054,0.007575518551382675,1.0083240142526033,
strict,volume,F_lag,baseline_mean,valid,crop,西红柿,250,0.09711016857711245,0.11517427320630236,-1.8307067534360897,0.09262269891667309,1.6791021191167455,
strict,volume,F_lag,baseline_mean,valid,crop,青椒,250,0.05424901885805952,0.07708921552845198,-0.07298543842143457,0.02010549744386346,1.0337763281618266,
strict,volume,F_lag,baseline_mean,valid,crop,韭菜,250,0.061981150894906016,0.09485358566809217,-9.13374094158037e-06,0.0002866659522902175,0.9980025537071425,
strict,volume,F_lag,baseline_mean,valid,crop,黄瓜,250,0.03948018676220266,0.05929878767334226,-0.17128379292706764,0.02267633599541036,1.0800919672673062,
strict,volume,F_lag,baseline_mean,valid,season,冬(12-2),640,0.08462839368743988,0.12076806856475306,0.17000115359128132,0.053391316247324815,0.9103306944243971,
strict,volume,F_lag,baseline_mean,valid,season,夏(6-8),620,0.047610857106458945,0.062225168739035386,0.5052811556215451,-0.002189238952679201,0.7027950702434456,
strict,volume,F_lag,baseline_mean,valid,season,春(3-5),600,0.04530661483717808,0.057623780087500166,0.6601051352003392,0.015799187769200345,0.5825189896976132,
strict,volume,F_lag,baseline_mean,valid,season,秋(9-11),640,0.04738622496459226,0.06079275683196065,0.4258514762919039,0.00854922836065887,0.7571336847874371,
strict,volume,F_lag,baseline_mean,valid,period,normal,2360,0.05716253329210849,0.08140025499377639,0.4016571573775385,0.020162738810169948,0.7733623390879952,
strict,volume,F_lag,baseline_mean,valid,period,extreme,140,0.04491769768739952,0.05702115415554457,0.5491723805549567,0.0012862104854826878,0.6690346942896855,
strict,volume,F_lag,baseline_mean,valid,overall,all,2500,0.05647682249824478,0.0802310694276838,0.4081710983230389,0.019105653223987464,0.7691502909810868,
strict,volume,F_lag,baseline_seasonal_naive,valid,crop,土豆,250,0.07331197525460874,0.0979164762940011,-1.1501074593821974,-0.005749711400233588,1.463388885274406,
strict,volume,F_lag,baseline_seasonal_naive,valid,crop,尖椒,250,0.044461156287581856,0.05919277614012512,-0.2618233878743266,-0.013076945042480663,1.1210602545460386,
strict,volume,F_lag,baseline_seasonal_naive,valid,crop,甘蓝,250,0.06670476654868045,0.085571618327105,-0.19993662537462487,-0.04127656128833932,1.0932231606003995,
strict,volume,F_lag,baseline_seasonal_naive,valid,crop,芸豆,250,0.04289608313979484,0.06535788418682648,0.29910353307381243,0.0020912383836416623,0.8355195276344428,
strict,volume,F_lag,baseline_seasonal_naive,valid,crop,芹菜,250,0.06157623079993961,0.08780920610120058,-0.19184713904211415,0.02713161362010195,1.0895318951209945,
strict,volume,F_lag,baseline_seasonal_naive,valid,crop,茄子,250,0.05192845397850185,0.07202344310042688,-0.8801704123471923,-0.010028143145347309,1.3684479276530048,
strict,volume,F_lag,baseline_seasonal_naive,valid,crop,西红柿,250,0.08324305967716057,0.10376725033887434,-1.297759328263668,0.0663667472626224,1.5128014710961293,
strict,volume,F_lag,baseline_seasonal_naive,valid,crop,青椒,250,0.06662264754658902,0.08653621275126618,-0.35207986229245414,0.0026023314608120424,1.160461780001084,
strict,volume,F_lag,baseline_seasonal_naive,valid,crop,韭菜,250,0.06310729395346942,0.08255145317298658,0.24256406334067881,-0.016810949416467238,0.8685655950546765,
strict,volume,F_lag,baseline_seasonal_naive,valid,crop,黄瓜,250,0.05464352792117462,0.08084891639715722,-1.177303205038732,0.013131524360786177,1.4726146788004584,
strict,volume,F_lag,baseline_seasonal_naive,valid,season,冬(12-2),640,0.0822419220620457,0.11492655737291113,0.24835280252264547,-0.020441955289581582,0.866298302394329,
strict,volume,F_lag,baseline_seasonal_naive,valid,season,夏(6-8),620,0.05106677291091175,0.06685288830967288,0.428959858850934,0.005845590562600098,0.7550623210459794,
strict,volume,F_lag,baseline_seasonal_naive,valid,season,春(3-5),600,0.05732989114012497,0.07095121540146793,0.484699227823544,0.016595371900511222,0.7172460788015239,
strict,volume,F_lag,baseline_seasonal_naive,valid,season,秋(9-11),640,0.05223380432550895,0.069068638970891,0.25889051383874995,0.008744762960917887,0.860204337694901,
strict,volume,F_lag,baseline_seasonal_naive,valid,period,normal,2360,0.06104017363776288,0.08371575598941704,0.3671322334973427,0.002206898639219727,0.7953613029276804,
strict,volume,F_lag,baseline_seasonal_naive,valid,period,extreme,140,0.05763563565539179,0.07358477401168391,0.24921700306686545,0.0063357529301105164,0.8633772415582628,
strict,volume,F_lag,baseline_seasonal_naive,valid,overall,all,2500,0.060849519510750086,0.08318104174717932,0.3638497269791856,0.002438114479509611,0.7974307574401718,
strict,volume,F_lag,baseline_persistence,valid,crop,土豆,250,0.02032197384942365,0.034075832702574874,0.7395996472116382,-0.00035208711433756877,0.5092727671662881,
strict,volume,F_lag,baseline_persistence,valid,crop,尖椒,250,0.027867697085805575,0.04305182814494984,0.332510634236576,-0.0002790697674418605,0.8153645861210617,
strict,volume,F_lag,baseline_persistence,valid,crop,甘蓝,250,0.02640824867853477,0.03754970381197027,0.7689468733096809,-0.00028072033898305103,0.47971753583078214,
strict,volume,F_lag,baseline_persistence,valid,crop,芸豆,250,0.028251148929195054,0.042530404643978136,0.7032047600934175,-0.0001132075471698113,0.5436985000411129,
strict,volume,F_lag,baseline_persistence,valid,crop,芹菜,250,0.0270278217075344,0.0421662297532402,0.7251662911697466,-0.0003171681415929206,0.523196305410247,
strict,volume,F_lag,baseline_persistence,valid,crop,茄子,250,0.02769017954249461,0.03993949387492726,0.4218313091048044,0.00028063241106719337,0.7588517748095571,
strict,volume,F_lag,baseline_persistence,valid,crop,西红柿,250,0.029278629329940638,0.04157552384206242,0.6311418530229411,-0.00019869281045751652,0.606121039388298,
strict,volume,F_lag,baseline_persistence,valid,crop,青椒,250,0.03512229976284635,0.05456701259477687,0.4623905036625673,-0.00032981715893108324,0.7317506804589136,
strict,volume,F_lag,baseline_persistence,valid,crop,韭菜,250,0.03244515271429681,0.048119792923744874,0.7426382739263916,-0.0003822966507177039,0.5062926813309807,
strict,volume,F_lag,baseline_persistence,valid,crop,黄瓜,250,0.029100672862250144,0.04692446472545292,0.26655228592855273,0.00016489795918367368,0.8547010724312691,
strict,volume,F_lag,baseline_persistence,valid,season,冬(12-2),640,0.034562735555364786,0.05438098325051987,0.8317064937224664,-0.0005876990892373883,0.4099152932911566,
strict,volume,F_lag,baseline_persistence,valid,season,夏(6-8),620,0.026316805894982004,0.038451000895994965,0.8110958122366474,-0.0002543621931123024,0.434280443480409,
strict,volume,F_lag,baseline_persistence,valid,season,春(3-5),600,0.02617207210628866,0.03990243684812332,0.8370178838425069,0.0007542142279561722,0.4033738703699467,
strict,volume,F_lag,baseline_persistence,valid,season,秋(9-11),640,0.02615412881482031,0.03838288412918159,0.7711263551267837,-0.0005790294527770461,0.4780335028040419,
strict,volume,F_lag,baseline_persistence,valid,period,normal,2360,0.0284945360377119,0.043736179690067316,0.8272650335307584,-5.901118001501778e-05,0.41552590013961754,
strict,volume,F_lag,baseline_persistence,valid,period,extreme,140,0.025938221904145877,0.03714735712435977,0.8086650313029246,-0.0022329707500694305,0.4358535193723222,
strict,volume,F_lag,baseline_persistence,valid,overall,all,2500,0.028351382446232195,0.04339365721644878,0.8268735133676391,-0.00018075291593806488,0.4160014856195923,
strict,volume,F_lag,elasticnet,valid,crop,土豆,250,0.022405630714302037,0.03373111758922702,0.7448414798416929,-0.00801364614356816,0.5041209042260337,
strict,volume,F_lag,elasticnet,valid,crop,尖椒,250,0.028759933822447195,0.04045862089645714,0.410500684613074,0.0015517984087479808,0.7662514718585396,
strict,volume,F_lag,elasticnet,valid,crop,甘蓝,250,0.02743192621767332,0.03650409632334405,0.7816355068043912,-0.0004872277828229512,0.4663593413054213,
strict,volume,F_lag,elasticnet,valid,crop,芸豆,250,0.02854695246245738,0.040513166210296284,0.73069136825641,-0.0005221541719476348,0.5179106073605904,
strict,volume,F_lag,elasticnet,valid,crop,芹菜,250,0.03142393185383451,0.04222168785092172,0.7244428791914211,0.012794557541027537,0.523884426496288,
strict,volume,F_lag,elasticnet,valid,crop,茄子,250,0.030687158217389175,0.039061318985082784,0.44697691071739254,-0.009745497956796512,0.7421664213136276,
strict,volume,F_lag,elasticnet,valid,crop,西红柿,250,0.03416121896597434,0.04238844817405245,0.6165762986649539,0.014782186166792978,0.6179724965803137,
strict,volume,F_lag,elasticnet,valid,crop,青椒,250,0.03580999671259342,0.05166247983477146,0.5180998369875788,-0.0026769188769579033,0.6928005213337902,
strict,volume,F_lag,elasticnet,valid,crop,韭菜,250,0.03311065485243623,0.0460289527781603,0.7645174936574648,0.0004179135940009917,0.484293894569367,
strict,volume,F_lag,elasticnet,valid,crop,黄瓜,250,0.02996151506538132,0.04450059501005718,0.340367354938268,-0.0028225738112658797,0.8105517346113603,
strict,volume,F_lag,elasticnet,valid,season,冬(12-2),640,0.03675417050545602,0.05275818484369783,0.8416008168609297,-0.0009781692801630905,0.39768289429571335,
strict,volume,F_lag,elasticnet,valid,season,夏(6-8),620,0.027702715090456784,0.036967384464342765,0.8253921615956433,0.0025249497394235956,0.4175239069305412,
strict,volume,F_lag,elasticnet,valid,season,春(3-5),600,0.028466167155087176,0.03877129196613679,0.8461272693933413,0.0017465448013117462,0.3919391228949307,
strict,volume,F_lag,elasticnet,valid,season,秋(9-11),640,0.027807307732023234,0.03697207665598235,0.7876421764453965,-0.001043372090816701,0.46046282635550445,
strict,volume,F_lag,elasticnet,valid,period,normal,2360,0.030436012146200724,0.042363342580474514,0.8379388153593811,0.0004703397529898164,0.4024829370881791,
strict,volume,F_lag,elasticnet,valid,period,extreme,140,0.026755293257775224,0.0348529815212024,0.831570414554961,0.0014971958910474563,0.4089333894139417,
strict,volume,F_lag,elasticnet,valid,overall,all,2500,0.03022989188844889,0.041978293629743174,0.8379830061617836,0.0005278436967210442,0.40243283544050074,
strict,volume,F_lag,gam,valid,crop,土豆,250,0.033458871416406896,0.04324520512484704,0.5806037563257216,0.019412772394410076,0.6463115801991957,
strict,volume,F_lag,gam,valid,crop,尖椒,250,0.035590477071414314,0.04546109124693712,0.25571225589034585,-0.0034035201634475386,0.8609939565021437,
strict,volume,F_lag,gam,valid,crop,甘蓝,250,0.03613804304814354,0.04711885287253144,0.636178603767795,-0.017711398425774724,0.6019685296153582,
strict,volume,F_lag,gam,valid,crop,芸豆,250,0.03184757620947474,0.04185448171805792,0.7125635510955919,0.0047718509505673785,0.5350576633492792,
strict,volume,F_lag,gam,valid,crop,芹菜,250,0.03543267061836264,0.04574567054747295,0.6765252000764175,0.0003717038605218113,0.567609813801601,
strict,volume,F_lag,gam,valid,crop,茄子,250,0.03617550550912609,0.04415224206075538,0.2934303481651963,0.00459625970956849,0.8388941370801589,
strict,volume,F_lag,gam,valid,crop,西红柿,250,0.037582182933347315,0.04607206871416935,0.5470405269360483,0.010440790765136166,0.6716752453170325,
strict,volume,F_lag,gam,valid,crop,青椒,250,0.04306442746804539,0.055440167817086515,0.44504770968502094,0.006972799983414971,0.7434598046658065,
strict,volume,F_lag,gam,valid,crop,韭菜,250,0.039454895694766366,0.05040552676527045,0.7176077481552807,-0.006598347305828103,0.5303420432488268,
strict,volume,F_lag,gam,valid,crop,黄瓜,250,0.03828580141725488,0.05094153161782679,0.1356005106559971,0.0021555579505724005,0.9278695443792877,
strict,volume,F_lag,gam,valid,season,冬(12-2),640,0.04199598974066328,0.05579318868002601,0.8228522612735791,-0.02087836901261804,0.4205602755666074,
strict,volume,F_lag,gam,valid,season,夏(6-8),620,0.0323893792440411,0.041956556700590224,0.775081092212234,0.009053734697858336,0.473873543633584,
strict,volume,F_lag,gam,valid,season,春(3-5),600,0.03464921788103339,0.04361538909246681,0.8052754912614298,0.019433526927710224,0.44090811728825374,
strict,volume,F_lag,gam,valid,season,秋(9-11),640,0.037514427425993015,0.045854566062462715,0.6733476763846755,0.002095065513378863,0.5710883726356855,
strict,volume,F_lag,gam,valid,period,normal,2360,0.037041607279964854,0.047614027747776164,0.7952761637490005,0.0019380036754117346,0.4523683110726895,
strict,volume,F_lag,gam,valid,period,extreme,140,0.030995854756203416,0.03967616776258081,0.7817280423933415,0.00484591968438241,0.46552429817914165,
strict,volume,F_lag,gam,valid,overall,all,2500,0.03670304513863422,0.04720480258155596,0.7951276358520835,0.0021008469719140917,0.4525377500300471,
strict,volume,F_lag,lightgbm,valid,crop,土豆,250,0.03671900125072776,0.04840660052436768,0.474518075134184,0.00748465047111716,0.7234500654270154,
strict,volume,F_lag,lightgbm,valid,crop,尖椒,250,0.03165407349945102,0.0427780523592742,0.34097305659126664,-0.011805539632752458,0.8101795082789359,
strict,volume,F_lag,lightgbm,valid,crop,甘蓝,250,0.036409510151826044,0.04746722238896672,0.630778946813347,-0.018872320761685227,0.6064191363849812,
strict,volume,F_lag,lightgbm,valid,crop,芸豆,250,0.0310995063818968,0.04454868629883776,0.6743675287713102,-0.006623104214140558,0.5694997290111514,
strict,volume,F_lag,lightgbm,valid,crop,芹菜,250,0.031536434868383825,0.04231320427296161,0.7232470325386104,-0.00033525969576027667,0.5250199573269039,
strict,volume,F_lag,lightgbm,valid,crop,茄子,250,0.032572582039328675,0.043341502140339806,0.31914069976985193,-0.008720856956194307,0.8234900503522963,
strict,volume,F_lag,lightgbm,valid,crop,西红柿,250,0.03705578803999337,0.04634721525437501,0.5416141422810727,0.01243346533678204,0.675686550323485,
strict,volume,F_lag,lightgbm,valid,crop,青椒,250,0.04163098057680487,0.057676462381480935,0.39937444637352604,0.0028359022602503304,0.7734488033554439,
strict,volume,F_lag,lightgbm,valid,crop,韭菜,250,0.036014285285662924,0.047693668894892495,0.7471762167272901,-0.012382631754863385,0.501809214881133,
strict,volume,F_lag,lightgbm,valid,crop,黄瓜,250,0.03626365468210901,0.05262214038887226,0.07762500152551777,-0.008434051959734014,0.9584808284366382,
strict,volume,F_lag,lightgbm,valid,season,冬(12-2),640,0.04799397088225478,0.06417918075904389,0.765597852893339,-0.023597293870781556,0.4837725640751104,
strict,volume,F_lag,lightgbm,valid,season,夏(6-8),620,0.03133592602395972,0.040618683547614796,0.7891964233936917,0.002723792222391097,0.4587630879196674,
strict,volume,F_lag,lightgbm,valid,season,春(3-5),600,0.02926390033517868,0.040054210621023746,0.8357756812796646,0.00618886036870033,0.40490815195852525,
strict,volume,F_lag,lightgbm,valid,season,秋(9-11),640,0.03130656014600123,0.04007572481782186,0.7504926476634721,-0.0021949000758557102,0.49911671690948406,
strict,volume,F_lag,lightgbm,valid,period,normal,2360,0.035271217328623136,0.04789928984542004,0.7928157589166194,-0.004849808125874522,0.4550785109744451,
strict,volume,F_lag,lightgbm,valid,period,extreme,140,0.032134866417824856,0.040961712638458145,0.7673544656225363,0.002432931787990712,0.48060772003837166,
strict,volume,F_lag,lightgbm,valid,overall,all,2500,0.03509558167761843,0.04753755445994296,0.7922291198087525,-0.0044419746906980695,0.45572773872035804,
strict,volume,F_now,baseline_mean,valid,crop,土豆,250,0.05528681664656628,0.0714724876638934,-0.14558260433992953,0.02547888598349613,1.0681761436778905,
strict,volume,F_now,baseline_mean,valid,crop,尖椒,250,0.03681031329351923,0.05271955378524638,-0.0009320752473909177,-0.0016087735221960114,0.9984629922768301,
strict,volume,F_now,baseline_mean,valid,crop,甘蓝,250,0.06645898383068899,0.08590313660015787,-0.2092521320371885,-0.03573432118200709,1.0974584837291295,
strict,volume,F_now,baseline_mean,valid,crop,芸豆,250,0.05398934874426565,0.08041447100848899,-0.0610267192189069,0.019285506998672732,1.0279993250688597,
strict,volume,F_now,baseline_mean,valid,crop,芹菜,250,0.05995961525519672,0.08999417046233356,-0.2518987716296448,0.040368517102289066,1.1166428151128394,
strict,volume,F_now,baseline_mean,valid,crop,茄子,250,0.039442622119930375,0.053069587669200155,-0.020800519797675054,0.007575518551382675,1.0083240142526033,
strict,volume,F_now,baseline_mean,valid,crop,西红柿,250,0.09711016857711245,0.11517427320630236,-1.8307067534360897,0.09262269891667309,1.6791021191167455,
strict,volume,F_now,baseline_mean,valid,crop,青椒,250,0.05424901885805952,0.07708921552845198,-0.07298543842143457,0.02010549744386346,1.0337763281618266,
strict,volume,F_now,baseline_mean,valid,crop,韭菜,250,0.061981150894906016,0.09485358566809217,-9.13374094158037e-06,0.0002866659522902175,0.9980025537071425,
strict,volume,F_now,baseline_mean,valid,crop,黄瓜,250,0.03948018676220266,0.05929878767334226,-0.17128379292706764,0.02267633599541036,1.0800919672673062,
strict,volume,F_now,baseline_mean,valid,season,冬(12-2),640,0.08462839368743988,0.12076806856475306,0.17000115359128132,0.053391316247324815,0.9103306944243971,
strict,volume,F_now,baseline_mean,valid,season,夏(6-8),620,0.047610857106458945,0.062225168739035386,0.5052811556215451,-0.002189238952679201,0.7027950702434456,
strict,volume,F_now,baseline_mean,valid,season,春(3-5),600,0.04530661483717808,0.057623780087500166,0.6601051352003392,0.015799187769200345,0.5825189896976132,
strict,volume,F_now,baseline_mean,valid,season,秋(9-11),640,0.04738622496459226,0.06079275683196065,0.4258514762919039,0.00854922836065887,0.7571336847874371,
strict,volume,F_now,baseline_mean,valid,period,normal,2360,0.05716253329210849,0.08140025499377639,0.4016571573775385,0.020162738810169948,0.7733623390879952,
strict,volume,F_now,baseline_mean,valid,period,extreme,140,0.04491769768739952,0.05702115415554457,0.5491723805549567,0.0012862104854826878,0.6690346942896855,
strict,volume,F_now,baseline_mean,valid,overall,all,2500,0.05647682249824478,0.0802310694276838,0.4081710983230389,0.019105653223987464,0.7691502909810868,
strict,volume,F_now,baseline_seasonal_naive,valid,crop,土豆,250,0.07331197525460874,0.0979164762940011,-1.1501074593821974,-0.005749711400233588,1.463388885274406,
strict,volume,F_now,baseline_seasonal_naive,valid,crop,尖椒,250,0.044461156287581856,0.05919277614012512,-0.2618233878743266,-0.013076945042480663,1.1210602545460386,
strict,volume,F_now,baseline_seasonal_naive,valid,crop,甘蓝,250,0.06670476654868045,0.085571618327105,-0.19993662537462487,-0.04127656128833932,1.0932231606003995,
strict,volume,F_now,baseline_seasonal_naive,valid,crop,芸豆,250,0.04289608313979484,0.06535788418682648,0.29910353307381243,0.0020912383836416623,0.8355195276344428,
strict,volume,F_now,baseline_seasonal_naive,valid,crop,芹菜,250,0.06157623079993961,0.08780920610120058,-0.19184713904211415,0.02713161362010195,1.0895318951209945,
strict,volume,F_now,baseline_seasonal_naive,valid,crop,茄子,250,0.05192845397850185,0.07202344310042688,-0.8801704123471923,-0.010028143145347309,1.3684479276530048,
strict,volume,F_now,baseline_seasonal_naive,valid,crop,西红柿,250,0.08324305967716057,0.10376725033887434,-1.297759328263668,0.0663667472626224,1.5128014710961293,
strict,volume,F_now,baseline_seasonal_naive,valid,crop,青椒,250,0.06662264754658902,0.08653621275126618,-0.35207986229245414,0.0026023314608120424,1.160461780001084,
strict,volume,F_now,baseline_seasonal_naive,valid,crop,韭菜,250,0.06310729395346942,0.08255145317298658,0.24256406334067881,-0.016810949416467238,0.8685655950546765,
strict,volume,F_now,baseline_seasonal_naive,valid,crop,黄瓜,250,0.05464352792117462,0.08084891639715722,-1.177303205038732,0.013131524360786177,1.4726146788004584,
strict,volume,F_now,baseline_seasonal_naive,valid,season,冬(12-2),640,0.0822419220620457,0.11492655737291113,0.24835280252264547,-0.020441955289581582,0.866298302394329,
strict,volume,F_now,baseline_seasonal_naive,valid,season,夏(6-8),620,0.05106677291091175,0.06685288830967288,0.428959858850934,0.005845590562600098,0.7550623210459794,
strict,volume,F_now,baseline_seasonal_naive,valid,season,春(3-5),600,0.05732989114012497,0.07095121540146793,0.484699227823544,0.016595371900511222,0.7172460788015239,
strict,volume,F_now,baseline_seasonal_naive,valid,season,秋(9-11),640,0.05223380432550895,0.069068638970891,0.25889051383874995,0.008744762960917887,0.860204337694901,
strict,volume,F_now,baseline_seasonal_naive,valid,period,normal,2360,0.06104017363776288,0.08371575598941704,0.3671322334973427,0.002206898639219727,0.7953613029276804,
strict,volume,F_now,baseline_seasonal_naive,valid,period,extreme,140,0.05763563565539179,0.07358477401168391,0.24921700306686545,0.0063357529301105164,0.8633772415582628,
strict,volume,F_now,baseline_seasonal_naive,valid,overall,all,2500,0.060849519510750086,0.08318104174717932,0.3638497269791856,0.002438114479509611,0.7974307574401718,
strict,volume,F_now,baseline_persistence,valid,crop,土豆,250,0.02032197384942365,0.034075832702574874,0.7395996472116382,-0.00035208711433756877,0.5092727671662881,
strict,volume,F_now,baseline_persistence,valid,crop,尖椒,250,0.027867697085805575,0.04305182814494984,0.332510634236576,-0.0002790697674418605,0.8153645861210617,
strict,volume,F_now,baseline_persistence,valid,crop,甘蓝,250,0.02640824867853477,0.03754970381197027,0.7689468733096809,-0.00028072033898305103,0.47971753583078214,
strict,volume,F_now,baseline_persistence,valid,crop,芸豆,250,0.028251148929195054,0.042530404643978136,0.7032047600934175,-0.0001132075471698113,0.5436985000411129,
strict,volume,F_now,baseline_persistence,valid,crop,芹菜,250,0.0270278217075344,0.0421662297532402,0.7251662911697466,-0.0003171681415929206,0.523196305410247,
strict,volume,F_now,baseline_persistence,valid,crop,茄子,250,0.02769017954249461,0.03993949387492726,0.4218313091048044,0.00028063241106719337,0.7588517748095571,
strict,volume,F_now,baseline_persistence,valid,crop,西红柿,250,0.029278629329940638,0.04157552384206242,0.6311418530229411,-0.00019869281045751652,0.606121039388298,
strict,volume,F_now,baseline_persistence,valid,crop,青椒,250,0.03512229976284635,0.05456701259477687,0.4623905036625673,-0.00032981715893108324,0.7317506804589136,
strict,volume,F_now,baseline_persistence,valid,crop,韭菜,250,0.03244515271429681,0.048119792923744874,0.7426382739263916,-0.0003822966507177039,0.5062926813309807,
strict,volume,F_now,baseline_persistence,valid,crop,黄瓜,250,0.029100672862250144,0.04692446472545292,0.26655228592855273,0.00016489795918367368,0.8547010724312691,
strict,volume,F_now,baseline_persistence,valid,season,冬(12-2),640,0.034562735555364786,0.05438098325051987,0.8317064937224664,-0.0005876990892373883,0.4099152932911566,
strict,volume,F_now,baseline_persistence,valid,season,夏(6-8),620,0.026316805894982004,0.038451000895994965,0.8110958122366474,-0.0002543621931123024,0.434280443480409,
strict,volume,F_now,baseline_persistence,valid,season,春(3-5),600,0.02617207210628866,0.03990243684812332,0.8370178838425069,0.0007542142279561722,0.4033738703699467,
strict,volume,F_now,baseline_persistence,valid,season,秋(9-11),640,0.02615412881482031,0.03838288412918159,0.7711263551267837,-0.0005790294527770461,0.4780335028040419,
strict,volume,F_now,baseline_persistence,valid,period,normal,2360,0.0284945360377119,0.043736179690067316,0.8272650335307584,-5.901118001501778e-05,0.41552590013961754,
strict,volume,F_now,baseline_persistence,valid,period,extreme,140,0.025938221904145877,0.03714735712435977,0.8086650313029246,-0.0022329707500694305,0.4358535193723222,
strict,volume,F_now,baseline_persistence,valid,overall,all,2500,0.028351382446232195,0.04339365721644878,0.8268735133676391,-0.00018075291593806488,0.4160014856195923,
strict,volume,F_now,elasticnet,valid,crop,土豆,250,0.022378883835056613,0.03377602675682289,0.7441615981349965,-0.007992184800682485,0.5047920841866912,
strict,volume,F_now,elasticnet,valid,crop,尖椒,250,0.028833485725278017,0.040456052151346296,0.41057553765450605,0.0015585950616482155,0.7662028220361186,
strict,volume,F_now,elasticnet,valid,crop,甘蓝,250,0.027493501637702276,0.036505428770691344,0.7816195653332028,-0.0005205489456954142,0.4663763640324518,
strict,volume,F_now,elasticnet,valid,crop,芸豆,250,0.028564126405617733,0.04042293979577529,0.7318895809252279,-0.0005195912608623344,0.516757174501209,
strict,volume,F_now,elasticnet,valid,crop,芹菜,250,0.03139473069417246,0.04207949844318752,0.7262957339976569,0.012858026277823231,0.5221201479911819,
strict,volume,F_now,elasticnet,valid,crop,茄子,250,0.030660537040605416,0.038986976074983255,0.44907997444775094,-0.009786895881831991,0.7407539034321993,
strict,volume,F_now,elasticnet,valid,crop,西红柿,250,0.034212828100864213,0.04243559594608674,0.6157228762023282,0.014842813959309106,0.6186598542838229,
strict,volume,F_now,elasticnet,valid,crop,青椒,250,0.03591929913388725,0.05170888503644448,0.5172337261146934,-0.0026980437694294423,0.6934228210765531,
strict,volume,F_now,elasticnet,valid,crop,韭菜,250,0.03295763933398231,0.045808226388370135,0.7667705354971506,0.00042028626069750885,0.4819715205744402,
strict,volume,F_now,elasticnet,valid,crop,黄瓜,250,0.030074244575987598,0.0444696636108233,0.34128402896119114,-0.0028288338339211485,0.8099883376658293,
strict,volume,F_now,elasticnet,valid,season,冬(12-2),640,0.036731166728870404,0.052580076795681815,0.8426685013620601,-0.0017236243914551883,0.39634034386032185,
strict,volume,F_now,elasticnet,valid,season,夏(6-8),620,0.027785740460790652,0.03700918018857326,0.8249971113810547,0.0031070740775872934,0.41799596397018757,
strict,volume,F_now,elasticnet,valid,season,春(3-5),600,0.028461860672986734,0.03874384490532488,0.8463450521432538,0.0019898191500747875,0.39166166046344764,
strict,volume,F_now,elasticnet,valid,season,秋(9-11),640,0.027828276445045576,0.03701996371343287,0.7870917190246309,-0.0010683625638341608,0.4610592280676584,
strict,volume,F_now,elasticnet,valid,period,normal,2360,0.030448980225856986,0.04231240907003933,0.8383282739068334,0.0004459183780352893,0.4019990312481897,
strict,volume,F_now,elasticnet,valid,period,extreme,140,0.026876612769757016,0.034963372928643426,0.8305017757365327,0.002007417104289486,0.41022862243093833,
strict,volume,F_now,elasticnet,valid,overall,all,2500,0.03024892764831539,0.041934918868213183,0.8383176466271726,0.0005333623067055239,0.40201701510194604,
strict,volume,F_now,gam,valid,crop,土豆,250,0.043105189293246665,0.059442051393188165,0.20761509930170463,0.012920111894630814,0.8883779382084531,
strict,volume,F_now,gam,valid,crop,尖椒,250,0.04424242815207742,0.06407418210670644,-0.4785203196364558,-0.010054372947028803,1.2135098839143874,
strict,volume,F_now,gam,valid,crop,甘蓝,250,0.04596217543055833,0.06358633362767734,0.337438208678459,-0.025425286456805554,0.8123493978309179,
strict,volume,F_now,gam,valid,crop,芸豆,250,0.04005775849469362,0.05795232153243673,0.4489391239410069,-0.0018225290967369156,0.7408485894936677,
strict,volume,F_now,gam,valid,crop,芹菜,250,0.04396681450645083,0.06261983950186453,0.39387198504000753,-0.006012807265303478,0.776983592426605,
strict,volume,F_now,gam,valid,crop,茄子,250,0.04532460155575703,0.06136716662702543,-0.364965265236215,-0.001976136909871799,1.1659783034753561,
strict,volume,F_now,gam,valid,crop,西红柿,250,0.04589753497243646,0.06019810740597657,0.22669717753950447,0.0045170000686130815,0.8776158676611615,
strict,volume,F_now,gam,valid,crop,青椒,250,0.05080992758337823,0.07027794202031976,0.1082468616802309,0.0004345831698020355,0.9424362714616251,
strict,volume,F_now,gam,valid,crop,韭菜,250,0.047542250217889145,0.06539567225271338,0.5246708175212931,-0.01289120244784834,0.688060946245892,
strict,volume,F_now,gam,valid,crop,黄瓜,250,0.04749311101350431,0.0668704857394698,-0.48949640923669646,-0.004148673280505254,1.218005921003568,
strict,volume,F_now,gam,valid,season,冬(12-2),640,0.06983309034921281,0.09605911731741121,0.47488982873518715,-0.05376106970516574,0.7240785086040129,
strict,volume,F_now,gam,valid,season,夏(6-8),620,0.035403383260687524,0.04542439217063457,0.736364107387716,0.01149418555602546,0.5130406157709655,
strict,volume,F_now,gam,valid,season,春(3-5),600,0.03643857854682628,0.04650067926924657,0.7786601004566794,0.022887329500938105,0.47007552553898013,
strict,volume,F_now,gam,valid,season,秋(9-11),640,0.0392094144246559,0.04885418872879224,0.629213265968694,0.0038022867941310498,0.6084466942628435,
strict,volume,F_now,gam,valid,period,normal,2360,0.04575598745298701,0.06402902120505823,0.6297864624427731,-0.005193114824694588,0.6083228315739876,
strict,volume,F_now,gam,valid,period,extreme,140,0.04011655297106204,0.04887058986114796,0.6688432059343752,0.00814944763225481,0.5734033383175647,
strict,volume,F_now,gam,valid,overall,all,2500,0.0454401791219992,0.06327620579889509,0.6318779198346844,-0.004445931327105422,0.6066092905101679,
strict,volume,F_now,lightgbm,valid,crop,土豆,250,0.03997142660615539,0.05056131738839463,0.4266954669943894,0.0010495963361994924,0.7556529063489322,
strict,volume,F_now,lightgbm,valid,crop,尖椒,250,0.037582488723345756,0.055686935040008385,-0.11678040647793786,-0.01783806196607953,1.0546626403035362,
strict,volume,F_now,lightgbm,valid,crop,甘蓝,250,0.03586469168293346,0.04692715005025864,0.6391329926981286,-0.021629737500322058,0.5995194235991558,
strict,volume,F_now,lightgbm,valid,crop,芸豆,250,0.03776630495239494,0.054340452644554386,0.5154881478461347,-0.012810667962651397,0.6946753232591825,
strict,volume,F_now,lightgbm,valid,crop,芹菜,250,0.035716384460712125,0.05009475494477905,0.6120953640981147,-0.00686311483945321,0.6215730185249982,
strict,volume,F_now,lightgbm,valid,crop,茄子,250,0.0375899997357084,0.05097735273487259,0.058101699533437134,-0.012703923720586617,0.9685714776229458,
strict,volume,F_now,lightgbm,valid,crop,西红柿,250,0.039002848452216694,0.048953483621194074,0.4886113025177574,0.005562723277828621,0.7136828025757055,
strict,volume,F_now,lightgbm,valid,crop,青椒,250,0.045072259142253976,0.06315793503359741,0.2797845724583701,-0.00651276323168583,0.8469560589732289,
strict,volume,F_now,lightgbm,valid,crop,韭菜,250,0.04012769147235943,0.05548266349161971,0.6578543173275602,-0.018377310613442867,0.5837611668668533,
strict,volume,F_now,lightgbm,valid,crop,黄瓜,250,0.0389701588969342,0.0590110799792225,-0.15994562330974293,-0.011602995687037062,1.0748515436173054,
strict,volume,F_now,lightgbm,valid,season,冬(12-2),640,0.0641945149405099,0.08210250345904607,0.6163934209996111,-0.04575901541597802,0.6188757498243899,
strict,volume,F_now,lightgbm,valid,season,夏(6-8),620,0.03115623901262714,0.04065107268790364,0.7888601018674648,0.004792110856975494,0.45912890337000206,
strict,volume,F_now,lightgbm,valid,season,春(3-5),600,0.02811762528240166,0.038504815490963004,0.8482351462100494,0.0028916521666263045,0.3892453112973454,
strict,volume,F_now,lightgbm,valid,season,秋(9-11),640,0.030693954081339746,0.039298957098721186,0.7600710647189681,-0.0013310845966910422,0.48944258735796103,
strict,volume,F_now,lightgbm,valid,period,normal,2360,0.039185584086768525,0.05447027498342289,0.7320722449829892,-0.011010762659599866,0.5175077065196787,
strict,volume,F_now,lightgbm,valid,period,extreme,140,0.03170060776057049,0.0391452892937424,0.7875300471188422,0.003955970713200511,0.4592954499672058,
strict,volume,F_now,lightgbm,valid,overall,all,2500,0.03876642541250144,0.05372774008394998,0.7345955778986618,-0.010172625590723046,0.5150711216254485,
hist,price,F_wx,baseline_mean,test,crop,土豆,175,0.6260343707641476,0.8164446999363332,-0.993324499575936,0.5763460822452968,1.4078118034254696,
hist,price,F_wx,baseline_mean,test,crop,尖椒,175,0.6429814447418598,0.9952314979131045,-0.3591813039752121,-0.5116138323507845,1.1625035714640977,
hist,price,F_wx,baseline_mean,test,crop,甘蓝,175,0.6263350928671801,0.7374705518689382,-0.3238960003354736,0.3647711988864522,1.1473146387689632,
hist,price,F_wx,baseline_mean,test,crop,芸豆,175,0.5707155522683544,0.7191827678569142,-0.3667633736571132,0.3725508737015521,1.165741522480955,
hist,price,F_wx,baseline_mean,test,crop,芹菜,175,0.34594749546525366,0.44607684931589775,-0.07976747083823565,-0.12124322389495144,1.0361454391179235,
hist,price,F_wx,baseline_mean,test,crop,茄子,175,0.5558819417184658,0.7065675656250212,-0.005816056472204512,0.05372899570684938,1.0000342674876228,
hist,price,F_wx,baseline_mean,test,crop,西红柿,175,0.724168884073048,1.1448170803271052,-0.14316060742698378,-0.4051298482019561,1.0661276945557832,
hist,price,F_wx,baseline_mean,test,crop,青椒,175,0.44148453527915177,0.6083248448014477,-0.07804027892485088,0.1636731597268752,1.0353164003142064,
hist,price,F_wx,baseline_mean,test,crop,韭菜,175,0.8659929427642518,1.1055110889697024,-1.1679364694276635,-0.8114269678709466,1.4681785521628266,
hist,price,F_wx,baseline_mean,test,crop,黄瓜,175,0.9966525997592337,1.2956665137042216,-0.552151751380787,-0.7727791072327289,1.2422891421893165,
hist,price,F_wx,baseline_mean,test,season,冬(12-2),370,1.1027310772078305,1.368285865744317,-1.1212455258111564,-0.880703448025388,1.4544801235477405,
hist,price,F_wx,baseline_mean,test,season,夏(6-8),650,0.46902431261455113,0.6793411102460911,-0.15167652832283585,-0.026536691026842345,1.0723361032247596,
hist,price,F_wx,baseline_mean,test,season,春(3-5),630,0.5816003020169624,0.7764849338077355,-0.4248563604327167,0.2073595376341035,1.1927257369865567,
hist,price,F_wx,baseline_mean,test,season,秋(9-11),100,0.40049608410623805,0.5205926202887196,-0.22278877833822786,0.2152614910259604,1.1002549207137615,
hist,price,F_wx,baseline_mean,test,period,normal,1450,0.6506328952294795,0.9036420601437573,-0.20616604549003426,-0.1292415444323528,1.0978771364947775,
hist,price,F_wx,baseline_mean,test,period,extreme,300,0.5863880078830677,0.8477734671970222,-0.14057428517010262,-0.01182075899282759,1.0661952780265922,
hist,price,F_wx,baseline_mean,test,overall,all,1750,0.6396194859700947,0.8943124944905096,-0.19208446327515816,-0.1091122669284342,1.0915142106969047,
hist,price,F_wx,baseline_seasonal_naive,test,crop,土豆,175,0.6764293127069066,0.9698330317236512,-1.8126675318771412,0.39808523526099,1.6723023488534305,
hist,price,F_wx,baseline_seasonal_naive,test,crop,尖椒,175,0.8309115339723017,1.2061959725582905,-0.9964797757192307,-0.5310103619545776,1.4089255906036975,
hist,price,F_wx,baseline_seasonal_naive,test,crop,甘蓝,175,0.8645794471568352,1.1239432159436074,-2.0750575251449743,0.3911587647087359,1.7485667753501526,
hist,price,F_wx,baseline_seasonal_naive,test,crop,芸豆,175,0.8525001523767519,1.0855515381602425,-2.1139790078119596,0.3336672712455346,1.759597920563966,
hist,price,F_wx,baseline_seasonal_naive,test,crop,芹菜,175,0.5926383152430872,0.7147637232099402,-1.772272234277843,-0.13008737414855942,1.6602501855604168,
hist,price,F_wx,baseline_seasonal_naive,test,crop,茄子,175,0.7961636135108928,1.0219367963989407,-1.104065438674564,0.20429609236041993,1.4463893692904495,
hist,price,F_wx,baseline_seasonal_naive,test,crop,西红柿,175,0.8636823737249432,1.2443092079290092,-0.35049095465462843,-0.32104425690168203,1.1587811974161355,
hist,price,F_wx,baseline_seasonal_naive,test,crop,青椒,175,0.5773273510453368,0.8187067788324925,-0.9526331245020154,0.23090683060620049,1.3933683005341528,
hist,price,F_wx,baseline_seasonal_naive,test,crop,韭菜,175,1.0539045916148078,1.2837981114619426,-1.923572107384175,-0.8781925613112536,1.7049533662409257,
hist,price,F_wx,baseline_seasonal_naive,test,crop,黄瓜,175,1.128653799835473,1.4115723003614593,-0.8422729057526388,-0.7767407928109595,1.3534199762104449,
hist,price,F_wx,baseline_seasonal_naive,test,season,冬(12-2),370,1.2524940494948638,1.5806184993140486,-1.8306839265913597,-1.0735690580641213,1.6801885101060725,
hist,price,F_wx,baseline_seasonal_naive,test,season,夏(6-8),650,0.6405631955568665,0.8729651561900769,-0.9017286156620465,-0.06741825000215482,1.3779705654803582,
hist,price,F_wx,baseline_seasonal_naive,test,season,春(3-5),630,0.7947065975493878,1.0192323097258265,-1.454999359359761,0.38252614167956184,1.5655997365162735,
hist,price,F_wx,baseline_seasonal_naive,test,season,秋(9-11),100,0.6098430407660671,0.8356956612787647,-2.1510240977245374,0.1123274296160003,1.7662145556945488,
hist,price,F_wx,baseline_seasonal_naive,test,period,normal,1450,0.8318452639128344,1.1164361567514878,-0.8411196392105074,-0.1322787253516229,1.3564106684659676,
hist,price,F_wx,baseline_seasonal_naive,test,period,extreme,300,0.7842090109472468,1.0594290970718565,-0.781179665907727,0.009953166648172569,1.3323822275738677,
hist,price,F_wx,baseline_seasonal_naive,test,overall,all,1750,0.8236790491187337,1.1068720553406843,-0.8260946217450298,-0.10789611529451515,1.3509445359096106,
hist,price,F_wx,baseline_persistence,test,crop,土豆,175,0.09004222220386862,0.138697568417983,0.9424742683521036,-0.005506047016135467,0.239158970522406,
hist,price,F_wx,baseline_persistence,test,crop,尖椒,175,0.10695768850362132,0.16749534234968302,0.9615023130416921,0.01260061640474429,0.19564687622267063,
hist,price,F_wx,baseline_persistence,test,crop,甘蓝,175,0.08966763927820963,0.14734437635053207,0.9471516255132464,0.012868479786483008,0.22922998009728282,
hist,price,F_wx,baseline_persistence,test,crop,芸豆,175,0.13659539023162323,0.19400782826210924,0.9005388915870702,0.005460622784671885,0.31447219149234595,
hist,price,F_wx,baseline_persistence,test,crop,芹菜,175,0.09509812572710617,0.15343524119868093,0.8722499404569131,0.00868216676860099,0.35639873625314766,
hist,price,F_wx,baseline_persistence,test,crop,茄子,175,0.1284289859636218,0.20396786060124128,0.9161825102009062,0.018624350469498875,0.288684140046743,
hist,price,F_wx,baseline_persistence,test,crop,西红柿,175,0.1004650127027848,0.15295607883949983,0.9795934995562359,0.01781711286384096,0.1424425914879387,
hist,price,F_wx,baseline_persistence,test,crop,青椒,175,0.11274825363024596,0.2081136066752493,0.8738274642862022,0.00461950122792008,0.35419140276894534,
hist,price,F_wx,baseline_persistence,test,crop,韭菜,175,0.1396235385159799,0.20368423025246457,0.9264072287780124,0.007445875204480776,0.27050368038294625,
hist,price,F_wx,baseline_persistence,test,crop,黄瓜,175,0.21264379245532056,0.3264053967059912,0.9014940709646909,0.0029930306856941614,0.31295852442815836,
hist,price,F_wx,baseline_persistence,test,season,冬(12-2),370,0.1696162285752202,0.262279927654693,0.9220587497185799,0.0218611236089297,0.27880207720465866,
hist,price,F_wx,baseline_persistence,test,season,夏(6-8),650,0.11358040486358238,0.1889095317103384,0.9109441474941277,0.0011677663457344747,0.2981926281818803,
hist,price,F_wx,baseline_persistence,test,season,春(3-5),630,0.10309635787633865,0.15832532523422765,0.9407612622515631,0.01218865463012468,0.24319685032084418,
hist,price,F_wx,baseline_persistence,test,season,秋(9-11),100,0.1061139041591348,0.1788855993844144,0.8556202815418207,-0.01545517170545025,0.37806867269531547,
hist,price,F_wx,baseline_persistence,test,period,normal,1450,0.11986183156424575,0.19032764262418825,0.9464920932449399,0.010251610740528452,0.2312379829318735,
hist,price,F_wx,baseline_persistence,test,period,extreme,300,0.12782569281336847,0.2244658851305443,0.920041502297112,0.0003872117756622158,0.2822976609488852,
hist,price,F_wx,baseline_persistence,test,overall,all,1750,0.12122706492123819,0.19660136145322618,0.9423895227469679,0.008560570917979954,0.2399532391536237,
hist,price,F_wx,elasticnet,test,crop,土豆,175,0.7426204709718172,0.9818688712830729,-1.882912356388386,0.6991114119174774,1.693055985930394,
hist,price,F_wx,elasticnet,test,crop,尖椒,175,0.7079695073874055,1.0329500838802015,-0.4641576385743216,-0.22900616479701125,1.2065616534171613,
hist,price,F_wx,elasticnet,test,crop,甘蓝,175,0.861915153157709,1.001195540349905,-1.440070176676599,0.6464611677545476,1.557602939944632,
hist,price,F_wx,elasticnet,test,crop,芸豆,175,0.8577201257935647,1.0187771058422026,-1.7426673729648008,0.6546849197261294,1.6513615558006762,
hist,price,F_wx,elasticnet,test,crop,芹菜,175,0.4598588170973371,0.5869866539892198,-0.869680181430678,0.16077824116025166,1.3634501438188509,
hist,price,F_wx,elasticnet,test,crop,茄子,175,0.7618287456066765,0.87633249857059,-0.547209076069346,0.336116689582177,1.2403095909283899,
hist,price,F_wx,elasticnet,test,crop,西红柿,175,0.9048255029598853,1.2145671926154091,-0.2867024911149503,-0.12189400677804312,1.1310835094949603,
hist,price,F_wx,elasticnet,test,crop,青椒,175,0.6905222666544262,0.8596792109745245,-1.1529638067268833,0.44579172277426005,1.4630998449875967,
hist,price,F_wx,elasticnet,test,crop,韭菜,175,0.7847278160133712,0.926088196141684,-0.5213356499378587,-0.5279736829326338,1.2298952408098769,
hist,price,F_wx,elasticnet,test,crop,黄瓜,175,1.0125800964892184,1.1715909208928152,-0.26911128240600135,-0.48946046025350876,1.1233250722453898,
hist,price,F_wx,elasticnet,test,season,冬(12-2),370,1.0567142806332228,1.3145348457003954,-0.9578592331091407,-0.8346217867449068,1.3973430937562559,
hist,price,F_wx,elasticnet,test,season,夏(6-8),650,0.613846955165214,0.7758007559262328,-0.5019487692682287,0.2344604247500292,1.2245971087888332,
hist,price,F_wx,elasticnet,test,season,春(3-5),630,0.7940289626894583,0.9662051476966272,-1.2061940669659825,0.5900220773113959,1.484146950817739,
hist,price,F_wx,elasticnet,test,season,秋(9-11),100,0.7207643668695651,0.8139357678922964,-1.989067324615664,0.6025359797880526,1.7202257559313274,
hist,price,F_wx,elasticnet,test,period,normal,1450,0.7623894502756635,0.9797727635859961,-0.41796316606818307,0.08528258800696212,1.1903719000532615,
hist,price,F_wx,elasticnet,test,period,extreme,300,0.8561159499109491,0.9883099974455419,-0.5500664361061576,0.5063232302226434,1.2429398810826708,
hist,price,F_wx,elasticnet,test,overall,all,1750,0.778456850213141,0.9812415646369087,-0.4350938511840534,0.15746098381536464,1.197611705668747,
hist,price,F_wx,gam,test,crop,土豆,175,0.8414064268312096,1.0646542171319489,-2.3895466372373324,0.7449756924988008,1.8358044011577763,
hist,price,F_wx,gam,test,crop,尖椒,175,0.7618803835884969,1.077506948987368,-0.5931964366866465,-0.3427768303437112,1.258607348241872,
hist,price,F_wx,gam,test,crop,甘蓝,175,0.822815444501521,0.9690553397957647,-1.2859233400723453,0.5335969711983066,1.5076010483500657,
hist,price,F_wx,gam,test,crop,芸豆,175,0.8288049710002477,0.9749008773558528,-1.5115146101161172,0.5413820802210645,1.580241468275754,
hist,price,F_wx,gam,test,crop,芹菜,175,0.5057611031758543,0.663447609905344,-1.388493909598206,0.04758660506414705,1.5410533322931854,
hist,price,F_wx,gam,test,crop,茄子,175,0.7324591450148923,0.8771973208505901,-0.5502643573148194,0.22256330624750692,1.2415336096314304,
hist,price,F_wx,gam,test,crop,西红柿,175,0.926259949192898,1.244614444529726,-0.35115360317577493,-0.23628515889396007,1.1590654534767835,
hist,price,F_wx,gam,test,crop,青椒,175,0.6417961200010636,0.8386356754028942,-1.0488518030963112,0.33250417709362934,1.427285563055687,
hist,price,F_wx,gam,test,crop,韭菜,175,0.860110462184598,1.0410556009060974,-0.9225081735526477,-0.6425796175827433,1.382578175931082,
hist,price,F_wx,gam,test,crop,黄瓜,175,1.048416672529985,1.2697844200033963,-0.49075988622044786,-0.6039334044241229,1.2174733090705472,
hist,price,F_wx,gam,test,season,冬(12-2),370,1.1017445525444767,1.34994379882947,-1.0647555122540848,-0.8583507527315157,1.4349826103304164,
hist,price,F_wx,gam,test,season,夏(6-8),650,0.6784090296451142,0.8834657831911651,-0.9477543824923753,0.08900298882473921,1.3945457458572452,
hist,price,F_wx,gam,test,season,春(3-5),630,0.7489688371859814,0.9404529585882019,-1.0901582683895241,0.48229480883220044,1.4445900999426784,
hist,price,F_wx,gam,test,season,秋(9-11),100,0.742376475156853,0.84305358797096,-2.206755082565918,0.6037302489910463,1.7817652852551198,
hist,price,F_wx,gam,test,period,normal,1450,0.7745660363450795,0.9941892278028881,-0.45999823548761154,0.01251494244252981,1.2078871388307735,
hist,price,F_wx,gam,test,period,extreme,300,0.9052620531775624,1.120539079176507,-0.9925900160923513,0.28778084049047475,1.409236690329926,
hist,price,F_wx,gam,test,overall,all,1750,0.7969710678020767,1.0169646906002783,-0.5414881116470984,0.0597033821078918,1.241212013033062,
hist,price,F_wx,lightgbm,test,crop,土豆,175,0.6539180508743333,0.8859158957240939,-1.3469803027976157,0.6013897214695086,1.527602365401949,
hist,price,F_wx,lightgbm,test,crop,尖椒,175,0.8166289398090703,0.9990794535484524,-0.36971187926275895,0.14069773526918986,1.166998266596142,
hist,price,F_wx,lightgbm,test,crop,甘蓝,175,1.0409562257366192,1.165593767662538,-2.3071884094180115,0.7105836919337535,1.8133643290678305,
hist,price,F_wx,lightgbm,test,crop,芸豆,175,0.7774700161581588,0.9035019677520894,-1.1571134758852595,0.5195853413951379,1.4645091714174803,
hist,price,F_wx,lightgbm,test,crop,芹菜,175,0.8114943004266416,0.9906396972768361,-4.325278494700385,0.7841357225333088,2.301053743803809,
hist,price,F_wx,lightgbm,test,crop,茄子,175,0.7423689318941602,0.8881232410790273,-0.5891234605567477,0.2694556130343351,1.2569975159354343,
hist,price,F_wx,lightgbm,test,crop,西红柿,175,0.9648969414957792,1.1206454118378957,-0.09539684215309285,0.14636777280227767,1.0436174738027835,
hist,price,F_wx,lightgbm,test,crop,青椒,175,0.8721069436050811,0.986592695250644,-1.835565416960295,0.7548434106314306,1.6790956452823753,
hist,price,F_wx,lightgbm,test,crop,韭菜,175,0.8375085824972902,1.0550792308206989,-0.974651652305035,-0.5442898933465411,1.4012023153626234,
hist,price,F_wx,lightgbm,test,crop,黄瓜,175,1.0436729838948506,1.306291954447496,-0.5777137627573192,-0.55224655520913,1.2524768483056137,
hist,price,F_wx,lightgbm,test,season,冬(12-2),370,1.0103698857600654,1.2330411340139513,-0.7226315117144311,-0.7227028833253062,1.3107157399192089,
hist,price,F_wx,lightgbm,test,season,夏(6-8),650,0.6979506539666066,0.8301959137780326,-0.7199503306993362,0.4246004486531337,1.3104595580434717,
hist,price,F_wx,lightgbm,test,season,春(3-5),630,0.8447450081709473,1.016432033431694,-1.4415279798259517,0.5639288876987019,1.5612983502803468,
hist,price,F_wx,lightgbm,test,season,秋(9-11),100,1.38484697411382,1.4984516958510044,-9.130734290091475,1.314760240454666,3.166927051131832,
hist,price,F_wx,lightgbm,test,period,normal,1450,0.8489196782551384,1.0445885402699868,-0.611776200507828,0.2165257980330987,1.2691196282125552,
hist,price,F_wx,lightgbm,test,period,extreme,300,0.8908176729954888,1.0062496861369148,-0.6068504219968012,0.6045968031394309,1.2655015819521833,
hist,price,F_wx,lightgbm,test,overall,all,1750,0.8561021916391985,1.0381167278234715,-0.6062783631216957,0.28305225605132706,1.2670282119082197,
hist,price,F_lag,baseline_mean,test,crop,土豆,175,0.6260343707641476,0.8164446999363332,-0.993324499575936,0.5763460822452968,1.4078118034254696,
hist,price,F_lag,baseline_mean,test,crop,尖椒,175,0.6429814447418598,0.9952314979131045,-0.3591813039752121,-0.5116138323507845,1.1625035714640977,
hist,price,F_lag,baseline_mean,test,crop,甘蓝,175,0.6263350928671801,0.7374705518689382,-0.3238960003354736,0.3647711988864522,1.1473146387689632,
hist,price,F_lag,baseline_mean,test,crop,芸豆,175,0.5707155522683544,0.7191827678569142,-0.3667633736571132,0.3725508737015521,1.165741522480955,
hist,price,F_lag,baseline_mean,test,crop,芹菜,175,0.34594749546525366,0.44607684931589775,-0.07976747083823565,-0.12124322389495144,1.0361454391179235,
hist,price,F_lag,baseline_mean,test,crop,茄子,175,0.5558819417184658,0.7065675656250212,-0.005816056472204512,0.05372899570684938,1.0000342674876228,
hist,price,F_lag,baseline_mean,test,crop,西红柿,175,0.724168884073048,1.1448170803271052,-0.14316060742698378,-0.4051298482019561,1.0661276945557832,
hist,price,F_lag,baseline_mean,test,crop,青椒,175,0.44148453527915177,0.6083248448014477,-0.07804027892485088,0.1636731597268752,1.0353164003142064,
hist,price,F_lag,baseline_mean,test,crop,韭菜,175,0.8659929427642518,1.1055110889697024,-1.1679364694276635,-0.8114269678709466,1.4681785521628266,
hist,price,F_lag,baseline_mean,test,crop,黄瓜,175,0.9966525997592337,1.2956665137042216,-0.552151751380787,-0.7727791072327289,1.2422891421893165,
hist,price,F_lag,baseline_mean,test,season,冬(12-2),370,1.1027310772078305,1.368285865744317,-1.1212455258111564,-0.880703448025388,1.4544801235477405,
hist,price,F_lag,baseline_mean,test,season,夏(6-8),650,0.46902431261455113,0.6793411102460911,-0.15167652832283585,-0.026536691026842345,1.0723361032247596,
hist,price,F_lag,baseline_mean,test,season,春(3-5),630,0.5816003020169624,0.7764849338077355,-0.4248563604327167,0.2073595376341035,1.1927257369865567,
hist,price,F_lag,baseline_mean,test,season,秋(9-11),100,0.40049608410623805,0.5205926202887196,-0.22278877833822786,0.2152614910259604,1.1002549207137615,
hist,price,F_lag,baseline_mean,test,period,normal,1450,0.6506328952294795,0.9036420601437573,-0.20616604549003426,-0.1292415444323528,1.0978771364947775,
hist,price,F_lag,baseline_mean,test,period,extreme,300,0.5863880078830677,0.8477734671970222,-0.14057428517010262,-0.01182075899282759,1.0661952780265922,
hist,price,F_lag,baseline_mean,test,overall,all,1750,0.6396194859700947,0.8943124944905096,-0.19208446327515816,-0.1091122669284342,1.0915142106969047,
hist,price,F_lag,baseline_seasonal_naive,test,crop,土豆,175,0.6764293127069066,0.9698330317236512,-1.8126675318771412,0.39808523526099,1.6723023488534305,
hist,price,F_lag,baseline_seasonal_naive,test,crop,尖椒,175,0.8309115339723017,1.2061959725582905,-0.9964797757192307,-0.5310103619545776,1.4089255906036975,
hist,price,F_lag,baseline_seasonal_naive,test,crop,甘蓝,175,0.8645794471568352,1.1239432159436074,-2.0750575251449743,0.3911587647087359,1.7485667753501526,
hist,price,F_lag,baseline_seasonal_naive,test,crop,芸豆,175,0.8525001523767519,1.0855515381602425,-2.1139790078119596,0.3336672712455346,1.759597920563966,
hist,price,F_lag,baseline_seasonal_naive,test,crop,芹菜,175,0.5926383152430872,0.7147637232099402,-1.772272234277843,-0.13008737414855942,1.6602501855604168,
hist,price,F_lag,baseline_seasonal_naive,test,crop,茄子,175,0.7961636135108928,1.0219367963989407,-1.104065438674564,0.20429609236041993,1.4463893692904495,
hist,price,F_lag,baseline_seasonal_naive,test,crop,西红柿,175,0.8636823737249432,1.2443092079290092,-0.35049095465462843,-0.32104425690168203,1.1587811974161355,
hist,price,F_lag,baseline_seasonal_naive,test,crop,青椒,175,0.5773273510453368,0.8187067788324925,-0.9526331245020154,0.23090683060620049,1.3933683005341528,
hist,price,F_lag,baseline_seasonal_naive,test,crop,韭菜,175,1.0539045916148078,1.2837981114619426,-1.923572107384175,-0.8781925613112536,1.7049533662409257,
hist,price,F_lag,baseline_seasonal_naive,test,crop,黄瓜,175,1.128653799835473,1.4115723003614593,-0.8422729057526388,-0.7767407928109595,1.3534199762104449,
hist,price,F_lag,baseline_seasonal_naive,test,season,冬(12-2),370,1.2524940494948638,1.5806184993140486,-1.8306839265913597,-1.0735690580641213,1.6801885101060725,
hist,price,F_lag,baseline_seasonal_naive,test,season,夏(6-8),650,0.6405631955568665,0.8729651561900769,-0.9017286156620465,-0.06741825000215482,1.3779705654803582,
hist,price,F_lag,baseline_seasonal_naive,test,season,春(3-5),630,0.7947065975493878,1.0192323097258265,-1.454999359359761,0.38252614167956184,1.5655997365162735,
hist,price,F_lag,baseline_seasonal_naive,test,season,秋(9-11),100,0.6098430407660671,0.8356956612787647,-2.1510240977245374,0.1123274296160003,1.7662145556945488,
hist,price,F_lag,baseline_seasonal_naive,test,period,normal,1450,0.8318452639128344,1.1164361567514878,-0.8411196392105074,-0.1322787253516229,1.3564106684659676,
hist,price,F_lag,baseline_seasonal_naive,test,period,extreme,300,0.7842090109472468,1.0594290970718565,-0.781179665907727,0.009953166648172569,1.3323822275738677,
hist,price,F_lag,baseline_seasonal_naive,test,overall,all,1750,0.8236790491187337,1.1068720553406843,-0.8260946217450298,-0.10789611529451515,1.3509445359096106,
hist,price,F_lag,baseline_persistence,test,crop,土豆,175,0.09004222220386862,0.138697568417983,0.9424742683521036,-0.005506047016135467,0.239158970522406,
hist,price,F_lag,baseline_persistence,test,crop,尖椒,175,0.10695768850362132,0.16749534234968302,0.9615023130416921,0.01260061640474429,0.19564687622267063,
hist,price,F_lag,baseline_persistence,test,crop,甘蓝,175,0.08966763927820963,0.14734437635053207,0.9471516255132464,0.012868479786483008,0.22922998009728282,
hist,price,F_lag,baseline_persistence,test,crop,芸豆,175,0.13659539023162323,0.19400782826210924,0.9005388915870702,0.005460622784671885,0.31447219149234595,
hist,price,F_lag,baseline_persistence,test,crop,芹菜,175,0.09509812572710617,0.15343524119868093,0.8722499404569131,0.00868216676860099,0.35639873625314766,
hist,price,F_lag,baseline_persistence,test,crop,茄子,175,0.1284289859636218,0.20396786060124128,0.9161825102009062,0.018624350469498875,0.288684140046743,
hist,price,F_lag,baseline_persistence,test,crop,西红柿,175,0.1004650127027848,0.15295607883949983,0.9795934995562359,0.01781711286384096,0.1424425914879387,
hist,price,F_lag,baseline_persistence,test,crop,青椒,175,0.11274825363024596,0.2081136066752493,0.8738274642862022,0.00461950122792008,0.35419140276894534,
hist,price,F_lag,baseline_persistence,test,crop,韭菜,175,0.1396235385159799,0.20368423025246457,0.9264072287780124,0.007445875204480776,0.27050368038294625,
hist,price,F_lag,baseline_persistence,test,crop,黄瓜,175,0.21264379245532056,0.3264053967059912,0.9014940709646909,0.0029930306856941614,0.31295852442815836,
hist,price,F_lag,baseline_persistence,test,season,冬(12-2),370,0.1696162285752202,0.262279927654693,0.9220587497185799,0.0218611236089297,0.27880207720465866,
hist,price,F_lag,baseline_persistence,test,season,夏(6-8),650,0.11358040486358238,0.1889095317103384,0.9109441474941277,0.0011677663457344747,0.2981926281818803,
hist,price,F_lag,baseline_persistence,test,season,春(3-5),630,0.10309635787633865,0.15832532523422765,0.9407612622515631,0.01218865463012468,0.24319685032084418,
hist,price,F_lag,baseline_persistence,test,season,秋(9-11),100,0.1061139041591348,0.1788855993844144,0.8556202815418207,-0.01545517170545025,0.37806867269531547,
hist,price,F_lag,baseline_persistence,test,period,normal,1450,0.11986183156424575,0.19032764262418825,0.9464920932449399,0.010251610740528452,0.2312379829318735,
hist,price,F_lag,baseline_persistence,test,period,extreme,300,0.12782569281336847,0.2244658851305443,0.920041502297112,0.0003872117756622158,0.2822976609488852,
hist,price,F_lag,baseline_persistence,test,overall,all,1750,0.12122706492123819,0.19660136145322618,0.9423895227469679,0.008560570917979954,0.2399532391536237,
hist,price,F_lag,elasticnet,test,crop,土豆,175,0.10997489730471126,0.15412790319958888,0.9289626099619585,0.03278024452056684,0.2657658030954453,
hist,price,F_lag,elasticnet,test,crop,尖椒,175,0.1146709862184187,0.1719792215858216,0.9594135445221942,0.007412910329133914,0.20088437688151725,
hist,price,F_lag,elasticnet,test,crop,甘蓝,175,0.0918689441965394,0.14033923414863472,0.9520572757462112,0.01192906135125969,0.2183317792477343,
hist,price,F_lag,elasticnet,test,crop,芸豆,175,0.1537578145759041,0.20887682325956294,0.884709029748381,0.0569407105950044,0.3385737212296963,
hist,price,F_lag,elasticnet,test,crop,芹菜,175,0.10414108639653794,0.15752473032872133,0.8653493791840334,-0.0015921759858594394,0.3658977844931808,
hist,price,F_lag,elasticnet,test,crop,茄子,175,0.13747489479443134,0.20581256342129206,0.9146595491795388,0.020251340679934678,0.29129502416190894,
hist,price,F_lag,elasticnet,test,crop,西红柿,175,0.11419898527374281,0.16377641896486364,0.976604205847525,0.013158978637893028,0.15251919190769087,
hist,price,F_lag,elasticnet,test,crop,青椒,175,0.12690355593093264,0.21236937628702,0.8686144320150517,0.025573862331230997,0.3614343554654822,
hist,price,F_lag,elasticnet,test,crop,韭菜,175,0.13698772691551847,0.19319158275939888,0.933794092039767,-0.011540898736093668,0.25656887669040157,
hist,price,F_lag,elasticnet,test,crop,黄瓜,175,0.20211041556534232,0.31455215482118354,0.908518550079163,-0.009677285602905025,0.30159359870267827,
hist,price,F_lag,elasticnet,test,season,冬(12-2),370,0.17188171728436769,0.2589507746877697,0.9240248288682096,-0.014666984127333653,0.2752632064614417,
hist,price,F_lag,elasticnet,test,season,夏(6-8),650,0.12573078839204213,0.194092903469443,0.905990003607323,0.027011349439459983,0.3063745512097831,
hist,price,F_lag,elasticnet,test,season,春(3-5),630,0.11119700233298965,0.16068454996014814,0.9389826615602924,0.025310768874123056,0.24682075585645005,
hist,price,F_lag,elasticnet,test,season,秋(9-11),100,0.10740269435286891,0.1743472713603749,0.8628531809203974,-0.02659946478204115,0.36847706969200483,
hist,price,F_lag,elasticnet,test,period,normal,1450,0.1241562822762327,0.18901848348516298,0.9472256645246055,0.00584739420889241,0.22964742406994937,
hist,price,F_lag,elasticnet,test,period,extreme,300,0.1536300648485879,0.23662761562770432,0.9111423567178183,0.05645903106044983,0.29759276056031303,
hist,price,F_lag,elasticnet,test,overall,all,1750,0.1292089307172079,0.19799476160009957,0.9415700073886489,0.014523674812016541,0.24165389308708568,
hist,price,F_lag,gam,test,crop,土豆,175,0.13550015894237882,0.17829069053935295,0.9049435063284741,0.04685082444032525,0.3074301769633043,
hist,price,F_lag,gam,test,crop,尖椒,175,0.1242281528468642,0.17877010399852325,0.9561450164279911,-0.010925977095353149,0.20881662689039676,
hist,price,F_lag,gam,test,crop,甘蓝,175,0.1032834422695441,0.15243457187213835,0.943437127759685,-0.005235967650639727,0.23714901607958058,
hist,price,F_lag,gam,test,crop,芸豆,175,0.15446209587959464,0.20915830847390773,0.884398085050772,0.03339358009950891,0.33902998772688175,
hist,price,F_lag,gam,test,crop,芹菜,175,0.11829224300847077,0.17115835848118963,0.8410329570105313,-0.0017260889473798282,0.3975659189199594,
hist,price,F_lag,gam,test,crop,茄子,175,0.14789650644647806,0.21514642908130033,0.9067434266792176,0.015917992472931325,0.30450562985943674,
hist,price,F_lag,gam,test,crop,西红柿,175,0.11865518138406665,0.17070946774144682,0.9745814796311358,-0.01884684058527185,0.15897569525258284,
hist,price,F_lag,gam,test,crop,青椒,175,0.13146716292470725,0.2125649463815831,0.8683723357236234,0.012085884365454729,0.36176719889287545,
hist,price,F_lag,gam,test,crop,韭菜,175,0.1525933350711895,0.2089904856826272,0.9225228966418311,-0.05676384652605557,0.2775506747483513,
hist,price,F_lag,gam,test,crop,黄瓜,175,0.20490067597825926,0.31910239847727956,0.9058527049064794,-0.050148424184361745,0.30595638667975056,
hist,price,F_lag,gam,test,season,冬(12-2),370,0.178365213607511,0.26202708162320815,0.922208952876343,-0.04096187716388282,0.2785333033056368,
hist,price,F_lag,gam,test,season,夏(6-8),650,0.13679216131164512,0.20717726599031352,0.8928878053654608,-0.004607876285915283,0.32702814350265597,
hist,price,F_lag,gam,test,season,春(3-5),630,0.12220968175655188,0.16969968206179228,0.931943897218006,0.027046986630929148,0.26066851981400174,
hist,price,F_lag,gam,test,season,秋(9-11),100,0.11571683687545714,0.17688994778833345,0.8588237189936556,-0.05083388572901074,0.37385093044725864,
hist,price,F_lag,gam,test,period,normal,1450,0.1329652132691116,0.1954301973776285,0.9435846137571751,-0.004816569361456277,0.23743731610658605,
hist,price,F_lag,gam,test,period,extreme,300,0.16891419280436673,0.2529495514397121,0.8984612617223718,0.0026307481407143694,0.3181199079226302,
hist,price,F_lag,gam,test,overall,all,1750,0.13912789547515533,0.20643205404518633,0.9364840645193445,-0.0035398863610841655,0.2519516633411672,
hist,price,F_lag,lightgbm,test,crop,土豆,175,0.12451563146323033,0.1632724729495063,0.920283100711571,0.024806140487745085,0.281533966244995,
hist,price,F_lag,lightgbm,test,crop,尖椒,175,0.13735266377105462,0.1983996569191491,0.9459854203476672,-0.007264959799222598,0.23174538811260587,
hist,price,F_lag,lightgbm,test,crop,甘蓝,175,0.10499311373077672,0.15804740549455085,0.9391950065979177,0.01566675706081332,0.24588114262164884,
hist,price,F_lag,lightgbm,test,crop,芸豆,175,0.15721385935700014,0.21882331970203026,0.8734675284882065,0.022264743019588442,0.3546962486655875,
hist,price,F_lag,lightgbm,test,crop,芹菜,175,0.12480608838157776,0.1735417924702533,0.8365747988430683,-0.010900327999926582,0.4031021494170012,
hist,price,F_lag,lightgbm,test,crop,茄子,175,0.15413495668012933,0.21645251472137417,0.9056077278011266,0.0175000321292925,0.3063541868267976,
hist,price,F_lag,lightgbm,test,crop,西红柿,175,0.13359355762157868,0.18591949735401647,0.9698501661629196,-0.0069079282206963655,0.17314025838116648,
hist,price,F_lag,lightgbm,test,crop,青椒,175,0.14061050944986664,0.2284049414344571,0.8480240486745713,0.02070160818923529,0.3887255038170957,
hist,price,F_lag,lightgbm,test,crop,韭菜,175,0.15371618135997397,0.21113145849145573,0.920927359703363,-0.02916589540314457,0.2803940024996951,
hist,price,F_lag,lightgbm,test,crop,黄瓜,175,0.2144544922383546,0.328574675602337,0.9001803861248618,-0.035677098819533515,0.3150384358797605,
hist,price,F_lag,lightgbm,test,season,冬(12-2),370,0.2159441240150011,0.29600506814720284,0.9007259929614554,-0.03359351302776616,0.31465171048544033,
hist,price,F_lag,lightgbm,test,season,夏(6-8),650,0.12902628799241134,0.19928025014497613,0.900897812275934,0.011927218093848224,0.31456274862080397,
hist,price,F_lag,lightgbm,test,season,春(3-5),630,0.12322189368857189,0.1693578078594391,0.9322178304309574,0.0136900894833293,0.26014338127981435,
hist,price,F_lag,lightgbm,test,season,秋(9-11),100,0.11547228354951908,0.18288741060498973,0.8490882512435974,-0.020188109524989,0.38652636555458736,
hist,price,F_lag,lightgbm,test,period,normal,1450,0.14267434074965077,0.20729453039533102,0.936526870602187,-0.005261985008779865,0.25185185094776363,
hist,price,F_lag,lightgbm,test,period,extreme,300,0.1535521345745879,0.24040751705501387,0.9082808499665932,0.031863052084857436,0.3023465222774945,
hist,price,F_lag,lightgbm,test,overall,all,1750,0.14453910540535428,0.21333637377639394,0.9321643097116622,0.001102307064415101,0.26037843043682485,
hist,price,F_now,baseline_mean,test,crop,土豆,175,0.6260343707641476,0.8164446999363332,-0.993324499575936,0.5763460822452968,1.4078118034254696,
hist,price,F_now,baseline_mean,test,crop,尖椒,175,0.6429814447418598,0.9952314979131045,-0.3591813039752121,-0.5116138323507845,1.1625035714640977,
hist,price,F_now,baseline_mean,test,crop,甘蓝,175,0.6263350928671801,0.7374705518689382,-0.3238960003354736,0.3647711988864522,1.1473146387689632,
hist,price,F_now,baseline_mean,test,crop,芸豆,175,0.5707155522683544,0.7191827678569142,-0.3667633736571132,0.3725508737015521,1.165741522480955,
hist,price,F_now,baseline_mean,test,crop,芹菜,175,0.34594749546525366,0.44607684931589775,-0.07976747083823565,-0.12124322389495144,1.0361454391179235,
hist,price,F_now,baseline_mean,test,crop,茄子,175,0.5558819417184658,0.7065675656250212,-0.005816056472204512,0.05372899570684938,1.0000342674876228,
hist,price,F_now,baseline_mean,test,crop,西红柿,175,0.724168884073048,1.1448170803271052,-0.14316060742698378,-0.4051298482019561,1.0661276945557832,
hist,price,F_now,baseline_mean,test,crop,青椒,175,0.44148453527915177,0.6083248448014477,-0.07804027892485088,0.1636731597268752,1.0353164003142064,
hist,price,F_now,baseline_mean,test,crop,韭菜,175,0.8659929427642518,1.1055110889697024,-1.1679364694276635,-0.8114269678709466,1.4681785521628266,
hist,price,F_now,baseline_mean,test,crop,黄瓜,175,0.9966525997592337,1.2956665137042216,-0.552151751380787,-0.7727791072327289,1.2422891421893165,
hist,price,F_now,baseline_mean,test,season,冬(12-2),370,1.1027310772078305,1.368285865744317,-1.1212455258111564,-0.880703448025388,1.4544801235477405,
hist,price,F_now,baseline_mean,test,season,夏(6-8),650,0.46902431261455113,0.6793411102460911,-0.15167652832283585,-0.026536691026842345,1.0723361032247596,
hist,price,F_now,baseline_mean,test,season,春(3-5),630,0.5816003020169624,0.7764849338077355,-0.4248563604327167,0.2073595376341035,1.1927257369865567,
hist,price,F_now,baseline_mean,test,season,秋(9-11),100,0.40049608410623805,0.5205926202887196,-0.22278877833822786,0.2152614910259604,1.1002549207137615,
hist,price,F_now,baseline_mean,test,period,normal,1450,0.6506328952294795,0.9036420601437573,-0.20616604549003426,-0.1292415444323528,1.0978771364947775,
hist,price,F_now,baseline_mean,test,period,extreme,300,0.5863880078830677,0.8477734671970222,-0.14057428517010262,-0.01182075899282759,1.0661952780265922,
hist,price,F_now,baseline_mean,test,overall,all,1750,0.6396194859700947,0.8943124944905096,-0.19208446327515816,-0.1091122669284342,1.0915142106969047,
hist,price,F_now,baseline_seasonal_naive,test,crop,土豆,175,0.6764293127069066,0.9698330317236512,-1.8126675318771412,0.39808523526099,1.6723023488534305,
hist,price,F_now,baseline_seasonal_naive,test,crop,尖椒,175,0.8309115339723017,1.2061959725582905,-0.9964797757192307,-0.5310103619545776,1.4089255906036975,
hist,price,F_now,baseline_seasonal_naive,test,crop,甘蓝,175,0.8645794471568352,1.1239432159436074,-2.0750575251449743,0.3911587647087359,1.7485667753501526,
hist,price,F_now,baseline_seasonal_naive,test,crop,芸豆,175,0.8525001523767519,1.0855515381602425,-2.1139790078119596,0.3336672712455346,1.759597920563966,
hist,price,F_now,baseline_seasonal_naive,test,crop,芹菜,175,0.5926383152430872,0.7147637232099402,-1.772272234277843,-0.13008737414855942,1.6602501855604168,
hist,price,F_now,baseline_seasonal_naive,test,crop,茄子,175,0.7961636135108928,1.0219367963989407,-1.104065438674564,0.20429609236041993,1.4463893692904495,
hist,price,F_now,baseline_seasonal_naive,test,crop,西红柿,175,0.8636823737249432,1.2443092079290092,-0.35049095465462843,-0.32104425690168203,1.1587811974161355,
hist,price,F_now,baseline_seasonal_naive,test,crop,青椒,175,0.5773273510453368,0.8187067788324925,-0.9526331245020154,0.23090683060620049,1.3933683005341528,
hist,price,F_now,baseline_seasonal_naive,test,crop,韭菜,175,1.0539045916148078,1.2837981114619426,-1.923572107384175,-0.8781925613112536,1.7049533662409257,
hist,price,F_now,baseline_seasonal_naive,test,crop,黄瓜,175,1.128653799835473,1.4115723003614593,-0.8422729057526388,-0.7767407928109595,1.3534199762104449,
hist,price,F_now,baseline_seasonal_naive,test,season,冬(12-2),370,1.2524940494948638,1.5806184993140486,-1.8306839265913597,-1.0735690580641213,1.6801885101060725,
hist,price,F_now,baseline_seasonal_naive,test,season,夏(6-8),650,0.6405631955568665,0.8729651561900769,-0.9017286156620465,-0.06741825000215482,1.3779705654803582,
hist,price,F_now,baseline_seasonal_naive,test,season,春(3-5),630,0.7947065975493878,1.0192323097258265,-1.454999359359761,0.38252614167956184,1.5655997365162735,
hist,price,F_now,baseline_seasonal_naive,test,season,秋(9-11),100,0.6098430407660671,0.8356956612787647,-2.1510240977245374,0.1123274296160003,1.7662145556945488,
hist,price,F_now,baseline_seasonal_naive,test,period,normal,1450,0.8318452639128344,1.1164361567514878,-0.8411196392105074,-0.1322787253516229,1.3564106684659676,
hist,price,F_now,baseline_seasonal_naive,test,period,extreme,300,0.7842090109472468,1.0594290970718565,-0.781179665907727,0.009953166648172569,1.3323822275738677,
hist,price,F_now,baseline_seasonal_naive,test,overall,all,1750,0.8236790491187337,1.1068720553406843,-0.8260946217450298,-0.10789611529451515,1.3509445359096106,
hist,price,F_now,baseline_persistence,test,crop,土豆,175,0.09004222220386862,0.138697568417983,0.9424742683521036,-0.005506047016135467,0.239158970522406,
hist,price,F_now,baseline_persistence,test,crop,尖椒,175,0.10695768850362132,0.16749534234968302,0.9615023130416921,0.01260061640474429,0.19564687622267063,
hist,price,F_now,baseline_persistence,test,crop,甘蓝,175,0.08966763927820963,0.14734437635053207,0.9471516255132464,0.012868479786483008,0.22922998009728282,
hist,price,F_now,baseline_persistence,test,crop,芸豆,175,0.13659539023162323,0.19400782826210924,0.9005388915870702,0.005460622784671885,0.31447219149234595,
hist,price,F_now,baseline_persistence,test,crop,芹菜,175,0.09509812572710617,0.15343524119868093,0.8722499404569131,0.00868216676860099,0.35639873625314766,
hist,price,F_now,baseline_persistence,test,crop,茄子,175,0.1284289859636218,0.20396786060124128,0.9161825102009062,0.018624350469498875,0.288684140046743,
hist,price,F_now,baseline_persistence,test,crop,西红柿,175,0.1004650127027848,0.15295607883949983,0.9795934995562359,0.01781711286384096,0.1424425914879387,
hist,price,F_now,baseline_persistence,test,crop,青椒,175,0.11274825363024596,0.2081136066752493,0.8738274642862022,0.00461950122792008,0.35419140276894534,
hist,price,F_now,baseline_persistence,test,crop,韭菜,175,0.1396235385159799,0.20368423025246457,0.9264072287780124,0.007445875204480776,0.27050368038294625,
hist,price,F_now,baseline_persistence,test,crop,黄瓜,175,0.21264379245532056,0.3264053967059912,0.9014940709646909,0.0029930306856941614,0.31295852442815836,
hist,price,F_now,baseline_persistence,test,season,冬(12-2),370,0.1696162285752202,0.262279927654693,0.9220587497185799,0.0218611236089297,0.27880207720465866,
hist,price,F_now,baseline_persistence,test,season,夏(6-8),650,0.11358040486358238,0.1889095317103384,0.9109441474941277,0.0011677663457344747,0.2981926281818803,
hist,price,F_now,baseline_persistence,test,season,春(3-5),630,0.10309635787633865,0.15832532523422765,0.9407612622515631,0.01218865463012468,0.24319685032084418,
hist,price,F_now,baseline_persistence,test,season,秋(9-11),100,0.1061139041591348,0.1788855993844144,0.8556202815418207,-0.01545517170545025,0.37806867269531547,
hist,price,F_now,baseline_persistence,test,period,normal,1450,0.11986183156424575,0.19032764262418825,0.9464920932449399,0.010251610740528452,0.2312379829318735,
hist,price,F_now,baseline_persistence,test,period,extreme,300,0.12782569281336847,0.2244658851305443,0.920041502297112,0.0003872117756622158,0.2822976609488852,
hist,price,F_now,baseline_persistence,test,overall,all,1750,0.12122706492123819,0.19660136145322618,0.9423895227469679,0.008560570917979954,0.2399532391536237,
hist,price,F_now,elasticnet,test,crop,土豆,175,0.10726323095381218,0.15039559086342522,0.9323613914243614,0.02089625638466104,0.2593301028436935,
hist,price,F_now,elasticnet,test,crop,尖椒,175,0.11680858107205316,0.17286114491453225,0.9589962159727452,-0.0058401962879810415,0.20191452817951522,
hist,price,F_now,elasticnet,test,crop,甘蓝,175,0.09247219351918594,0.14110594786201053,0.9515319949138966,0.00043270893226822683,0.21952458872991862,
hist,price,F_now,elasticnet,test,crop,芸豆,175,0.1501477919688517,0.20735747410370223,0.8863801597579825,0.04488230494445938,0.336110969788347,
hist,price,F_now,elasticnet,test,crop,芹菜,175,0.10610002879851452,0.1572698895187451,0.8657846977085281,-0.014009302010596723,0.3653058413260719,
hist,price,F_now,elasticnet,test,crop,茄子,175,0.13328642790821926,0.20077762128564128,0.9187839659403494,0.007449393339400525,0.28416886253854867,
hist,price,F_now,elasticnet,test,crop,西红柿,175,0.11420780844837257,0.1617621247163585,0.9771761588956457,0.00017258724139752348,0.1506433508495699,
hist,price,F_now,elasticnet,test,crop,青椒,175,0.12674259295766757,0.2103543081990836,0.871095908627077,0.01291214449467831,0.35800488343747183,
hist,price,F_now,elasticnet,test,crop,韭菜,175,0.1386424247758742,0.19527211366856512,0.932360436043604,-0.025554583390304687,0.2593319343281105,
hist,price,F_now,elasticnet,test,crop,黄瓜,175,0.2016465139384596,0.31454181775171824,0.9085245626564082,-0.02332834214283321,0.30158368748785336,
hist,price,F_now,elasticnet,test,season,冬(12-2),370,0.17430015102778468,0.25968860369210905,0.9235912596220445,-0.0313692967870165,0.2760475145130379,
hist,price,F_now,elasticnet,test,season,夏(6-8),650,0.12266648081889155,0.19127301173394431,0.90870182109344,0.01516938899673656,0.30192336804192654,
hist,price,F_now,elasticnet,test,season,春(3-5),630,0.11063142852367094,0.15904981349708436,0.9402178752115197,0.015113252015627647,0.24430970616598777,
hist,price,F_now,elasticnet,test,season,秋(9-11),100,0.11358510627204349,0.17942539152756096,0.854747627471667,-0.046225417931269434,0.379209505159153,
hist,price,F_now,elasticnet,test,period,normal,1450,0.12488396647819368,0.1889051324799056,0.9472889411969314,-0.005708674900983872,0.22950970861539097,
hist,price,F_now,elasticnet,test,period,extreme,300,0.14732942538765348,0.23198780599919122,0.9145928459289853,0.03809949539942583,0.2917575424174063,
hist,price,F_now,elasticnet,test,overall,all,1750,0.12873175943410106,0.1969611546933035,0.9421784679833171,0.0018012971505149333,0.24039236914104584,
hist,price,F_now,gam,test,crop,土豆,175,0.15151614076878553,0.2111945042201481,0.8666203167548812,0.060626132259950546,0.3641668760699898,
hist,price,F_now,gam,test,crop,尖椒,175,0.1453033780754914,0.2068222714110724,0.9413019364739061,-0.00415990330100776,0.24158362117542337,
hist,price,F_now,gam,test,crop,甘蓝,175,0.12148024632296744,0.17967000040853384,0.9214193455337333,-0.0005673466767208746,0.2795203430075008,
hist,price,F_now,gam,test,crop,芸豆,175,0.17736995646332945,0.24397538354990672,0.8427079381858462,0.04378431821936943,0.3954658645602154,
hist,price,F_now,gam,test,crop,芹菜,175,0.13090149984329066,0.1929923973425991,0.7978883850052229,0.004895083258413417,0.4482819330293396,
hist,price,F_now,gam,test,crop,茄子,175,0.16222341107658625,0.23610240292147827,0.8876916664398846,0.025393929349797173,0.3341654854320798,
hist,price,F_now,gam,test,crop,西红柿,175,0.1289202708650771,0.19031409735727847,0.9684080110514308,-0.013672343999901962,0.1772327940800869,
hist,price,F_now,gam,test,crop,青椒,175,0.15127821084390267,0.23292369540050167,0.8419511925838544,0.02168239911213575,0.3964160331946321,
hist,price,F_now,gam,test,crop,韭菜,175,0.16050661945874772,0.2159042405058048,0.9173119615934885,-0.04975792898938622,0.28673251529936894,
hist,price,F_now,gam,test,crop,黄瓜,175,0.2026650492246423,0.31451419152563304,0.9085406305366842,-0.04143052649260971,0.30155719937510034,
hist,price,F_now,gam,test,season,冬(12-2),370,0.17756889060126957,0.25815549059838144,0.9244907789061865,-0.02306457543229853,0.27441782397993825,
hist,price,F_now,gam,test,season,夏(6-8),650,0.17205534037229733,0.25579669319687226,0.8367156453223128,0.008582814958676013,0.40377363457534354,
hist,price,F_now,gam,test,season,春(3-5),630,0.12509787221783625,0.17167986865916876,0.9303463686338784,0.02492723462172597,0.2637102008768201,
hist,price,F_now,gam,test,season,秋(9-11),100,0.1178071675329377,0.17815519943188848,0.8567968955414758,-0.045601773953693525,0.37652499706385906,
hist,price,F_now,gam,test,period,normal,1450,0.13565969569251118,0.19567354402835047,0.9434440311580639,0.0014442680046523513,0.23773296937003388,
hist,price,F_now,gam,test,period,extreme,300,0.23807426086950798,0.3337358128090838,0.8232458737749161,0.02031576207587018,0.41972008029677776,
hist,price,F_now,gam,test,overall,all,1750,0.15321647829428203,0.22542870242235086,0.9242562411610044,0.004679381274003979,0.27513719612420207,
hist,price,F_now,lightgbm,test,crop,土豆,175,0.12191236332090719,0.16481370231381703,0.9187710036761436,0.01884149819266211,0.284191538632974,
hist,price,F_now,lightgbm,test,crop,尖椒,175,0.1298978472631084,0.18929626167929517,0.9508285243457405,-0.009479515079126118,0.22111195307666665,
hist,price,F_now,lightgbm,test,crop,甘蓝,175,0.09788417247011044,0.15121646991852858,0.9443375017052242,0.005939836045726392,0.23525396250849515,
hist,price,F_now,lightgbm,test,crop,芸豆,175,0.15692752096446042,0.22132833229095927,0.8705539478970739,0.0258468937534185,0.35875668687374135,
hist,price,F_now,lightgbm,test,crop,芹菜,175,0.12017445646929965,0.17064348198975807,0.8419879239359258,-0.02942411349466632,0.39636996596000645,
hist,price,F_now,lightgbm,test,crop,茄子,175,0.1422498464559604,0.2087060206001642,0.9122431302210262,0.010456168849439909,0.2953902536504301,
hist,price,F_now,lightgbm,test,crop,西红柿,175,0.1277487242673695,0.17873908460961768,0.9721340336276336,-0.0020705992504801225,0.16645339371370577,
hist,price,F_now,lightgbm,test,crop,青椒,175,0.13737971379059166,0.22457910633858919,0.8530726727591528,0.014541075077833107,0.38221426257239105,
hist,price,F_now,lightgbm,test,crop,韭菜,175,0.15167220076210938,0.20879616093846087,0.9226669100751898,-0.045819773530681715,0.27729260097199016,
hist,price,F_now,lightgbm,test,crop,黄瓜,175,0.2065026513141421,0.3129539533541486,0.9094458008276978,-0.04314151565568178,0.30006123809249907,
hist,price,F_now,lightgbm,test,season,冬(12-2),370,0.2022044046788,0.28389021126952146,0.9086858472744922,-0.05564433577471747,0.30177368625866235,
hist,price,F_now,lightgbm,test,season,夏(6-8),650,0.12885599168822623,0.19690148742847138,0.9032496117983992,0.015076183633045205,0.31080788511638713,
hist,price,F_now,lightgbm,test,season,春(3-5),630,0.1175169211943027,0.165881177510046,0.9349721736259111,0.0044840685087822706,0.2548030761236341,
hist,price,F_now,lightgbm,test,season,秋(9-11),100,0.11053477307746579,0.17740796884095214,0.8579956406283549,-0.01540336176389056,0.37494575044655276,
hist,price,F_now,lightgbm,test,period,normal,1450,0.13570416132676427,0.20074399120307979,0.9404750096482749,-0.013062682389110467,0.2438932935409277,
hist,price,F_now,lightgbm,test,period,extreme,300,0.15630042688284043,0.23854248899222696,0.9096984035670017,0.031455438577292896,0.30000098518430734,
hist,price,F_now,lightgbm,test,overall,all,1750,0.13923494970780592,0.20771281440954983,0.9356934794747336,-0.005431004509155605,0.2535148396881515,
hist,volume,F_wx,baseline_mean,test,crop,土豆,175,1.3965188546276521,1.4324567224523574,-19.182804550951616,-1.3965188546276521,4.47967345229894,
hist,volume,F_wx,baseline_mean,test,crop,尖椒,175,1.0101023618393639,1.1717406382338107,-2.447045885372617,0.9872542604517779,1.8513099363189691,
hist,volume,F_wx,baseline_mean,test,crop,甘蓝,175,1.5897899913701488,1.6585475596593133,-11.316128113219875,1.5897899913701488,3.499392838520304,
hist,volume,F_wx,baseline_mean,test,crop,芸豆,175,0.6834485793537701,0.7980513172628187,-0.7061060645058308,-0.5134081708846442,1.3024426616916267,
hist,volume,F_wx,baseline_mean,test,crop,芹菜,175,0.978874483122748,1.0539837089213726,-6.27557675447343,0.978874483122748,2.6896100145117976,
hist,volume,F_wx,baseline_mean,test,crop,茄子,175,0.511131474324556,0.6833670810364922,-0.31232333022345826,-0.3333771601792922,1.1422890788959854,
hist,volume,F_wx,baseline_mean,test,crop,西红柿,175,1.1920959593032483,1.2424726936066066,-11.586983680139578,1.1920959593032483,3.537662796128287,
hist,volume,F_wx,baseline_mean,test,crop,青椒,175,0.6768261246297844,0.8150271996144629,-0.15023702021639274,-0.2945553482030421,1.0694223848619064,
hist,volume,F_wx,baseline_mean,test,crop,韭菜,175,0.7065540741540718,0.8462406025620482,-0.2856728882639692,0.3988991665172417,1.1306308796620221,
hist,volume,F_wx,baseline_mean,test,crop,黄瓜,175,0.6833853703687944,0.8357547328454075,-0.3736925703113285,-0.4359044490662632,1.168692816133041,
hist,volume,F_wx,baseline_mean,test,season,冬(12-2),370,1.109822778261051,1.2441973044384378,-0.9657425389948815,0.2174832506821119,1.4001534634896,
hist,volume,F_wx,baseline_mean,test,season,夏(6-8),650,0.9228812942588382,1.0469497030198625,-0.8530686463696835,0.14295088059826788,1.3602271029240356,
hist,volume,F_wx,baseline_mean,test,season,春(3-5),630,0.8897388023133158,1.0623811652144728,-1.4798888021191319,0.30831414317739064,1.5735159581927338,
hist,volume,F_wx,baseline_mean,test,season,秋(9-11),100,0.7898455810925131,1.0295478554396098,-1.2902543519421585,0.12676443272735713,1.5057728276279716,
hist,volume,F_wx,baseline_mean,test,period,normal,1450,0.9452889098880329,1.105617405183383,-1.1465210398657004,0.228781877158176,1.4645957396250548,
hist,volume,F_wx,baseline_mean,test,period,extreme,300,0.9311945115127537,1.0485240654676404,-0.7209962917943771,0.1618916891213072,1.3096792116729943,
hist,volume,F_wx,baseline_mean,test,overall,all,1750,0.9428727273094138,1.0960412120494296,-1.0641082202463568,0.21731498778042707,1.4362899184478,
hist,volume,F_wx,baseline_seasonal_naive,test,crop,土豆,175,1.4242195615592674,1.4799424177756908,-20.54309669716816,-1.4242195615592674,4.628173860981246,
hist,volume,F_wx,baseline_seasonal_naive,test,crop,尖椒,175,0.6738483873247127,0.8531443738747707,-0.8273811558798898,0.5350960025180987,1.3479387886125582,
hist,volume,F_wx,baseline_seasonal_naive,test,crop,甘蓝,175,1.5905069478666058,1.8886946781145466,-14.971358262859615,1.5905069478666058,3.984983482839097,
hist,volume,F_wx,baseline_seasonal_naive,test,crop,芸豆,175,0.8826407490915786,1.0267811264626407,-1.8242305305635393,-0.570576357707074,1.675736277099977,
hist,volume,F_wx,baseline_seasonal_naive,test,crop,芹菜,175,0.8286600759283885,1.015817897883223,-5.758204844177975,0.810352469599738,2.59221652852972,
hist,volume,F_wx,baseline_seasonal_naive,test,crop,茄子,175,0.6803496128914682,0.909658871505459,-1.3253581917274095,-0.21088569080570416,1.5205493844764875,
hist,volume,F_wx,baseline_seasonal_naive,test,crop,西红柿,175,1.188731868860998,1.2865706429938852,-12.496316004595032,1.188731868860998,3.6632218331483135,
hist,volume,F_wx,baseline_seasonal_naive,test,crop,青椒,175,0.7891541885876164,0.9568124576946127,-0.5852464105909543,-0.3825326164460119,1.2554632052247854,
hist,volume,F_wx,baseline_seasonal_naive,test,crop,韭菜,175,0.9416372781407183,1.1682044557285511,-1.450081238509095,0.32592357056136906,1.5607949174343958,
hist,volume,F_wx,baseline_seasonal_naive,test,crop,黄瓜,175,0.6810750740333905,0.8688582410200821,-0.4846692355689699,-0.2386412544243382,1.2149837082717276,
hist,volume,F_wx,baseline_seasonal_naive,test,season,冬(12-2),370,1.237416473727442,1.4756494645662768,-1.7651234984464659,0.3067248992183853,1.660617412799802,
hist,volume,F_wx,baseline_seasonal_naive,test,season,夏(6-8),650,0.9073681526597721,1.0736303437979842,-0.9487199290250641,-0.025032280617499292,1.394891357190597,
hist,volume,F_wx,baseline_seasonal_naive,test,season,春(3-5),630,0.9213245322918373,1.155644890172357,-1.9344065888317736,0.29467090965863074,1.7116508991600867,
hist,volume,F_wx,baseline_seasonal_naive,test,season,秋(9-11),100,0.6607630539796735,0.832548131799433,-0.497646588967692,0.012972878369070816,1.2176494253593746,
hist,volume,F_wx,baseline_seasonal_naive,test,period,normal,1450,0.9831335730843583,1.2125665678091972,-1.5818832240858964,0.19169467989167716,1.6062697827469197,
hist,volume,F_wx,baseline_seasonal_naive,test,period,extreme,300,0.8953349142583691,1.0546108181667113,-0.7410352856889657,0.020666351294468963,1.317281987554931,
hist,volume,F_wx,baseline_seasonal_naive,test,overall,all,1750,0.9680823744284746,1.1869822074301857,-1.4208457205065272,0.16237553784644146,1.555462111430172,
hist,volume,F_wx,baseline_persistence,test,crop,土豆,175,0.07227270683361335,0.13939407194252165,0.808879574196591,-0.0016117701265414741,0.43592236589160277,
hist,volume,F_wx,baseline_persistence,test,crop,尖椒,175,0.3481657063202996,0.61278397757925,0.0572449174105113,0.002569488607529884,0.9681776235221394,
hist,volume,F_wx,baseline_persistence,test,crop,甘蓝,175,0.15635685405009567,0.2774840287025302,0.6552579013954436,0.006898266712107264,0.5854674574691471,
hist,volume,F_wx,baseline_persistence,test,crop,芸豆,175,0.23433736100672564,0.3858181477424819,0.6012417397090086,0.0015416931645179334,0.6296662938896739,
hist,volume,F_wx,baseline_persistence,test,crop,芹菜,175,0.19797909721017776,0.3404357264109802,0.24095086366603025,-0.003340335189788852,0.8687414533091969,
hist,volume,F_wx,baseline_persistence,test,crop,茄子,175,0.18882776470797516,0.30885301618745087,0.7319372707399312,0.005069798675626278,0.5162663481534756,
hist,volume,F_wx,baseline_persistence,test,crop,西红柿,175,0.17564289981472153,0.30674291208338295,0.23282041774811524,-0.0011012094032270931,0.8733817601282563,
hist,volume,F_wx,baseline_persistence,test,crop,青椒,175,0.34045724049771,0.5989582111703399,0.37879322688837846,-0.0064237215188247205,0.7859115854359269,
hist,volume,F_wx,baseline_persistence,test,crop,韭菜,175,0.27878951391699264,0.48094196451499865,0.5847323368113257,0.0003211860759412342,0.6425688329769117,
hist,volume,F_wx,baseline_persistence,test,crop,黄瓜,175,0.3148426509413964,0.5637523330097172,0.37495891622836386,0.0021680060126033434,0.7883333181058619,
hist,volume,F_wx,baseline_persistence,test,season,冬(12-2),370,0.266334408122392,0.48521661031168906,0.7010356232241979,-0.013486344179137341,0.5460369629857289,
hist,volume,F_wx,baseline_persistence,test,season,夏(6-8),650,0.2365899713594512,0.4290207337733554,0.6888309209506569,0.0023105125368301283,0.5573960507478208,
hist,volume,F_wx,baseline_persistence,test,season,春(3-5),630,0.21788066624036898,0.4047728806388889,0.6400067998716579,0.005505687528260486,0.5995179583218176,
hist,volume,F_wx,baseline_persistence,test,season,秋(9-11),100,0.14250532057088106,0.33147630610834344,0.7625918512467966,0.010855265812772892,0.484803122169888,
hist,volume,F_wx,baseline_persistence,test,period,normal,1450,0.24154529978990272,0.4398467780994684,0.660274422188248,-0.00493639176498273,0.5826588060862146,
hist,volume,F_wx,baseline_persistence,test,period,extreme,300,0.17867293160696643,0.36711595374472705,0.7890256560077787,0.02741254528655042,0.4585532642768056,
hist,volume,F_wx,baseline_persistence,test,overall,all,1750,0.23076717952997075,0.4282567720719965,0.6848718692749114,0.0006091403009943799,0.5612023320581726,
hist,volume,F_wx,elasticnet,test,crop,土豆,175,1.5896251567762427,1.649316137969759,-25.7563157012542,-1.5896251567762427,5.157850566725989,
hist,volume,F_wx,elasticnet,test,crop,尖椒,175,0.744782707427106,0.9025305644771613,-1.04506876917335,0.6507655924587461,1.42596727238774,
hist,volume,F_wx,elasticnet,test,crop,甘蓝,175,1.2691999331739645,1.409840434076399,-7.8993494886875375,1.2519047094241567,2.974642173949313,
hist,volume,F_wx,elasticnet,test,crop,芸豆,175,0.9480019046767385,1.1225456515536576,-2.3756111512595988,-0.8472714149586245,1.8320267314318788,
hist,volume,F_wx,elasticnet,test,crop,芹菜,175,0.6759091479305509,0.7985313492215234,-3.1762219488028016,0.64205068982008,2.037733501560268,
hist,volume,F_wx,elasticnet,test,crop,茄子,175,0.7166568260960482,0.9145981094701094,-1.350679066671749,-0.6502547111330328,1.5288056170953181,
hist,volume,F_wx,elasticnet,test,crop,西红柿,175,0.8882338993360461,0.9931854221520409,-7.0428253164382255,0.8554086532539792,2.8278731079434962,
hist,volume,F_wx,elasticnet,test,crop,青椒,175,0.8686983637128516,1.0853940415832601,-1.0399428582577994,-0.6285880751802229,1.42417907649456,
hist,volume,F_wx,elasticnet,test,crop,韭菜,175,0.6701991234541428,0.8034318920592853,-0.15888649502729013,0.06400377977718942,1.0734357393362106,
hist,volume,F_wx,elasticnet,test,crop,黄瓜,175,0.8571646539845568,1.0163999530206669,-1.0317072606727478,-0.7516506846455585,1.4213013420444924,
hist,volume,F_wx,elasticnet,test,season,冬(12-2),370,1.053741951488701,1.2367278842586387,-0.9422110893301805,-0.13831788182296692,1.391747775342152,
hist,volume,F_wx,elasticnet,test,season,夏(6-8),650,0.9319066409515548,1.100465624660989,-1.0473534933658697,-0.2569001592397488,1.4297565242938013,
hist,volume,F_wx,elasticnet,test,season,春(3-5),630,0.8579775785994518,1.027811607238883,-1.3211249416438466,0.05753366930791941,1.5223142304858255,
hist,volume,F_wx,elasticnet,test,season,秋(9-11),100,0.788328372124587,0.9942397803152536,-1.1358606357218726,0.06346599973427469,1.4541327413151297,
hist,volume,F_wx,elasticnet,test,period,normal,1450,0.9132670173887916,1.089240167106381,-1.0834002504538254,-0.06263012319132163,1.4429010439717933,
hist,volume,F_wx,elasticnet,test,period,extreme,300,0.9691512506189848,1.1505312424625673,-1.0721441390217619,-0.2825207650516712,1.437093243979558,
hist,volume,F_wx,elasticnet,test,overall,all,1750,0.9228471716568248,1.0999897784823136,-1.0790072026996427,-0.10032566179595304,1.4414642550489467,
hist,volume,F_wx,gam,test,crop,土豆,175,1.7538176044024945,1.8270841053153224,-31.83489060941242,-1.7128058894497897,5.713778317634743,
hist,volume,F_wx,gam,test,crop,尖椒,175,0.8159408239767608,1.0401385153498506,-1.716229341161529,0.6705740624260093,1.6433831052559247,
hist,volume,F_wx,gam,test,crop,甘蓝,175,1.301862189904372,1.4829148246493853,-8.845794164366232,1.2730927031290347,3.128822859068087,
hist,volume,F_wx,gam,test,crop,芸豆,175,0.9985447785749157,1.1808665998293448,-2.7354770035949816,-0.830056241879078,1.9272081934023881,
hist,volume,F_wx,gam,test,crop,芹菜,175,0.7433613271068339,0.956226448739747,-4.988542473654067,0.6621901842044811,2.4401479936568338,
hist,volume,F_wx,gam,test,crop,茄子,175,0.8330719119275243,1.07771689719769,-2.263939689572315,-0.6500094062932802,1.8014684581285076,
hist,volume,F_wx,gam,test,crop,西红柿,175,0.9395476946540771,1.0975728808365486,-8.82233402802017,0.875413330564877,3.1250930234159293,
hist,volume,F_wx,gam,test,crop,青椒,175,0.8924654470055398,1.1311186076730757,-1.2154371290770745,-0.611205493141621,1.4841756932181214,
hist,volume,F_wx,gam,test,crop,韭菜,175,0.7355201710873481,0.9096081378099341,-0.48542743963092816,0.0822384653035425,1.2152939080045768,
hist,volume,F_wx,gam,test,crop,黄瓜,175,0.9853315687525417,1.202601617291374,-1.8443001692820498,-0.7525366331622932,1.6816798225160403,
hist,volume,F_wx,gam,test,season,冬(12-2),370,1.0764464189318155,1.268915236055583,-1.0446234990037984,-0.17714789015758256,1.4279697089038799,
hist,volume,F_wx,gam,test,season,夏(6-8),650,1.0581231136503408,1.3010322455531238,-1.8616465568827412,-0.15523068714043042,1.6903384346687225,
hist,volume,F_wx,gam,test,season,春(3-5),630,0.924066443142672,1.122335713752341,-1.7676874727289946,-0.0198454004069027,1.6623159501160953,
hist,volume,F_wx,gam,test,season,秋(9-11),100,0.8167905748629453,1.0425267590159368,-1.3483620988845728,0.051539075537634906,1.5247552190091782,
hist,volume,F_wx,gam,test,period,normal,1450,0.9555765651398009,1.1458744335687308,-1.3056823504807697,-0.09939439295098604,1.517923655761981,
hist,volume,F_wx,gam,test,period,extreme,300,1.2144003203031999,1.5213656661039754,-2.6231836759803095,-0.09890496974413583,1.9002911348160247,
hist,volume,F_wx,gam,test,overall,all,1750,0.9999463517392407,1.2184901576211589,-1.5510721750829641,-0.09931049182981172,1.596751207782335,
hist,volume,F_wx,lightgbm,test,crop,土豆,175,1.3856153803567606,1.4688745966620471,-20.22207938832322,-1.3856153803567606,4.593561838404604,
hist,volume,F_wx,lightgbm,test,crop,尖椒,175,0.5389043836469041,0.6487917180260936,-0.05680455036945764,-0.03779731760727651,1.0250686158616356,
hist,volume,F_wx,lightgbm,test,crop,甘蓝,175,0.5992562670943463,0.7654881954506102,-1.6235861781924084,0.5251572029138308,1.6151143170606117,
hist,volume,F_wx,lightgbm,test,crop,芸豆,175,1.0417188525750074,1.2061642037466662,-2.8972409752154737,-0.9585042094707575,1.9684946092853979,
hist,volume,F_wx,lightgbm,test,crop,芹菜,175,0.44909284577568054,0.5769677465206166,-1.180231963717572,0.27219938322103854,1.4723360673954409,
hist,volume,F_wx,lightgbm,test,crop,茄子,175,0.504621557030911,0.7361103703045979,-0.5227149560906339,-0.13289048951374363,1.230452651575881,
hist,volume,F_wx,lightgbm,test,crop,西红柿,175,0.5074608941747304,0.6147523021051126,-2.0814015093213407,0.41568364593075996,1.7503695326120847,
hist,volume,F_wx,lightgbm,test,crop,青椒,175,0.8879142504976602,1.0984528782987433,-1.0893249884675895,-0.7050347598031994,1.4413139798577856,
hist,volume,F_wx,lightgbm,test,crop,韭菜,175,0.7118014612354384,0.9081925753064246,-0.48080769374255294,-0.28150577774619795,1.213402627116241,
hist,volume,F_wx,lightgbm,test,crop,黄瓜,175,0.6030472779918057,0.7605491339367956,-0.13759169354906686,-0.14150878617886692,1.063527700431883,
hist,volume,F_wx,lightgbm,test,season,冬(12-2),370,0.9339291885426064,1.1791951029013823,-0.76571032929815,-0.32985186717368653,1.3270034435595732,
hist,volume,F_wx,lightgbm,test,season,夏(6-8),650,0.715904822598793,0.9314770052691099,-0.466844741590805,-0.33980400549355416,1.2102016597959917,
hist,volume,F_wx,lightgbm,test,season,春(3-5),630,0.628032764882257,0.7442123345082691,-0.21692891364004097,-0.08401125358673645,1.10226915063599,
hist,volume,F_wx,lightgbm,test,season,秋(9-11),100,0.5859822849056604,0.7545774257720266,-0.23026383479265244,-0.29373001322237124,1.103612792805849,
hist,volume,F_wx,lightgbm,test,period,normal,1450,0.7218994200944568,0.9137112478243107,-0.46603168951469676,-0.23078857516570184,1.210380367147906,
hist,volume,F_wx,lightgbm,test,period,extreme,300,0.727988818931351,0.9552731458747955,-0.42849349684529403,-0.30191483838895894,1.1932023515966643,
hist,volume,F_wx,lightgbm,test,overall,all,1750,0.7229433170379245,0.9209693617828723,-0.45736743200771945,-0.24298164886111726,1.2068697736781715,
hist,volume,F_lag,baseline_mean,test,crop,土豆,175,1.3965188546276521,1.4324567224523574,-19.182804550951616,-1.3965188546276521,4.47967345229894,
hist,volume,F_lag,baseline_mean,test,crop,尖椒,175,1.0101023618393639,1.1717406382338107,-2.447045885372617,0.9872542604517779,1.8513099363189691,
hist,volume,F_lag,baseline_mean,test,crop,甘蓝,175,1.5897899913701488,1.6585475596593133,-11.316128113219875,1.5897899913701488,3.499392838520304,
hist,volume,F_lag,baseline_mean,test,crop,芸豆,175,0.6834485793537701,0.7980513172628187,-0.7061060645058308,-0.5134081708846442,1.3024426616916267,
hist,volume,F_lag,baseline_mean,test,crop,芹菜,175,0.978874483122748,1.0539837089213726,-6.27557675447343,0.978874483122748,2.6896100145117976,
hist,volume,F_lag,baseline_mean,test,crop,茄子,175,0.511131474324556,0.6833670810364922,-0.31232333022345826,-0.3333771601792922,1.1422890788959854,
hist,volume,F_lag,baseline_mean,test,crop,西红柿,175,1.1920959593032483,1.2424726936066066,-11.586983680139578,1.1920959593032483,3.537662796128287,
hist,volume,F_lag,baseline_mean,test,crop,青椒,175,0.6768261246297844,0.8150271996144629,-0.15023702021639274,-0.2945553482030421,1.0694223848619064,
hist,volume,F_lag,baseline_mean,test,crop,韭菜,175,0.7065540741540718,0.8462406025620482,-0.2856728882639692,0.3988991665172417,1.1306308796620221,
hist,volume,F_lag,baseline_mean,test,crop,黄瓜,175,0.6833853703687944,0.8357547328454075,-0.3736925703113285,-0.4359044490662632,1.168692816133041,
hist,volume,F_lag,baseline_mean,test,season,冬(12-2),370,1.109822778261051,1.2441973044384378,-0.9657425389948815,0.2174832506821119,1.4001534634896,
hist,volume,F_lag,baseline_mean,test,season,夏(6-8),650,0.9228812942588382,1.0469497030198625,-0.8530686463696835,0.14295088059826788,1.3602271029240356,
hist,volume,F_lag,baseline_mean,test,season,春(3-5),630,0.8897388023133158,1.0623811652144728,-1.4798888021191319,0.30831414317739064,1.5735159581927338,
hist,volume,F_lag,baseline_mean,test,season,秋(9-11),100,0.7898455810925131,1.0295478554396098,-1.2902543519421585,0.12676443272735713,1.5057728276279716,
hist,volume,F_lag,baseline_mean,test,period,normal,1450,0.9452889098880329,1.105617405183383,-1.1465210398657004,0.228781877158176,1.4645957396250548,
hist,volume,F_lag,baseline_mean,test,period,extreme,300,0.9311945115127537,1.0485240654676404,-0.7209962917943771,0.1618916891213072,1.3096792116729943,
hist,volume,F_lag,baseline_mean,test,overall,all,1750,0.9428727273094138,1.0960412120494296,-1.0641082202463568,0.21731498778042707,1.4362899184478,
hist,volume,F_lag,baseline_seasonal_naive,test,crop,土豆,175,1.4242195615592674,1.4799424177756908,-20.54309669716816,-1.4242195615592674,4.628173860981246,
hist,volume,F_lag,baseline_seasonal_naive,test,crop,尖椒,175,0.6738483873247127,0.8531443738747707,-0.8273811558798898,0.5350960025180987,1.3479387886125582,
hist,volume,F_lag,baseline_seasonal_naive,test,crop,甘蓝,175,1.5905069478666058,1.8886946781145466,-14.971358262859615,1.5905069478666058,3.984983482839097,
hist,volume,F_lag,baseline_seasonal_naive,test,crop,芸豆,175,0.8826407490915786,1.0267811264626407,-1.8242305305635393,-0.570576357707074,1.675736277099977,
hist,volume,F_lag,baseline_seasonal_naive,test,crop,芹菜,175,0.8286600759283885,1.015817897883223,-5.758204844177975,0.810352469599738,2.59221652852972,
hist,volume,F_lag,baseline_seasonal_naive,test,crop,茄子,175,0.6803496128914682,0.909658871505459,-1.3253581917274095,-0.21088569080570416,1.5205493844764875,
hist,volume,F_lag,baseline_seasonal_naive,test,crop,西红柿,175,1.188731868860998,1.2865706429938852,-12.496316004595032,1.188731868860998,3.6632218331483135,
hist,volume,F_lag,baseline_seasonal_naive,test,crop,青椒,175,0.7891541885876164,0.9568124576946127,-0.5852464105909543,-0.3825326164460119,1.2554632052247854,
hist,volume,F_lag,baseline_seasonal_naive,test,crop,韭菜,175,0.9416372781407183,1.1682044557285511,-1.450081238509095,0.32592357056136906,1.5607949174343958,
hist,volume,F_lag,baseline_seasonal_naive,test,crop,黄瓜,175,0.6810750740333905,0.8688582410200821,-0.4846692355689699,-0.2386412544243382,1.2149837082717276,
hist,volume,F_lag,baseline_seasonal_naive,test,season,冬(12-2),370,1.237416473727442,1.4756494645662768,-1.7651234984464659,0.3067248992183853,1.660617412799802,
hist,volume,F_lag,baseline_seasonal_naive,test,season,夏(6-8),650,0.9073681526597721,1.0736303437979842,-0.9487199290250641,-0.025032280617499292,1.394891357190597,
hist,volume,F_lag,baseline_seasonal_naive,test,season,春(3-5),630,0.9213245322918373,1.155644890172357,-1.9344065888317736,0.29467090965863074,1.7116508991600867,
hist,volume,F_lag,baseline_seasonal_naive,test,season,秋(9-11),100,0.6607630539796735,0.832548131799433,-0.497646588967692,0.012972878369070816,1.2176494253593746,
hist,volume,F_lag,baseline_seasonal_naive,test,period,normal,1450,0.9831335730843583,1.2125665678091972,-1.5818832240858964,0.19169467989167716,1.6062697827469197,
hist,volume,F_lag,baseline_seasonal_naive,test,period,extreme,300,0.8953349142583691,1.0546108181667113,-0.7410352856889657,0.020666351294468963,1.317281987554931,
hist,volume,F_lag,baseline_seasonal_naive,test,overall,all,1750,0.9680823744284746,1.1869822074301857,-1.4208457205065272,0.16237553784644146,1.555462111430172,
hist,volume,F_lag,baseline_persistence,test,crop,土豆,175,0.07227270683361335,0.13939407194252165,0.808879574196591,-0.0016117701265414741,0.43592236589160277,
hist,volume,F_lag,baseline_persistence,test,crop,尖椒,175,0.3481657063202996,0.61278397757925,0.0572449174105113,0.002569488607529884,0.9681776235221394,
hist,volume,F_lag,baseline_persistence,test,crop,甘蓝,175,0.15635685405009567,0.2774840287025302,0.6552579013954436,0.006898266712107264,0.5854674574691471,
hist,volume,F_lag,baseline_persistence,test,crop,芸豆,175,0.23433736100672564,0.3858181477424819,0.6012417397090086,0.0015416931645179334,0.6296662938896739,
hist,volume,F_lag,baseline_persistence,test,crop,芹菜,175,0.19797909721017776,0.3404357264109802,0.24095086366603025,-0.003340335189788852,0.8687414533091969,
hist,volume,F_lag,baseline_persistence,test,crop,茄子,175,0.18882776470797516,0.30885301618745087,0.7319372707399312,0.005069798675626278,0.5162663481534756,
hist,volume,F_lag,baseline_persistence,test,crop,西红柿,175,0.17564289981472153,0.30674291208338295,0.23282041774811524,-0.0011012094032270931,0.8733817601282563,
hist,volume,F_lag,baseline_persistence,test,crop,青椒,175,0.34045724049771,0.5989582111703399,0.37879322688837846,-0.0064237215188247205,0.7859115854359269,
hist,volume,F_lag,baseline_persistence,test,crop,韭菜,175,0.27878951391699264,0.48094196451499865,0.5847323368113257,0.0003211860759412342,0.6425688329769117,
hist,volume,F_lag,baseline_persistence,test,crop,黄瓜,175,0.3148426509413964,0.5637523330097172,0.37495891622836386,0.0021680060126033434,0.7883333181058619,
hist,volume,F_lag,baseline_persistence,test,season,冬(12-2),370,0.266334408122392,0.48521661031168906,0.7010356232241979,-0.013486344179137341,0.5460369629857289,
hist,volume,F_lag,baseline_persistence,test,season,夏(6-8),650,0.2365899713594512,0.4290207337733554,0.6888309209506569,0.0023105125368301283,0.5573960507478208,
hist,volume,F_lag,baseline_persistence,test,season,春(3-5),630,0.21788066624036898,0.4047728806388889,0.6400067998716579,0.005505687528260486,0.5995179583218176,
hist,volume,F_lag,baseline_persistence,test,season,秋(9-11),100,0.14250532057088106,0.33147630610834344,0.7625918512467966,0.010855265812772892,0.484803122169888,
hist,volume,F_lag,baseline_persistence,test,period,normal,1450,0.24154529978990272,0.4398467780994684,0.660274422188248,-0.00493639176498273,0.5826588060862146,
hist,volume,F_lag,baseline_persistence,test,period,extreme,300,0.17867293160696643,0.36711595374472705,0.7890256560077787,0.02741254528655042,0.4585532642768056,
hist,volume,F_lag,baseline_persistence,test,overall,all,1750,0.23076717952997075,0.4282567720719965,0.6848718692749114,0.0006091403009943799,0.5612023320581726,
hist,volume,F_lag,elasticnet,test,crop,土豆,175,0.1400511304548194,0.19476196429975332,0.6268986788734021,-0.11545221066443982,0.6090725027263199,
hist,volume,F_lag,elasticnet,test,crop,尖椒,175,0.4197230424505262,0.5860261973583439,0.13777990247834848,0.05900954608393154,0.9259012504235069,
hist,volume,F_lag,elasticnet,test,crop,甘蓝,175,0.24778695148354338,0.31425558582466545,0.5578350124541438,0.13972140719042714,0.6630522833639634,
hist,volume,F_lag,elasticnet,test,crop,芸豆,175,0.2730492394188306,0.3785509833807545,0.6161220679661048,-0.04064289640036237,0.6178060730122718,
hist,volume,F_lag,elasticnet,test,crop,芹菜,175,0.24855097869232565,0.3365006012007081,0.2583972709554172,0.06252187610649301,0.8586995977431968,
hist,volume,F_lag,elasticnet,test,crop,茄子,175,0.21769744708809266,0.31217757715034994,0.7261352398417751,-0.01645426025160573,0.5218235512810883,
hist,volume,F_lag,elasticnet,test,crop,西红柿,175,0.2352258594549208,0.3184061324985416,0.17337066970148374,0.0789225632488832,0.9065901687782534,
hist,volume,F_lag,elasticnet,test,crop,青椒,175,0.4018139307826823,0.5827688857062109,0.4119207590386277,-0.027029872541430966,0.7646690710077653,
hist,volume,F_lag,elasticnet,test,crop,韭菜,175,0.33773439774352554,0.4769916223795975,0.5915261387202264,0.007654416039105539,0.6372909264453742,
hist,volume,F_lag,elasticnet,test,crop,黄瓜,175,0.3584159698368094,0.531593060069397,0.44423593139492645,-0.04498758501125312,0.7433628144636577,
hist,volume,F_lag,elasticnet,test,season,冬(12-2),370,0.34004183355079287,0.4796608250438619,0.7078427795723611,-0.05314073218329041,0.5397847777757122,
hist,volume,F_lag,elasticnet,test,season,夏(6-8),650,0.27641040336260125,0.41098597578676277,0.7144422989300003,0.01755318848820266,0.53396477555162,
hist,volume,F_lag,elasticnet,test,season,春(3-5),630,0.2804528788794934,0.40998524306021217,0.6306756581214097,0.03377618962996403,0.6072381022008561,
hist,volume,F_lag,elasticnet,test,season,秋(9-11),100,0.21841011502498275,0.34057394098251337,0.7493813015743502,0.05044521088564375,0.49810893531575323,
hist,volume,F_lag,elasticnet,test,period,normal,1450,0.3002535042416802,0.4332786304973676,0.6703447810324781,0.0036808319647434504,0.5739580738526533,
hist,volume,F_lag,elasticnet,test,period,extreme,300,0.22880328215209014,0.36607887744977485,0.7902159472307824,0.042446052720259926,0.4572578841237407,
hist,volume,F_lag,elasticnet,test,overall,all,1750,0.2880048947406076,0.4225184102434855,0.6932603137949314,0.010326298379974848,0.5536825863113088,
hist,volume,F_lag,gam,test,crop,土豆,175,0.20705668535704283,0.266869534980788,0.2994865269648661,-0.1818592031015836,0.8345720693286497,
hist,volume,F_lag,gam,test,crop,尖椒,175,0.423751566453327,0.5917404965411326,0.12088303011385881,0.04345343071047971,0.9349296467349482,
hist,volume,F_lag,gam,test,crop,甘蓝,175,0.2740413594080458,0.34302030328584016,0.47318517033838337,0.16001585492174294,0.7237433655698734,
hist,volume,F_lag,gam,test,crop,芸豆,175,0.28599230669627135,0.38922407937145603,0.5941703352199661,-0.05965901281646984,0.6352248720918823,
hist,volume,F_lag,gam,test,crop,芹菜,175,0.2641822537402405,0.35304275914569166,0.1836916337407486,0.060452375547973135,0.9009127299708247,
hist,volume,F_lag,gam,test,crop,茄子,175,0.23654508427715826,0.3252984209975843,0.702630343203317,-0.04144113993208617,0.5437558290400093,
hist,volume,F_lag,gam,test,crop,西红柿,175,0.25615406890295606,0.3353277001271115,0.08317420426851274,0.09797904427848342,0.9547705437352214,
hist,volume,F_lag,gam,test,crop,青椒,175,0.42206906698995483,0.5966415122423178,0.3835894407479947,-0.05381365953276179,0.7828717731526259,
hist,volume,F_lag,gam,test,crop,韭菜,175,0.35251782126781966,0.48327946504141783,0.5806859139596326,-0.010840000769265952,0.6456918812782984,
hist,volume,F_lag,gam,test,crop,黄瓜,175,0.38541132807708256,0.5417508020122235,0.4227938019974371,-0.07616787723931188,0.7575670774730907,
hist,volume,F_lag,gam,test,season,冬(12-2),370,0.36435290236945334,0.4999350656197226,0.6826230936364335,-0.08600388342177204,0.5626003296665959,
hist,volume,F_lag,gam,test,season,夏(6-8),650,0.3037695876838765,0.42855214861382857,0.6895102801199569,-0.0010585908801569296,0.5567872514595857,
hist,volume,F_lag,gam,test,season,春(3-5),630,0.2963397753239811,0.41937985747941403,0.6135559561877457,0.023658501624689368,0.6211526709015327,
hist,volume,F_lag,gam,test,season,秋(9-11),100,0.2489640537940675,0.35672753671650986,0.7250435510023837,0.06775632026363337,0.5217344961832984,
hist,volume,F_lag,gam,test,period,normal,1450,0.3177202585504478,0.44507900547561324,0.6521438918689496,-0.01410065277617097,0.5895898636907032,
hist,volume,F_lag,gam,test,period,extreme,300,0.2771896493552767,0.4006007583702329,0.7487843661204368,0.03205637879069301,0.5003781054695519,
hist,volume,F_lag,gam,test,overall,all,1750,0.3107721541169899,0.43777522340581865,0.6707080973148054,-0.0061880187932800024,0.5736756364738355,
hist,volume,F_lag,lightgbm,test,crop,土豆,175,0.2526059227820154,0.3123312438845823,0.04049032897004412,-0.23726653627955346,0.9767429337466795,
hist,volume,F_lag,lightgbm,test,crop,尖椒,175,0.45660562564171414,0.542631572501979,0.26074512323365684,0.03204241418232325,0.8573392346001792,
hist,volume,F_lag,lightgbm,test,crop,甘蓝,175,0.256603272332321,0.32960152534491877,0.5135964182695063,0.17006502604361867,0.6954308971364688,
hist,volume,F_lag,lightgbm,test,crop,芸豆,175,0.36207075250047055,0.4565683789511796,0.44158632042850865,-0.17903284790582677,0.7451327024494726,
hist,volume,F_lag,lightgbm,test,crop,芹菜,175,0.26167377572448075,0.3368701423771749,0.2567675370125646,0.0934147051018182,0.859642611985814,
hist,volume,F_lag,lightgbm,test,crop,茄子,175,0.24306613892156256,0.32716677963633956,0.6992046352256303,-0.032588823591651675,0.5468789026087185,
hist,volume,F_lag,lightgbm,test,crop,西红柿,175,0.28080651102527326,0.3572802817247491,-0.04079706729855115,0.14352345407385786,1.017275604487504,
hist,volume,F_lag,lightgbm,test,crop,青椒,175,0.46182317525538774,0.5812645259137654,0.4149529761880175,-0.08718652155920664,0.7626951540174017,
hist,volume,F_lag,lightgbm,test,crop,韭菜,175,0.3927952410578487,0.47675559693400327,0.591930281550836,0.014404277234733183,0.6369755815465747,
hist,volume,F_lag,lightgbm,test,crop,黄瓜,175,0.41404778179699275,0.5408758632739139,0.42465669634603,-0.12370786911246377,0.756343590990953,
hist,volume,F_lag,lightgbm,test,season,冬(12-2),370,0.4252064835531895,0.5303732307944824,0.6428001104765497,-0.090696347152452,0.5968538216486765,
hist,volume,F_lag,lightgbm,test,season,夏(6-8),650,0.32363073124068226,0.4282307242016913,0.6899758549639732,-0.015928293068875856,0.556369647638056,
hist,volume,F_lag,lightgbm,test,season,春(3-5),630,0.31663633059454926,0.3987213960059499,0.6506903650727556,0.01715855404926725,0.5905549721992566,
hist,volume,F_lag,lightgbm,test,season,秋(9-11),100,0.24699921985972095,0.34184734217876167,0.747503678312907,-0.03007076427023287,0.49997135764983786,
hist,volume,F_lag,lightgbm,test,period,normal,1450,0.34876571341681595,0.44618111823570084,0.6504190236416891,-0.032478452334062276,0.5910498168765369,
hist,volume,F_lag,lightgbm,test,period,extreme,300,0.28718966675759533,0.39352047968467346,0.7575859390583887,0.03661843189076278,0.4915343467874916,
hist,volume,F_lag,lightgbm,test,overall,all,1750,0.3382098197038067,0.43760387584530913,0.6709658200866823,-0.020633272181235125,0.5734510967658347,
hist,volume,F_now,baseline_mean,test,crop,土豆,175,1.3965188546276521,1.4324567224523574,-19.182804550951616,-1.3965188546276521,4.47967345229894,
hist,volume,F_now,baseline_mean,test,crop,尖椒,175,1.0101023618393639,1.1717406382338107,-2.447045885372617,0.9872542604517779,1.8513099363189691,
hist,volume,F_now,baseline_mean,test,crop,甘蓝,175,1.5897899913701488,1.6585475596593133,-11.316128113219875,1.5897899913701488,3.499392838520304,
hist,volume,F_now,baseline_mean,test,crop,芸豆,175,0.6834485793537701,0.7980513172628187,-0.7061060645058308,-0.5134081708846442,1.3024426616916267,
hist,volume,F_now,baseline_mean,test,crop,芹菜,175,0.978874483122748,1.0539837089213726,-6.27557675447343,0.978874483122748,2.6896100145117976,
hist,volume,F_now,baseline_mean,test,crop,茄子,175,0.511131474324556,0.6833670810364922,-0.31232333022345826,-0.3333771601792922,1.1422890788959854,
hist,volume,F_now,baseline_mean,test,crop,西红柿,175,1.1920959593032483,1.2424726936066066,-11.586983680139578,1.1920959593032483,3.537662796128287,
hist,volume,F_now,baseline_mean,test,crop,青椒,175,0.6768261246297844,0.8150271996144629,-0.15023702021639274,-0.2945553482030421,1.0694223848619064,
hist,volume,F_now,baseline_mean,test,crop,韭菜,175,0.7065540741540718,0.8462406025620482,-0.2856728882639692,0.3988991665172417,1.1306308796620221,
hist,volume,F_now,baseline_mean,test,crop,黄瓜,175,0.6833853703687944,0.8357547328454075,-0.3736925703113285,-0.4359044490662632,1.168692816133041,
hist,volume,F_now,baseline_mean,test,season,冬(12-2),370,1.109822778261051,1.2441973044384378,-0.9657425389948815,0.2174832506821119,1.4001534634896,
hist,volume,F_now,baseline_mean,test,season,夏(6-8),650,0.9228812942588382,1.0469497030198625,-0.8530686463696835,0.14295088059826788,1.3602271029240356,
hist,volume,F_now,baseline_mean,test,season,春(3-5),630,0.8897388023133158,1.0623811652144728,-1.4798888021191319,0.30831414317739064,1.5735159581927338,
hist,volume,F_now,baseline_mean,test,season,秋(9-11),100,0.7898455810925131,1.0295478554396098,-1.2902543519421585,0.12676443272735713,1.5057728276279716,
hist,volume,F_now,baseline_mean,test,period,normal,1450,0.9452889098880329,1.105617405183383,-1.1465210398657004,0.228781877158176,1.4645957396250548,
hist,volume,F_now,baseline_mean,test,period,extreme,300,0.9311945115127537,1.0485240654676404,-0.7209962917943771,0.1618916891213072,1.3096792116729943,
hist,volume,F_now,baseline_mean,test,overall,all,1750,0.9428727273094138,1.0960412120494296,-1.0641082202463568,0.21731498778042707,1.4362899184478,
hist,volume,F_now,baseline_seasonal_naive,test,crop,土豆,175,1.4242195615592674,1.4799424177756908,-20.54309669716816,-1.4242195615592674,4.628173860981246,
hist,volume,F_now,baseline_seasonal_naive,test,crop,尖椒,175,0.6738483873247127,0.8531443738747707,-0.8273811558798898,0.5350960025180987,1.3479387886125582,
hist,volume,F_now,baseline_seasonal_naive,test,crop,甘蓝,175,1.5905069478666058,1.8886946781145466,-14.971358262859615,1.5905069478666058,3.984983482839097,
hist,volume,F_now,baseline_seasonal_naive,test,crop,芸豆,175,0.8826407490915786,1.0267811264626407,-1.8242305305635393,-0.570576357707074,1.675736277099977,
hist,volume,F_now,baseline_seasonal_naive,test,crop,芹菜,175,0.8286600759283885,1.015817897883223,-5.758204844177975,0.810352469599738,2.59221652852972,
hist,volume,F_now,baseline_seasonal_naive,test,crop,茄子,175,0.6803496128914682,0.909658871505459,-1.3253581917274095,-0.21088569080570416,1.5205493844764875,
hist,volume,F_now,baseline_seasonal_naive,test,crop,西红柿,175,1.188731868860998,1.2865706429938852,-12.496316004595032,1.188731868860998,3.6632218331483135,
hist,volume,F_now,baseline_seasonal_naive,test,crop,青椒,175,0.7891541885876164,0.9568124576946127,-0.5852464105909543,-0.3825326164460119,1.2554632052247854,
hist,volume,F_now,baseline_seasonal_naive,test,crop,韭菜,175,0.9416372781407183,1.1682044557285511,-1.450081238509095,0.32592357056136906,1.5607949174343958,
hist,volume,F_now,baseline_seasonal_naive,test,crop,黄瓜,175,0.6810750740333905,0.8688582410200821,-0.4846692355689699,-0.2386412544243382,1.2149837082717276,
hist,volume,F_now,baseline_seasonal_naive,test,season,冬(12-2),370,1.237416473727442,1.4756494645662768,-1.7651234984464659,0.3067248992183853,1.660617412799802,
hist,volume,F_now,baseline_seasonal_naive,test,season,夏(6-8),650,0.9073681526597721,1.0736303437979842,-0.9487199290250641,-0.025032280617499292,1.394891357190597,
hist,volume,F_now,baseline_seasonal_naive,test,season,春(3-5),630,0.9213245322918373,1.155644890172357,-1.9344065888317736,0.29467090965863074,1.7116508991600867,
hist,volume,F_now,baseline_seasonal_naive,test,season,秋(9-11),100,0.6607630539796735,0.832548131799433,-0.497646588967692,0.012972878369070816,1.2176494253593746,
hist,volume,F_now,baseline_seasonal_naive,test,period,normal,1450,0.9831335730843583,1.2125665678091972,-1.5818832240858964,0.19169467989167716,1.6062697827469197,
hist,volume,F_now,baseline_seasonal_naive,test,period,extreme,300,0.8953349142583691,1.0546108181667113,-0.7410352856889657,0.020666351294468963,1.317281987554931,
hist,volume,F_now,baseline_seasonal_naive,test,overall,all,1750,0.9680823744284746,1.1869822074301857,-1.4208457205065272,0.16237553784644146,1.555462111430172,
hist,volume,F_now,baseline_persistence,test,crop,土豆,175,0.07227270683361335,0.13939407194252165,0.808879574196591,-0.0016117701265414741,0.43592236589160277,
hist,volume,F_now,baseline_persistence,test,crop,尖椒,175,0.3481657063202996,0.61278397757925,0.0572449174105113,0.002569488607529884,0.9681776235221394,
hist,volume,F_now,baseline_persistence,test,crop,甘蓝,175,0.15635685405009567,0.2774840287025302,0.6552579013954436,0.006898266712107264,0.5854674574691471,
hist,volume,F_now,baseline_persistence,test,crop,芸豆,175,0.23433736100672564,0.3858181477424819,0.6012417397090086,0.0015416931645179334,0.6296662938896739,
hist,volume,F_now,baseline_persistence,test,crop,芹菜,175,0.19797909721017776,0.3404357264109802,0.24095086366603025,-0.003340335189788852,0.8687414533091969,
hist,volume,F_now,baseline_persistence,test,crop,茄子,175,0.18882776470797516,0.30885301618745087,0.7319372707399312,0.005069798675626278,0.5162663481534756,
hist,volume,F_now,baseline_persistence,test,crop,西红柿,175,0.17564289981472153,0.30674291208338295,0.23282041774811524,-0.0011012094032270931,0.8733817601282563,
hist,volume,F_now,baseline_persistence,test,crop,青椒,175,0.34045724049771,0.5989582111703399,0.37879322688837846,-0.0064237215188247205,0.7859115854359269,
hist,volume,F_now,baseline_persistence,test,crop,韭菜,175,0.27878951391699264,0.48094196451499865,0.5847323368113257,0.0003211860759412342,0.6425688329769117,
hist,volume,F_now,baseline_persistence,test,crop,黄瓜,175,0.3148426509413964,0.5637523330097172,0.37495891622836386,0.0021680060126033434,0.7883333181058619,
hist,volume,F_now,baseline_persistence,test,season,冬(12-2),370,0.266334408122392,0.48521661031168906,0.7010356232241979,-0.013486344179137341,0.5460369629857289,
hist,volume,F_now,baseline_persistence,test,season,夏(6-8),650,0.2365899713594512,0.4290207337733554,0.6888309209506569,0.0023105125368301283,0.5573960507478208,
hist,volume,F_now,baseline_persistence,test,season,春(3-5),630,0.21788066624036898,0.4047728806388889,0.6400067998716579,0.005505687528260486,0.5995179583218176,
hist,volume,F_now,baseline_persistence,test,season,秋(9-11),100,0.14250532057088106,0.33147630610834344,0.7625918512467966,0.010855265812772892,0.484803122169888,
hist,volume,F_now,baseline_persistence,test,period,normal,1450,0.24154529978990272,0.4398467780994684,0.660274422188248,-0.00493639176498273,0.5826588060862146,
hist,volume,F_now,baseline_persistence,test,period,extreme,300,0.17867293160696643,0.36711595374472705,0.7890256560077787,0.02741254528655042,0.4585532642768056,
hist,volume,F_now,baseline_persistence,test,overall,all,1750,0.23076717952997075,0.4282567720719965,0.6848718692749114,0.0006091403009943799,0.5612023320581726,
hist,volume,F_now,elasticnet,test,crop,土豆,175,0.14475413645585636,0.2063723293998387,0.5810893252594834,-0.1093548257012995,0.6453812047590827,
hist,volume,F_now,elasticnet,test,crop,尖椒,175,0.41532032627810705,0.572585643020382,0.17687652338704962,0.06887322482258594,0.9046656365140924,
hist,volume,F_now,elasticnet,test,crop,甘蓝,175,0.25730635156058784,0.32414747152481377,0.5295606783051392,0.15172118774585625,0.6839233122210864,
hist,volume,F_now,elasticnet,test,crop,芸豆,175,0.2748071582358323,0.38217016267855064,0.6087467631032192,-0.03314936684778956,0.6237126775323022,
hist,volume,F_now,elasticnet,test,crop,芹菜,175,0.25004847335731833,0.3329218008611117,0.274087791145578,0.07275488752271966,0.8495670303687282,
hist,volume,F_now,elasticnet,test,crop,茄子,175,0.22391448929490085,0.30939117418812856,0.7310022901686621,-0.008846328202238928,0.5171659115418119,
hist,volume,F_now,elasticnet,test,crop,西红柿,175,0.2539047587597623,0.3359490281963639,0.0797734869843284,0.08935682676291383,0.9565396362924221,
hist,volume,F_now,elasticnet,test,crop,青椒,175,0.4067587353948818,0.5881093076817135,0.4010932032983088,-0.019244464998385336,0.7716764037788832,
hist,volume,F_now,elasticnet,test,crop,韭菜,175,0.34463416487920384,0.4808669025639114,0.5848619506560939,0.01578312725008374,0.6424685454705809,
hist,volume,F_now,elasticnet,test,crop,黄瓜,175,0.36502163386639874,0.5416758641163061,0.42295347550866025,-0.03841394937927978,0.7574622867047314,
hist,volume,F_now,elasticnet,test,season,冬(12-2),370,0.3468565717606664,0.48531615367043984,0.7009129441145462,-0.0705491992567837,0.5461489837866301,
hist,volume,F_now,elasticnet,test,season,夏(6-8),650,0.2782516218971011,0.4109516443283543,0.7144900047080353,0.022284151013291186,0.5339201711355002,
hist,volume,F_now,elasticnet,test,season,春(3-5),630,0.28714792993846316,0.4137708325111307,0.6238238747150832,0.055324573107109976,0.6128450214566055,
hist,volume,F_now,elasticnet,test,season,秋(9-11),100,0.23778608268704585,0.34977981711524786,0.7356495018436189,0.09923080329545524,0.5115730575145815,
hist,volume,F_now,elasticnet,test,period,normal,1450,0.30697313360383355,0.43820019196622073,0.6628132170931181,0.009486919092150613,0.5804775967235777,
hist,volume,F_now,elasticnet,test,period,extreme,300,0.22923748729646662,0.3586362589774914,0.7986593249420427,0.06467674379011908,0.44796153794096066,
hist,volume,F_now,elasticnet,test,overall,all,1750,0.2936470228082849,0.42561829433217235,0.6887428986010187,0.01894803189751663,0.5577447805207879,
hist,volume,F_now,gam,test,crop,土豆,175,0.2806759151359686,0.4371758743503532,-0.8798832114873485,-0.23756221770923025,1.367165323473142,
hist,volume,F_now,gam,test,crop,尖椒,175,0.4534529503848965,0.6432955233369376,-0.038975097096005884,0.005606574306268292,1.0163848171540009,
hist,volume,F_now,gam,test,crop,甘蓝,175,0.32300098728257737,0.45535612114872037,0.07163085810054504,0.12696663341265085,0.9607622886928457,
hist,volume,F_now,gam,test,crop,芸豆,175,0.33699413106274817,0.48796315261591905,0.3621501669449333,-0.10719950296013822,0.7963698744089839,
hist,volume,F_now,gam,test,crop,芹菜,175,0.30906562201924853,0.4491983991795699,-0.32152696813193526,0.022736457387419085,1.1462876538883666,
hist,volume,F_now,gam,test,crop,茄子,175,0.2849869002364728,0.427670341873958,0.48601433257495275,-0.08667321863861349,0.7148766372377355,
hist,volume,F_now,gam,test,crop,西红柿,175,0.31254521380230554,0.4548054182688296,-0.6865500094623223,0.06363336456511104,1.2949565941902543,
hist,volume,F_now,gam,test,crop,青椒,175,0.466525055359928,0.6701854699403959,0.22226229942919018,-0.09939942951768359,0.8793710736310221,
hist,volume,F_now,gam,test,crop,韭菜,175,0.40362166511526326,0.5617074221305012,0.43354802820338567,-0.05007864172698149,0.7504765841692518,
hist,volume,F_now,gam,test,crop,黄瓜,175,0.4109413823878445,0.5865816081914009,0.32331158119281034,-0.12011868794264986,0.8202570498585045,
hist,volume,F_now,gam,test,season,冬(12-2),370,0.3892019652388236,0.5222089026781008,0.6537126182996104,-0.13009444573177503,0.5876661210738255,
hist,volume,F_now,gam,test,season,夏(6-8),650,0.40985180711670294,0.6265698300225291,0.33628928269994984,-0.10493948982156318,0.8140575064998905,
hist,volume,F_now,gam,test,season,春(3-5),630,0.3034908993904495,0.42337230519424757,0.6061631283011351,0.03893660747824402,0.6270659724520854,
hist,volume,F_now,gam,test,season,秋(9-11),100,0.2520905060756457,0.35159746516359447,0.7328949425209788,0.07450033549305775,0.5142314721059291,
hist,volume,F_now,gam,test,period,normal,1450,0.3322635800185961,0.45755815691507407,0.63236401058361,-0.026081649288839923,0.6061208191068208,
hist,volume,F_now,gam,test,period,extreme,300,0.4834484265360168,0.7698436399943405,0.07225594181492168,-0.15515708525118482,0.961588050045927,
hist,volume,F_now,gam,test,overall,all,1750,0.35818098227872536,0.5244692534107894,0.5273727465432675,-0.04820886688238475,0.6872824606669892,
hist,volume,F_now,lightgbm,test,crop,土豆,175,0.23326304221716587,0.3009709520030081,0.10902060866795549,-0.2119572220975378,0.9412162772309204,
hist,volume,F_now,lightgbm,test,crop,尖椒,175,0.455247733049422,0.5385481152963435,0.2718294664897266,0.042126556805012025,0.8508875125614854,
hist,volume,F_now,lightgbm,test,crop,甘蓝,175,0.26966855303558185,0.361022972951655,0.4164366416142157,0.1898082898178847,0.7617274516673138,
hist,volume,F_now,lightgbm,test,crop,芸豆,175,0.35611859898163634,0.4475948011404911,0.46332118005007483,-0.16149329984070282,0.7304875658325237,
hist,volume,F_now,lightgbm,test,crop,芹菜,175,0.26896561468738317,0.3510291764357395,0.19297672416117262,0.10691817126959575,0.8957743657096944,
hist,volume,F_now,lightgbm,test,crop,茄子,175,0.23504323278244815,0.31434774758158396,0.7223143438731006,-0.014444965599988487,0.5254511213700391,
hist,volume,F_now,lightgbm,test,crop,西红柿,175,0.28342207697487726,0.3630287687481061,-0.0745584628640994,0.16883539703111805,1.0336431341573311,
hist,volume,F_now,lightgbm,test,crop,青椒,175,0.47012109761051735,0.5819757838558821,0.41352032749344625,-0.07745019087063394,0.7636284175515148,
hist,volume,F_now,lightgbm,test,crop,韭菜,175,0.4061175645648409,0.4847937753261568,0.5780540353441721,0.031709960738909526,0.6477150954376427,
hist,volume,F_now,lightgbm,test,crop,黄瓜,175,0.4126208488888082,0.5373510569762342,0.4321311127072286,-0.10420924937590825,0.7514146140597261,
hist,volume,F_now,lightgbm,test,season,冬(12-2),370,0.43265785095672354,0.5430825151746569,0.6254759033981281,-0.01823228543714643,0.6111561742417062,
hist,volume,F_now,lightgbm,test,season,夏(6-8),650,0.3217821692132241,0.4247827539504769,0.6949481773094026,-0.019735822349764644,0.551889945726637,
hist,volume,F_now,lightgbm,test,season,春(3-5),630,0.31365243564574957,0.39469844918013697,0.6577036072120181,0.028341706920062465,0.5845964977489875,
hist,volume,F_now,lightgbm,test,season,秋(9-11),100,0.2651011418931358,0.3573350188656972,0.7241062902722308,-0.03558441841942122,0.5226229736918302,
hist,volume,F_now,lightgbm,test,period,normal,1450,0.34929490663011603,0.4469024940792969,0.6492877201401843,-0.00744154073923306,0.592005413253951,
hist,volume,F_now,lightgbm,test,period,extreme,300,0.28958449625017,0.39887939345280354,0.7509386541231831,0.018376124834979895,0.4982280014115635,
hist,volume,F_now,lightgbm,test,overall,all,1750,0.3390588362792682,0.4390431791437324,0.6687978374797052,-0.003015655212225119,0.5753372090710906,
strict,price,F_wx,baseline_mean,test,crop,土豆,175,0.09874731590936164,0.12482675373832057,-0.17978871273952124,0.04872891813054513,1.083072972127196,
strict,price,F_wx,baseline_mean,test,crop,尖椒,175,0.15507454772720608,0.2138561858804117,-0.1096999601823141,-0.06723915804726605,1.050408881128059,
strict,price,F_wx,baseline_mean,test,crop,甘蓝,175,0.21227088018459894,0.2572429293362691,-0.03805908680610748,0.049256277916529805,1.015936671547881,
strict,price,F_wx,baseline_mean,test,crop,芸豆,175,0.1356192610462957,0.16120348656018862,-0.42232148592393726,0.08784097220914885,1.1891988625018948,
strict,price,F_wx,baseline_mean,test,crop,芹菜,175,0.1254033779016408,0.15575871476203115,-0.014468091203485578,0.018601106450753295,1.0043262073063328,
strict,price,F_wx,baseline_mean,test,crop,茄子,175,0.19403681451197802,0.229610008264049,-0.13093522010158187,0.07812682779136543,1.0604115866632036,
strict,price,F_wx,baseline_mean,test,crop,西红柿,175,0.1931879281231762,0.2378798594176187,-0.01523424532506179,0.029139695974741336,1.0047053830752313,
strict,price,F_wx,baseline_mean,test,crop,青椒,175,0.1470730108308897,0.1707083323042298,-0.5854557930693225,0.10373485515441687,1.2555461145176448,
strict,price,F_wx,baseline_mean,test,crop,韭菜,175,0.16125790299477125,0.20273601205259073,-0.04893020671795667,0.04378709450775617,1.0212425372174945,
strict,price,F_wx,baseline_mean,test,crop,黄瓜,175,0.2344512194472141,0.29776569098207195,-0.021049512157215844,-0.04275355894898696,1.0075787530095686,
strict,price,F_wx,baseline_mean,test,season,冬(12-2),370,0.17816577510764192,0.24459311410379786,-0.29065271387460734,-0.11296926396864557,1.1345327070193119,
strict,price,F_wx,baseline_mean,test,season,夏(6-8),650,0.1596084685368915,0.21176857756139342,0.10825348434163173,0.027062503427543683,0.9435966288313936,
strict,price,F_wx,baseline_mean,test,season,春(3-5),630,0.1646973671826541,0.18976857473137146,-0.10116458184863353,0.11490578646747882,1.048530734675901,
strict,price,F_wx,baseline_mean,test,season,秋(9-11),100,0.16570212604619086,0.2017099095068002,-0.7094423955248597,0.12931385415309488,1.3009027525413308,
strict,price,F_wx,baseline_mean,test,period,normal,1450,0.15907815068770173,0.2002394248784215,0.0822651161700848,0.03560831727810459,0.9576544069863497,
strict,price,F_wx,baseline_mean,test,period,extreme,300,0.1977769225711022,0.2575704911410308,0.11630441257210433,0.03160656798691343,0.9384827837897735,
strict,price,F_wx,baseline_mean,test,overall,all,1750,0.16571222586771325,0.21117591437562738,0.09123487479630854,0.03492230311390039,0.9530193234381097,
strict,price,F_wx,baseline_seasonal_naive,test,crop,土豆,175,0.09493483955216196,0.11751002095009817,-0.04553527899458576,0.027910565475699218,1.0195885403857996,
strict,price,F_wx,baseline_seasonal_naive,test,crop,尖椒,175,0.23768598818257,0.30766665535998,-1.2967979787288173,0.012016910073900613,1.5111827880340507,
strict,price,F_wx,baseline_seasonal_naive,test,crop,甘蓝,175,0.35836284805653223,0.4456417035898392,-2.115349912084218,0.03445421045893426,1.759985202377166,
strict,price,F_wx,baseline_seasonal_naive,test,crop,芸豆,175,0.13820941498064895,0.16000156325947626,-0.40119107084038697,0.07464039916025116,1.1803322687791344,
strict,price,F_wx,baseline_seasonal_naive,test,crop,芹菜,175,0.2522368706443989,0.2922416671521715,-2.5712310997367327,0.010643363998112816,1.8843630395656499,
strict,price,F_wx,baseline_seasonal_naive,test,crop,茄子,175,0.2494752417409284,0.33401297177474815,-1.3932207947372488,0.02597155947976402,1.5425774688289566,
strict,price,F_wx,baseline_seasonal_naive,test,crop,西红柿,175,0.2615847945111765,0.3144130638939707,-0.7735852888253372,-0.00400260849975725,1.3279497414233474,
strict,price,F_wx,baseline_seasonal_naive,test,crop,青椒,175,0.211838070674457,0.2708335395644459,-2.9907046697278226,0.11482470744039616,1.9919589963258946,
strict,price,F_wx,baseline_seasonal_naive,test,crop,韭菜,175,0.2582811034722052,0.3249157237749468,-1.694177787033884,0.027617902010636502,1.6366986544241093,
strict,price,F_wx,baseline_seasonal_naive,test,crop,黄瓜,175,0.26929519372720484,0.32946102523524784,-0.2499872432161252,-0.007605374974178082,1.1148293407374852,
strict,price,F_wx,baseline_seasonal_naive,test,season,冬(12-2),370,0.300845508451143,0.37430984765852315,-2.0226193078468486,-0.26913070909745795,1.736217171460497,
strict,price,F_wx,baseline_seasonal_naive,test,season,夏(6-8),650,0.22086189388411892,0.29144089743059,-0.6889600350230576,0.06846846383408138,1.2985998748533654,
strict,price,F_wx,baseline_seasonal_naive,test,season,春(3-5),630,0.19335668587292212,0.2546835862798322,-0.9833782934494375,0.1308986875470465,1.4072064787855496,
strict,price,F_wx,baseline_seasonal_naive,test,season,秋(9-11),100,0.31395482718358564,0.35183199568185225,-4.200806131270084,0.27990223778425155,2.269096311300466,
strict,price,F_wx,baseline_seasonal_naive,test,period,normal,1450,0.22566823248789222,0.2936857955855539,-0.9741672604120852,0.015170093381509256,1.404566041790037,
strict,price,F_wx,baseline_seasonal_naive,test,period,extreme,300,0.26954775620818666,0.342674524924205,-0.5641345634487449,0.1112863355198983,1.2485674917963314,
strict,price,F_wx,baseline_seasonal_naive,test,overall,all,1750,0.2331904365542284,0.3026475569052487,-0.8665396955573108,0.03164716346237594,1.3658232321371475,
strict,price,F_wx,baseline_persistence,test,crop,土豆,175,0.017873878010680286,0.030525994514476715,0.9294448811306124,-0.0010259740259740274,0.264862127835526,
strict,price,F_wx,baseline_persistence,test,crop,尖椒,175,0.03541830640752652,0.05184716213628033,0.9347753260221752,0.0029371928884123996,0.25466048290831156,
strict,price,F_wx,baseline_persistence,test,crop,甘蓝,175,0.051716945645635684,0.09022237515253777,0.8723079987529432,0.005857142857142859,0.3563177411644027,
strict,price,F_wx,baseline_persistence,test,crop,芸豆,175,0.02888516244885763,0.041405746645821695,0.9061638566068012,0.0012193877551020397,0.3054503836296876,
strict,price,F_wx,baseline_persistence,test,crop,芹菜,175,0.03886657457518654,0.061957021072591455,0.8394853269770686,0.002160506240292996,0.3994964909982856,
strict,price,F_wx,baseline_persistence,test,crop,茄子,175,0.06023093161095653,0.1089505571588945,0.7453668093899755,0.005018139033238552,0.503168106905176,
strict,price,F_wx,baseline_persistence,test,crop,西红柿,175,0.0336833094723517,0.05180693911463974,0.9518466196294162,0.006012016317318295,0.21881091882499296,
strict,price,F_wx,baseline_persistence,test,crop,青椒,175,0.032310853832864125,0.04833305116412947,0.8729036372265274,0.0005563909774436088,0.3554857210118832,
strict,price,F_wx,baseline_persistence,test,crop,韭菜,175,0.04203551105692673,0.06432266430037298,0.8944124182598334,0.0010335346743404169,0.3240126913104219,
strict,price,F_wx,baseline_persistence,test,crop,黄瓜,175,0.061152522859232276,0.09731613153704814,0.8909395806683565,8.053484976561824e-05,0.32929806700839076,
strict,price,F_wx,baseline_persistence,test,season,冬(12-2),370,0.04536347233796269,0.07780588124509895,0.8693992117771514,0.008025960939962693,0.3608986188939265,
strict,price,F_wx,baseline_persistence,test,season,夏(6-8),650,0.04786093541902847,0.08297421394637278,0.8630996130250199,0.0002848002815654714,0.3697157976000195,
strict,price,F_wx,baseline_persistence,test,season,春(3-5),630,0.02993269843110049,0.04561632983713111,0.9363725786193648,0.0023318072813167186,0.2520444910599748,
strict,price,F_wx,baseline_persistence,test,season,秋(9-11),100,0.036287564870301464,0.058401730195145544,0.8566982715507921,-0.004502117937938029,0.3766546311473094,
strict,price,F_wx,baseline_persistence,test,period,normal,1450,0.037529196027830045,0.06315414334787887,0.9087103044923861,0.0029976535510194617,0.3020376418543209,
strict,price,F_wx,baseline_persistence,test,period,extreme,300,0.053210383485615284,0.09280306221681232,0.8852810699165702,-0.0005768170824624567,0.3381368563907496,
strict,price,F_wx,baseline_persistence,test,overall,all,1750,0.04021739959202181,0.06914568036896217,0.9025699345889421,0.0023848871567082757,0.3120486998658477,
strict,price,F_wx,elasticnet,test,crop,土豆,175,0.16438560070804253,0.2223390774383129,-2.7430056509280853,0.14695069448385284,1.9291493066137977,
strict,price,F_wx,elasticnet,test,crop,尖椒,175,0.22429563625401766,0.30214159236452504,-1.2150470933871023,-0.036784174982374955,1.4840450402278533,
strict,price,F_wx,elasticnet,test,crop,甘蓝,175,0.26231120270256836,0.3186670446084585,-0.592976932188165,0.10170111075388313,1.2585206422071018,
strict,price,F_wx,elasticnet,test,crop,芸豆,175,0.181477555892032,0.22711093497326323,-1.8230917949592071,0.13384640316678909,1.675398412869355,
strict,price,F_wx,elasticnet,test,crop,芹菜,175,0.17041121289149266,0.21989082665864376,-1.0218452190807747,0.04056246455676773,1.417847600353749,
strict,price,F_wx,elasticnet,test,crop,茄子,175,0.2428805674453726,0.2854459607021046,-0.7478489757742768,0.1001719573926236,1.3182796620373392,
strict,price,F_wx,elasticnet,test,crop,西红柿,175,0.28032436557455215,0.3325692149403424,-0.9843350469111045,0.05409414042845603,1.4046337563579283,
strict,price,F_wx,elasticnet,test,crop,青椒,175,0.19844737032950352,0.25713098556995845,-2.5971084102181354,0.13557775776080558,1.8911778089373006,
strict,price,F_wx,elasticnet,test,crop,韭菜,175,0.17440485639346884,0.22091130951189736,-0.24543393096457744,0.06521538937814544,1.1127970010944404,
strict,price,F_wx,elasticnet,test,crop,黄瓜,175,0.2750778817297504,0.3083046313526953,-0.09460540225990433,-0.020854223672986814,1.0432403913993125,
strict,price,F_wx,elasticnet,test,season,冬(12-2),370,0.2410175312454102,0.3152694723079245,-1.1442962485575774,-0.22602136766350042,1.4623613962667388,
strict,price,F_wx,elasticnet,test,season,夏(6-8),650,0.20448692535377186,0.2608709446590927,-0.3532243496615035,0.13232338170086047,1.1623865389992434,
strict,price,F_wx,elasticnet,test,season,春(3-5),630,0.2083655538704229,0.25189953753260513,-0.9402530861657685,0.15603707786811072,1.3918237386114416,
strict,price,F_wx,elasticnet,test,season,秋(9-11),100,0.2708955675702025,0.30427253936556886,-2.889784303749817,0.253986147445694,1.962367565139701,
strict,price,F_wx,elasticnet,test,period,normal,1450,0.2040003427171517,0.259103532911448,-0.5366138057681142,0.044321678581749076,1.2391747544672478,
strict,price,F_wx,elasticnet,test,period,extreme,300,0.2821744893209006,0.33115726090955006,-0.4607605708572031,0.2060594397600239,1.2066032359290049,
strict,price,F_wx,elasticnet,test,overall,all,1750,0.2174016249920801,0.27281052404120626,-0.516649146965616,0.07204815192659617,1.2311711864359915,
strict,price,F_wx,gam,test,crop,土豆,175,0.17658119424822286,0.22283519752417008,-2.759728326119588,0.06860171288412935,1.9334539467636789,
strict,price,F_wx,gam,test,crop,尖椒,175,0.24319540725970398,0.3270892862741698,-1.5959395488153816,-0.04742112880007654,1.606581964462578,
strict,price,F_wx,gam,test,crop,甘蓝,175,0.28234236880082847,0.3454598631415256,-0.8721057400071843,0.06908017259480094,1.3643342672972154,
strict,price,F_wx,gam,test,crop,芸豆,175,0.18992428097901984,0.24360286370429488,-2.247982556531657,0.10765998352788789,1.7970594470435914,
strict,price,F_wx,gam,test,crop,芹菜,175,0.18874532178426262,0.24221283704839233,-1.4531719751909198,0.0384162907965815,1.5617790655590182,
strict,price,F_wx,gam,test,crop,茄子,175,0.25969806982062277,0.3053315866361227,-0.9998598889424781,0.09794319309375149,1.410117767474944,
strict,price,F_wx,gam,test,crop,西红柿,175,0.2998516802040848,0.3629027873561847,-1.3628247982292518,0.048957377841422435,1.5327501238751768,
strict,price,F_wx,gam,test,crop,青椒,175,0.2008714208005977,0.27189722541503647,-3.0221128316058463,0.12355297205414853,1.9997823205816567,
strict,price,F_wx,gam,test,crop,韭菜,175,0.1994278730494923,0.252382087925371,-0.6255556849535839,0.0635947640715915,1.2713248189684954,
strict,price,F_wx,gam,test,crop,黄瓜,175,0.29776011056326096,0.34322422524931107,-0.3566048221421698,-0.022939248961048878,1.1614012203313167,
strict,price,F_wx,gam,test,season,冬(12-2),370,0.27215093852791317,0.33876699156316675,-1.4758431107701089,-0.2646132526693422,1.571353443023931,
strict,price,F_wx,gam,test,season,夏(6-8),650,0.21965934545972318,0.29494044712518064,-0.729764782268935,0.10517251086771306,1.3141931386523176,
strict,price,F_wx,gam,test,season,春(3-5),630,0.2169888557961281,0.26140551086397706,-1.0894554726561605,0.1556240823850138,1.4443472147194445,
strict,price,F_wx,gam,test,season,秋(9-11),100,0.29042201358558195,0.33099125489364495,-3.6029159047978423,0.2730466511414237,2.134686568503644,
strict,price,F_wx,gam,test,period,normal,1450,0.22180911575405374,0.2772203641364163,-0.7590100497441847,0.03561053266250757,1.3258193464288606,
strict,price,F_wx,gam,test,period,extreme,300,0.2919879482362966,0.372275988245862,-0.8460375240936888,0.14722597744140656,1.3564232619945895,
strict,price,F_wx,gam,test,overall,all,1750,0.23383977275100964,0.29569382074863904,-0.7817525272754948,0.05474460891031882,1.3344415996866237,
strict,price,F_wx,lightgbm,test,crop,土豆,175,0.1560317915695328,0.19756261639376474,-1.9552785547025802,0.11518062073765524,1.7141736343427139,
strict,price,F_wx,lightgbm,test,crop,尖椒,175,0.25547616398400774,0.3232906436793552,-1.535993922613602,0.07523238159505476,1.587923968195611,
strict,price,F_wx,lightgbm,test,crop,甘蓝,175,0.375903713866645,0.42890774473102594,-1.8857782657705489,0.17508354160245418,1.6938973121921708,
strict,price,F_wx,lightgbm,test,crop,芸豆,175,0.1486070511613242,0.18296177258291602,-0.8321862844928929,0.07035586408073459,1.3497098386621862,
strict,price,F_wx,lightgbm,test,crop,芹菜,175,0.25163605911484566,0.3047352599619075,-2.883104672145813,0.22527350781764888,1.9649212459003782,
strict,price,F_wx,lightgbm,test,crop,茄子,175,0.23400477732431454,0.28463751728460146,-0.7379624390318849,0.04268208166790571,1.3145460148258636,
strict,price,F_wx,lightgbm,test,crop,西红柿,175,0.2756152940410824,0.3178921556658709,-0.8130531474613598,0.06851223665756483,1.342643975058757,
strict,price,F_wx,lightgbm,test,crop,青椒,175,0.24462439854163667,0.30306596915714706,-3.9971115417647924,0.18580807477232972,2.229025934947594,
strict,price,F_wx,lightgbm,test,crop,韭菜,175,0.2015201622668124,0.23841525345701672,-0.4506173530745259,-0.02791339373365725,1.2009696545112858,
strict,price,F_wx,lightgbm,test,crop,黄瓜,175,0.25913949595216623,0.29904928548108073,-0.029871471454436138,-0.03953514312769742,1.0119221766606132,
strict,price,F_wx,lightgbm,test,season,冬(12-2),370,0.25248833301964535,0.3163261476421495,-1.1586942305332095,-0.23777642115677755,1.4672627310069721,
strict,price,F_wx,lightgbm,test,season,夏(6-8),650,0.2294271602943885,0.27982709561251273,-0.5570333393189533,0.15912818113870092,1.2468511953767014,
strict,price,F_wx,lightgbm,test,season,春(3-5),630,0.214174316354254,0.26084333060134984,-1.0804779456167393,0.1556730387796274,1.4412409929194059,
strict,price,F_wx,lightgbm,test,season,秋(9-11),100,0.42969652157113003,0.47087982727681704,-8.31580034919782,0.42338903768935654,3.0368803640752526,
strict,price,F_wx,lightgbm,test,period,normal,1450,0.22981276998515976,0.2856065549831013,-0.8670433550975147,0.059315247924992036,1.3659266960531047,
strict,price,F_wx,lightgbm,test,period,extreme,300,0.29073097463477554,0.33999760359405196,-0.5397924515364794,0.23287283540336787,1.2388138722307551,
strict,price,F_wx,lightgbm,test,overall,all,1750,0.24025589078223675,0.29564226674084776,-0.7811312868594162,0.08906797720699931,1.334208940740782,
strict,price,F_lag,baseline_mean,test,crop,土豆,175,0.09874731590936164,0.12482675373832057,-0.17978871273952124,0.04872891813054513,1.083072972127196,
strict,price,F_lag,baseline_mean,test,crop,尖椒,175,0.15507454772720608,0.2138561858804117,-0.1096999601823141,-0.06723915804726605,1.050408881128059,
strict,price,F_lag,baseline_mean,test,crop,甘蓝,175,0.21227088018459894,0.2572429293362691,-0.03805908680610748,0.049256277916529805,1.015936671547881,
strict,price,F_lag,baseline_mean,test,crop,芸豆,175,0.1356192610462957,0.16120348656018862,-0.42232148592393726,0.08784097220914885,1.1891988625018948,
strict,price,F_lag,baseline_mean,test,crop,芹菜,175,0.1254033779016408,0.15575871476203115,-0.014468091203485578,0.018601106450753295,1.0043262073063328,
strict,price,F_lag,baseline_mean,test,crop,茄子,175,0.19403681451197802,0.229610008264049,-0.13093522010158187,0.07812682779136543,1.0604115866632036,
strict,price,F_lag,baseline_mean,test,crop,西红柿,175,0.1931879281231762,0.2378798594176187,-0.01523424532506179,0.029139695974741336,1.0047053830752313,
strict,price,F_lag,baseline_mean,test,crop,青椒,175,0.1470730108308897,0.1707083323042298,-0.5854557930693225,0.10373485515441687,1.2555461145176448,
strict,price,F_lag,baseline_mean,test,crop,韭菜,175,0.16125790299477125,0.20273601205259073,-0.04893020671795667,0.04378709450775617,1.0212425372174945,
strict,price,F_lag,baseline_mean,test,crop,黄瓜,175,0.2344512194472141,0.29776569098207195,-0.021049512157215844,-0.04275355894898696,1.0075787530095686,
strict,price,F_lag,baseline_mean,test,season,冬(12-2),370,0.17816577510764192,0.24459311410379786,-0.29065271387460734,-0.11296926396864557,1.1345327070193119,
strict,price,F_lag,baseline_mean,test,season,夏(6-8),650,0.1596084685368915,0.21176857756139342,0.10825348434163173,0.027062503427543683,0.9435966288313936,
strict,price,F_lag,baseline_mean,test,season,春(3-5),630,0.1646973671826541,0.18976857473137146,-0.10116458184863353,0.11490578646747882,1.048530734675901,
strict,price,F_lag,baseline_mean,test,season,秋(9-11),100,0.16570212604619086,0.2017099095068002,-0.7094423955248597,0.12931385415309488,1.3009027525413308,
strict,price,F_lag,baseline_mean,test,period,normal,1450,0.15907815068770173,0.2002394248784215,0.0822651161700848,0.03560831727810459,0.9576544069863497,
strict,price,F_lag,baseline_mean,test,period,extreme,300,0.1977769225711022,0.2575704911410308,0.11630441257210433,0.03160656798691343,0.9384827837897735,
strict,price,F_lag,baseline_mean,test,overall,all,1750,0.16571222586771325,0.21117591437562738,0.09123487479630854,0.03492230311390039,0.9530193234381097,
strict,price,F_lag,baseline_seasonal_naive,test,crop,土豆,175,0.09493483955216196,0.11751002095009817,-0.04553527899458576,0.027910565475699218,1.0195885403857996,
strict,price,F_lag,baseline_seasonal_naive,test,crop,尖椒,175,0.23768598818257,0.30766665535998,-1.2967979787288173,0.012016910073900613,1.5111827880340507,
strict,price,F_lag,baseline_seasonal_naive,test,crop,甘蓝,175,0.35836284805653223,0.4456417035898392,-2.115349912084218,0.03445421045893426,1.759985202377166,
strict,price,F_lag,baseline_seasonal_naive,test,crop,芸豆,175,0.13820941498064895,0.16000156325947626,-0.40119107084038697,0.07464039916025116,1.1803322687791344,
strict,price,F_lag,baseline_seasonal_naive,test,crop,芹菜,175,0.2522368706443989,0.2922416671521715,-2.5712310997367327,0.010643363998112816,1.8843630395656499,
strict,price,F_lag,baseline_seasonal_naive,test,crop,茄子,175,0.2494752417409284,0.33401297177474815,-1.3932207947372488,0.02597155947976402,1.5425774688289566,
strict,price,F_lag,baseline_seasonal_naive,test,crop,西红柿,175,0.2615847945111765,0.3144130638939707,-0.7735852888253372,-0.00400260849975725,1.3279497414233474,
strict,price,F_lag,baseline_seasonal_naive,test,crop,青椒,175,0.211838070674457,0.2708335395644459,-2.9907046697278226,0.11482470744039616,1.9919589963258946,
strict,price,F_lag,baseline_seasonal_naive,test,crop,韭菜,175,0.2582811034722052,0.3249157237749468,-1.694177787033884,0.027617902010636502,1.6366986544241093,
strict,price,F_lag,baseline_seasonal_naive,test,crop,黄瓜,175,0.26929519372720484,0.32946102523524784,-0.2499872432161252,-0.007605374974178082,1.1148293407374852,
strict,price,F_lag,baseline_seasonal_naive,test,season,冬(12-2),370,0.300845508451143,0.37430984765852315,-2.0226193078468486,-0.26913070909745795,1.736217171460497,
strict,price,F_lag,baseline_seasonal_naive,test,season,夏(6-8),650,0.22086189388411892,0.29144089743059,-0.6889600350230576,0.06846846383408138,1.2985998748533654,
strict,price,F_lag,baseline_seasonal_naive,test,season,春(3-5),630,0.19335668587292212,0.2546835862798322,-0.9833782934494375,0.1308986875470465,1.4072064787855496,
strict,price,F_lag,baseline_seasonal_naive,test,season,秋(9-11),100,0.31395482718358564,0.35183199568185225,-4.200806131270084,0.27990223778425155,2.269096311300466,
strict,price,F_lag,baseline_seasonal_naive,test,period,normal,1450,0.22566823248789222,0.2936857955855539,-0.9741672604120852,0.015170093381509256,1.404566041790037,
strict,price,F_lag,baseline_seasonal_naive,test,period,extreme,300,0.26954775620818666,0.342674524924205,-0.5641345634487449,0.1112863355198983,1.2485674917963314,
strict,price,F_lag,baseline_seasonal_naive,test,overall,all,1750,0.2331904365542284,0.3026475569052487,-0.8665396955573108,0.03164716346237594,1.3658232321371475,
strict,price,F_lag,baseline_persistence,test,crop,土豆,175,0.017873878010680286,0.030525994514476715,0.9294448811306124,-0.0010259740259740274,0.264862127835526,
strict,price,F_lag,baseline_persistence,test,crop,尖椒,175,0.03541830640752652,0.05184716213628033,0.9347753260221752,0.0029371928884123996,0.25466048290831156,
strict,price,F_lag,baseline_persistence,test,crop,甘蓝,175,0.051716945645635684,0.09022237515253777,0.8723079987529432,0.005857142857142859,0.3563177411644027,
strict,price,F_lag,baseline_persistence,test,crop,芸豆,175,0.02888516244885763,0.041405746645821695,0.9061638566068012,0.0012193877551020397,0.3054503836296876,
strict,price,F_lag,baseline_persistence,test,crop,芹菜,175,0.03886657457518654,0.061957021072591455,0.8394853269770686,0.002160506240292996,0.3994964909982856,
strict,price,F_lag,baseline_persistence,test,crop,茄子,175,0.06023093161095653,0.1089505571588945,0.7453668093899755,0.005018139033238552,0.503168106905176,
strict,price,F_lag,baseline_persistence,test,crop,西红柿,175,0.0336833094723517,0.05180693911463974,0.9518466196294162,0.006012016317318295,0.21881091882499296,
strict,price,F_lag,baseline_persistence,test,crop,青椒,175,0.032310853832864125,0.04833305116412947,0.8729036372265274,0.0005563909774436088,0.3554857210118832,
strict,price,F_lag,baseline_persistence,test,crop,韭菜,175,0.04203551105692673,0.06432266430037298,0.8944124182598334,0.0010335346743404169,0.3240126913104219,
strict,price,F_lag,baseline_persistence,test,crop,黄瓜,175,0.061152522859232276,0.09731613153704814,0.8909395806683565,8.053484976561824e-05,0.32929806700839076,
strict,price,F_lag,baseline_persistence,test,season,冬(12-2),370,0.04536347233796269,0.07780588124509895,0.8693992117771514,0.008025960939962693,0.3608986188939265,
strict,price,F_lag,baseline_persistence,test,season,夏(6-8),650,0.04786093541902847,0.08297421394637278,0.8630996130250199,0.0002848002815654714,0.3697157976000195,
strict,price,F_lag,baseline_persistence,test,season,春(3-5),630,0.02993269843110049,0.04561632983713111,0.9363725786193648,0.0023318072813167186,0.2520444910599748,
strict,price,F_lag,baseline_persistence,test,season,秋(9-11),100,0.036287564870301464,0.058401730195145544,0.8566982715507921,-0.004502117937938029,0.3766546311473094,
strict,price,F_lag,baseline_persistence,test,period,normal,1450,0.037529196027830045,0.06315414334787887,0.9087103044923861,0.0029976535510194617,0.3020376418543209,
strict,price,F_lag,baseline_persistence,test,period,extreme,300,0.053210383485615284,0.09280306221681232,0.8852810699165702,-0.0005768170824624567,0.3381368563907496,
strict,price,F_lag,baseline_persistence,test,overall,all,1750,0.04021739959202181,0.06914568036896217,0.9025699345889421,0.0023848871567082757,0.3120486998658477,
strict,price,F_lag,elasticnet,test,crop,土豆,175,0.02476488725694586,0.03447995287306425,0.9099834816504184,-0.010397533811971144,0.2991690796936188,
strict,price,F_lag,elasticnet,test,crop,尖椒,175,0.039892962399021764,0.05516032374875879,0.9261729441431196,0.01332164671782798,0.27093391623469687,
strict,price,F_lag,elasticnet,test,crop,甘蓝,175,0.05010990808911389,0.08661363761888984,0.8823186237375402,-0.012105834286889971,0.34206565342817713,
strict,price,F_lag,elasticnet,test,crop,芸豆,175,0.0400734571870388,0.049454586764070545,0.8661365344902626,0.024928775770143373,0.3648267142371982,
strict,price,F_lag,elasticnet,test,crop,芹菜,175,0.045327555606124045,0.0636472675081005,0.8306078781354924,-0.0006815865117586067,0.41039513506183856,
strict,price,F_lag,elasticnet,test,crop,茄子,175,0.0605647760210001,0.10474273452634252,0.7646555740778558,0.01140847716740408,0.4837350521010034,
strict,price,F_lag,elasticnet,test,crop,西红柿,175,0.04036370152854399,0.05411439592829411,0.9474616363676991,0.01910319132877334,0.22855665470850953,
strict,price,F_lag,elasticnet,test,crop,青椒,175,0.03946068773400958,0.05444075542244858,0.8387525023528503,0.02362534199163041,0.400407396753457,
strict,price,F_lag,elasticnet,test,crop,韭菜,175,0.04284820805980518,0.0629996252227861,0.8987113634177619,0.005346915570278284,0.3173481437998285,
strict,price,F_lag,elasticnet,test,crop,黄瓜,175,0.059083543652934216,0.09425417513180383,0.897694570308408,0.0011600079216988757,0.3189370270699397,
strict,price,F_lag,elasticnet,test,season,冬(12-2),370,0.04869509196029559,0.07597704216399172,0.8754666386734652,0.0038544471056787084,0.3524156419262643,
strict,price,F_lag,elasticnet,test,season,夏(6-8),650,0.05209055919916105,0.08318180315027064,0.8624137471129202,0.009357839583464736,0.37064077181118654,
strict,price,F_lag,elasticnet,test,season,春(3-5),630,0.033924233509918585,0.04712197855472598,0.9321029856863797,0.007967971211112491,0.2603636711890259,
strict,price,F_lag,elasticnet,test,season,秋(9-11),100,0.041873807025312945,0.059863415878221075,0.8494353598003872,0.007205823036448381,0.38608158956057026,
strict,price,F_lag,elasticnet,test,period,normal,1450,0.04088495303279128,0.06284068214027913,0.9096142756482746,0.00611267700151127,0.30053849898043666,
strict,price,F_lag,elasticnet,test,period,extreme,300,0.060508378069989016,0.09424442439362184,0.8816899039835133,0.014619212242691896,0.3433885976991156,
strict,price,F_lag,elasticnet,test,overall,all,1750,0.044248968753453743,0.06924318590498334,0.9022949595253722,0.007570940185713663,0.31248873423361695,
strict,price,F_lag,gam,test,crop,土豆,175,0.068834050096864,0.08676812864785455,0.4299547302873342,-0.04791095822203352,0.7528531517975139,
strict,price,F_lag,gam,test,crop,尖椒,175,0.04567157620488244,0.06682990954516645,0.8916313450047751,-0.008141172106382285,0.3282520457485517,
strict,price,F_lag,gam,test,crop,甘蓝,175,0.06493922180631817,0.09637755500034907,0.8542907943534246,-0.022599257213244413,0.3806265645147608,
strict,price,F_lag,gam,test,crop,芸豆,175,0.04446644607674339,0.06314301316103722,0.7817775063329157,-0.011108385867201058,0.46580629878629454,
strict,price,F_lag,gam,test,crop,芹菜,175,0.06562081684819988,0.08352723133131597,0.7082641143927666,-0.0036350548732422207,0.5385803778488067,
strict,price,F_lag,gam,test,crop,茄子,175,0.06517690901271249,0.10584442375659327,0.7596788095952662,0.005421873202683706,0.48882300115641436,
strict,price,F_lag,gam,test,crop,西红柿,175,0.04556463697945194,0.06143224795355593,0.9322914166338723,-0.0009434164607175471,0.2594642117430921,
strict,price,F_lag,gam,test,crop,青椒,175,0.044392267203165685,0.06368438061550968,0.7793466341778164,-0.009596194205736095,0.46839351985916383,
strict,price,F_lag,gam,test,crop,韭菜,175,0.0558927699046613,0.07662300085213619,0.8501685071242082,0.0020071633259112014,0.38597320232951604,
strict,price,F_lag,gam,test,crop,黄瓜,175,0.06541994809475159,0.09894429805572019,0.8872597396626503,-0.009248583974163622,0.33480745254291927,
strict,price,F_lag,gam,test,season,冬(12-2),370,0.0666794124179357,0.09124934714230447,0.8203693348953175,-0.031055897472363984,0.42325545102292045,
strict,price,F_lag,gam,test,season,夏(6-8),650,0.06603690020242194,0.0976126171889104,0.8105344318294141,0.0039871536200460495,0.4349414704084824,
strict,price,F_lag,gam,test,season,春(3-5),630,0.042625412903623885,0.05647248528284665,0.9024836484411511,-0.014907891758696565,0.3120281456843783,
strict,price,F_lag,gam,test,season,秋(9-11),100,0.04596884534362894,0.06568188495160751,0.8187444902362535,-0.002159435992484467,0.4236070757979722,
strict,price,F_lag,gam,test,period,normal,1450,0.051053239232517054,0.07313542917466874,0.8775739915830507,-0.014331343330772156,0.34977360776223027,
strict,price,F_lag,gam,test,period,extreme,300,0.08339688500902227,0.11487605302880777,0.8242199898867126,0.007578334035491997,0.4185619150690171,
strict,price,F_lag,gam,test,overall,all,1750,0.05659786422277508,0.08181756436874688,0.8635869311684401,-0.010575398639412587,0.36923585755789384,
strict,price,F_lag,lightgbm,test,crop,土豆,175,0.04486532850039778,0.05584238555610001,0.7638886796203561,-0.017924805770262713,0.4845225617395101,
strict,price,F_lag,lightgbm,test,crop,尖椒,175,0.05090259078840477,0.06875250750306777,0.8853064432325771,0.011062566507966687,0.3376953731019514,
strict,price,F_lag,lightgbm,test,crop,甘蓝,175,0.056598162428843204,0.08938307242338586,0.874672683891336,-0.004826907661596935,0.3530030595003597,
strict,price,F_lag,lightgbm,test,crop,芸豆,175,0.04501225638313941,0.05791687299212656,0.8164057308118189,0.016303800638799104,0.42725303870017634,
strict,price,F_lag,lightgbm,test,crop,芹菜,175,0.05363556912556417,0.07227699218458218,0.781559167208569,-0.0002057311959734953,0.4660392681536549,
strict,price,F_lag,lightgbm,test,crop,茄子,175,0.0691821437072765,0.10902862296744484,0.7450017765159364,0.010212738023250137,0.5035286394818476,
strict,price,F_lag,lightgbm,test,crop,西红柿,175,0.05976274838035157,0.07769464053180289,0.89169885809633,0.012700559608770909,0.3281497801852822,
strict,price,F_lag,lightgbm,test,crop,青椒,175,0.05016487818549407,0.06496411217790761,0.7703895164649976,0.010415275518232287,0.4778058430252692,
strict,price,F_lag,lightgbm,test,crop,韭菜,175,0.053311825853447535,0.074258893551391,0.8592716027698671,0.013050098008358085,0.37406447968264295,
strict,price,F_lag,lightgbm,test,crop,黄瓜,175,0.06457321773757489,0.09520553672468668,0.8956188923343861,0.010542539768150814,0.322156241897063,
strict,price,F_lag,lightgbm,test,season,冬(12-2),370,0.06842642862238131,0.09178279632664407,0.818262932367719,-0.04007462360755761,0.425729827905457,
strict,price,F_lag,lightgbm,test,season,夏(6-8),650,0.06217076606488512,0.09073941621401516,0.8362767550037643,0.01920878953962977,0.4043159198953918,
strict,price,F_lag,lightgbm,test,season,春(3-5),630,0.03791057727618193,0.05088839318052959,0.9208153286183345,0.014059964807835787,0.28117429012463335,
strict,price,F_lag,lightgbm,test,season,秋(9-11),100,0.06289085974385399,0.07736024698456676,0.748559230696523,0.04216893058097024,0.49892520642922245,
strict,price,F_lag,lightgbm,test,period,normal,1450,0.05066980581229728,0.0716128650097611,0.8826183637395342,0.00039146776813620986,0.3424918734917259,
strict,price,F_lag,lightgbm,test,period,extreme,300,0.07476769254335122,0.10428359649018216,0.8551420031582782,0.03388381696399699,0.37996728392356294,
strict,price,F_lag,lightgbm,test,overall,all,1750,0.05480087210904939,0.07818916285774877,0.8754177953022562,0.006133013344569489,0.3528611835644267,
strict,price,F_now,baseline_mean,test,crop,土豆,175,0.09874731590936164,0.12482675373832057,-0.17978871273952124,0.04872891813054513,1.083072972127196,
strict,price,F_now,baseline_mean,test,crop,尖椒,175,0.15507454772720608,0.2138561858804117,-0.1096999601823141,-0.06723915804726605,1.050408881128059,
strict,price,F_now,baseline_mean,test,crop,甘蓝,175,0.21227088018459894,0.2572429293362691,-0.03805908680610748,0.049256277916529805,1.015936671547881,
strict,price,F_now,baseline_mean,test,crop,芸豆,175,0.1356192610462957,0.16120348656018862,-0.42232148592393726,0.08784097220914885,1.1891988625018948,
strict,price,F_now,baseline_mean,test,crop,芹菜,175,0.1254033779016408,0.15575871476203115,-0.014468091203485578,0.018601106450753295,1.0043262073063328,
strict,price,F_now,baseline_mean,test,crop,茄子,175,0.19403681451197802,0.229610008264049,-0.13093522010158187,0.07812682779136543,1.0604115866632036,
strict,price,F_now,baseline_mean,test,crop,西红柿,175,0.1931879281231762,0.2378798594176187,-0.01523424532506179,0.029139695974741336,1.0047053830752313,
strict,price,F_now,baseline_mean,test,crop,青椒,175,0.1470730108308897,0.1707083323042298,-0.5854557930693225,0.10373485515441687,1.2555461145176448,
strict,price,F_now,baseline_mean,test,crop,韭菜,175,0.16125790299477125,0.20273601205259073,-0.04893020671795667,0.04378709450775617,1.0212425372174945,
strict,price,F_now,baseline_mean,test,crop,黄瓜,175,0.2344512194472141,0.29776569098207195,-0.021049512157215844,-0.04275355894898696,1.0075787530095686,
strict,price,F_now,baseline_mean,test,season,冬(12-2),370,0.17816577510764192,0.24459311410379786,-0.29065271387460734,-0.11296926396864557,1.1345327070193119,
strict,price,F_now,baseline_mean,test,season,夏(6-8),650,0.1596084685368915,0.21176857756139342,0.10825348434163173,0.027062503427543683,0.9435966288313936,
strict,price,F_now,baseline_mean,test,season,春(3-5),630,0.1646973671826541,0.18976857473137146,-0.10116458184863353,0.11490578646747882,1.048530734675901,
strict,price,F_now,baseline_mean,test,season,秋(9-11),100,0.16570212604619086,0.2017099095068002,-0.7094423955248597,0.12931385415309488,1.3009027525413308,
strict,price,F_now,baseline_mean,test,period,normal,1450,0.15907815068770173,0.2002394248784215,0.0822651161700848,0.03560831727810459,0.9576544069863497,
strict,price,F_now,baseline_mean,test,period,extreme,300,0.1977769225711022,0.2575704911410308,0.11630441257210433,0.03160656798691343,0.9384827837897735,
strict,price,F_now,baseline_mean,test,overall,all,1750,0.16571222586771325,0.21117591437562738,0.09123487479630854,0.03492230311390039,0.9530193234381097,
strict,price,F_now,baseline_seasonal_naive,test,crop,土豆,175,0.09493483955216196,0.11751002095009817,-0.04553527899458576,0.027910565475699218,1.0195885403857996,
strict,price,F_now,baseline_seasonal_naive,test,crop,尖椒,175,0.23768598818257,0.30766665535998,-1.2967979787288173,0.012016910073900613,1.5111827880340507,
strict,price,F_now,baseline_seasonal_naive,test,crop,甘蓝,175,0.35836284805653223,0.4456417035898392,-2.115349912084218,0.03445421045893426,1.759985202377166,
strict,price,F_now,baseline_seasonal_naive,test,crop,芸豆,175,0.13820941498064895,0.16000156325947626,-0.40119107084038697,0.07464039916025116,1.1803322687791344,
strict,price,F_now,baseline_seasonal_naive,test,crop,芹菜,175,0.2522368706443989,0.2922416671521715,-2.5712310997367327,0.010643363998112816,1.8843630395656499,
strict,price,F_now,baseline_seasonal_naive,test,crop,茄子,175,0.2494752417409284,0.33401297177474815,-1.3932207947372488,0.02597155947976402,1.5425774688289566,
strict,price,F_now,baseline_seasonal_naive,test,crop,西红柿,175,0.2615847945111765,0.3144130638939707,-0.7735852888253372,-0.00400260849975725,1.3279497414233474,
strict,price,F_now,baseline_seasonal_naive,test,crop,青椒,175,0.211838070674457,0.2708335395644459,-2.9907046697278226,0.11482470744039616,1.9919589963258946,
strict,price,F_now,baseline_seasonal_naive,test,crop,韭菜,175,0.2582811034722052,0.3249157237749468,-1.694177787033884,0.027617902010636502,1.6366986544241093,
strict,price,F_now,baseline_seasonal_naive,test,crop,黄瓜,175,0.26929519372720484,0.32946102523524784,-0.2499872432161252,-0.007605374974178082,1.1148293407374852,
strict,price,F_now,baseline_seasonal_naive,test,season,冬(12-2),370,0.300845508451143,0.37430984765852315,-2.0226193078468486,-0.26913070909745795,1.736217171460497,
strict,price,F_now,baseline_seasonal_naive,test,season,夏(6-8),650,0.22086189388411892,0.29144089743059,-0.6889600350230576,0.06846846383408138,1.2985998748533654,
strict,price,F_now,baseline_seasonal_naive,test,season,春(3-5),630,0.19335668587292212,0.2546835862798322,-0.9833782934494375,0.1308986875470465,1.4072064787855496,
strict,price,F_now,baseline_seasonal_naive,test,season,秋(9-11),100,0.31395482718358564,0.35183199568185225,-4.200806131270084,0.27990223778425155,2.269096311300466,
strict,price,F_now,baseline_seasonal_naive,test,period,normal,1450,0.22566823248789222,0.2936857955855539,-0.9741672604120852,0.015170093381509256,1.404566041790037,
strict,price,F_now,baseline_seasonal_naive,test,period,extreme,300,0.26954775620818666,0.342674524924205,-0.5641345634487449,0.1112863355198983,1.2485674917963314,
strict,price,F_now,baseline_seasonal_naive,test,overall,all,1750,0.2331904365542284,0.3026475569052487,-0.8665396955573108,0.03164716346237594,1.3658232321371475,
strict,price,F_now,baseline_persistence,test,crop,土豆,175,0.017873878010680286,0.030525994514476715,0.9294448811306124,-0.0010259740259740274,0.264862127835526,
strict,price,F_now,baseline_persistence,test,crop,尖椒,175,0.03541830640752652,0.05184716213628033,0.9347753260221752,0.0029371928884123996,0.25466048290831156,
strict,price,F_now,baseline_persistence,test,crop,甘蓝,175,0.051716945645635684,0.09022237515253777,0.8723079987529432,0.005857142857142859,0.3563177411644027,
strict,price,F_now,baseline_persistence,test,crop,芸豆,175,0.02888516244885763,0.041405746645821695,0.9061638566068012,0.0012193877551020397,0.3054503836296876,
strict,price,F_now,baseline_persistence,test,crop,芹菜,175,0.03886657457518654,0.061957021072591455,0.8394853269770686,0.002160506240292996,0.3994964909982856,
strict,price,F_now,baseline_persistence,test,crop,茄子,175,0.06023093161095653,0.1089505571588945,0.7453668093899755,0.005018139033238552,0.503168106905176,
strict,price,F_now,baseline_persistence,test,crop,西红柿,175,0.0336833094723517,0.05180693911463974,0.9518466196294162,0.006012016317318295,0.21881091882499296,
strict,price,F_now,baseline_persistence,test,crop,青椒,175,0.032310853832864125,0.04833305116412947,0.8729036372265274,0.0005563909774436088,0.3554857210118832,
strict,price,F_now,baseline_persistence,test,crop,韭菜,175,0.04203551105692673,0.06432266430037298,0.8944124182598334,0.0010335346743404169,0.3240126913104219,
strict,price,F_now,baseline_persistence,test,crop,黄瓜,175,0.061152522859232276,0.09731613153704814,0.8909395806683565,8.053484976561824e-05,0.32929806700839076,
strict,price,F_now,baseline_persistence,test,season,冬(12-2),370,0.04536347233796269,0.07780588124509895,0.8693992117771514,0.008025960939962693,0.3608986188939265,
strict,price,F_now,baseline_persistence,test,season,夏(6-8),650,0.04786093541902847,0.08297421394637278,0.8630996130250199,0.0002848002815654714,0.3697157976000195,
strict,price,F_now,baseline_persistence,test,season,春(3-5),630,0.02993269843110049,0.04561632983713111,0.9363725786193648,0.0023318072813167186,0.2520444910599748,
strict,price,F_now,baseline_persistence,test,season,秋(9-11),100,0.036287564870301464,0.058401730195145544,0.8566982715507921,-0.004502117937938029,0.3766546311473094,
strict,price,F_now,baseline_persistence,test,period,normal,1450,0.037529196027830045,0.06315414334787887,0.9087103044923861,0.0029976535510194617,0.3020376418543209,
strict,price,F_now,baseline_persistence,test,period,extreme,300,0.053210383485615284,0.09280306221681232,0.8852810699165702,-0.0005768170824624567,0.3381368563907496,
strict,price,F_now,baseline_persistence,test,overall,all,1750,0.04021739959202181,0.06914568036896217,0.9025699345889421,0.0023848871567082757,0.3120486998658477,
strict,price,F_now,elasticnet,test,crop,土豆,175,0.026901765983674306,0.0360529901706043,0.9015826958808182,-0.012069065741294413,0.3128177097355824,
strict,price,F_now,elasticnet,test,crop,尖椒,175,0.03900742125108999,0.05501178222261137,0.9265700273031766,0.010645586738110942,0.2702043168656666,
strict,price,F_now,elasticnet,test,crop,甘蓝,175,0.05042749326423973,0.08664920946598552,0.8822219414216107,-0.013560039608702721,0.34220613831548746,
strict,price,F_now,elasticnet,test,crop,芸豆,175,0.039268941723058046,0.0491938929769202,0.8675441044428116,0.022843821403709653,0.36290357496921005,
strict,price,F_now,elasticnet,test,crop,芹菜,175,0.04524504772769757,0.06334006766712293,0.8322391076761337,-0.0029787288771448914,0.4084143222922578,
strict,price,F_now,elasticnet,test,crop,茄子,175,0.05977605148053098,0.10338435525325404,0.7707202243086622,0.009211297301333516,0.4774616273005929,
strict,price,F_now,elasticnet,test,crop,西红柿,175,0.03955246104346179,0.053170314100777605,0.9492788181830399,0.0168779951134539,0.2245692465416663,
strict,price,F_now,elasticnet,test,crop,青椒,175,0.03813819712466087,0.05343094250737162,0.8446789320032242,0.021574407522844046,0.3929803036244873,
strict,price,F_now,elasticnet,test,crop,韭菜,175,0.042734799970789654,0.06335223792956782,0.8975743531089351,0.0025997161028868004,0.31912436052463755,
strict,price,F_now,elasticnet,test,crop,黄瓜,175,0.05954631843347782,0.09515325985086637,0.8957334911288333,-0.0014617427560351828,0.3219793475505002,
strict,price,F_now,elasticnet,test,season,冬(12-2),370,0.0482145611053052,0.07527576891602544,0.8777549318882536,-0.001317399617871173,0.34916282166887236,
strict,price,F_now,elasticnet,test,season,夏(6-8),650,0.051881340733222425,0.08310574011275668,0.8626652550898037,0.008108445836451806,0.3703018507748206,
strict,price,F_now,elasticnet,test,season,春(3-5),630,0.034027581674227536,0.047202111814193405,0.931871864862731,0.007199113699990171,0.2608064325131297,
strict,price,F_now,elasticnet,test,season,秋(9-11),100,0.04105101610148283,0.05989216187950629,0.8492907248694649,0.0007607469377814019,0.38626698328905845,
strict,price,F_now,elasticnet,test,period,normal,1450,0.0407538787437579,0.06255266648943045,0.9104409008655729,0.00425612041546552,0.2991610506708256,
strict,price,F_now,elasticnet,test,period,extreme,300,0.06003870990673389,0.09442121084982166,0.8812456285834275,0.01074397885809427,0.34403273610493906,
strict,price,F_now,elasticnet,test,overall,all,1750,0.04405984980026808,0.06906817270189927,0.902788237297831,0.005368324719916164,0.3116989142160782,
strict,price,F_now,gam,test,crop,土豆,175,0.07117466312584442,0.09018812394672586,0.38413206927359067,-0.04577823448077991,0.7825271148068753,
strict,price,F_now,gam,test,crop,尖椒,175,0.04780360443964912,0.07056807004674996,0.8791689868726502,-0.00802980124219882,0.34661296887911386,
strict,price,F_now,gam,test,crop,甘蓝,175,0.06831332888972984,0.10014289352052819,0.8426830735001156,-0.022573583643430907,0.3954971208923912,
strict,price,F_now,gam,test,crop,芸豆,175,0.04976198365528457,0.06841618946930404,0.7438073457236665,-0.01015210538911092,0.5047065446889878,
strict,price,F_now,gam,test,crop,芹菜,175,0.07116134163003386,0.08889519390040128,0.669561802388189,-0.003433535338841125,0.573192794214777,
strict,price,F_now,gam,test,crop,茄子,175,0.06738680232205269,0.1072832643460872,0.7531005856308346,0.0065308619859246846,0.49546802174587434,
strict,price,F_now,gam,test,crop,西红柿,175,0.051976480096473474,0.0689909828103234,0.9146043839640648,-0.0009725738845903261,0.29138915746327687,
strict,price,F_now,gam,test,crop,青椒,175,0.04377287861398529,0.06410706508999432,0.7764078832621708,-0.008664812159391782,0.47150233032226607,
strict,price,F_now,gam,test,crop,韭菜,175,0.053484560448099724,0.07402239568281961,0.8601665519568646,0.002493892118517293,0.3728731684750232,
strict,price,F_now,gam,test,crop,黄瓜,175,0.06657258628572132,0.09995132243148527,0.884953190619579,-0.008508466339973597,0.3382150189466817,
strict,price,F_now,gam,test,season,冬(12-2),370,0.06953897309443284,0.09327300148498258,0.8123135798280068,-0.038099760017979094,0.4326420686629235,
strict,price,F_now,gam,test,season,夏(6-8),650,0.06817556024681279,0.10062558422555022,0.7986576135625878,0.010652915672775308,0.4483666233338697,
strict,price,F_now,gam,test,season,春(3-5),630,0.04538751146540449,0.05996380538457171,0.89005334664369,-0.017210961975041857,0.3313187813253559,
strict,price,F_now,gam,test,season,秋(9-11),100,0.048587737351297094,0.06780119664942005,0.8068588915855395,0.006749593481964886,0.437275310680029,
strict,price,F_now,gam,test,period,normal,1450,0.0541890897523951,0.07547321088005408,0.8696221800727364,-0.014354007607344777,0.3609541580164754,
strict,price,F_now,gam,test,period,extreme,300,0.08307420007576702,0.1192475372915139,0.8105872054081051,0.011576161050739105,0.4344898371767996,
strict,price,F_now,gam,test,overall,all,1750,0.05914082295068743,0.08460155556765647,0.8541455840614572,-0.00990883583738754,0.38179977810104404,
strict,price,F_now,lightgbm,test,crop,土豆,175,0.03730620530314911,0.04618263098495159,0.838509780237157,-0.00763816210664003,0.40070864541092105,
strict,price,F_now,lightgbm,test,crop,尖椒,175,0.0501928679879458,0.06990637060842027,0.8814243683743157,0.010055508698626918,0.343362864310955,
strict,price,F_now,lightgbm,test,crop,甘蓝,175,0.05511247551555219,0.08697938967556366,0.8813226354406526,-0.010905583478278252,0.34351012822104215,
strict,price,F_now,lightgbm,test,crop,芸豆,175,0.039908480214529356,0.05438340495170582,0.8381242848669456,0.01517419465074986,0.40118662869863925,
strict,price,F_now,lightgbm,test,crop,芹菜,175,0.04604038901870305,0.06526788007692809,0.8218717934681272,-0.002993020465591041,0.42084478262891223,
strict,price,F_now,lightgbm,test,crop,茄子,175,0.06848074859780742,0.10886629221066492,0.7457605357855306,0.01425896571308987,0.5027789447422207,
strict,price,F_now,lightgbm,test,crop,西红柿,175,0.058024638119388065,0.0770052471053251,0.8936122681371415,0.007994432454877277,0.3252380696758904,
strict,price,F_now,lightgbm,test,crop,青椒,175,0.044751015921358064,0.060529253880535296,0.8006687734638875,0.005234550284926165,0.44518781537223834,
strict,price,F_now,lightgbm,test,crop,韭菜,175,0.05326766063455136,0.07681769242771745,0.8494061253500981,0.018682076168660276,0.38695392261008416,
strict,price,F_now,lightgbm,test,crop,黄瓜,175,0.06534162940963571,0.09731306598234617,0.8909464515829753,0.011391542491508585,0.3292876937925454,
strict,price,F_now,lightgbm,test,season,冬(12-2),370,0.06126561866845373,0.08686890583181225,0.8372017812453066,-0.02968541378383623,0.40293699702170543,
strict,price,F_now,lightgbm,test,season,夏(6-8),650,0.061689388301266995,0.09160912721704198,0.8331232346005091,0.020639266309751055,0.40819117079410344,
strict,price,F_now,lightgbm,test,season,春(3-5),630,0.036423498600719056,0.04999631495732831,0.9235672240183229,0.009494962069039829,0.27624527890090633,
strict,price,F_now,lightgbm,test,season,秋(9-11),100,0.050113839548540824,0.06606702872070096,0.816612575062595,0.023057921672738155,0.4260910122122162,
strict,price,F_now,lightgbm,test,period,normal,1450,0.04770357286720587,0.06974816816289514,0.8886516788515965,0.001558277103442108,0.333573873681354,
strict,price,F_now,lightgbm,test,period,extreme,300,0.07184796239670001,0.10334941418247207,0.8577256819097241,0.02820012157365543,0.376563501103477,
strict,price,F_now,lightgbm,test,overall,all,1750,0.05184261107226201,0.07656295455775806,0.88054612170443,0.006125450441192963,0.3455222408710385,
strict,volume,F_wx,baseline_mean,test,crop,土豆,175,0.04010265111249816,0.05523884980340852,-0.0023501144690591946,0.002674726700245652,0.9983097713281364,
strict,volume,F_wx,baseline_mean,test,crop,尖椒,175,0.028307509294465558,0.03332483062430827,-0.02825094215900603,0.005523760761680017,1.0111257204173605,
strict,volume,F_wx,baseline_mean,test,crop,甘蓝,175,0.05017615632962638,0.06263969025659116,-0.3985294361995544,-0.033438285231510635,1.179210684916513,
strict,volume,F_wx,baseline_mean,test,crop,芸豆,175,0.045261727559992734,0.05334598076517141,-0.09287794224822465,-0.01555149575518351,1.0424168673977687,
strict,volume,F_wx,baseline_mean,test,crop,芹菜,175,0.029905462626716752,0.036337726249466545,-0.017329906465348488,-0.00474269233585408,1.005741812153655,
strict,volume,F_wx,baseline_mean,test,crop,茄子,175,0.08165329879564012,0.09400003508743916,-1.760169872912996,0.07506498492896335,1.656622308686928,
strict,volume,F_wx,baseline_mean,test,crop,西红柿,175,0.05823045649441096,0.07016474333248394,-1.2231505440511343,0.052044454512401785,1.4867571512041087,
strict,volume,F_wx,baseline_mean,test,crop,青椒,175,0.04197178836837386,0.05169257725412322,-0.007240696740628438,-0.004382800800739999,1.0007422423463477,
strict,volume,F_wx,baseline_mean,test,crop,韭菜,175,0.04532680672996298,0.053842496768848856,-0.029836512445405416,0.009164632968228947,1.0119050016549425,
strict,volume,F_wx,baseline_mean,test,crop,黄瓜,175,0.044898499028559635,0.058613748198164325,-1.2341669731825204,0.04356408940826217,1.4904362800080837,
strict,volume,F_wx,baseline_mean,test,season,冬(12-2),370,0.05112920802624701,0.06323109943777801,0.6054000811884801,0.01942733217447493,0.6273224310866476,
strict,volume,F_wx,baseline_mean,test,season,夏(6-8),650,0.05396398958416863,0.06750056629467005,0.24327485835971274,0.005965092351278766,0.8692300898580806,
strict,volume,F_wx,baseline_mean,test,season,春(3-5),630,0.038521916697763406,0.04917830344139718,0.63718759651893,0.01772767253296475,0.6018608732731608,
strict,volume,F_wx,baseline_mean,test,season,秋(9-11),100,0.03257804640531304,0.04043414394150629,0.7641486833073299,0.00502384023731683,0.4832109306770112,
strict,volume,F_wx,baseline_mean,test,period,normal,1450,0.0444612850762418,0.055809316485382024,0.591127359995576,0.014121783709492132,0.6392109658582105,
strict,volume,F_wx,baseline_mean,test,period,extreme,300,0.056840496663308794,0.07329848958290194,-0.02870926944547203,0.00753218091207601,1.012561227061021,
strict,volume,F_wx,baseline_mean,test,overall,all,1750,0.046583435634024714,0.059175701055949645,0.5145422338162073,0.012992137515649368,0.696548894009583,
strict,volume,F_wx,baseline_seasonal_naive,test,crop,土豆,175,0.07624739978080956,0.10812114878565199,-2.8401792190342703,-0.013541293815071624,1.9540305365532664,
strict,volume,F_wx,baseline_seasonal_naive,test,crop,尖椒,175,0.04754780161478346,0.06693313664975967,-3.148065158561307,-0.013084711427662217,2.0308525128831523,
strict,volume,F_wx,baseline_seasonal_naive,test,crop,甘蓝,175,0.0745687536359039,0.09220624093286775,-2.0303517528701773,-0.045935683839537986,1.7358097410544424,
strict,volume,F_wx,baseline_seasonal_naive,test,crop,芸豆,175,0.0561219348701317,0.07607090380516858,-1.2223139113247221,-0.041215660417802634,1.4864773710650898,
strict,volume,F_wx,baseline_seasonal_naive,test,crop,芹菜,175,0.04454633177472309,0.06725221142093918,-2.484652321336364,-0.01891005400502447,1.8613812136038386,
strict,volume,F_wx,baseline_seasonal_naive,test,crop,茄子,175,0.09249870338641145,0.10769347886940918,-2.6229187355544674,0.051414319890386355,1.8979505638398149,
strict,volume,F_wx,baseline_seasonal_naive,test,crop,西红柿,175,0.05364127413470525,0.06576536277464028,-0.9531042771625378,0.03282459204497895,1.3935363939607166,
strict,volume,F_wx,baseline_seasonal_naive,test,crop,青椒,175,0.07124131616670756,0.09175846138637112,-2.1737238766448805,-0.005226302204715912,1.7763975657592759,
strict,volume,F_wx,baseline_seasonal_naive,test,crop,韭菜,175,0.07010660147771555,0.0903744382551535,-1.9014101490759603,-0.000459951723154529,1.6984789261306166,
strict,volume,F_wx,baseline_seasonal_naive,test,crop,黄瓜,175,0.06672800135415374,0.0892929132798244,-4.185022245720161,0.03050255741199102,2.2705491730357195,
strict,volume,F_wx,baseline_seasonal_naive,test,season,冬(12-2),370,0.09030763267701199,0.1199588757512666,-0.4202352872569364,-0.07267957128412116,1.1901247050236348,
strict,volume,F_wx,baseline_seasonal_naive,test,season,夏(6-8),650,0.06409932341796507,0.08148245412661753,-0.10268516605926137,0.013002332777082933,1.0492800995645764,
strict,volume,F_wx,baseline_seasonal_naive,test,season,春(3-5),630,0.0528190064617682,0.06907030742106454,0.2843217494477922,0.017647454561555344,0.8453060116485088,
strict,volume,F_wx,baseline_seasonal_naive,test,season,秋(9-11),100,0.0596406230122223,0.0748941400652581,0.19083427832432576,0.03186395781258768,0.8950274098925225,
strict,volume,F_wx,baseline_seasonal_naive,test,period,normal,1450,0.06559986541399296,0.08753352961770873,-0.005827545476271734,-0.00945654742772944,1.002563649504099,
strict,volume,F_wx,baseline_seasonal_naive,test,period,extreme,300,0.06399538611339378,0.08359304396137802,-0.3379592366564894,0.03192120285075133,1.1547724332240967,
strict,volume,F_wx,baseline_seasonal_naive,test,overall,all,1750,0.06532481181960453,0.08687071303380636,-0.04619201779415749,-0.0023632188085613037,1.02254300339105,
strict,volume,F_wx,baseline_persistence,test,crop,土豆,175,0.012043858063706305,0.02192762074200352,0.842052334094878,-0.00036701924302281065,0.39628917196188385,
strict,volume,F_wx,baseline_persistence,test,crop,尖椒,175,0.017819123294400063,0.03202460219330031,0.05042187381299945,0.0001328903654485052,0.9716748249625139,
strict,volume,F_wx,baseline_persistence,test,crop,甘蓝,175,0.01729067102053399,0.02809873650500452,0.7185858101506069,0.00047708725674827423,0.528967020488555,
strict,volume,F_wx,baseline_persistence,test,crop,芸豆,175,0.017649014765952625,0.030494686030751776,0.642878016470589,5.8910162002945296e-05,0.5958869745855094,
strict,volume,F_wx,baseline_persistence,test,crop,芹菜,175,0.017711155853366124,0.028939547053518092,0.3547473854686539,-0.0002839826839826839,0.8009778128849913,
strict,volume,F_wx,baseline_persistence,test,crop,茄子,175,0.021244717272186898,0.03427552559055107,0.6330152428328842,0.00018765693141271252,0.6040593525572426,
strict,volume,F_wx,baseline_persistence,test,crop,西红柿,175,0.023485194968562897,0.03776420938614332,0.3559912252405756,-0.0002291021671826624,0.8002054265111817,
strict,volume,F_wx,baseline_persistence,test,crop,青椒,175,0.022511454648234733,0.03833240931331926,0.4461283610632344,-0.00039682539682539666,0.7420961245976435,
strict,volume,F_wx,baseline_persistence,test,crop,韭菜,175,0.02005481306509396,0.03277969456490198,0.6182951226320792,-3.911750899701717e-06,0.6160549542371233,
strict,volume,F_wx,baseline_persistence,test,crop,黄瓜,175,0.01834290283894646,0.031903414834071185,0.3381021340268009,0.0001703081232492996,0.8112432387720421,
strict,volume,F_wx,baseline_persistence,test,season,冬(12-2),370,0.021379688788217378,0.03458959263588269,0.8819172606049456,-0.001459167841116803,0.3431670101512511,
strict,volume,F_wx,baseline_persistence,test,season,夏(6-8),650,0.019244195977378316,0.032232390687419815,0.8274526206644586,0.0001704293761742473,0.41506857485103765,
strict,volume,F_wx,baseline_persistence,test,season,春(3-5),630,0.01801577391519728,0.03124986671403871,0.8535021065219075,0.0005079462556985268,0.3824465415443553,
strict,volume,F_wx,baseline_persistence,test,season,秋(9-11),100,0.011576087099115872,0.0237356624700862,0.9187273324354275,0.0006465889507586886,0.2836546154902592,
strict,volume,F_wx,baseline_persistence,test,period,normal,1450,0.019493063121269798,0.032673584682992335,0.859858031993334,-0.0005351070910787776,0.3742262930013844,
strict,volume,F_wx,baseline_persistence,test,period,extreme,300,0.01553938995860334,0.02837757759011607,0.8458110532643418,0.0024381910384340395,0.39201400941786846,
strict,volume,F_wx,baseline_persistence,test,overall,all,1750,0.01881529057909841,0.03197814092888266,0.858234336777375,-2.5398840305151843e-05,0.3764102207329285,
strict,volume,F_wx,elasticnet,test,crop,土豆,175,0.13560150020926448,0.15816385084948695,-7.217593437017468,-0.13119412331926555,2.858432395603316,
strict,volume,F_wx,elasticnet,test,crop,尖椒,175,0.03894875244777044,0.04821129233618369,-1.152091642683311,-0.011729460088854417,1.4628034646368908,
strict,volume,F_wx,elasticnet,test,crop,甘蓝,175,0.06468461968496587,0.08514105347941717,-1.583749751358046,-0.05012506632382897,1.6028054988252853,
strict,volume,F_wx,elasticnet,test,crop,芸豆,175,0.04798965659995393,0.06423694799856605,-0.5846671312129017,-0.033007793380368675,1.2552337991239375,
strict,volume,F_wx,elasticnet,test,crop,芹菜,175,0.03551148634254237,0.050495644868434296,-0.9645096192284581,-0.021870195187118052,1.397599316676895,
strict,volume,F_wx,elasticnet,test,crop,茄子,175,0.07822400751026544,0.0909551744227687,-1.5842504580146293,0.027499963571668888,1.6029607956965948,
strict,volume,F_wx,elasticnet,test,crop,西红柿,175,0.05637828059785793,0.06625924028878824,-0.9825488402776692,0.034818856391917584,1.4040014208546217,
strict,volume,F_wx,elasticnet,test,crop,青椒,175,0.04768555453323794,0.06073350073274024,-0.39038003756188755,-0.021802498902881395,1.1757699642259192,
strict,volume,F_wx,elasticnet,test,crop,韭菜,175,0.04186033815510929,0.051264547239769184,0.06641867343304186,-0.008131366876918657,0.9634555392593022,
strict,volume,F_wx,elasticnet,test,crop,黄瓜,175,0.05181952095531349,0.06685292126062577,-1.906413603376543,0.020029609494672394,1.6999428006974127,
strict,volume,F_wx,elasticnet,test,season,冬(12-2),370,0.09203049184955009,0.11985849367055479,-0.41785936430229764,-0.08386097896554982,1.1891288037745724,
strict,volume,F_wx,elasticnet,test,season,夏(6-8),650,0.05537091460983455,0.07086036204139538,0.1660691034424493,0.0043733949246391535,0.9124954388639223,
strict,volume,F_wx,elasticnet,test,season,春(3-5),630,0.04756705585027313,0.06201848691724626,0.4229979261546921,-0.012658590938819525,0.7590034239301011,
strict,volume,F_wx,elasticnet,test,season,秋(9-11),100,0.04763528814951151,0.05680112904436442,0.5345685390384673,0.019461547490233405,0.678805676428768,
strict,volume,F_wx,elasticnet,test,period,normal,1450,0.06112620320952977,0.08208883551730894,0.11540835499356628,-0.027835960804970694,0.9402029471358727,
strict,volume,F_wx,elasticnet,test,period,extreme,300,0.0538005194251034,0.07197407977325493,0.008129796382304488,0.020491767028455215,0.9942655428031469,
strict,volume,F_wx,elasticnet,test,overall,all,1750,0.05987037170362812,0.0804452501547814,0.10284921237470157,-0.019551207462097684,0.9469097792463491,
strict,volume,F_wx,gam,test,crop,土豆,175,0.09514158281783221,0.12596382272789994,-4.2122093911206715,-0.04477598890726168,2.2764940890450656,
strict,volume,F_wx,gam,test,crop,尖椒,175,0.07508595991887462,0.09561610110878216,-7.4649671290145925,-0.041819076155719746,2.901136999225884,
strict,volume,F_wx,gam,test,crop,甘蓝,175,0.10464744359775355,0.1331886922305925,-5.322766127583311,-0.08077313684618358,2.5073165008482055,
strict,volume,F_wx,gam,test,crop,芸豆,175,0.08548555013246002,0.10551039179839779,-3.2752225186206045,-0.06289719551803906,2.0617450559312753,
strict,volume,F_wx,gam,test,crop,芹菜,175,0.07852482255457147,0.09962661169871208,-6.647104665731437,-0.05208375696183797,2.7574275919386166,
strict,volume,F_wx,gam,test,crop,茄子,175,0.10497407468759913,0.12686849573556894,-4.027908445327708,0.02771585783180983,2.2358840622728713,
strict,volume,F_wx,gam,test,crop,西红柿,175,0.07179547034325176,0.09083996669140171,-2.7263609792421217,0.004702007002567313,1.9248551862236718,
strict,volume,F_wx,gam,test,crop,青椒,175,0.0810114178372233,0.1047367406700853,-3.1349951407735697,-0.05172798460701981,2.027650511580338,
strict,volume,F_wx,gam,test,crop,韭菜,175,0.07863112744768469,0.09627447921144842,-2.2926097526360594,-0.03817880701971607,1.809363103349865,
strict,volume,F_wx,gam,test,crop,黄瓜,175,0.07498203692878695,0.0986533328057209,-5.329073834740672,-0.0037832158555567473,2.508566861485289,
strict,volume,F_wx,gam,test,season,冬(12-2),370,0.15001178220882266,0.16169059251183,-1.5802692699032215,-0.15001178220882266,1.6041494846720967,
strict,volume,F_wx,gam,test,season,夏(6-8),650,0.07917077747573385,0.10649929350902455,-0.883721888278383,-0.009948837476679984,1.371431316035954,
strict,volume,F_wx,gam,test,season,春(3-5),630,0.05760301480084492,0.0711512748216835,0.24054785550088142,-0.0042303746450090465,0.8707736014054832,
strict,volume,F_wx,gam,test,season,秋(9-11),100,0.05543645995532918,0.06609924936339315,0.36971807221416564,0.04502512821994501,0.7899234826918211,
strict,volume,F_wx,gam,test,period,normal,1450,0.08220982251140449,0.10298776953127235,-0.3923420779223479,-0.04392170862088947,1.179568498225745,
strict,volume,F_wx,gam,test,period,extreme,300,0.0986488915167337,0.13282168373976355,-2.377851593875348,0.01184250172940721,1.834827536462877,
strict,volume,F_wx,gam,test,overall,all,1750,0.08502794862660377,0.10868533053158057,-0.6375949510854395,-0.034362129703695746,1.2793198124558072,
strict,volume,F_wx,lightgbm,test,crop,土豆,175,0.10200712505454973,0.13132195013805062,-4.665064215114624,-0.08914397903831138,2.3733293955116475,
strict,volume,F_wx,lightgbm,test,crop,尖椒,175,0.04091580813914156,0.05334071330490548,-1.6343947528624767,-0.02837059944127585,1.6184378482229107,
strict,volume,F_wx,lightgbm,test,crop,甘蓝,175,0.05839833277160466,0.07478491112843094,-0.9934271664214704,-0.03717913818388428,1.4078480578677228,
strict,volume,F_wx,lightgbm,test,crop,芸豆,175,0.07208202859466294,0.08910345688884526,-2.048999543493948,-0.0693202948984931,1.741142351721908,
strict,volume,F_wx,lightgbm,test,crop,芹菜,175,0.03800324289918622,0.050586114118444526,-0.9715552534823331,-0.02336247323408608,1.400103290283411,
strict,volume,F_wx,lightgbm,test,crop,茄子,175,0.08100612258424765,0.0921689677552598,-1.6536841295599443,0.05260908237625313,1.6243522463579672,
strict,volume,F_wx,lightgbm,test,crop,西红柿,175,0.04134961202504229,0.0532379024360508,-0.2798906396254375,-0.017081288426569,1.1280855370172858,
strict,volume,F_wx,lightgbm,test,crop,青椒,175,0.07306454769745493,0.0873309562368657,-1.8748376563568177,-0.026377445413789308,1.690683297547535,
strict,volume,F_wx,lightgbm,test,crop,韭菜,175,0.0568956952075998,0.06868245812834799,-0.675751297374108,-0.02979105794245709,1.2908042359997227,
strict,volume,F_wx,lightgbm,test,crop,黄瓜,175,0.04944976733008041,0.06538184724644648,-1.7799117692903499,0.023291136489146873,1.6625361828183227,
strict,volume,F_wx,lightgbm,test,season,冬(12-2),370,0.08956693106690268,0.11507723164623951,-0.30699623522305,-0.08138362324291117,1.141693397092972,
strict,volume,F_wx,lightgbm,test,season,夏(6-8),650,0.05886981289205955,0.07338756877912944,0.10552474333895134,-0.016311345980996195,0.9450392271655025,
strict,volume,F_wx,lightgbm,test,season,春(3-5),630,0.049761042724050436,0.06337108647593039,0.39755507908917254,-0.003841036679715271,0.7755569992796169,
strict,volume,F_wx,lightgbm,test,season,秋(9-11),100,0.045505496123803085,0.05405411544582507,0.578498301300781,0.0030710849588871537,0.6459773074282307,
strict,volume,F_wx,lightgbm,test,period,normal,1450,0.06208474532607283,0.08123648197137812,0.1336829569609692,-0.02975933022398985,0.9304405316888062,
strict,volume,F_wx,lightgbm,test,period,extreme,300,0.05760756226773057,0.0742444199318011,-0.055431955225495155,0.0010798957497623954,1.0256285139893864,
strict,volume,F_wx,lightgbm,test,overall,all,1750,0.06131722823035701,0.08008121189241992,0.11095057918668128,-0.02447260577134661,0.9426247358163554,
strict,volume,F_lag,baseline_mean,test,crop,土豆,175,0.04010265111249816,0.05523884980340852,-0.0023501144690591946,0.002674726700245652,0.9983097713281364,
strict,volume,F_lag,baseline_mean,test,crop,尖椒,175,0.028307509294465558,0.03332483062430827,-0.02825094215900603,0.005523760761680017,1.0111257204173605,
strict,volume,F_lag,baseline_mean,test,crop,甘蓝,175,0.05017615632962638,0.06263969025659116,-0.3985294361995544,-0.033438285231510635,1.179210684916513,
strict,volume,F_lag,baseline_mean,test,crop,芸豆,175,0.045261727559992734,0.05334598076517141,-0.09287794224822465,-0.01555149575518351,1.0424168673977687,
strict,volume,F_lag,baseline_mean,test,crop,芹菜,175,0.029905462626716752,0.036337726249466545,-0.017329906465348488,-0.00474269233585408,1.005741812153655,
strict,volume,F_lag,baseline_mean,test,crop,茄子,175,0.08165329879564012,0.09400003508743916,-1.760169872912996,0.07506498492896335,1.656622308686928,
strict,volume,F_lag,baseline_mean,test,crop,西红柿,175,0.05823045649441096,0.07016474333248394,-1.2231505440511343,0.052044454512401785,1.4867571512041087,
strict,volume,F_lag,baseline_mean,test,crop,青椒,175,0.04197178836837386,0.05169257725412322,-0.007240696740628438,-0.004382800800739999,1.0007422423463477,
strict,volume,F_lag,baseline_mean,test,crop,韭菜,175,0.04532680672996298,0.053842496768848856,-0.029836512445405416,0.009164632968228947,1.0119050016549425,
strict,volume,F_lag,baseline_mean,test,crop,黄瓜,175,0.044898499028559635,0.058613748198164325,-1.2341669731825204,0.04356408940826217,1.4904362800080837,
strict,volume,F_lag,baseline_mean,test,season,冬(12-2),370,0.05112920802624701,0.06323109943777801,0.6054000811884801,0.01942733217447493,0.6273224310866476,
strict,volume,F_lag,baseline_mean,test,season,夏(6-8),650,0.05396398958416863,0.06750056629467005,0.24327485835971274,0.005965092351278766,0.8692300898580806,
strict,volume,F_lag,baseline_mean,test,season,春(3-5),630,0.038521916697763406,0.04917830344139718,0.63718759651893,0.01772767253296475,0.6018608732731608,
strict,volume,F_lag,baseline_mean,test,season,秋(9-11),100,0.03257804640531304,0.04043414394150629,0.7641486833073299,0.00502384023731683,0.4832109306770112,
strict,volume,F_lag,baseline_mean,test,period,normal,1450,0.0444612850762418,0.055809316485382024,0.591127359995576,0.014121783709492132,0.6392109658582105,
strict,volume,F_lag,baseline_mean,test,period,extreme,300,0.056840496663308794,0.07329848958290194,-0.02870926944547203,0.00753218091207601,1.012561227061021,
strict,volume,F_lag,baseline_mean,test,overall,all,1750,0.046583435634024714,0.059175701055949645,0.5145422338162073,0.012992137515649368,0.696548894009583,
strict,volume,F_lag,baseline_seasonal_naive,test,crop,土豆,175,0.07624739978080956,0.10812114878565199,-2.8401792190342703,-0.013541293815071624,1.9540305365532664,
strict,volume,F_lag,baseline_seasonal_naive,test,crop,尖椒,175,0.04754780161478346,0.06693313664975967,-3.148065158561307,-0.013084711427662217,2.0308525128831523,
strict,volume,F_lag,baseline_seasonal_naive,test,crop,甘蓝,175,0.0745687536359039,0.09220624093286775,-2.0303517528701773,-0.045935683839537986,1.7358097410544424,
strict,volume,F_lag,baseline_seasonal_naive,test,crop,芸豆,175,0.0561219348701317,0.07607090380516858,-1.2223139113247221,-0.041215660417802634,1.4864773710650898,
strict,volume,F_lag,baseline_seasonal_naive,test,crop,芹菜,175,0.04454633177472309,0.06725221142093918,-2.484652321336364,-0.01891005400502447,1.8613812136038386,
strict,volume,F_lag,baseline_seasonal_naive,test,crop,茄子,175,0.09249870338641145,0.10769347886940918,-2.6229187355544674,0.051414319890386355,1.8979505638398149,
strict,volume,F_lag,baseline_seasonal_naive,test,crop,西红柿,175,0.05364127413470525,0.06576536277464028,-0.9531042771625378,0.03282459204497895,1.3935363939607166,
strict,volume,F_lag,baseline_seasonal_naive,test,crop,青椒,175,0.07124131616670756,0.09175846138637112,-2.1737238766448805,-0.005226302204715912,1.7763975657592759,
strict,volume,F_lag,baseline_seasonal_naive,test,crop,韭菜,175,0.07010660147771555,0.0903744382551535,-1.9014101490759603,-0.000459951723154529,1.6984789261306166,
strict,volume,F_lag,baseline_seasonal_naive,test,crop,黄瓜,175,0.06672800135415374,0.0892929132798244,-4.185022245720161,0.03050255741199102,2.2705491730357195,
strict,volume,F_lag,baseline_seasonal_naive,test,season,冬(12-2),370,0.09030763267701199,0.1199588757512666,-0.4202352872569364,-0.07267957128412116,1.1901247050236348,
strict,volume,F_lag,baseline_seasonal_naive,test,season,夏(6-8),650,0.06409932341796507,0.08148245412661753,-0.10268516605926137,0.013002332777082933,1.0492800995645764,
strict,volume,F_lag,baseline_seasonal_naive,test,season,春(3-5),630,0.0528190064617682,0.06907030742106454,0.2843217494477922,0.017647454561555344,0.8453060116485088,
strict,volume,F_lag,baseline_seasonal_naive,test,season,秋(9-11),100,0.0596406230122223,0.0748941400652581,0.19083427832432576,0.03186395781258768,0.8950274098925225,
strict,volume,F_lag,baseline_seasonal_naive,test,period,normal,1450,0.06559986541399296,0.08753352961770873,-0.005827545476271734,-0.00945654742772944,1.002563649504099,
strict,volume,F_lag,baseline_seasonal_naive,test,period,extreme,300,0.06399538611339378,0.08359304396137802,-0.3379592366564894,0.03192120285075133,1.1547724332240967,
strict,volume,F_lag,baseline_seasonal_naive,test,overall,all,1750,0.06532481181960453,0.08687071303380636,-0.04619201779415749,-0.0023632188085613037,1.02254300339105,
strict,volume,F_lag,baseline_persistence,test,crop,土豆,175,0.012043858063706305,0.02192762074200352,0.842052334094878,-0.00036701924302281065,0.39628917196188385,
strict,volume,F_lag,baseline_persistence,test,crop,尖椒,175,0.017819123294400063,0.03202460219330031,0.05042187381299945,0.0001328903654485052,0.9716748249625139,
strict,volume,F_lag,baseline_persistence,test,crop,甘蓝,175,0.01729067102053399,0.02809873650500452,0.7185858101506069,0.00047708725674827423,0.528967020488555,
strict,volume,F_lag,baseline_persistence,test,crop,芸豆,175,0.017649014765952625,0.030494686030751776,0.642878016470589,5.8910162002945296e-05,0.5958869745855094,
strict,volume,F_lag,baseline_persistence,test,crop,芹菜,175,0.017711155853366124,0.028939547053518092,0.3547473854686539,-0.0002839826839826839,0.8009778128849913,
strict,volume,F_lag,baseline_persistence,test,crop,茄子,175,0.021244717272186898,0.03427552559055107,0.6330152428328842,0.00018765693141271252,0.6040593525572426,
strict,volume,F_lag,baseline_persistence,test,crop,西红柿,175,0.023485194968562897,0.03776420938614332,0.3559912252405756,-0.0002291021671826624,0.8002054265111817,
strict,volume,F_lag,baseline_persistence,test,crop,青椒,175,0.022511454648234733,0.03833240931331926,0.4461283610632344,-0.00039682539682539666,0.7420961245976435,
strict,volume,F_lag,baseline_persistence,test,crop,韭菜,175,0.02005481306509396,0.03277969456490198,0.6182951226320792,-3.911750899701717e-06,0.6160549542371233,
strict,volume,F_lag,baseline_persistence,test,crop,黄瓜,175,0.01834290283894646,0.031903414834071185,0.3381021340268009,0.0001703081232492996,0.8112432387720421,
strict,volume,F_lag,baseline_persistence,test,season,冬(12-2),370,0.021379688788217378,0.03458959263588269,0.8819172606049456,-0.001459167841116803,0.3431670101512511,
strict,volume,F_lag,baseline_persistence,test,season,夏(6-8),650,0.019244195977378316,0.032232390687419815,0.8274526206644586,0.0001704293761742473,0.41506857485103765,
strict,volume,F_lag,baseline_persistence,test,season,春(3-5),630,0.01801577391519728,0.03124986671403871,0.8535021065219075,0.0005079462556985268,0.3824465415443553,
strict,volume,F_lag,baseline_persistence,test,season,秋(9-11),100,0.011576087099115872,0.0237356624700862,0.9187273324354275,0.0006465889507586886,0.2836546154902592,
strict,volume,F_lag,baseline_persistence,test,period,normal,1450,0.019493063121269798,0.032673584682992335,0.859858031993334,-0.0005351070910787776,0.3742262930013844,
strict,volume,F_lag,baseline_persistence,test,period,extreme,300,0.01553938995860334,0.02837757759011607,0.8458110532643418,0.0024381910384340395,0.39201400941786846,
strict,volume,F_lag,baseline_persistence,test,overall,all,1750,0.01881529057909841,0.03197814092888266,0.858234336777375,-2.5398840305151843e-05,0.3764102207329285,
strict,volume,F_lag,elasticnet,test,crop,土豆,175,0.017747152714987936,0.02520080663965884,0.7913784948015958,-0.010061769037634487,0.45544415937802535,
strict,volume,F_lag,elasticnet,test,crop,尖椒,175,0.020375489261810723,0.030349564823521254,0.14715884240186639,0.003964886497798552,0.9208516599076725,
strict,volume,F_lag,elasticnet,test,crop,甘蓝,175,0.01953696445627584,0.02737902421430479,0.7328172961906545,0.0013820371489974936,0.5154182238744218,
strict,volume,F_lag,elasticnet,test,crop,芸豆,175,0.019439500800789426,0.029302927593487123,0.6702458450228699,-0.004143424710126823,0.5725992014665389,
strict,volume,F_lag,elasticnet,test,crop,芹菜,175,0.021246608990255093,0.02851814048547408,0.373402407121868,0.007555717294184127,0.7893142816423269,
strict,volume,F_lag,elasticnet,test,crop,茄子,175,0.024126595055381738,0.03373694270049566,0.6444577414527464,0.0007889757987703724,0.594567564283835,
strict,volume,F_lag,elasticnet,test,crop,西红柿,175,0.02758528686969891,0.037077782239196534,0.379190306047515,0.010085924229950591,0.7856603655441976,
strict,volume,F_lag,elasticnet,test,crop,青椒,175,0.024810366790628445,0.03672387148253813,0.4916371432126242,-0.005086658601719278,0.710955642904086,
strict,volume,F_lag,elasticnet,test,crop,韭菜,175,0.02119787596123837,0.031226795868898278,0.6536040922580484,0.0030943839211074165,0.5868700900155458,
strict,volume,F_lag,elasticnet,test,crop,黄瓜,175,0.01981184142871358,0.030395096000244818,0.39920864093779884,0.0012881664388822312,0.7728895558757705,
strict,volume,F_lag,elasticnet,test,season,冬(12-2),370,0.024777228356412058,0.03462662633759391,0.8816642722558428,-0.006594492150075637,0.3435344254262691,
strict,volume,F_lag,elasticnet,test,season,夏(6-8),650,0.02188574517622608,0.03137751460323775,0.8364839410080066,0.004004323395422279,0.40406001512685386,
strict,volume,F_lag,elasticnet,test,season,春(3-5),630,0.02053422664062009,0.030023628128087915,0.8647736313226269,0.00173323452324607,0.36743941493493393,
strict,volume,F_lag,elasticnet,test,season,秋(9-11),100,0.014487227677014401,0.022960905197910917,0.9239463940107698,0.00297155960395265,0.27439582709898813,
strict,volume,F_lag,elasticnet,test,period,normal,1450,0.0221074469679813,0.03175918158880239,0.8675922980453692,-0.0003388921563448189,0.36375319421018193,
strict,volume,F_lag,elasticnet,test,period,extreme,300,0.019075987680462092,0.02838223314512219,0.8457604574019072,0.00681111816078924,0.3920783222641013,
strict,volume,F_lag,elasticnet,test,overall,all,1750,0.021587768232978005,0.031206240122472605,0.8649957247990908,0.0008868238980210197,0.36732428438750736,
strict,volume,F_lag,gam,test,crop,土豆,175,0.030732109943061293,0.0394997233750534,0.4874711712478397,0.017958442484209518,0.713862796752893,
strict,volume,F_lag,gam,test,crop,尖椒,175,0.0317729763723535,0.04116999157364539,-0.5693679200486486,-0.0004027037375637153,1.249159758943049,
strict,volume,F_lag,gam,test,crop,甘蓝,175,0.032596194952082894,0.04398528081367733,0.3104160469743299,-0.014605050109075535,0.8280359130461038,
strict,volume,F_lag,gam,test,crop,芸豆,175,0.02973178872476734,0.03914612513006631,0.41150088713284194,0.003337996580027976,0.7649419983198931,
strict,volume,F_lag,gam,test,crop,芹菜,175,0.028282979463906868,0.0374358575437257,-0.07974670128808459,-0.0037472359857428123,1.036135473834318,
strict,volume,F_lag,gam,test,crop,茄子,175,0.03839225066692859,0.04726292744276518,0.30221598535226146,0.015848353766531875,0.8329445824430219,
strict,volume,F_lag,gam,test,crop,西红柿,175,0.03663388971944597,0.04661958303441023,0.018550946292839265,0.008128220206527492,0.9878465333240092,
strict,volume,F_lag,gam,test,crop,青椒,175,0.038068699977998985,0.04876734468959733,0.10353133709592732,0.005871175972487576,0.9441112142276116,
strict,volume,F_lag,gam,test,crop,韭菜,175,0.0300863650302,0.03969983816420271,0.44011945469133984,-0.0010215782014118219,0.7461107343463814,
strict,volume,F_lag,gam,test,crop,黄瓜,175,0.03266021844141083,0.042360823237159353,-0.16693165797218756,0.009402855165556783,1.0771552706409089,
strict,volume,F_lag,gam,test,season,冬(12-2),370,0.034949982768332215,0.0436153590666925,0.8122523846883597,-0.027078868530398658,0.4327125943675681,
strict,volume,F_lag,gam,test,season,夏(6-8),650,0.03692054718116367,0.048898321039358934,0.6028896322853347,0.009265640715558085,0.6296820060057394,
strict,volume,F_lag,gam,test,season,春(3-5),630,0.028592120107965094,0.036435559852709395,0.8008474207341901,0.014380678245618167,0.4459108252337299,
strict,volume,F_lag,gam,test,season,秋(9-11),100,0.026246728660700356,0.03233590795316694,0.8491615991900018,0.02071520921166087,0.38643242203766776,
strict,volume,F_lag,gam,test,period,normal,1450,0.030074184086962684,0.038390565804045464,0.8065255285540998,0.0021976670136569626,0.4397056296841531,
strict,volume,F_lag,gam,test,period,extreme,300,0.04653330300010484,0.05949472451565964,0.3222656184640329,0.013160720516560635,0.8218730236057437,
strict,volume,F_lag,gam,test,overall,all,1750,0.03289574732921562,0.04275477056458245,0.7465841408851348,0.004077047614154734,0.5032604197157907,
strict,volume,F_lag,lightgbm,test,crop,土豆,175,0.03652268039865177,0.04654652565388529,0.2882872767873429,0.008130533147244818,0.8412168527589825,
strict,volume,F_lag,lightgbm,test,crop,尖椒,175,0.029961496851348073,0.04053473048925349,-0.5213102597557933,-0.011851466072196898,1.2298849776590794,
strict,volume,F_lag,lightgbm,test,crop,甘蓝,175,0.02840304163778365,0.03895060989535042,0.45924451486675166,-0.015095519530109165,0.7332567447965479,
strict,volume,F_lag,lightgbm,test,crop,芸豆,175,0.02880440684138711,0.040059100201438776,0.38373055936165057,-0.013273013667821082,0.7827821542278277,
strict,volume,F_lag,lightgbm,test,crop,芹菜,175,0.025821690075767043,0.03491908293872718,0.060553672391388536,-0.011727001681148935,0.9664771403811988,
strict,volume,F_lag,lightgbm,test,crop,茄子,175,0.035078978554572926,0.042862668283905496,0.42609740791242656,0.010296554996453476,0.7553960211069527,
strict,volume,F_lag,lightgbm,test,crop,西红柿,175,0.03065099877250824,0.0409460722279942,0.24289609318487215,-0.0003716386023130605,0.8676275691655864,
strict,volume,F_lag,lightgbm,test,crop,青椒,175,0.038290132475480854,0.05065185271402823,0.03290850366953946,-0.0019605377420337552,0.980594339779999,
strict,volume,F_lag,lightgbm,test,crop,韭菜,175,0.027575406207671103,0.036858312884213124,0.5173983427640316,-0.009420317931814842,0.6927076825619406,
strict,volume,F_lag,lightgbm,test,crop,黄瓜,175,0.02765412857253677,0.03828484176149674,0.04683002888442844,-0.0014652673552490152,0.9735108040316449,
strict,volume,F_lag,lightgbm,test,season,冬(12-2),370,0.050776446401740456,0.060225410306029105,0.6420230528469236,-0.044639702816652464,0.5975026710321055,
strict,volume,F_lag,lightgbm,test,season,夏(6-8),650,0.027733188068906386,0.03640280742531807,0.7799136605937687,0.005094495798709973,0.46877259416257905,
strict,volume,F_lag,lightgbm,test,season,春(3-5),630,0.02395152580290781,0.03322728604692248,0.8343754231561419,0.006570864190412382,0.40664687468384364,
strict,volume,F_lag,lightgbm,test,season,秋(9-11),100,0.021301993985837826,0.02925849508947733,0.8765060254123729,0.008865303062171485,0.3496555946095398,
strict,volume,F_lag,lightgbm,test,period,normal,1450,0.03150424641196706,0.04206285489918226,0.7677412229432852,-0.007971805125242207,0.4817661243692619,
strict,volume,F_lag,lightgbm,test,period,extreme,300,0.02784120256832199,0.037375636755863,0.7325270899088989,0.011266748015927416,0.5163151496171023,
strict,volume,F_lag,lightgbm,test,overall,all,1750,0.03087629603877075,0.041297131842039404,0.763569004902886,-0.004673767443898845,0.4861027583457474,
strict,volume,F_now,baseline_mean,test,crop,土豆,175,0.04010265111249816,0.05523884980340852,-0.0023501144690591946,0.002674726700245652,0.9983097713281364,
strict,volume,F_now,baseline_mean,test,crop,尖椒,175,0.028307509294465558,0.03332483062430827,-0.02825094215900603,0.005523760761680017,1.0111257204173605,
strict,volume,F_now,baseline_mean,test,crop,甘蓝,175,0.05017615632962638,0.06263969025659116,-0.3985294361995544,-0.033438285231510635,1.179210684916513,
strict,volume,F_now,baseline_mean,test,crop,芸豆,175,0.045261727559992734,0.05334598076517141,-0.09287794224822465,-0.01555149575518351,1.0424168673977687,
strict,volume,F_now,baseline_mean,test,crop,芹菜,175,0.029905462626716752,0.036337726249466545,-0.017329906465348488,-0.00474269233585408,1.005741812153655,
strict,volume,F_now,baseline_mean,test,crop,茄子,175,0.08165329879564012,0.09400003508743916,-1.760169872912996,0.07506498492896335,1.656622308686928,
strict,volume,F_now,baseline_mean,test,crop,西红柿,175,0.05823045649441096,0.07016474333248394,-1.2231505440511343,0.052044454512401785,1.4867571512041087,
strict,volume,F_now,baseline_mean,test,crop,青椒,175,0.04197178836837386,0.05169257725412322,-0.007240696740628438,-0.004382800800739999,1.0007422423463477,
strict,volume,F_now,baseline_mean,test,crop,韭菜,175,0.04532680672996298,0.053842496768848856,-0.029836512445405416,0.009164632968228947,1.0119050016549425,
strict,volume,F_now,baseline_mean,test,crop,黄瓜,175,0.044898499028559635,0.058613748198164325,-1.2341669731825204,0.04356408940826217,1.4904362800080837,
strict,volume,F_now,baseline_mean,test,season,冬(12-2),370,0.05112920802624701,0.06323109943777801,0.6054000811884801,0.01942733217447493,0.6273224310866476,
strict,volume,F_now,baseline_mean,test,season,夏(6-8),650,0.05396398958416863,0.06750056629467005,0.24327485835971274,0.005965092351278766,0.8692300898580806,
strict,volume,F_now,baseline_mean,test,season,春(3-5),630,0.038521916697763406,0.04917830344139718,0.63718759651893,0.01772767253296475,0.6018608732731608,
strict,volume,F_now,baseline_mean,test,season,秋(9-11),100,0.03257804640531304,0.04043414394150629,0.7641486833073299,0.00502384023731683,0.4832109306770112,
strict,volume,F_now,baseline_mean,test,period,normal,1450,0.0444612850762418,0.055809316485382024,0.591127359995576,0.014121783709492132,0.6392109658582105,
strict,volume,F_now,baseline_mean,test,period,extreme,300,0.056840496663308794,0.07329848958290194,-0.02870926944547203,0.00753218091207601,1.012561227061021,
strict,volume,F_now,baseline_mean,test,overall,all,1750,0.046583435634024714,0.059175701055949645,0.5145422338162073,0.012992137515649368,0.696548894009583,
strict,volume,F_now,baseline_seasonal_naive,test,crop,土豆,175,0.07624739978080956,0.10812114878565199,-2.8401792190342703,-0.013541293815071624,1.9540305365532664,
strict,volume,F_now,baseline_seasonal_naive,test,crop,尖椒,175,0.04754780161478346,0.06693313664975967,-3.148065158561307,-0.013084711427662217,2.0308525128831523,
strict,volume,F_now,baseline_seasonal_naive,test,crop,甘蓝,175,0.0745687536359039,0.09220624093286775,-2.0303517528701773,-0.045935683839537986,1.7358097410544424,
strict,volume,F_now,baseline_seasonal_naive,test,crop,芸豆,175,0.0561219348701317,0.07607090380516858,-1.2223139113247221,-0.041215660417802634,1.4864773710650898,
strict,volume,F_now,baseline_seasonal_naive,test,crop,芹菜,175,0.04454633177472309,0.06725221142093918,-2.484652321336364,-0.01891005400502447,1.8613812136038386,
strict,volume,F_now,baseline_seasonal_naive,test,crop,茄子,175,0.09249870338641145,0.10769347886940918,-2.6229187355544674,0.051414319890386355,1.8979505638398149,
strict,volume,F_now,baseline_seasonal_naive,test,crop,西红柿,175,0.05364127413470525,0.06576536277464028,-0.9531042771625378,0.03282459204497895,1.3935363939607166,
strict,volume,F_now,baseline_seasonal_naive,test,crop,青椒,175,0.07124131616670756,0.09175846138637112,-2.1737238766448805,-0.005226302204715912,1.7763975657592759,
strict,volume,F_now,baseline_seasonal_naive,test,crop,韭菜,175,0.07010660147771555,0.0903744382551535,-1.9014101490759603,-0.000459951723154529,1.6984789261306166,
strict,volume,F_now,baseline_seasonal_naive,test,crop,黄瓜,175,0.06672800135415374,0.0892929132798244,-4.185022245720161,0.03050255741199102,2.2705491730357195,
strict,volume,F_now,baseline_seasonal_naive,test,season,冬(12-2),370,0.09030763267701199,0.1199588757512666,-0.4202352872569364,-0.07267957128412116,1.1901247050236348,
strict,volume,F_now,baseline_seasonal_naive,test,season,夏(6-8),650,0.06409932341796507,0.08148245412661753,-0.10268516605926137,0.013002332777082933,1.0492800995645764,
strict,volume,F_now,baseline_seasonal_naive,test,season,春(3-5),630,0.0528190064617682,0.06907030742106454,0.2843217494477922,0.017647454561555344,0.8453060116485088,
strict,volume,F_now,baseline_seasonal_naive,test,season,秋(9-11),100,0.0596406230122223,0.0748941400652581,0.19083427832432576,0.03186395781258768,0.8950274098925225,
strict,volume,F_now,baseline_seasonal_naive,test,period,normal,1450,0.06559986541399296,0.08753352961770873,-0.005827545476271734,-0.00945654742772944,1.002563649504099,
strict,volume,F_now,baseline_seasonal_naive,test,period,extreme,300,0.06399538611339378,0.08359304396137802,-0.3379592366564894,0.03192120285075133,1.1547724332240967,
strict,volume,F_now,baseline_seasonal_naive,test,overall,all,1750,0.06532481181960453,0.08687071303380636,-0.04619201779415749,-0.0023632188085613037,1.02254300339105,
strict,volume,F_now,baseline_persistence,test,crop,土豆,175,0.012043858063706305,0.02192762074200352,0.842052334094878,-0.00036701924302281065,0.39628917196188385,
strict,volume,F_now,baseline_persistence,test,crop,尖椒,175,0.017819123294400063,0.03202460219330031,0.05042187381299945,0.0001328903654485052,0.9716748249625139,
strict,volume,F_now,baseline_persistence,test,crop,甘蓝,175,0.01729067102053399,0.02809873650500452,0.7185858101506069,0.00047708725674827423,0.528967020488555,
strict,volume,F_now,baseline_persistence,test,crop,芸豆,175,0.017649014765952625,0.030494686030751776,0.642878016470589,5.8910162002945296e-05,0.5958869745855094,
strict,volume,F_now,baseline_persistence,test,crop,芹菜,175,0.017711155853366124,0.028939547053518092,0.3547473854686539,-0.0002839826839826839,0.8009778128849913,
strict,volume,F_now,baseline_persistence,test,crop,茄子,175,0.021244717272186898,0.03427552559055107,0.6330152428328842,0.00018765693141271252,0.6040593525572426,
strict,volume,F_now,baseline_persistence,test,crop,西红柿,175,0.023485194968562897,0.03776420938614332,0.3559912252405756,-0.0002291021671826624,0.8002054265111817,
strict,volume,F_now,baseline_persistence,test,crop,青椒,175,0.022511454648234733,0.03833240931331926,0.4461283610632344,-0.00039682539682539666,0.7420961245976435,
strict,volume,F_now,baseline_persistence,test,crop,韭菜,175,0.02005481306509396,0.03277969456490198,0.6182951226320792,-3.911750899701717e-06,0.6160549542371233,
strict,volume,F_now,baseline_persistence,test,crop,黄瓜,175,0.01834290283894646,0.031903414834071185,0.3381021340268009,0.0001703081232492996,0.8112432387720421,
strict,volume,F_now,baseline_persistence,test,season,冬(12-2),370,0.021379688788217378,0.03458959263588269,0.8819172606049456,-0.001459167841116803,0.3431670101512511,
strict,volume,F_now,baseline_persistence,test,season,夏(6-8),650,0.019244195977378316,0.032232390687419815,0.8274526206644586,0.0001704293761742473,0.41506857485103765,
strict,volume,F_now,baseline_persistence,test,season,春(3-5),630,0.01801577391519728,0.03124986671403871,0.8535021065219075,0.0005079462556985268,0.3824465415443553,
strict,volume,F_now,baseline_persistence,test,season,秋(9-11),100,0.011576087099115872,0.0237356624700862,0.9187273324354275,0.0006465889507586886,0.2836546154902592,
strict,volume,F_now,baseline_persistence,test,period,normal,1450,0.019493063121269798,0.032673584682992335,0.859858031993334,-0.0005351070910787776,0.3742262930013844,
strict,volume,F_now,baseline_persistence,test,period,extreme,300,0.01553938995860334,0.02837757759011607,0.8458110532643418,0.0024381910384340395,0.39201400941786846,
strict,volume,F_now,baseline_persistence,test,overall,all,1750,0.01881529057909841,0.03197814092888266,0.858234336777375,-2.5398840305151843e-05,0.3764102207329285,
strict,volume,F_now,elasticnet,test,crop,土豆,175,0.01757193487163667,0.02520105081028767,0.7913744521142632,-0.00990460463924068,0.4554485721767259,
strict,volume,F_now,elasticnet,test,crop,尖椒,175,0.02060251545397893,0.030400642410665025,0.1442858045236961,0.004124732911161346,0.9224014310882124,
strict,volume,F_now,elasticnet,test,crop,甘蓝,175,0.01953090498102787,0.027250465403873023,0.7353205298914167,0.0014970701145144377,0.5129980662669958,
strict,volume,F_now,elasticnet,test,crop,芸豆,175,0.019439264243504808,0.029298669711631524,0.6703416683647718,-0.004013157573867142,0.5725159995495059,
strict,volume,F_now,elasticnet,test,crop,芹菜,175,0.02127208120530605,0.02828020536292858,0.38381456048980955,0.007740085596270423,0.7827288035174421,
strict,volume,F_now,elasticnet,test,crop,茄子,175,0.02430203159275981,0.03370124230709965,0.6452098121281225,0.0009391878489945788,0.5939383935811462,
strict,volume,F_now,elasticnet,test,crop,西红柿,175,0.028032121786609413,0.03732636166646035,0.37083825196298836,0.010269951241603271,0.7909276440030585,
strict,volume,F_now,elasticnet,test,crop,青椒,175,0.02489910209774142,0.0368013415057344,0.4894900699136534,-0.004973826471379489,0.7124554235079226,
strict,volume,F_now,elasticnet,test,crop,韭菜,175,0.02121411456580994,0.03124351516767658,0.6532330617412514,0.0032513413503415757,0.5871843091374888,
strict,volume,F_now,elasticnet,test,crop,黄瓜,175,0.020082176115663358,0.0306201564693104,0.39027858310910823,0.0014448113268665528,0.7786124161022981,
strict,volume,F_now,elasticnet,test,season,冬(12-2),370,0.024764541826688274,0.034491445680862855,0.8825864225147433,-0.007084407263986646,0.34219328382078645,
strict,volume,F_now,elasticnet,test,season,夏(6-8),650,0.0219652577991845,0.03142924915686955,0.8359442931556095,0.004538515771994118,0.4047262203629082,
strict,volume,F_now,elasticnet,test,season,春(3-5),630,0.020715306070791986,0.030118167353073308,0.8639206815291083,0.0018236821492917017,0.3685964182580778,
strict,volume,F_now,elasticnet,test,season,秋(9-11),100,0.01474652340013158,0.02319242229544793,0.9224049495326817,0.0033800423024646343,0.2771625875955215,
strict,volume,F_now,elasticnet,test,period,normal,1450,0.022213594950752872,0.03177670138833747,0.8674461736101486,-0.00026979400859226916,0.36395385690751836,
strict,volume,F_now,elasticnet,test,period,extreme,300,0.019186268437883434,0.028481386963208278,0.8446808979876252,0.007356432869600478,0.3934480546048405,
strict,volume,F_now,elasticnet,test,overall,all,1750,0.021694624691403826,0.031236489743645995,0.8647338664345239,0.0010375591705264876,0.367680348444148,
strict,volume,F_now,gam,test,crop,土豆,175,0.03855029130710901,0.051469876056279146,0.12976522254648615,0.017426581829373365,0.9301946072175631,
strict,volume,F_now,gam,test,crop,尖椒,175,0.03809741101485439,0.053407245712632265,-1.6409706655039886,-0.0010168860577250724,1.620456542014704,
strict,volume,F_now,gam,test,crop,甘蓝,175,0.03751502702948927,0.05674921129046239,-0.14786831685036517,-0.016412862633373767,1.0683206771964615,
strict,volume,F_now,gam,test,crop,芸豆,175,0.035357187986535504,0.05080531223997789,0.00874246379586996,0.002535147862610766,0.9927704706657127,
strict,volume,F_now,gam,test,crop,芹菜,175,0.034923144761329815,0.05063337509014116,-0.975240895088769,-0.004604819233450826,1.4014113615422454,
strict,volume,F_now,gam,test,crop,茄子,175,0.04407135522088263,0.05693542372110958,-0.012616253583314085,0.01611562026493831,1.0034091264242166,
strict,volume,F_now,gam,test,crop,西红柿,175,0.04300345485099947,0.05833911343429365,-0.5369178012188209,0.00782780508922417,1.2361777436045696,
strict,volume,F_now,gam,test,crop,青椒,175,0.04383470243674637,0.05924779151402327,-0.32318700423300073,0.00523098147844984,1.1470073825557459,
strict,volume,F_now,gam,test,crop,韭菜,175,0.03739917947118335,0.05304614995160418,0.0004013948686706348,-0.0014809899847054219,0.9969386205288706,
strict,volume,F_now,gam,test,crop,黄瓜,175,0.03777266088775792,0.05208147965576319,-0.7639378016958238,0.009308648885716192,1.32433309900293,
strict,volume,F_now,gam,test,season,冬(12-2),370,0.03939771034981273,0.05069904405334224,0.7463148378499205,-0.028299280081581817,0.5029905829900804,
strict,volume,F_now,gam,test,season,夏(6-8),650,0.04658162009502156,0.06850674246224706,0.2205469429632555,0.0031130026871824742,0.8821869974599813,
strict,volume,F_now,gam,test,season,春(3-5),630,0.032673720502292385,0.040887938170271185,0.7492011945213272,0.019326323784871677,0.5004005516949828,
strict,volume,F_now,gam,test,season,秋(9-11),100,0.029021228115664224,0.034081581582447354,0.8324357834949974,0.023843127117325804,0.40729421103172164,
strict,volume,F_now,gam,test,period,normal,1450,0.03368169978442509,0.043224400105253684,0.7547366858824163,0.0053842188793098746,0.49506986073118925,
strict,volume,F_now,gam,test,period,extreme,300,0.06501102643929658,0.09058894138025407,-0.5712777880360718,-0.005648341874380823,1.2514152769601643,
strict,volume,F_now,gam,test,overall,all,1750,0.03905244149668877,0.05435866390970341,0.5903601703080996,0.0034929227501057565,0.6398482240259945,
strict,volume,F_now,lightgbm,test,crop,土豆,175,0.03128736959578227,0.0408142693841028,0.4527897251012786,-0.0007944960233328376,0.7376200641537332,
strict,volume,F_now,lightgbm,test,crop,尖椒,175,0.03258999625220221,0.04590512930761034,-0.9511274759266892,-0.012475375001291492,1.3928309933600167,
strict,volume,F_now,lightgbm,test,crop,甘蓝,175,0.02847719975952519,0.03768233345784595,0.49388642567962426,-0.011584468507778969,0.7093810659672491,
strict,volume,F_now,lightgbm,test,crop,芸豆,175,0.029571148902206638,0.04018590176605963,0.3798229525591825,-0.012496809744750136,0.7852599433297858,
strict,volume,F_now,lightgbm,test,crop,芹菜,175,0.026382236665992938,0.03607235288514201,-0.0025251023201884326,-0.010394097950837709,0.9983969087741544,
strict,volume,F_now,lightgbm,test,crop,茄子,175,0.03440747619441352,0.04228235580232791,0.44153220641169144,0.011634777060179928,0.7451688057437177,
strict,volume,F_now,lightgbm,test,crop,西红柿,175,0.030060960355653737,0.039588245375386924,0.292276693701377,0.0015046182587099206,0.8388558714819689,
strict,volume,F_now,lightgbm,test,crop,青椒,175,0.03640802617364752,0.04761810344940145,0.14528547938799652,-0.0029702563849396345,0.9218624830402188,
strict,volume,F_now,lightgbm,test,crop,韭菜,175,0.030090408936370397,0.04140803791708425,0.3909019503982617,-0.008041860433530742,0.7782142952415484,
strict,volume,F_now,lightgbm,test,crop,黄瓜,175,0.03154390192666894,0.04378624791581268,-0.2467865320710807,0.0014723938379438309,1.113401112628375,
strict,volume,F_now,lightgbm,test,season,冬(12-2),370,0.05149639572646592,0.06203851950568709,0.6201445380283266,-0.047342498215638996,0.6154907193353659,
strict,volume,F_now,lightgbm,test,season,夏(6-8),650,0.028296715391306643,0.03677123765729375,0.7754361599828627,0.007755272165282401,0.47351700833902644,
strict,volume,F_now,lightgbm,test,season,春(3-5),630,0.023795752916854714,0.03255038373835105,0.8410548549699681,0.006302413538824675,0.3983627130505963,
strict,volume,F_now,lightgbm,test,season,秋(9-11),100,0.01955421072670912,0.02611287938072582,0.9016325700099982,0.007798012972084513,0.3120637045381949,
strict,volume,F_now,lightgbm,test,period,normal,1450,0.031199900570716976,0.04203345806816388,0.7680657508994093,-0.008987112457528824,0.48142942831326646,
strict,volume,F_now,lightgbm,test,period,extreme,300,0.030511403352971585,0.03986402369624818,0.6957259838569155,0.01768612485910641,0.5506902663227375,
strict,volume,F_now,lightgbm,test,overall,all,1750,0.031081872476246337,0.041669577333179816,0.7592851848926324,-0.004414557488962783,0.49048676208889574,
