crop,response,exposure,label,lag_days,effect_z_per_1sd,se_hac,ci_low,ci_high,p_value,n_obs,fdr_p,fdr_p_within
土豆,price,soil_moisture_0_7,土壤水分 0–7cm,0,0.04494564855721393,0.07032797063357192,-0.09289717388458703,0.1827884709990149,0.5227667361312817,1410,0.6418691166686951,0.5227667361312817
土豆,price,soil_moisture_0_7,土壤水分 0–7cm,1,0.060509047008584005,0.07106071392119685,-0.07876995227696182,0.19978804629412983,0.39448502854116574,1409,0.5495921450263919,0.42266253057982045
土豆,price,soil_moisture_0_7,土壤水分 0–7cm,2,0.07039986461072029,0.07310272115759922,-0.07288146885817418,0.21368119807961475,0.33553417724230017,1409,0.5092424275178249,0.42266253057982045
土豆,price,soil_moisture_0_7,土壤水分 0–7cm,3,0.06984848369068708,0.07269978845139954,-0.07264310167405602,0.21234006905543018,0.33666292857525804,1409,0.5100953463261486,0.42266253057982045
土豆,price,soil_moisture_0_7,土壤水分 0–7cm,4,0.06839871691029491,0.07276104872268704,-0.07421293858617169,0.21101037240676151,0.3471940778942464,1408,0.5137149747098089,0.42266253057982045
土豆,price,soil_moisture_0_7,土壤水分 0–7cm,5,0.07236985387566588,0.0738221056142045,-0.07232147312817494,0.2170611808795067,0.326924393244699,1407,0.5021023104440769,0.42266253057982045
土豆,price,soil_moisture_0_7,土壤水分 0–7cm,6,0.06489615037796487,0.07230842875914702,-0.07682836998996329,0.20662067074589302,0.3694570744775033,1406,0.5317306540937942,0.42266253057982045
土豆,price,soil_moisture_0_7,土壤水分 0–7cm,7,0.06569230017051353,0.07088943352939088,-0.07325098954709258,0.20463558988811964,0.3540891886805909,1405,0.5157426009657853,0.42266253057982045
土豆,price,soil_moisture_0_7,土壤水分 0–7cm,8,0.07255227651538404,0.0721897990344233,-0.06893972959208561,0.2140442826228537,0.31488665463433285,1404,0.49115769353708766,0.42266253057982045
土豆,price,soil_moisture_0_7,土壤水分 0–7cm,9,0.07303638483483389,0.07523727297639338,-0.07442867019889714,0.2205014398685649,0.3316740968389116,1404,0.5059435375508821,0.42266253057982045
土豆,price,soil_moisture_0_7,土壤水分 0–7cm,10,0.0668058041536057,0.0749957534914889,-0.08018587268971254,0.21379748099692392,0.3730394304709673,1404,0.5320689182628694,0.42266253057982045
土豆,price,soil_moisture_0_7,土壤水分 0–7cm,11,0.06388501111132393,0.07490564761011925,-0.08293005820450981,0.21070008042715765,0.3937296863064489,1403,0.5495921450263919,0.42266253057982045
土豆,price,soil_moisture_0_7,土壤水分 0–7cm,12,0.06410375210416629,0.07525224375319389,-0.08339064565209374,0.2115981498604263,0.3942964048953661,1402,0.5495921450263919,0.42266253057982045
土豆,price,soil_moisture_0_7,土壤水分 0–7cm,13,0.06942789148723882,0.07266606622814539,-0.07299759831992614,0.2118533812944038,0.3393564501515448,1401,0.5115926384194143,0.42266253057982045
土豆,price,soil_moisture_0_7,土壤水分 0–7cm,14,0.07281576263718355,0.07096789197919924,-0.06628130564204697,0.21191283091641405,0.30487361497336185,1400,0.48222540153958815,0.42266253057982045
土豆,price,soil_moisture_7_28,土壤水分 7–28cm,0,0.15739606927789423,0.08552343326213314,-0.010229859915886735,0.32502199847167523,0.06571169025410693,1410,0.1665930175456232,0.06571169025410693
土豆,price,soil_moisture_7_28,土壤水分 7–28cm,1,0.1704278669590012,0.08554361256477021,0.0027623863320515862,0.3380933475859508,0.04633901357619566,1409,0.13367023146979515,0.05140835643556291
土豆,price,soil_moisture_7_28,土壤水分 7–28cm,2,0.1751286195650542,0.08615947887628489,0.00625604096753582,0.3440011981625726,0.042091938985817756,1409,0.12798224691633778,0.05140835643556291
土豆,price,soil_moisture_7_28,土壤水分 7–28cm,3,0.1733213325236349,0.08618951871963824,0.004389875833143958,0.34225278921412583,0.04433255241995638,1409,0.1302331545163655,0.05140835643556291
土豆,price,soil_moisture_7_28,土壤水分 7–28cm,4,0.1720819701818243,0.08650531500291726,0.002531552776106477,0.3416323875875421,0.04667199294418134,1408,0.1337538770587957,0.05140835643556291
土豆,price,soil_moisture_7_28,土壤水分 7–28cm,5,0.17335556608069935,0.08766242967809008,0.0015372039116428038,0.3451739282497559,0.047981132673192047,1407,0.13495154795150796,0.05140835643556291
土豆,price,soil_moisture_7_28,土壤水分 7–28cm,6,0.17274338599243683,0.08719499616692655,0.0018411935052607964,0.34364557847961286,0.04757828699886333,1406,0.13465552924206603,0.05140835643556291
土豆,price,soil_moisture_7_28,土壤水分 7–28cm,7,0.18193124959716672,0.08595210471604806,0.013465124353712526,0.35039737484062095,0.03428884474295623,1405,0.1151491054800769,0.05140835643556291
土豆,price,soil_moisture_7_28,土壤水分 7–28cm,8,0.1881129508384127,0.08616282109479645,0.019233821492611658,0.35699208018421374,0.02901913714081834,1404,0.10446889370694602,0.05140835643556291
土豆,price,soil_moisture_7_28,土壤水分 7–28cm,9,0.18842706748429064,0.08756095335336463,0.016807598911695976,0.3600465360568853,0.0314010461914962,1404,0.10965292685969878,0.05140835643556291
土豆,price,soil_moisture_7_28,土壤水分 7–28cm,10,0.1819935097775033,0.08769230356661328,0.010116594786941269,0.35387042476806535,0.03795274879608628,1404,0.12112579403006261,0.05140835643556291
土豆,price,soil_moisture_7_28,土壤水分 7–28cm,11,0.17774614635417113,0.08821738340944155,0.004840074871665712,0.35065221783667655,0.04391876271575134,1403,0.12959634899729905,0.05140835643556291
土豆,price,soil_moisture_7_28,土壤水分 7–28cm,12,0.1769965859622959,0.08805501724483095,0.004408752162427254,0.34958441976216453,0.04442397604058246,1402,0.1302331545163655,0.05140835643556291
土豆,price,soil_moisture_7_28,土壤水分 7–28cm,13,0.1835919248124174,0.08722383691433702,0.01263320446031685,0.35455064516451795,0.03530553355220532,1401,0.1168197801359735,0.05140835643556291
土豆,price,soil_moisture_7_28,土壤水分 7–28cm,14,0.18865673159226928,0.08637863380664712,0.01935460933124092,0.3579588538532976,0.028957318352887593,1400,0.10446889370694602,0.05140835643556291
土豆,price,soil_moisture_28_100,土壤水分 28–100cm,0,0.2158354063116099,0.07597860449196644,0.06691734150735568,0.36475347111586415,0.004500909281966295,1410,0.02288597939982862,0.004500909281966295
土豆,price,soil_moisture_28_100,土壤水分 28–100cm,1,0.21828263679377963,0.07559569689671956,0.07011507087620927,0.36645020271135,0.00388315593520122,1409,0.020469191266644794,0.004160524216287021
土豆,price,soil_moisture_28_100,土壤水分 28–100cm,2,0.22215506154680342,0.07558474293502725,0.07400896539415003,0.3703011576994568,0.0032911144214176576,1409,0.018353475004558303,0.003797439717020374
土豆,price,soil_moisture_28_100,土壤水分 28–100cm,3,0.22497643887180524,0.07528493422428163,0.07741796779221324,0.37253490995139726,0.0028050392457893087,1409,0.01671877696165813,0.003598708300798494
土豆,price,soil_moisture_28_100,土壤水分 28–100cm,4,0.22467236343256833,0.075330376419884,0.0770248256495957,0.3723199012155409,0.0028591065244002625,1408,0.016922548829585743,0.003598708300798494
土豆,price,soil_moisture_28_100,土壤水分 28–100cm,5,0.22462835751482038,0.07536918478921954,0.07690475532795008,0.37235195970169066,0.002878966640638795,1407,0.016922548829585743,0.003598708300798494
土豆,price,soil_moisture_28_100,土壤水分 28–100cm,6,0.22542206930556816,0.07496115804733024,0.0784981995328009,0.3723459390783354,0.0026367924954418696,1406,0.015926934536226057,0.003598708300798494
土豆,price,soil_moisture_28_100,土壤水分 28–100cm,7,0.22703794158584686,0.07446877534154381,0.08107914191642102,0.3729967412552727,0.002297826549827544,1405,0.014771742106034212,0.003598708300798494
土豆,price,soil_moisture_28_100,土壤水分 28–100cm,8,0.22777777595376633,0.07435143311478366,0.08204896704879036,0.37350658485874233,0.0021874295919501146,1404,0.014407148218864511,0.003598708300798494
土豆,price,soil_moisture_28_100,土壤水分 28–100cm,9,0.22958883858024448,0.0746811921641145,0.08321370193858008,0.3759639752219089,0.0021103077017499664,1404,0.01428027768101481,0.003598708300798494
土豆,price,soil_moisture_28_100,土壤水分 28–100cm,10,0.23059285322034623,0.07487431748441867,0.08383919095088563,0.3773465154898068,0.0020718673454238074,1404,0.01428027768101481,0.003598708300798494
土豆,price,soil_moisture_28_100,土壤水分 28–100cm,11,0.22892836185546112,0.07521887008829088,0.08149937648241098,0.3763573472285112,0.002338462232249096,1403,0.014926354673930402,0.003598708300798494
土豆,price,soil_moisture_28_100,土壤水分 28–100cm,12,0.22846901348068754,0.07529470243208057,0.08089139671380963,0.37604663024756546,0.002410701623206866,1402,0.01517224797822503,0.003598708300798494
土豆,price,soil_moisture_28_100,土壤水分 28–100cm,13,0.23003754838537482,0.07481737930357978,0.08339548495035848,0.37667961182039117,0.002107469460834114,1401,0.01428027768101481,0.003598708300798494
土豆,price,soil_moisture_28_100,土壤水分 28–100cm,14,0.22942670869859272,0.07440504605268859,0.08359281843532307,0.37526059896186237,0.0020459266889058074,1400,0.01428027768101481,0.003598708300798494
土豆,volume,soil_moisture_0_7,土壤水分 0–7cm,0,-0.06321641567889985,0.07073174795461659,-0.20185064166994837,0.07541781031214867,0.37145630266693086,1410,0.5317306540937942,0.6602333743939599
土豆,volume,soil_moisture_0_7,土壤水分 0–7cm,1,-0.05407161680538064,0.07007131285089287,-0.19141138999313065,0.08326815638236937,0.4403125511559516,1409,0.5807219809508531,0.6602333743939599
土豆,volume,soil_moisture_0_7,土壤水分 0–7cm,2,-0.05480704526747197,0.06894147492552055,-0.18993233612149224,0.08031824558654832,0.42662554516954965,1409,0.573763059297463,0.6602333743939599
土豆,volume,soil_moisture_0_7,土壤水分 0–7cm,3,-0.05828942852902708,0.06882420776080167,-0.19318487574019835,0.0766060186821442,0.39703298757188654,1409,0.5500071107324604,0.6602333743939599
土豆,volume,soil_moisture_0_7,土壤水分 0–7cm,4,-0.05357155779593083,0.07033664355175623,-0.19143137915737302,0.08428826356551138,0.4462718677597233,1408,0.5832583483818061,0.6602333743939599
土豆,volume,soil_moisture_0_7,土壤水分 0–7cm,5,-0.05429583314283967,0.07351771477927854,-0.1983905541102256,0.08979888782454626,0.46018587313592074,1407,0.5950679393998975,0.6602333743939599
土豆,volume,soil_moisture_0_7,土壤水分 0–7cm,6,-0.051319121591213324,0.07464045609072524,-0.1976144155290348,0.09497617234660816,0.4917355624984012,1406,0.6250875794471202,0.6602333743939599
土豆,volume,soil_moisture_0_7,土壤水分 0–7cm,7,-0.04321315513880138,0.07391899246777175,-0.18809438037563403,0.10166807009803125,0.558815687365324,1405,0.672371816348652,0.6602333743939599
土豆,volume,soil_moisture_0_7,土壤水分 0–7cm,8,-0.038613813652858715,0.07351097506993241,-0.18269532478992623,0.10546769748420881,0.5993888548683655,1404,0.7116754213476635,0.6602333743939599
土豆,volume,soil_moisture_0_7,土壤水分 0–7cm,9,-0.04596525024457908,0.07299594556939751,-0.18903730356059817,0.09710680307144003,0.5288935422305863,1404,0.6463389790593109,0.6602333743939599
土豆,volume,soil_moisture_0_7,土壤水分 0–7cm,10,-0.04666351223115161,0.07213897303094333,-0.18805589937180053,0.0947288749094973,0.5177252823434509,1404,0.6391670152388284,0.6602333743939599
土豆,volume,soil_moisture_0_7,土壤水分 0–7cm,11,-0.04301245368051352,0.07284858836902776,-0.1857956868838079,0.09977077952278088,0.5548981552476403,1403,0.6694481765722202,0.6602333743939599
土豆,volume,soil_moisture_0_7,土壤水分 0–7cm,12,-0.04370224542770551,0.07510923650264272,-0.19091634897288523,0.10351185811747421,0.5606682942830244,1402,0.6737002200997624,0.6602333743939599
土豆,volume,soil_moisture_0_7,土壤水分 0–7cm,13,-0.037502629270804014,0.0748230127508729,-0.18415573426251491,0.10915047572090687,0.6162178161010292,1401,0.7259110399095894,0.6602333743939599
土豆,volume,soil_moisture_0_7,土壤水分 0–7cm,14,-0.027366635489090945,0.07327777860882267,-0.17099108156238338,0.1162578105842015,0.7088028987297375,1400,0.7964077513817276,0.7088028987297375
土豆,volume,soil_moisture_7_28,土壤水分 7–28cm,0,-0.08411975601178417,0.09292767004722477,-0.26625798930434474,0.09801847728077637,0.3653501563316607,1410,0.5269473408629721,0.5222642799074986
土豆,volume,soil_moisture_7_28,土壤水分 7–28cm,1,-0.07631425634294389,0.09206666501767974,-0.2567649197775962,0.1041364070917084,0.4071597801283494,1409,0.5552178819932038,0.5222642799074986
土豆,volume,soil_moisture_7_28,土壤水分 7–28cm,2,-0.07061924399534807,0.09166517083239627,-0.25028297882684475,0.1090444908361486,0.4410600890999029,1409,0.5807219809508531,0.5222642799074986
土豆,volume,soil_moisture_7_28,土壤水分 7–28cm,3,-0.06904392236390222,0.09230252627719909,-0.24995687386721244,0.111869029139408,0.4544494882034562,1409,0.5901941405239691,0.5222642799074986
土豆,volume,soil_moisture_7_28,土壤水分 7–28cm,4,-0.07258066454325343,0.09416725254238446,-0.25714847952632697,0.1119871504398201,0.4408472302220561,1408,0.5807219809508531,0.5222642799074986
土豆,volume,soil_moisture_7_28,土壤水分 7–28cm,5,-0.07343874564576199,0.09596872135828688,-0.2615374395080043,0.1146599482164803,0.44413087007049457,1407,0.5823541696931144,0.5222642799074986
土豆,volume,soil_moisture_7_28,土壤水分 7–28cm,6,-0.07134218604074882,0.0958311561317646,-0.25917125205900743,0.11648687997750978,0.4565999764317673,1406,0.5912805450195547,0.5222642799074986
土豆,volume,soil_moisture_7_28,土壤水分 7–28cm,7,-0.06974156718197828,0.09504779858108785,-0.25603525240091046,0.11655211803695388,0.4630995478743809,1405,0.5971197608695455,0.5222642799074986
土豆,volume,soil_moisture_7_28,土壤水分 7–28cm,8,-0.06386570685432746,0.09409408382005423,-0.24829011114163374,0.12055869743297881,0.4973006743035474,1404,0.6262073229080943,0.5222642799074986
土豆,volume,soil_moisture_7_28,土壤水分 7–28cm,9,-0.0620359426892714,0.09357453540130632,-0.2454420320758318,0.12137014669728899,0.5073577557716986,1404,0.6333175869549637,0.5222642799074986
土豆,volume,soil_moisture_7_28,土壤水分 7–28cm,10,-0.06113329592467889,0.09333248503367265,-0.2440649665906773,0.12179837474131952,0.5124641791468101,1404,0.6352861724960456,0.5222642799074986
土豆,volume,soil_moisture_7_28,土壤水分 7–28cm,11,-0.06030725780146318,0.09419098058777801,-0.2449215797535081,0.12430706415058174,0.5219998505788848,1403,0.6418691166686951,0.5222642799074986
土豆,volume,soil_moisture_7_28,土壤水分 7–28cm,12,-0.06257329251697721,0.094790842624291,-0.24836334406058755,0.12321675902663312,0.5091770858106134,1402,0.6338303972746225,0.5222642799074986
土豆,volume,soil_moisture_7_28,土壤水分 7–28cm,13,-0.060856556609411014,0.09337268934605267,-0.2438670277276742,0.1221539145088522,0.514556198855187,1401,0.6368268640418386,0.5222642799074986
土豆,volume,soil_moisture_7_28,土壤水分 7–28cm,14,-0.05823040931067611,0.0910050660321081,-0.23660033873360797,0.12013952011225576,0.5222642799074986,1400,0.6418691166686951,0.5222642799074986
土豆,volume,soil_moisture_28_100,土壤水分 28–100cm,0,0.06684087324493138,0.0646173806900307,-0.059809192907528785,0.19349093939739154,0.30094447007074376,1410,0.4802305373469315,0.30094447007074376
土豆,volume,soil_moisture_28_100,土壤水分 28–100cm,1,0.06721485727428131,0.06451764450749974,-0.05923972596041818,0.1936694405089808,0.2975017172022739,1409,0.47727548214268545,0.30094447007074376
土豆,volume,soil_moisture_28_100,土壤水分 28–100cm,2,0.06829047809128538,0.06465198647753244,-0.05842741540467819,0.19500837158724896,0.29084117373070706,1409,0.47078607258567695,0.30094447007074376
土豆,volume,soil_moisture_28_100,土壤水分 28–100cm,3,0.07033604711874364,0.06470924417690632,-0.05649407146799276,0.19716616570548004,0.2770566250893648,1409,0.46090750939081016,0.30094447007074376
土豆,volume,soil_moisture_28_100,土壤水分 28–100cm,4,0.07327623307480391,0.06469618721577902,-0.05352829386812297,0.20008076001773079,0.2573736224920442,1408,0.44289915916412964,0.30094447007074376
土豆,volume,soil_moisture_28_100,土壤水分 28–100cm,5,0.07604801903984433,0.06434455865343576,-0.05006731592088977,0.20216335400057844,0.23725040738325376,1407,0.41949973800575324,0.30094447007074376
土豆,volume,soil_moisture_28_100,土壤水分 28–100cm,6,0.07824345934310778,0.06387088460420826,-0.04694347448114039,0.20343039316735595,0.22056563058589007,1406,0.3970181350546021,0.30094447007074376
土豆,volume,soil_moisture_28_100,土壤水分 28–100cm,7,0.07970374623612311,0.06330123841184024,-0.04436668105108375,0.20377417352333,0.20798761378734376,1405,0.3851622477543403,0.30094447007074376
土豆,volume,soil_moisture_28_100,土壤水分 28–100cm,8,0.07998407584792579,0.06297473381850363,-0.04344640243634133,0.2034145541321929,0.2040497670966227,1404,0.3828371098920964,0.30094447007074376
土豆,volume,soil_moisture_28_100,土壤水分 28–100cm,9,0.08050659035608829,0.06292682713859674,-0.04282999083556131,0.2038431715477379,0.20076737742277906,1404,0.37880637249580956,0.30094447007074376
土豆,volume,soil_moisture_28_100,土壤水分 28–100cm,10,0.08224655205992151,0.06283351590840638,-0.04090713912055499,0.20540024324039802,0.1905479378888515,1404,0.36959729331889296,0.30094447007074376
土豆,volume,soil_moisture_28_100,土壤水分 28–100cm,11,0.08355405610771208,0.0628023081737871,-0.03953846791291063,0.20664658012833478,0.18337673399722199,1403,0.3580023006453358,0.30094447007074376
土豆,volume,soil_moisture_28_100,土壤水分 28–100cm,12,0.08435021433092384,0.06258015582935748,-0.038306891094616824,0.2070073197564645,0.17769865804161022,1402,0.3530436914733978,0.30094447007074376
土豆,volume,soil_moisture_28_100,土壤水分 28–100cm,13,0.08463660354696614,0.06214317170578599,-0.037164012996374396,0.20643722009030668,0.17321005494666575,1401,0.35031247067864985,0.30094447007074376
土豆,volume,soil_moisture_28_100,土壤水分 28–100cm,14,0.08475706340828396,0.06181905944195098,-0.036408293097939956,0.20592241991450788,0.17035915840010718,1400,0.3468851641631142,0.30094447007074376
尖椒,price,soil_moisture_0_7,土壤水分 0–7cm,0,0.05485629592410716,0.08301273281073343,-0.10784866038493038,0.21756125223314468,0.5087291317400093,1410,0.6338303972746225,0.5087291317400093
尖椒,price,soil_moisture_0_7,土壤水分 0–7cm,1,0.05670039922295702,0.08318982791229025,-0.10635166348513186,0.21975246193104592,0.4955055053756181,1409,0.6262073229080943,0.5087291317400093
尖椒,price,soil_moisture_0_7,土壤水分 0–7cm,2,0.05651635709814786,0.08406310679591093,-0.10824733222183755,0.22128004641813329,0.5013871995005206,1409,0.6293563173646701,0.5087291317400093
尖椒,price,soil_moisture_0_7,土壤水分 0–7cm,3,0.06411717088345854,0.08327795260644895,-0.0991076162251814,0.2273419579920985,0.4413487055226484,1409,0.5807219809508531,0.5087291317400093
尖椒,price,soil_moisture_0_7,土壤水分 0–7cm,4,0.07263505800577616,0.08326177437963282,-0.09055801977830416,0.23582813578985648,0.38300666668131755,1408,0.542844094508954,0.5087291317400093
尖椒,price,soil_moisture_0_7,土壤水分 0–7cm,5,0.07503487180710365,0.08675481541358668,-0.09500456640352624,0.24507431001773355,0.3870896791258036,1407,0.5467917226997528,0.5087291317400093
尖椒,price,soil_moisture_0_7,土壤水分 0–7cm,6,0.0787780230879585,0.08827479767791546,-0.0942405803607558,0.2517966265366728,0.37216889817560195,1406,0.5317306540937942,0.5087291317400093
尖椒,price,soil_moisture_0_7,土壤水分 0–7cm,7,0.0850017210402245,0.08894415905256634,-0.08932883070280552,0.25933227278325455,0.3392363895543482,1405,0.5115926384194143,0.5087291317400093
尖椒,price,soil_moisture_0_7,土壤水分 0–7cm,8,0.08395675571827942,0.08898890211761065,-0.09046149243223746,0.2583750038687963,0.3454497673570617,1404,0.5130442089461312,0.5087291317400093
尖椒,price,soil_moisture_0_7,土壤水分 0–7cm,9,0.08006466390546052,0.08972453032026999,-0.09579541552226864,0.2559247433331897,0.3722114578656559,1404,0.5317306540937942,0.5087291317400093
尖椒,price,soil_moisture_0_7,土壤水分 0–7cm,10,0.07853781950283827,0.08770740560040438,-0.09336869547395431,0.2504443344796308,0.3705452230621704,1404,0.5317306540937942,0.5087291317400093
尖椒,price,soil_moisture_0_7,土壤水分 0–7cm,11,0.0813309218424472,0.08734662710690999,-0.08986846728709638,0.25253031097199075,0.3517871689911246,1403,0.5154313996603778,0.5087291317400093
尖椒,price,soil_moisture_0_7,土壤水分 0–7cm,12,0.08515487259596652,0.09073601198205411,-0.09268771088885952,0.26299745608079256,0.3479924684637268,1402,0.5137149747098089,0.5087291317400093
尖椒,price,soil_moisture_0_7,土壤水分 0–7cm,13,0.08443827331367557,0.09273573612415369,-0.09732376948966565,0.2662003161170168,0.3625453216225606,1401,0.5245832627979173,0.5087291317400093
尖椒,price,soil_moisture_0_7,土壤水分 0–7cm,14,0.08451027893913174,0.09261148105316391,-0.09700822392506953,0.266028781803333,0.36149248805530465,1400,0.5239021566018908,0.5087291317400093
尖椒,price,soil_moisture_7_28,土壤水分 7–28cm,0,-0.00091243384270615,0.11746361969087091,-0.23114112843681311,0.22931626075140082,0.993802255059353,1410,0.995229261490792,0.993802255059353
尖椒,price,soil_moisture_7_28,土壤水分 7–28cm,1,-0.0019670408370377254,0.11698488746630314,-0.2312574202709919,0.22732333859691645,0.9865846127978697,1409,0.9909890083907174,0.993802255059353
尖椒,price,soil_moisture_7_28,土壤水分 7–28cm,2,0.0029433960902993037,0.11694907545307907,-0.22627679179773566,0.23216358397833428,0.9799208127620455,1409,0.9853952307104368,0.993802255059353
尖椒,price,soil_moisture_7_28,土壤水分 7–28cm,3,0.009358892576376102,0.11586249801127813,-0.21773160352572904,0.23644938867848123,0.9356202086010073,1409,0.9547144985724564,0.993802255059353
尖椒,price,soil_moisture_7_28,土壤水分 7–28cm,4,0.00989132343400781,0.11647913215031395,-0.21840777558060753,0.23819042244862315,0.9323255680455899,1408,0.9535147855011715,0.993802255059353
尖椒,price,soil_moisture_7_28,土壤水分 7–28cm,5,0.009334618281084539,0.11911554702791424,-0.2241318538936274,0.24280109045579645,0.9375368561436418,1407,0.9555868295914809,0.993802255059353
尖椒,price,soil_moisture_7_28,土壤水分 7–28cm,6,0.010513653164054905,0.11936891982033052,-0.22344942968379292,0.2444767360119027,0.9298154978841531,1406,0.9520295200179042,0.993802255059353
尖椒,price,soil_moisture_7_28,土壤水分 7–28cm,7,0.009770391833621028,0.11930354189436544,-0.22406455027933525,0.2436053339465773,0.9347300220732081,1405,0.9547144985724564,0.993802255059353
尖椒,price,soil_moisture_7_28,土壤水分 7–28cm,8,0.008164089680776756,0.11920252211153853,-0.22547285365783876,0.24180103301939226,0.9453961883035116,1404,0.9582426060318331,0.993802255059353
尖椒,price,soil_moisture_7_28,土壤水分 7–28cm,9,0.008317181746345381,0.12032100296912106,-0.2275119840731319,0.24414634756582265,0.9448901716693676,1404,0.9582426060318331,0.993802255059353
尖椒,price,soil_moisture_7_28,土壤水分 7–28cm,10,0.012098816200319752,0.11956362455163276,-0.22224588792088046,0.24644352032151995,0.9193984860178512,1404,0.9435962642117564,0.993802255059353
尖椒,price,soil_moisture_7_28,土壤水分 7–28cm,11,0.014164679253862202,0.12076183947240508,-0.22252852611205176,0.25085788461977615,0.906626816687286,1403,0.938405102852,0.993802255059353
尖椒,price,soil_moisture_7_28,土壤水分 7–28cm,12,0.01570070798447245,0.12289302725410002,-0.22516962543356359,0.25657104140250847,0.8983395832705087,1402,0.9327736720839435,0.993802255059353
尖椒,price,soil_moisture_7_28,土壤水分 7–28cm,13,0.013825436517218074,0.12387239218804202,-0.22896445217134428,0.25661532520578045,0.9111323941874404,1401,0.9396105151257357,0.993802255059353
尖椒,price,soil_moisture_7_28,土壤水分 7–28cm,14,0.013521043504184621,0.1229987119812397,-0.22755643197904518,0.2545985189874144,0.9124662113554367,1400,0.9396105151257357,0.993802255059353
尖椒,price,soil_moisture_28_100,土壤水分 28–100cm,0,0.0055981518875328415,0.12656920359182758,-0.2424774871524492,0.2536737909275149,0.9647210940156113,1410,0.9755606568697193,0.9647210940156113
尖椒,price,soil_moisture_28_100,土壤水分 28–100cm,1,0.008224031486592148,0.12679996776835162,-0.240303905339377,0.2567519683125613,0.9482868152900318,1409,0.9600203979314158,0.9647210940156113
尖椒,price,soil_moisture_28_100,土壤水分 28–100cm,2,0.011452292506971086,0.12722798125204224,-0.23791455074703172,0.2608191357609739,0.9282761333070532,1409,0.9515358997452709,0.9647210940156113
尖椒,price,soil_moisture_28_100,土壤水分 28–100cm,3,0.014016959266197778,0.12734951636849137,-0.2355880928160453,0.2636220113484409,0.9123563635419503,1409,0.9396105151257357,0.9647210940156113
尖椒,price,soil_moisture_28_100,土壤水分 28–100cm,4,0.01653443697915069,0.1279925893826379,-0.23433103821081963,0.267399912169121,0.8972130311001172,1408,0.9327736720839435,0.9647210940156113
尖椒,price,soil_moisture_28_100,土壤水分 28–100cm,5,0.017561713577623223,0.12845469848827223,-0.23420949545939032,0.26933292261463676,0.8912558912093503,1407,0.9327096535911806,0.9647210940156113
尖椒,price,soil_moisture_28_100,土壤水分 28–100cm,6,0.020036153231616585,0.12794483852103541,-0.23073573026961283,0.270808036732846,0.8755601547874995,1406,0.9216422681973679,0.9647210940156113
尖椒,price,soil_moisture_28_100,土壤水分 28–100cm,7,0.024095820357765856,0.1271069361467923,-0.22503377448994705,0.27322541520547877,0.8496451203609666,1405,0.9006838731741695,0.9647210940156113
尖椒,price,soil_moisture_28_100,土壤水分 28–100cm,8,0.028661143658334165,0.12699119848469145,-0.22024160537166107,0.27756389268832937,0.8214394733432158,1404,0.8780231900343162,0.9647210940156113
尖椒,price,soil_moisture_28_100,土壤水分 28–100cm,9,0.032164468907552486,0.1276249672838518,-0.21798046696879708,0.28230940478390204,0.8010230330246753,1404,0.8608022003918548,0.9647210940156113
尖椒,price,soil_moisture_28_100,土壤水分 28–100cm,10,0.035206278202446956,0.12810433913229397,-0.2158782264968492,0.28629078290174315,0.7834506709673931,1404,0.8474826969599204,0.9647210940156113
尖椒,price,soil_moisture_28_100,土壤水分 28–100cm,11,0.03805008041243904,0.12879840930297498,-0.2143948018213919,0.29049496264626995,0.7676703625686814,1403,0.834424307139871,0.9647210940156113
尖椒,price,soil_moisture_28_100,土壤水分 28–100cm,12,0.03948807832906864,0.1292248071108613,-0.21379254360821948,0.29276870026635676,0.7599270325507828,1402,0.8300173899219715,0.9647210940156113
尖椒,price,soil_moisture_28_100,土壤水分 28–100cm,13,0.04171051457824129,0.1283644777785859,-0.20988386186778704,0.2933048910242696,0.7452278906972588,1401,0.8189317480189657,0.9647210940156113
尖椒,price,soil_moisture_28_100,土壤水分 28–100cm,14,0.046182226046058206,0.1274503392205606,-0.20362043882624056,0.295984890918357,0.717087006579692,1400,0.8017121812692208,0.9647210940156113
尖椒,volume,soil_moisture_0_7,土壤水分 0–7cm,0,0.303099648194888,0.10421981179848999,0.09882881706984761,0.5073704793199284,0.0036343110318341715,1410,0.01982351471909548,0.004193435805962506
尖椒,volume,soil_moisture_0_7,土壤水分 0–7cm,1,0.3066939333664076,0.10743591771685872,0.09611953464136452,0.5172683320914506,0.00430817672034508,1409,0.02203044913812825,0.00430817672034508
尖椒,volume,soil_moisture_0_7,土壤水分 0–7cm,2,0.32801138425263304,0.11061906755329234,0.11119801184818004,0.5448247566570861,0.00302453096555412,1409,0.017338075598717882,0.004129531876025618
尖椒,volume,soil_moisture_0_7,土壤水分 0–7cm,3,0.34471402626026987,0.10995561252564855,0.12920102570999872,0.560227026810541,0.0017183716452173683,1409,0.013218243424748985,0.004078162893526027
尖椒,volume,soil_moisture_0_7,土壤水分 0–7cm,4,0.34026944468388215,0.10762577884276002,0.1293229181520725,0.5512159712156918,0.0015690602336840285,1408,0.01308864322979217,0.004078162893526027
尖椒,volume,soil_moisture_0_7,土壤水分 0–7cm,5,0.3354208674620604,0.10435243758785917,0.13089008978985642,0.5399516451342644,0.001307593635383527,1407,0.012008512978011983,0.004078162893526027
尖椒,volume,soil_moisture_0_7,土壤水分 0–7cm,6,0.32331124981398196,0.10670929793671663,0.11416102585801738,0.5324614737699466,0.0024468977361156163,1406,0.015187641120717618,0.004078162893526027
尖椒,volume,soil_moisture_0_7,土壤水分 0–7cm,7,0.3292173889039677,0.11205584524160574,0.10958793223042043,0.548846845577515,0.0033036255008204946,1405,0.018353475004558303,0.004129531876025618
尖椒,volume,soil_moisture_0_7,土壤水分 0–7cm,8,0.3333245128936831,0.11614981471489544,0.10567087605248804,0.5609781497348781,0.004107563871867719,1404,0.021493066771400858,0.00430817672034508
尖椒,volume,soil_moisture_0_7,土壤水分 0–7cm,9,0.3424171772201558,0.11647256507463469,0.11413094967387183,0.5707034047664398,0.0032832289116066834,1404,0.018353475004558303,0.004129531876025618
尖椒,volume,soil_moisture_0_7,土壤水分 0–7cm,10,0.349399182272529,0.11200402946162173,0.12987128452775037,0.5689270800173076,0.0018114391903575526,1404,0.013586804226426457,0.004078162893526027
尖椒,volume,soil_moisture_0_7,土壤水分 0–7cm,11,0.33484524579033176,0.10872860306705036,0.12173718377891307,0.5479533078017504,0.002072490794020531,1403,0.01428027768101481,0.004078162893526027
尖椒,volume,soil_moisture_0_7,土壤水分 0–7cm,12,0.3287885117181813,0.10631648366374961,0.12040820373723204,0.5371688196991306,0.0019844813269139366,1402,0.014063253497815299,0.004078162893526027
尖椒,volume,soil_moisture_0_7,土壤水分 0–7cm,13,0.3384895165775188,0.11036643649400868,0.1221713010492618,0.5548077321057758,0.002162473306915723,1401,0.014407148218864511,0.004078162893526027
尖椒,volume,soil_moisture_0_7,土壤水分 0–7cm,14,0.34827361887315467,0.11379338329766647,0.1252385876097284,0.5713086501365809,0.002209096060225892,1400,0.014407148218864511,0.004078162893526027
尖椒,volume,soil_moisture_7_28,土壤水分 7–28cm,0,0.49300047814395564,0.15720555852632304,0.1848775834323625,0.8011233728555488,0.0017125491475722975,1410,0.013218243424748985,0.0018348740866846044
尖椒,volume,soil_moisture_7_28,土壤水分 7–28cm,1,0.4987021116584999,0.1607018056719,0.18372657254157593,0.813677650775424,0.0019139083733003,1409,0.01396111049009793,0.0019139083733003
尖椒,volume,soil_moisture_7_28,土壤水分 7–28cm,2,0.5203731887184769,0.1625145635451858,0.20184464416991282,0.838901733267041,0.00136472461249103,1409,0.012160912388533932,0.0015746822451819576
尖椒,volume,soil_moisture_7_28,土壤水分 7–28cm,3,0.5346327112386628,0.15973804879100487,0.22154613560829334,0.8477192868690324,0.000817106536014566,1409,0.009550595875494927,0.0013392700913115894
尖椒,volume,soil_moisture_7_28,土壤水分 7–28cm,4,0.5346191871913692,0.1564871087391657,0.2279044540626045,0.841333920320134,0.0006345998508734915,1408,0.008692101030402716,0.0013392700913115894
尖椒,volume,soil_moisture_7_28,土壤水分 7–28cm,5,0.529516867467397,0.15589746684467612,0.22395783245183182,0.8350759024829622,0.0006823576851471133,1407,0.008692101030402716,0.0013392700913115894
尖椒,volume,soil_moisture_7_28,土壤水分 7–28cm,6,0.5165730294794142,0.15551835071720677,0.21175706207368894,0.8213889968851394,0.0008949614783355601,1406,0.009944016425950667,0.0013392700913115894
尖椒,volume,soil_moisture_7_28,土壤水分 7–28cm,7,0.5169685344569827,0.15804266691683733,0.20720490729998148,0.8267321616139838,0.0010714160730492714,1405,0.010831327516124251,0.0013392700913115894
尖椒,volume,soil_moisture_7_28,土壤水分 7–28cm,8,0.5221112248053332,0.1590426163521881,0.21038769675504454,0.8338347528556219,0.001027675207016845,1404,0.010831327516124251,0.0013392700913115894
尖椒,volume,soil_moisture_7_28,土壤水分 7–28cm,9,0.536803674421496,0.1587875664370167,0.22558004420494332,0.8480273046380487,0.0007231709799294786,1404,0.008692101030402716,0.0013392700913115894
尖椒,volume,soil_moisture_7_28,土壤水分 7–28cm,10,0.544130046313022,0.15487130278659691,0.240582292851292,0.847677799774752,0.00044235488042115146,1404,0.008564318666485125,0.0013392700913115894
尖椒,volume,soil_moisture_7_28,土壤水分 7–28cm,11,0.5408906484159305,0.15139526607545387,0.2441559269080409,0.8376253699238201,0.00035331248439644016,1403,0.008564318666485125,0.0013392700913115894
尖椒,volume,soil_moisture_7_28,土壤水分 7–28cm,12,0.5296210417945896,0.14973821117948174,0.23613414788280535,0.8231079357063738,0.0004047304810731366,1402,0.008564318666485125,0.0013392700913115894
尖椒,volume,soil_moisture_7_28,土壤水分 7–28cm,13,0.532148798984112,0.15180888641594603,0.23460338160885785,0.8296942163593662,0.0004559451077837022,1401,0.008564318666485125,0.0013392700913115894
尖椒,volume,soil_moisture_7_28,土壤水分 7–28cm,14,0.5243619867759209,0.15147048657729734,0.22747983308441816,0.8212441404674238,0.0005365565667583774,1400,0.008564318666485125,0.0013392700913115894
尖椒,volume,soil_moisture_28_100,土壤水分 28–100cm,0,0.5024956991182221,0.15518096322478284,0.19834101119764774,0.8066503870387964,0.0012031714934466952,1410,0.011398466780021323,0.0012031714934466952
尖椒,volume,soil_moisture_28_100,土壤水分 28–100cm,1,0.5062037209651759,0.1533041489884347,0.20572758894784388,0.8066798529825079,0.000960127585990532,1409,0.010411022016764806,0.0010287081278469985
尖椒,volume,soil_moisture_28_100,土壤水分 28–100cm,2,0.5138784428796481,0.15202622993485163,0.21590703220733892,0.8118498535519574,0.0007243417525335596,1409,0.008692101030402716,0.0008357789452310304
尖椒,volume,soil_moisture_28_100,土壤水分 28–100cm,3,0.5150850108982583,0.14965507527719274,0.22176106335496054,0.8084089584415561,0.0005778263053934094,1409,0.00866739458090114,0.0008357789452310304
尖椒,volume,soil_moisture_28_100,土壤水分 28–100cm,4,0.5151817186667655,0.14800378500370923,0.2250943000594955,0.8052691372740356,0.0004997907302202208,1408,0.008564318666485125,0.0008357789452310304
尖椒,volume,soil_moisture_28_100,土壤水分 28–100cm,5,0.5122091760002905,0.1478039864142008,0.2225133626284569,0.8019049893721241,0.000529320289462343,1407,0.008564318666485125,0.0008357789452310304
尖椒,volume,soil_moisture_28_100,土壤水分 28–100cm,6,0.5059616809666154,0.1474374973515298,0.216984186157617,0.7949391757756139,0.0005998043543901807,1406,0.008692101030402716,0.0008357789452310304
尖椒,volume,soil_moisture_28_100,土壤水分 28–100cm,7,0.50293886242054,0.1467606828558103,0.21528792402315183,0.7905898008179282,0.0006104421905808049,1405,0.008692101030402716,0.0008357789452310304
尖椒,volume,soil_moisture_28_100,土壤水分 28–100cm,8,0.5060165521890586,0.14668889947940217,0.21850630920943037,0.7935267951686868,0.0005614386681362471,1404,0.008564318666485125,0.0008357789452310304
尖椒,volume,soil_moisture_28_100,土壤水分 28–100cm,9,0.5089274817493595,0.14740149133094477,0.2200205587407078,0.7978344047580113,0.000555084700075653,1404,0.008564318666485125,0.0008357789452310304
尖椒,volume,soil_moisture_28_100,土壤水分 28–100cm,10,0.5098461627909873,0.14766998087160801,0.22041300028263555,0.799279325299339,0.0005552006738361886,1404,0.008564318666485125,0.0008357789452310304
尖椒,volume,soil_moisture_28_100,土壤水分 28–100cm,11,0.5142720599558434,0.1484670182348898,0.2232767042154593,0.8052674156962274,0.0005324423103609731,1403,0.008564318666485125,0.0008357789452310304
尖椒,volume,soil_moisture_28_100,土壤水分 28–100cm,12,0.5175527141762016,0.14994764576050404,0.2236553284856137,0.8114500998667895,0.0005573638360088465,1402,0.008564318666485125,0.0008357789452310304
尖椒,volume,soil_moisture_28_100,土壤水分 28–100cm,13,0.5142568905370617,0.15081599826925599,0.21865753392931997,0.8098562471448034,0.0006500342340425955,1401,0.008692101030402716,0.0008357789452310304
尖椒,volume,soil_moisture_28_100,土壤水分 28–100cm,14,0.5134341061442742,0.15137270158474098,0.2167436110381819,0.8101246012503664,0.0006942141642177751,1400,0.008692101030402716,0.0008357789452310304
甘蓝,price,soil_moisture_0_7,土壤水分 0–7cm,0,0.029079334105340568,0.08834980386466229,-0.1440862814693975,0.20224494968007867,0.7420509008943835,1410,0.8164374215219378,0.7501980027428984
甘蓝,price,soil_moisture_0_7,土壤水分 0–7cm,1,0.028356827465817632,0.08906646018345214,-0.14621343449374857,0.20292708942538384,0.7501980027428984,1409,0.8213846745360202,0.7501980027428984
甘蓝,price,soil_moisture_0_7,土壤水分 0–7cm,2,0.02884197135154501,0.08957589148983686,-0.14672677596853523,0.20441071867162525,0.747465090552184,1409,0.8193892588269983,0.7501980027428984
甘蓝,price,soil_moisture_0_7,土壤水分 0–7cm,3,0.034793626272146744,0.08833092798226365,-0.13833499257309,0.2079222451173835,0.6936542540053569,1409,0.7852689667985172,0.7501980027428984
甘蓝,price,soil_moisture_0_7,土壤水分 0–7cm,4,0.038834673336469325,0.08739934362639487,-0.13246804017126462,0.21013738684420324,0.6567996889534629,1408,0.758109516026761,0.7501980027428984
甘蓝,price,soil_moisture_0_7,土壤水分 0–7cm,5,0.042160215258032284,0.09024225481692444,-0.1347146041831396,0.21903503469920418,0.6403644530883019,1407,0.7436490422960925,0.7501980027428984
甘蓝,price,soil_moisture_0_7,土壤水分 0–7cm,6,0.0486587667738412,0.093086366824699,-0.13379051220256882,0.23110804575025123,0.6011641752144307,1406,0.7128428955111826,0.7501980027428984
甘蓝,price,soil_moisture_0_7,土壤水分 0–7cm,7,0.059190805413931034,0.09489476022147844,-0.1268029246201667,0.2451845354480288,0.5327904053360617,1405,0.6497443967512948,0.7501980027428984
甘蓝,price,soil_moisture_0_7,土壤水分 0–7cm,8,0.06199829315752382,0.09525262837906846,-0.12469685846545035,0.24869344478049799,0.5151221744693983,1404,0.6368268640418386,0.7501980027428984
甘蓝,price,soil_moisture_0_7,土壤水分 0–7cm,9,0.06444289188142195,0.09580087788116931,-0.1233268287656699,0.2522126125285138,0.501153834267072,1404,0.6293563173646701,0.7501980027428984
甘蓝,price,soil_moisture_0_7,土壤水分 0–7cm,10,0.06829768997152126,0.09330920377933671,-0.11458834943597869,0.2511837293790212,0.4641989669406422,1404,0.5972417354009901,0.7501980027428984
甘蓝,price,soil_moisture_0_7,土壤水分 0–7cm,11,0.06947653456385525,0.09263655377169681,-0.11209111082867051,0.251044179956381,0.45326043105119473,1403,0.5901777737444757,0.7501980027428984
甘蓝,price,soil_moisture_0_7,土壤水分 0–7cm,12,0.07723776526916537,0.09595616855794845,-0.11083632510441357,0.2653118556427443,0.42086147957051034,1402,0.5678790578912433,0.7501980027428984
甘蓝,price,soil_moisture_0_7,土壤水分 0–7cm,13,0.08410604217724986,0.098119768899955,-0.10820870486666194,0.27642078922116164,0.3913468855517993,1401,0.547763914458195,0.7501980027428984
甘蓝,price,soil_moisture_0_7,土壤水分 0–7cm,14,0.08204766245454072,0.09888190645358613,-0.11176087419448809,0.2758561991035695,0.4066778546761024,1400,0.5552178819932038,0.7501980027428984
甘蓝,price,soil_moisture_7_28,土壤水分 7–28cm,0,0.045901216715781554,0.12600971220399465,-0.20107781920404794,0.29288025263561107,0.7156584211852384,1410,0.8011101729685504,0.7156584211852384
甘蓝,price,soil_moisture_7_28,土壤水分 7–28cm,1,0.051882601364460726,0.12574686034184787,-0.1945812449055611,0.29834644763448254,0.6799029250609216,1409,0.7745729526010499,0.7156584211852384
甘蓝,price,soil_moisture_7_28,土壤水分 7–28cm,2,0.055562535976684514,0.12513525804071404,-0.189702569783115,0.300827641736484,0.657028247223193,1409,0.758109516026761,0.7156584211852384
甘蓝,price,soil_moisture_7_28,土壤水分 7–28cm,3,0.059557199592292616,0.12316423870787839,-0.18184470827514904,0.30095910745973425,0.6286987428407879,1409,0.736607965013008,0.7156584211852384
甘蓝,price,soil_moisture_7_28,土壤水分 7–28cm,4,0.06421872301183718,0.12357037081041346,-0.1779792037765732,0.3064166498002475,0.6032771925886667,1408,0.7144072017497369,0.7156584211852384
甘蓝,price,soil_moisture_7_28,土壤水分 7–28cm,5,0.07249455964934035,0.12687092040689688,-0.17617244434817753,0.3211615636468582,0.5677257742268618,1407,0.6803637773690754,0.7156584211852384
甘蓝,price,soil_moisture_7_28,土壤水分 7–28cm,6,0.08097464139702361,0.12871387342176066,-0.17130455050962728,0.3332538333036745,0.5292798084074579,1406,0.6463389790593109,0.7156584211852384
甘蓝,price,soil_moisture_7_28,土壤水分 7–28cm,7,0.08889383442556985,0.1300766926855632,-0.16605648323813404,0.34384415208927377,0.494356923975396,1405,0.6257682581967038,0.7156584211852384
甘蓝,price,soil_moisture_7_28,土壤水分 7–28cm,8,0.093443457437975,0.13001955226143402,-0.16139486499443567,0.34828177987038567,0.47233334240146296,1404,0.6038352388655066,0.7156584211852384
甘蓝,price,soil_moisture_7_28,土壤水分 7–28cm,9,0.09756533313027774,0.1307527861703494,-0.15871012776360713,0.3538407940241626,0.4555576756967048,1404,0.5907808474452944,0.7156584211852384
甘蓝,price,soil_moisture_7_28,土壤水分 7–28cm,10,0.10259804749699206,0.12947169903329647,-0.151166482608269,0.3563625776022531,0.42810644040285184,1404,0.5742113209576254,0.7156584211852384
甘蓝,price,soil_moisture_7_28,土壤水分 7–28cm,11,0.10873695663432756,0.13041407510489686,-0.1468746305712703,0.36434854383992543,0.40440363170949556,1403,0.5552178819932038,0.7156584211852384
甘蓝,price,soil_moisture_7_28,土壤水分 7–28cm,12,0.11669719578688524,0.13281027010015056,-0.14361093360940985,0.37700532518318036,0.37957697965013915,1402,0.5405368381093754,0.7156584211852384
甘蓝,price,soil_moisture_7_28,土壤水分 7–28cm,13,0.12191031431786246,0.13457096777602728,-0.14184878252315097,0.38566941115887593,0.3649790503940169,1401,0.5269473408629721,0.7156584211852384
甘蓝,price,soil_moisture_7_28,土壤水分 7–28cm,14,0.12484036658893582,0.13489256512318729,-0.13954906105251125,0.3892297942303829,0.35471629999757903,1400,0.5157426009657853,0.7156584211852384
甘蓝,price,soil_moisture_28_100,土壤水分 28–100cm,0,0.15848001644518278,0.12292361738533429,-0.08245027363007243,0.39941030652043796,0.19730908754962606,1410,0.37384879746244937,0.19730908754962606
甘蓝,price,soil_moisture_28_100,土壤水分 28–100cm,1,0.1649575337115371,0.12282362686577104,-0.07577677494537413,0.40569184236844835,0.17925773058982508,1409,0.3537981524799179,0.19206185420338404
甘蓝,price,soil_moisture_28_100,土壤水分 28–100cm,2,0.1727770308966749,0.12280857151339689,-0.067927769269583,0.4134818310629328,0.15946271471375795,1409,0.33144675113714117,0.1839954400543361
甘蓝,price,soil_moisture_28_100,土壤水分 28–100cm,3,0.18039264341933928,0.12255145445829527,-0.05980820731891945,0.420593494157598,0.14102770309806403,1409,0.3051080115102347,0.17628462887258003
甘蓝,price,soil_moisture_28_100,土壤水分 28–100cm,4,0.18688025721013404,0.12292107393167923,-0.05404504769595722,0.42780556211622534,0.12842875080930924,1408,0.28469427519305,0.17513011473996715
甘蓝,price,soil_moisture_28_100,土壤水分 28–100cm,5,0.1928751973772742,0.12318152189431773,-0.048560585535588535,0.4343109802901369,0.11740006527343642,1407,0.26415014686523197,0.17513011473996715
甘蓝,price,soil_moisture_28_100,土壤水分 28–100cm,6,0.1994872411300721,0.12269455389965409,-0.0409940845132499,0.43996856677339413,0.10397411061678848,1406,0.2393265973276461,0.17329018436131413
甘蓝,price,soil_moisture_28_100,土壤水分 28–100cm,7,0.20740764296232986,0.12178769455219421,-0.03129623835997078,0.4461115242846305,0.08856315267638759,1405,0.2119862697041192,0.16605591126822672
甘蓝,price,soil_moisture_28_100,土壤水分 28–100cm,8,0.2157721751485236,0.12143599324209543,-0.02224237160598344,0.4537867219030306,0.07559477872451016,1404,0.18487853492407377,0.1619888115525218
甘蓝,price,soil_moisture_28_100,土壤水分 28–100cm,9,0.2242807451432697,0.12159652346513129,-0.014048440848387633,0.46260993113492704,0.06511514639182679,1404,0.1662034047156302,0.1619888115525218
甘蓝,price,soil_moisture_28_100,土壤水分 28–100cm,10,0.23264666421348468,0.12163065703020652,-0.005749423565720113,0.47104275199268947,0.05578256588671726,1404,0.15076369158572234,0.1619888115525218
甘蓝,price,soil_moisture_28_100,土壤水分 28–100cm,11,0.23958088529923527,0.12223270633232289,4.780887882416263e-06,0.4791569897105881,0.04999121887032107,1403,0.1392944179049194,0.1619888115525218
甘蓝,price,soil_moisture_28_100,土壤水分 28–100cm,12,0.24297283402196854,0.12258326987113566,0.002709625074542643,0.48323604296939443,0.04746756136261108,1402,0.13465552924206603,0.1619888115525218
甘蓝,price,soil_moisture_28_100,土壤水分 28–100cm,13,0.2461966825360301,0.12164460178572478,0.007773263036009531,0.48462010203605066,0.04298029560328876,1401,0.1289408868098663,0.1619888115525218
甘蓝,price,soil_moisture_28_100,土壤水分 28–100cm,14,0.2518702186938289,0.12078050931284928,0.015140420440644342,0.4886000169470135,0.03703710362715005,1400,0.11947452782951629,0.1619888115525218
甘蓝,volume,soil_moisture_0_7,土壤水分 0–7cm,0,0.09570584921048375,0.08263211912098947,-0.06625310426665562,0.25766480268762315,0.2467758672785504,1410,0.43125879718581617,0.2980974894966649
甘蓝,volume,soil_moisture_0_7,土壤水分 0–7cm,1,0.0847156829127392,0.0814165295068311,-0.07486071492064977,0.24429208074612818,0.2980974894966649,1409,0.4773803212580043,0.2980974894966649
甘蓝,volume,soil_moisture_0_7,土壤水分 0–7cm,2,0.09139031035884777,0.08000770945026986,-0.06542480016368114,0.2482054208813767,0.2533423053339675,1409,0.43679707816201296,0.2980974894966649
甘蓝,volume,soil_moisture_0_7,土壤水分 0–7cm,3,0.10277217477900341,0.07947854549978649,-0.053005774400578104,0.2585501239585849,0.1959831428508666,1409,0.3731690022142749,0.2980974894966649
甘蓝,volume,soil_moisture_0_7,土壤水分 0–7cm,4,0.10723722605918116,0.08006624925309767,-0.04969262247689028,0.2641670745952526,0.18045474635007275,1408,0.3538328359805348,0.2980974894966649
甘蓝,volume,soil_moisture_0_7,土壤水分 0–7cm,5,0.12210073168301835,0.08245760084020089,-0.039516165963775385,0.2837176293298121,0.138667905409687,1407,0.3021818761954438,0.2980974894966649
甘蓝,volume,soil_moisture_0_7,土壤水分 0–7cm,6,0.11623586584356704,0.08283336186982929,-0.04611752342129835,0.27858925510843247,0.1605424794470165,1406,0.33215685402830997,0.2980974894966649
甘蓝,volume,soil_moisture_0_7,土壤水分 0–7cm,7,0.0943205043092426,0.08113049852633122,-0.06469527280236659,0.2533362814208518,0.2450009031745678,1405,0.42927481848765736,0.2980974894966649
甘蓝,volume,soil_moisture_0_7,土壤水分 0–7cm,8,0.08625081334046267,0.0798306806886433,-0.0702173208092782,0.24271894749020353,0.27995436115716255,1404,0.4631597886791292,0.2980974894966649
甘蓝,volume,soil_moisture_0_7,土壤水分 0–7cm,9,0.0879046367320875,0.07786116790713977,-0.06470325236590645,0.24051252583008143,0.2589012027592966,1404,0.4429868488276938,0.2980974894966649
甘蓝,volume,soil_moisture_0_7,土壤水分 0–7cm,10,0.09783776176800267,0.07549324175620772,-0.05012899207416448,0.2458045156101698,0.19498223704858408,1404,0.3731690022142749,0.2980974894966649
甘蓝,volume,soil_moisture_0_7,土壤水分 0–7cm,11,0.10112564315366096,0.0753719045545423,-0.04660328977324196,0.24885457608056388,0.17969690719287268,1403,0.3538328359805348,0.2980974894966649
甘蓝,volume,soil_moisture_0_7,土壤水分 0–7cm,12,0.10860787340373176,0.07642963095133014,-0.041194203260875306,0.25840995006833883,0.15531155673359853,1402,0.32431647577781597,0.2980974894966649
甘蓝,volume,soil_moisture_0_7,土壤水分 0–7cm,13,0.11210402659002905,0.07668479615474119,-0.038198173873263686,0.2624062270533218,0.14377389353600337,1401,0.30882220568592605,0.2980974894966649
甘蓝,volume,soil_moisture_0_7,土壤水分 0–7cm,14,0.10531816488538595,0.07502906417517957,-0.041738800897966,0.2523751306687379,0.16040872855434907,1400,0.33215685402830997,0.2980974894966649
甘蓝,volume,soil_moisture_7_28,土壤水分 7–28cm,0,0.18336304916983776,0.09884687232056702,-0.010376820578473611,0.3771029189181491,0.06359319136770061,1410,0.1645584984393568,0.06412029384300656
甘蓝,volume,soil_moisture_7_28,土壤水分 7–28cm,1,0.18193831364825533,0.09827371892772728,-0.010678175450090144,0.3745548027466008,0.06412029384300656,1409,0.16535319329142092,0.06412029384300656
甘蓝,volume,soil_moisture_7_28,土壤水分 7–28cm,2,0.1833589858510035,0.09727714946403829,-0.0073042270985115565,0.37402219880051857,0.05944155383143393,1409,0.15780943495070957,0.06412029384300656
甘蓝,volume,soil_moisture_7_28,土壤水分 7–28cm,3,0.1922347471042619,0.09664640889380266,0.0028077856724086914,0.3816617085361151,0.04669544743274697,1409,0.1337538770587957,0.06412029384300656
甘蓝,volume,soil_moisture_7_28,土壤水分 7–28cm,4,0.202208954028608,0.09773758147421743,0.010643294339141823,0.3937746137180742,0.038555786853523885,1408,0.12248573357240915,0.06412029384300656
甘蓝,volume,soil_moisture_7_28,土壤水分 7–28cm,5,0.20270545402437384,0.09829843461379824,0.010040522181329309,0.39537038586741835,0.03919409916227895,1407,0.1233380742868918,0.06412029384300656
甘蓝,volume,soil_moisture_7_28,土壤水分 7–28cm,6,0.1926783397981611,0.09640048140479608,0.003733396244760767,0.3816232833515614,0.04563779353510655,1406,0.13207078514982604,0.06412029384300656
甘蓝,volume,soil_moisture_7_28,土壤水分 7–28cm,7,0.18589536234035256,0.0961405000785329,-0.0025400178135719376,0.37433074249427706,0.053164770073933436,1405,0.1448964951313118,0.06412029384300656
甘蓝,volume,soil_moisture_7_28,土壤水分 7–28cm,8,0.18683378239187326,0.09621256655707523,-0.0017428480599941953,0.3754104128437407,0.0521509700967701,1404,0.14353478008285347,0.06412029384300656
甘蓝,volume,soil_moisture_7_28,土壤水分 7–28cm,9,0.18531599199322873,0.09542570862285643,-0.0017183969075698635,0.37235038089402733,0.05213803166634356,1404,0.14353478008285347,0.06412029384300656
甘蓝,volume,soil_moisture_7_28,土壤水分 7–28cm,10,0.1890405927008691,0.09438277395004578,0.004050355758779378,0.3740308296429588,0.04518650488684632,1404,0.13191417324127444,0.06412029384300656
甘蓝,volume,soil_moisture_7_28,土壤水分 7–28cm,11,0.1932260992689653,0.09487277411876113,0.0072754619961935,0.3791767365417371,0.041681467172371596,1403,0.12759632807868854,0.06412029384300656
甘蓝,volume,soil_moisture_7_28,土壤水分 7–28cm,12,0.19512656273598494,0.09578450967595446,0.007388923771114192,0.38286420170085567,0.0416359028521888,1402,0.12759632807868854,0.06412029384300656
甘蓝,volume,soil_moisture_7_28,土壤水分 7–28cm,13,0.19458569069784393,0.09514978773275175,0.008092106741650507,0.38107927465403735,0.04085032544364726,1401,0.12644155619937833,0.06412029384300656
甘蓝,volume,soil_moisture_7_28,土壤水分 7–28cm,14,0.1909224379222796,0.09460998104419878,0.0054868750756499884,0.3763580007689092,0.04359181594032427,1400,0.12938506209644288,0.06412029384300656
甘蓝,volume,soil_moisture_28_100,土壤水分 28–100cm,0,0.12185851106232681,0.08371841852731164,-0.042229589251204014,0.28594661137585764,0.14550989866558273,1410,0.31106629168414357,0.14550989866558275
甘蓝,volume,soil_moisture_28_100,土壤水分 28–100cm,1,0.12302956244047271,0.08373407721772932,-0.04108922890627677,0.2871483537872222,0.14175440662115588,1409,0.30542455797773505,0.14550989866558275
甘蓝,volume,soil_moisture_28_100,土壤水分 28–100cm,2,0.12509227783562088,0.08385594870771511,-0.03926538163150073,0.2894499373027425,0.13576417580281966,1409,0.29688251060174115,0.14550989866558275
甘蓝,volume,soil_moisture_28_100,土壤水分 28–100cm,3,0.1258787456106541,0.08376605422954266,-0.0383027206792495,0.2900602119005577,0.13290565614522312,1409,0.2924574340603932,0.14550989866558275
甘蓝,volume,soil_moisture_28_100,土壤水分 28–100cm,4,0.1269793971006614,0.08380715251787271,-0.03728262183436912,0.29124141603569187,0.12973747331294344,1408,0.28618560289619877,0.14550989866558275
甘蓝,volume,soil_moisture_28_100,土壤水分 28–100cm,5,0.12808065501108964,0.08391943952264694,-0.03640144645329835,0.29256275647547764,0.1269517377988276,1407,0.28281327727461597,0.14550989866558275
甘蓝,volume,soil_moisture_28_100,土壤水分 28–100cm,6,0.12829789669600503,0.08390104225422515,-0.036148146122276265,0.29274393951428634,0.12622543712199347,1406,0.28189303575631297,0.14550989866558275
甘蓝,volume,soil_moisture_28_100,土壤水分 28–100cm,7,0.12871750460649095,0.08393824916312644,-0.03580146375323687,0.2932364729662188,0.1251579878027971,1405,0.28020445030476965,0.14550989866558275
甘蓝,volume,soil_moisture_28_100,土壤水分 28–100cm,8,0.1332364279173069,0.08414495446292836,-0.031687682830032676,0.2981605386646464,0.1133267849188476,1404,0.256912106868924,0.14550989866558275
甘蓝,volume,soil_moisture_28_100,土壤水分 28–100cm,9,0.13692384540237287,0.08461194634623036,-0.02891556943623863,0.3027632602409844,0.1056072973839682,1404,0.2412349432628715,0.14550989866558275
甘蓝,volume,soil_moisture_28_100,土壤水分 28–100cm,10,0.13853183458892607,0.08493662236515005,-0.02794394524676802,0.30500761442462015,0.10288981393428985,1404,0.2374380321560535,0.14550989866558275
甘蓝,volume,soil_moisture_28_100,土壤水分 28–100cm,11,0.14049574797221595,0.08527515049661286,-0.02664354700114524,0.30763504294557714,0.09944342535460464,1403,0.23218528574277536,0.14550989866558275
甘蓝,volume,soil_moisture_28_100,土壤水分 28–100cm,12,0.14146099156330133,0.08573867675997568,-0.026586814886251003,0.3095087980128537,0.09896160424813605,1402,0.23194125995656886,0.14550989866558275
甘蓝,volume,soil_moisture_28_100,土壤水分 28–100cm,13,0.14032609413715855,0.08565709672960838,-0.027561815452873867,0.308214003727191,0.1013735567889434,1401,0.23514484822177595,0.14550989866558275
甘蓝,volume,soil_moisture_28_100,土壤水分 28–100cm,14,0.13913615198963955,0.08567271549455344,-0.028782370379685174,0.3070546743589643,0.1043666862357008,1400,0.2396173918676804,0.14550989866558275
芸豆,price,soil_moisture_0_7,土壤水分 0–7cm,0,0.027638170376328597,0.0803431710975865,-0.12983444497494093,0.18511078572759812,0.7308451673477456,1410,0.8120501859419396,0.7729295598979091
芸豆,price,soil_moisture_0_7,土壤水分 0–7cm,1,0.0228081507210824,0.07904537477877019,-0.13212078384530718,0.17773708528747195,0.7729295598979091,1409,0.8391273871026758,0.7729295598979091
芸豆,price,soil_moisture_0_7,土壤水分 0–7cm,2,0.023589043190613095,0.07801726794785173,-0.1293248019871763,0.17650288836840247,0.7623801640571647,1409,0.8312049699565357,0.7729295598979091
芸豆,price,soil_moisture_0_7,土壤水分 0–7cm,3,0.028236684109486352,0.07491928206882897,-0.11860510874541844,0.17507847696439113,0.706251822883396,1409,0.7953309050487926,0.7729295598979091
芸豆,price,soil_moisture_0_7,土壤水分 0–7cm,4,0.0262100762523509,0.07356668916977856,-0.11798063452041506,0.17040078702511685,0.7216335704387988,1408,0.8047958034633443,0.7729295598979091
芸豆,price,soil_moisture_0_7,土壤水分 0–7cm,5,0.02725548222702375,0.07689349870674739,-0.12345577523820112,0.17796673969224863,0.7229960013439789,1407,0.8053173282296795,0.7729295598979091
芸豆,price,soil_moisture_0_7,土壤水分 0–7cm,6,0.03805174561989429,0.07953104764341477,-0.11782910776119866,0.19393259900098725,0.6323289167561994,1406,0.7390857468578954,0.7729295598979091
芸豆,price,soil_moisture_0_7,土壤水分 0–7cm,7,0.04340236282571122,0.07957605364408102,-0.11256670231668758,0.19937142796811003,0.5854647603361682,1405,0.6979050123212602,0.7729295598979091
芸豆,price,soil_moisture_0_7,土壤水分 0–7cm,8,0.03909726724271419,0.0779654984290405,-0.11371510967820521,0.1919096441636336,0.6160412096012209,1404,0.7259110399095894,0.7729295598979091
芸豆,price,soil_moisture_0_7,土壤水分 0–7cm,9,0.0364946652637577,0.0767763783388302,-0.11398703628034951,0.1869763668078649,0.6345466802081345,1404,0.7391804040903039,0.7729295598979091
芸豆,price,soil_moisture_0_7,土壤水分 0–7cm,10,0.031358515168882835,0.07353373063376718,-0.11276759687330085,0.1754846272110665,0.669779422073992,1404,0.7678999743523475,0.7729295598979091
芸豆,price,soil_moisture_0_7,土壤水分 0–7cm,11,0.02668346004470138,0.07217426872510595,-0.11477810665650628,0.16814502674590903,0.7115994973177006,1403,0.7975585897707728,0.7729295598979091
芸豆,price,soil_moisture_0_7,土壤水分 0–7cm,12,0.033713953377833436,0.07518589236059026,-0.11365039564892347,0.18107830240459033,0.6538587907555595,1402,0.7563919173264827,0.7729295598979091
芸豆,price,soil_moisture_0_7,土壤水分 0–7cm,13,0.04539409843129826,0.07739930256872882,-0.10630853460341022,0.19709673146600676,0.5575447045216264,1401,0.6717406078573812,0.7729295598979091
芸豆,price,soil_moisture_0_7,土壤水分 0–7cm,14,0.04620626934328301,0.0765522047710236,-0.10383605200792326,0.19624859069448927,0.5461151851524371,1400,0.6615123373313504,0.7729295598979091
芸豆,price,soil_moisture_7_28,土壤水分 7–28cm,0,0.029833571313772,0.09492589654342343,-0.1562211859113379,0.21588832853888193,0.7533063024575541,1410,0.8237857499535829,0.7533063024575541
芸豆,price,soil_moisture_7_28,土壤水分 7–28cm,1,0.03346048431564606,0.09361657852332683,-0.15002800959007453,0.21694897822136663,0.7207770320776283,1409,0.8047958034633443,0.7533063024575541
芸豆,price,soil_moisture_7_28,土壤水分 7–28cm,2,0.03410084848968263,0.09202801722213508,-0.14627406526570214,0.21447576224506737,0.7109738079300894,1409,0.7975585897707728,0.7533063024575541
芸豆,price,soil_moisture_7_28,土壤水分 7–28cm,3,0.030371313262255794,0.09024677439925877,-0.1465123645602914,0.20725499108480297,0.736466501817538,1409,0.8153562261849558,0.7533063024575541
芸豆,price,soil_moisture_7_28,土壤水分 7–28cm,4,0.031056582989906874,0.09103964026989193,-0.14738111193908132,0.20949427791889508,0.7330038115886395,1408,0.8134444271637182,0.7533063024575541
芸豆,price,soil_moisture_7_28,土壤水分 7–28cm,5,0.04002885801142554,0.0934909170682393,-0.14321333944232345,0.22327105546517456,0.6685362950412845,1407,0.7674523795116786,0.7533063024575541
芸豆,price,soil_moisture_7_28,土壤水分 7–28cm,6,0.04919625824064326,0.09351124006528574,-0.13408577228731677,0.23247828876860333,0.5988187669902915,1406,0.7116754213476635,0.7533063024575541
芸豆,price,soil_moisture_7_28,土壤水分 7–28cm,7,0.05698313605374836,0.0929156271269798,-0.12513149311513205,0.23909776522262877,0.539692351981347,1405,0.6554967837830126,0.7533063024575541
芸豆,price,soil_moisture_7_28,土壤水分 7–28cm,8,0.062235055995731835,0.09173134381639314,-0.11755837788439871,0.2420284898758624,0.49748692875476386,1404,0.6262073229080943,0.7533063024575541
芸豆,price,soil_moisture_7_28,土壤水分 7–28cm,9,0.06334201903123543,0.09141915403592768,-0.11583952287918281,0.24252356094165367,0.4883881874826823,1404,0.6217105639807837,0.7533063024575541
芸豆,price,soil_moisture_7_28,土壤水分 7–28cm,10,0.06518629636867124,0.09058528135132615,-0.11236085507992802,0.2427334478172705,0.4717636435326875,1404,0.6038352388655066,0.7533063024575541
芸豆,price,soil_moisture_7_28,土壤水分 7–28cm,11,0.07135779052159283,0.09159117160260716,-0.1081609058195172,0.25087648686270286,0.4359265419471433,1403,0.5807219809508531,0.7533063024575541
芸豆,price,soil_moisture_7_28,土壤水分 7–28cm,12,0.08173563148592196,0.09361998164942377,-0.10175953254694863,0.26523079551879253,0.38263171208012303,1402,0.542844094508954,0.7533063024575541
芸豆,price,soil_moisture_7_28,土壤水分 7–28cm,13,0.08713354268404075,0.09375918025881076,-0.09663445062322834,0.27090153599130984,0.35271630386742425,1401,0.5154313996603778,0.7533063024575541
芸豆,price,soil_moisture_7_28,土壤水分 7–28cm,14,0.09198482232389589,0.09256019003571365,-0.08943315014610288,0.2734027947938947,0.3203281086667361,1400,0.4970608582759698,0.7533063024575541
芸豆,price,soil_moisture_28_100,土壤水分 28–100cm,0,0.1407082478334891,0.07818830200356007,-0.01254082409348864,0.2939573197604668,0.07192264986899387,1410,0.17930854537976312,0.07192264986899387
芸豆,price,soil_moisture_28_100,土壤水分 28–100cm,1,0.14819303912946835,0.07799548734241908,-0.004678116061673038,0.3010641943206097,0.05743040542455733,1409,0.15429064143910926,0.06153257724059714
芸豆,price,soil_moisture_28_100,土壤水分 28–100cm,2,0.1559682131334061,0.0779093288759522,0.003265928536539786,0.3086704977302724,0.04529337841963097,1409,0.13191417324127444,0.05226159048418958
芸豆,price,soil_moisture_28_100,土壤水分 28–100cm,3,0.16462957542262083,0.07761411468416043,0.012505910641666368,0.3167532402035753,0.03391091996195448,1409,0.11495484991821,0.0423886499524431
芸豆,price,soil_moisture_28_100,土壤水分 28–100cm,4,0.17506328040304794,0.07793865261644116,0.022303521274823268,0.3278230395312726,0.024693271321595364,1408,0.09336117760288816,0.0336726427112664
芸豆,price,soil_moisture_28_100,土壤水分 28–100cm,5,0.183943418207392,0.07830035039142028,0.030474731440208264,0.33741210497457574,0.018813646468093286,1407,0.07492160097913256,0.028220469702139928
芸豆,price,soil_moisture_28_100,土壤水分 28–100cm,6,0.19170420953148518,0.0782686872131681,0.038297582593675716,0.34511083646929464,0.014313055076569976,1406,0.05855340713142263,0.023855091794283294
芸豆,price,soil_moisture_28_100,土壤水分 28–100cm,7,0.19992141032689573,0.07800149725280667,0.04703847571139466,0.35280434494239676,0.01037583587722775,1405,0.044048359856155545,0.01945469226980203
芸豆,price,soil_moisture_28_100,土壤水分 28–100cm,8,0.20880221066905502,0.07792095119883567,0.05607714631933711,0.3615272750187729,0.007369540666930157,1404,0.0331629330011857,0.01579187285770748
芸豆,price,soil_moisture_28_100,土壤水分 28–100cm,9,0.22003722375541815,0.07811821153097322,0.06692552915471064,0.3731489183561256,0.004851661862137751,1404,0.024258309310688755,0.012129154655344377
芸豆,price,soil_moisture_28_100,土壤水分 28–100cm,10,0.23223716293485167,0.07824187628430652,0.07888308541761088,0.3855912404520925,0.002995540142901189,1404,0.017338075598717882,0.008986620428703566
芸豆,price,soil_moisture_28_100,土壤水分 28–100cm,11,0.24210224533609997,0.07883190066870686,0.08759172002543453,0.3966127706467654,0.0021325725596756493,1403,0.014323248535134957,0.007997147098783684
芸豆,price,soil_moisture_28_100,土壤水分 28–100cm,12,0.24994651952265431,0.07933926000925307,0.0944415699045183,0.40545146914079033,0.0016307439704984182,1402,0.013197194924609086,0.007997147098783684
芸豆,price,soil_moisture_28_100,土壤水分 28–100cm,13,0.2557865016218357,0.07929259448737365,0.10037301642658333,0.411199986817088,0.0012559647560494488,1401,0.011659459624246252,0.007997147098783684
芸豆,price,soil_moisture_28_100,土壤水分 28–100cm,14,0.2640571939896102,0.0792928115637018,0.10864328332475467,0.4194711046544657,0.0008679827670902852,1400,0.009815681450792636,0.007997147098783684
芸豆,volume,soil_moisture_0_7,土壤水分 0–7cm,0,0.11733644682766714,0.06368947464551068,-0.007494923477533791,0.24216781713286806,0.06542823225715642,1410,0.1663429633656519,0.08157015249554654
芸豆,volume,soil_moisture_0_7,土壤水分 0–7cm,1,0.11305682576058657,0.06374487246958185,-0.011883124279793864,0.237996775800967,0.07613214232917677,1409,0.18568815202238234,0.08157015249554654
芸豆,volume,soil_moisture_0_7,土壤水分 0–7cm,2,0.11891345847561013,0.06290626878405207,-0.0043828283411319335,0.2422097452923522,0.05871415464713644,1409,0.15727005709054404,0.08157015249554654
芸豆,volume,soil_moisture_0_7,土壤水分 0–7cm,3,0.126544437151521,0.06175228618124568,0.005509956236279465,0.24757891806676252,0.040439946809010294,1409,0.12593755061629502,0.08157015249554654
芸豆,volume,soil_moisture_0_7,土壤水分 0–7cm,4,0.12648634252275648,0.06057591263717064,0.0077575537539020245,0.24521513129161093,0.036792121350026345,1408,0.11947452782951629,0.08157015249554654
芸豆,volume,soil_moisture_0_7,土壤水分 0–7cm,5,0.12276467457498408,0.06175346304212097,0.0017278870124269874,0.24380146213754117,0.0468138569705785,1407,0.1337538770587957,0.08157015249554654
芸豆,volume,soil_moisture_0_7,土壤水分 0–7cm,6,0.11457448867308749,0.06397706043535455,-0.010820549780207425,0.23996952712638242,0.07331443371572016,1406,0.18177132326211612,0.08157015249554654
芸豆,volume,soil_moisture_0_7,土壤水分 0–7cm,7,0.11248533014330026,0.06559347129950212,-0.016077873603723897,0.2410485338903244,0.08636611728435588,1405,0.2072786814824541,0.08636611728435588
芸豆,volume,soil_moisture_0_7,土壤水分 0–7cm,8,0.11976522847870077,0.06626430796774803,-0.010112815138085346,0.2496432720954869,0.07070200722184815,1404,0.17675501805462038,0.08157015249554654
芸豆,volume,soil_moisture_0_7,土壤水分 0–7cm,9,0.12768549451123176,0.06546462888600398,-0.0006251781053360217,0.25599616712779955,0.05112249078069582,1404,0.14200691883526617,0.08157015249554654
芸豆,volume,soil_moisture_0_7,土壤水分 0–7cm,10,0.1376547127475381,0.06299162602378773,0.014191125740914148,0.26111829975416206,0.02886788989748058,1404,0.10446889370694602,0.08157015249554654
芸豆,volume,soil_moisture_0_7,土壤水分 0–7cm,11,0.14416345543551765,0.06128234755034423,0.024050054236842963,0.2642768566341923,0.018650363120570435,1403,0.07460145248228174,0.08157015249554654
芸豆,volume,soil_moisture_0_7,土壤水分 0–7cm,12,0.1411576656646695,0.062127488924285,0.01938778737307091,0.2629275439562681,0.023082611378242614,1402,0.08859034564031516,0.08157015249554654
芸豆,volume,soil_moisture_0_7,土壤水分 0–7cm,13,0.14309021646300363,0.06369433700013342,0.018249315942742123,0.2679311169832651,0.024671107168211342,1401,0.09336117760288816,0.08157015249554654
芸豆,volume,soil_moisture_0_7,土壤水分 0–7cm,14,0.14608269084201977,0.06560331811738929,0.017500187331936784,0.2746651943521028,0.025963474814043458,1400,0.09655837740759964,0.08157015249554654
芸豆,volume,soil_moisture_7_28,土壤水分 7–28cm,0,0.18688678677721876,0.08742939581435014,0.01552517098109249,0.358248402573345,0.03255134919331263,1410,0.11224603170107804,0.03912088791523868
芸豆,volume,soil_moisture_7_28,土壤水分 7–28cm,1,0.18627433654506842,0.08795810952303648,0.013876441879916906,0.35867223121021996,0.03419523427115135,1409,0.1151491054800769,0.03912088791523868
芸豆,volume,soil_moisture_7_28,土壤水分 7–28cm,2,0.19214704021229354,0.08727812147354976,0.02108192212413601,0.36321215830045106,0.027697198711883086,1409,0.10133121479957227,0.03912088791523868
芸豆,volume,soil_moisture_7_28,土壤水分 7–28cm,3,0.19702691883200812,0.08513359372277758,0.030165075135364067,0.3638887625286522,0.020649827711072932,1409,0.08080367365202451,0.03912088791523868
芸豆,volume,soil_moisture_7_28,土壤水分 7–28cm,4,0.1932333700025589,0.08466927377204507,0.027281593409350574,0.3591851465957673,0.022476731229204124,1408,0.08681999187246228,0.03912088791523868
芸豆,volume,soil_moisture_7_28,土壤水分 7–28cm,5,0.18798208609580044,0.08655706546011377,0.018330237793977466,0.3576339343976234,0.029872973690488743,1407,0.10668919175174552,0.03912088791523868
芸豆,volume,soil_moisture_7_28,土壤水分 7–28cm,6,0.18328529950920347,0.08733002842619784,0.01211844379385571,0.3544521552245512,0.03583752826518304,1406,0.11771450890023627,0.03912088791523868
芸豆,volume,soil_moisture_7_28,土壤水分 7–28cm,7,0.18316779869525615,0.0890131147153081,0.008702093853252296,0.35763350353726,0.03961299224462835,1405,0.1237906007644636,0.03961299224462835
芸豆,volume,soil_moisture_7_28,土壤水分 7–28cm,8,0.1860871092584741,0.0889870792019484,0.011672434022655248,0.36050178449429293,0.036512828720889436,1404,0.1190635719159438,0.03912088791523868
芸豆,volume,soil_moisture_7_28,土壤水分 7–28cm,9,0.18899088403173817,0.08784826733095938,0.01680828006305779,0.36117348800041854,0.03144991859112481,1404,0.10965292685969878,0.03912088791523868
芸豆,volume,soil_moisture_7_28,土壤水分 7–28cm,10,0.18744944571825028,0.08573769260635705,0.019403568209790473,0.35549532322671007,0.028792701936012025,1404,0.10446889370694602,0.03912088791523868
芸豆,volume,soil_moisture_7_28,土壤水分 7–28cm,11,0.18425975231682096,0.08523665818348226,0.017195902277195724,0.3513236023564462,0.03063798837269633,1403,0.10829278920247765,0.03912088791523868
芸豆,volume,soil_moisture_7_28,土壤水分 7–28cm,12,0.18110265419132865,0.08541120346014104,0.013696695409452203,0.3485086129732051,0.03397554453138207,1402,0.11495484991821,0.03912088791523868
芸豆,volume,soil_moisture_7_28,土壤水分 7–28cm,13,0.18340385468167217,0.08578838138351962,0.015258627169973726,0.3515490821933706,0.03252781829817886,1401,0.11224603170107804,0.03912088791523868
芸豆,volume,soil_moisture_7_28,土壤水分 7–28cm,14,0.18448474783191904,0.08665451122712067,0.01464190582676253,0.3543275898370756,0.03325684463830764,1400,0.11424106936823233,0.03912088791523868
芸豆,volume,soil_moisture_28_100,土壤水分 28–100cm,0,0.23391987232860292,0.0746022777478807,0.08769940794275677,0.3801403367144491,0.0017152669534188406,1410,0.013218243424748985,0.0020801834886115277
芸豆,volume,soil_moisture_28_100,土壤水分 28–100cm,1,0.23178577458378644,0.07443360095523004,0.08589591671153557,0.3776756324560373,0.0018457334561573513,1409,0.013616066479849313,0.0020801834886115277
芸豆,volume,soil_moisture_28_100,土壤水分 28–100cm,2,0.2319466656772674,0.07446084998067339,0.08600339971514756,0.3778899316393872,0.0018393554696813706,1409,0.013616066479849313,0.0020801834886115277
芸豆,volume,soil_moisture_28_100,土壤水分 28–100cm,3,0.23106904058571198,0.07456155088389892,0.08492840085327011,0.37720968031815383,0.0019415045893707594,1409,0.01396111049009793,0.0020801834886115277
芸豆,volume,soil_moisture_28_100,土壤水分 28–100cm,4,0.23041475553569823,0.07485010558486581,0.08370854858936125,0.3771209624820352,0.002081509140860562,1408,0.01428027768101481,0.002081509140860562
芸豆,volume,soil_moisture_28_100,土壤水分 28–100cm,5,0.2314822914576546,0.07465448079356363,0.08515950910226988,0.3778050738130393,0.0019305380367148632,1407,0.01396111049009793,0.0020801834886115277
芸豆,volume,soil_moisture_28_100,土壤水分 28–100cm,6,0.23341826834230328,0.07425145026127125,0.08788542583021164,0.3789511108543949,0.0016687256215511673,1406,0.013197194924609086,0.0020801834886115277
芸豆,volume,soil_moisture_28_100,土壤水分 28–100cm,7,0.23305036124304235,0.07414648259510065,0.08772325535664507,0.37837746712943965,0.0016716446904504842,1405,0.013197194924609086,0.0020801834886115277
芸豆,volume,soil_moisture_28_100,土壤水分 28–100cm,8,0.23292200320647025,0.07403512593327492,0.0878131563772514,0.3780308500356891,0.0016546270669740885,1404,0.013197194924609086,0.0020801834886115277
芸豆,volume,soil_moisture_28_100,土壤水分 28–100cm,9,0.23527319288223247,0.07406147311921206,0.09011270556857684,0.3804336801958881,0.0014894639928843408,1404,0.012889592246114488,0.0020801834886115277
芸豆,volume,soil_moisture_28_100,土壤水分 28–100cm,10,0.237258295054262,0.07404754416263264,0.09212510849550204,0.38239148161302194,0.0013546914805748899,1404,0.012160912388533932,0.0020801834886115277
芸豆,volume,soil_moisture_28_100,土壤水分 28–100cm,11,0.24076413455957751,0.07419835766969314,0.09533535352697897,0.38619291559217606,0.0011750364372374678,1403,0.011250348867167246,0.0020801834886115277
芸豆,volume,soil_moisture_28_100,土壤水分 28–100cm,12,0.2453972406140764,0.07399478989018748,0.10036745242930892,0.39042702879884383,0.0009118115944114351,1402,0.01000768823134502,0.0020801834886115277
芸豆,volume,soil_moisture_28_100,土壤水分 28–100cm,13,0.248431644571341,0.07346936088221491,0.10443169724219978,0.39243159190048227,0.0007210908987620549,1401,0.008692101030402716,0.0020801834886115277
芸豆,volume,soil_moisture_28_100,土壤水分 28–100cm,14,0.25033031133074757,0.07356032108030079,0.10615208201335802,0.3945085406481371,0.0006663523083479192,1400,0.008692101030402716,0.0020801834886115277
芹菜,price,soil_moisture_0_7,土壤水分 0–7cm,0,0.05126472632934811,0.07791364123333241,-0.1014460104879834,0.20397546314667964,0.5105583338666588,1410,0.6346719619889405,0.5870616552010588
芹菜,price,soil_moisture_0_7,土壤水分 0–7cm,1,0.047388561206223506,0.07899141735842176,-0.10743461681628313,0.20221173922873015,0.5485592987123554,1409,0.6635797968294622,0.5870616552010588
芹菜,price,soil_moisture_0_7,土壤水分 0–7cm,2,0.04342110050811748,0.07995062068434017,-0.11328211603318925,0.2001243170494242,0.5870616552010588,1409,0.6988829228584034,0.5870616552010588
芹菜,price,soil_moisture_0_7,土壤水分 0–7cm,3,0.052300893359631256,0.07838781109273016,-0.10133921638211985,0.20594100310138236,0.5046399442283535,1409,0.6316772598129597,0.5870616552010588
芹菜,price,soil_moisture_0_7,土壤水分 0–7cm,4,0.05400179430436157,0.0766505992379903,-0.09623338020209941,0.20423696881082254,0.4811096968143681,1408,0.6133126446642087,0.5870616552010588
芹菜,price,soil_moisture_0_7,土壤水分 0–7cm,5,0.05170491338778718,0.07790983061872382,-0.1009983546249115,0.20440818140048586,0.5069139016499695,1407,0.6333175869549637,0.5870616552010588
芹菜,price,soil_moisture_0_7,土壤水分 0–7cm,6,0.06059918810036018,0.07854601201852723,-0.0933509954559532,0.21454937165667354,0.4404035329386101,1406,0.5807219809508531,0.5870616552010588
芹菜,price,soil_moisture_0_7,土壤水分 0–7cm,7,0.0732820350869689,0.07886551745863689,-0.08129437913195939,0.2278584493058972,0.3527841579897697,1405,0.5154313996603778,0.5870616552010588
芹菜,price,soil_moisture_0_7,土壤水分 0–7cm,8,0.0689522647251674,0.07981034922515715,-0.0874760197561406,0.22538054920647538,0.38761457675826927,1404,0.5467917226997528,0.5870616552010588
芹菜,price,soil_moisture_0_7,土壤水分 0–7cm,9,0.058909624715378604,0.08146474712174945,-0.1007612796432503,0.21858052907400752,0.46959985281717664,1404,0.6020510933553547,0.5870616552010588
芹菜,price,soil_moisture_0_7,土壤水分 0–7cm,10,0.05487939481742474,0.08023190522214736,-0.1023751394179841,0.21213392905283357,0.4939690926218764,1404,0.6257682581967038,0.5870616552010588
芹菜,price,soil_moisture_0_7,土壤水分 0–7cm,11,0.05118471459204983,0.080023335282769,-0.10566102256217742,0.2080304517462771,0.5224181418878027,1403,0.6418691166686951,0.5870616552010588
芹菜,price,soil_moisture_0_7,土壤水分 0–7cm,12,0.05904473592774941,0.08241433406030946,-0.10248735883045712,0.22057683068595596,0.47372112327938254,1402,0.6047503701438925,0.5870616552010588
芹菜,price,soil_moisture_0_7,土壤水分 0–7cm,13,0.06931048934454652,0.08322569201305553,-0.09381186700104231,0.23243284569013534,0.40495663307604834,1401,0.5552178819932038,0.5870616552010588
芹菜,price,soil_moisture_0_7,土壤水分 0–7cm,14,0.07095194167162967,0.08345547993695095,-0.09262079900479418,0.23452468234805351,0.3952266063668324,1400,0.5497742592428889,0.5870616552010588
芹菜,price,soil_moisture_7_28,土壤水分 7–28cm,0,-0.00363514618573676,0.10730903242442619,-0.2139608497376121,0.20669055736613856,0.9729764371413117,1410,0.9799957207630717,0.9941234512002467
芹菜,price,soil_moisture_7_28,土壤水分 7–28cm,1,-0.0009538375526912182,0.1070953918930002,-0.2108608056629716,0.20895313055758918,0.9928937913966775,1409,0.995229261490792,0.9941234512002467
芹菜,price,soil_moisture_7_28,土壤水分 7–28cm,2,0.0007843826469481636,0.10649807681197108,-0.20795184790451515,0.20952061319841148,0.9941234512002467,1409,0.995229261490792,0.9941234512002467
芹菜,price,soil_moisture_7_28,土壤水分 7–28cm,3,0.0035489144851326305,0.10456277843255629,-0.2013941312426777,0.20849196021294297,0.9729245859815684,1409,0.9799957207630717,0.9941234512002467
芹菜,price,soil_moisture_7_28,土壤水分 7–28cm,4,0.007117394320662895,0.10405321005276029,-0.19682689738274728,0.21106168602407305,0.9454660379514087,1408,0.9582426060318331,0.9941234512002467
芹菜,price,soil_moisture_7_28,土壤水分 7–28cm,5,0.01498562984673236,0.10574107414943823,-0.19226687548616658,0.22223813517963129,0.887301140683776,1407,0.9296519518223497,0.9941234512002467
芹菜,price,soil_moisture_7_28,土壤水分 7–28cm,6,0.023154327600143444,0.10595118727995571,-0.18450999946856975,0.23081865466885662,0.8270101964164419,1406,0.8803893664101248,0.9941234512002467
芹菜,price,soil_moisture_7_28,土壤水分 7–28cm,7,0.027505908659785423,0.10631330203524784,-0.18086816332930036,0.2358799806488712,0.795847431923882,1405,0.8577996272233458,0.9941234512002467
芹菜,price,soil_moisture_7_28,土壤水分 7–28cm,8,0.027537662695731872,0.10699631261764282,-0.18217511003484804,0.2372504354263118,0.796893002874368,1404,0.8578991657738413,0.9941234512002467
芹菜,price,soil_moisture_7_28,土壤水分 7–28cm,9,0.026719185680845813,0.10834033546377232,-0.18562787182814794,0.23906624318983954,0.8052002376814779,1404,0.863742805617795,0.9941234512002467
芹菜,price,soil_moisture_7_28,土壤水分 7–28cm,10,0.02912428136518366,0.10745899496794449,-0.18149534877198753,0.23974391150235486,0.7863703210225326,1404,0.849619794622184,0.9941234512002467
芹菜,price,soil_moisture_7_28,土壤水分 7–28cm,11,0.034801101481680835,0.10793130883041638,-0.17674426382593525,0.24634646678929692,0.747121278375132,1403,0.8193892588269983,0.9941234512002467
芹菜,price,soil_moisture_7_28,土壤水分 7–28cm,12,0.045733706434036916,0.10927828146630957,-0.16845172523992985,0.25991913810800366,0.6755765988142033,1402,0.7715976382395723,0.9941234512002467
芹菜,price,soil_moisture_7_28,土壤水分 7–28cm,13,0.04856012471518635,0.1099858277479569,-0.16701209767080916,0.2641323471011819,0.6588419684712519,1401,0.7592289009271789,0.9941234512002467
芹菜,price,soil_moisture_7_28,土壤水分 7–28cm,14,0.04987723129874206,0.10999920635178112,-0.16572121315074895,0.26547567574823305,0.6502372325398953,1400,0.7531705396215003,0.9941234512002467
芹菜,price,soil_moisture_28_100,土壤水分 28–100cm,0,0.024405482922044825,0.11097223722061549,-0.19310010203036151,0.24191106787445119,0.82593017175784,1410,0.8803893664101248,0.82593017175784
芹菜,price,soil_moisture_28_100,土壤水分 28–100cm,1,0.030745039936772023,0.11090078692930475,-0.18662050244466527,0.24811058231820932,0.7816034030832045,1409,0.8465018805955283,0.82593017175784
芹菜,price,soil_moisture_28_100,土壤水分 28–100cm,2,0.036924308499352285,0.11101263531915811,-0.18066045672619763,0.25450907372490217,0.739426001765823,1409,0.8155433843005401,0.82593017175784
芹菜,price,soil_moisture_28_100,土壤水分 28–100cm,3,0.0428234151156957,0.11098883599660642,-0.17471470343765286,0.26036153366904424,0.6996186215666594,1409,0.7910260796607959,0.82593017175784
芹菜,price,soil_moisture_28_100,土壤水分 28–100cm,4,0.04901605706160755,0.11185388404165718,-0.17021755566004051,0.2682496697832556,0.6612303889012474,1408,0.7600349297715487,0.82593017175784
芹菜,price,soil_moisture_28_100,土壤水分 28–100cm,5,0.05347716329297441,0.11261239296340694,-0.1672431269153032,0.274197453501252,0.634873835957561,1407,0.7391804040903039,0.82593017175784
芹菜,price,soil_moisture_28_100,土壤水分 28–100cm,6,0.05751136302330318,0.1124200611755383,-0.1628319568807519,0.27785468292735827,0.6089480485815608,1406,0.720175090306708,0.82593017175784
芹菜,price,soil_moisture_28_100,土壤水分 28–100cm,7,0.061789209311865864,0.11209386405844957,-0.1579147642426953,0.281493182866427,0.5814777988714827,1405,0.6940716432152976,0.82593017175784
芹菜,price,soil_moisture_28_100,土壤水分 28–100cm,8,0.06642003585789791,0.11235206037579022,-0.15379000247865093,0.28663007419444675,0.5544013435970225,1404,0.6694481765722202,0.82593017175784
芹菜,price,soil_moisture_28_100,土壤水分 28–100cm,9,0.0712483773107786,0.11295541289054513,-0.15014423195468984,0.29264098657624704,0.528193865477314,1404,0.6463389790593109,0.82593017175784
芹菜,price,soil_moisture_28_100,土壤水分 28–100cm,10,0.07704556105122475,0.11345913630608705,-0.14533434610870588,0.29942546821115534,0.4970998460231355,1404,0.6262073229080943,0.82593017175784
芹菜,price,soil_moisture_28_100,土壤水分 28–100cm,11,0.08301287041106523,0.11465388337791084,-0.14170874100964,0.30773448183177043,0.4690472145029977,1403,0.6020510933553547,0.82593017175784
芹菜,price,soil_moisture_28_100,土壤水分 28–100cm,12,0.08661324227084186,0.11561902376639668,-0.14000004431129565,0.31322652885297936,0.45378113270130793,1402,0.5901777737444757,0.82593017175784
芹菜,price,soil_moisture_28_100,土壤水分 28–100cm,13,0.08948051092647599,0.11520706798908086,-0.13632534233212248,0.3152863641850745,0.4373399809103864,1401,0.5807219809508531,0.82593017175784
芹菜,price,soil_moisture_28_100,土壤水分 28–100cm,14,0.09536159206681027,0.11491636248774356,-0.1298744784091671,0.32059766254278765,0.40663221502495417,1400,0.5552178819932038,0.82593017175784
芹菜,volume,soil_moisture_0_7,土壤水分 0–7cm,0,0.2073042834767071,0.08033354292463739,0.04985053934441783,0.36475802760899634,0.009864463792483583,1410,0.042478552216436476,0.01638144983286932
芹菜,volume,soil_moisture_0_7,土壤水分 0–7cm,1,0.20696860776503698,0.08239982228056804,0.04546495609512363,0.3684722594349503,0.012013063210770836,1409,0.049823764468634804,0.01638144983286932
芹菜,volume,soil_moisture_0_7,土壤水分 0–7cm,2,0.21380693639307802,0.08460012450075696,0.04799069237159437,0.37962318041456167,0.011495471661444916,1409,0.04812057904790895,0.01638144983286932
芹菜,volume,soil_moisture_0_7,土壤水分 0–7cm,3,0.21729369699808765,0.08327619641689732,0.05407235202096891,0.38051504197520636,0.009072410507622792,1409,0.039255622388752465,0.01638144983286932
芹菜,volume,soil_moisture_0_7,土壤水分 0–7cm,4,0.2098969641397345,0.08141913622659754,0.050315457135603314,0.36947847114386567,0.009937954017241278,1408,0.04259123150246262,0.01638144983286932
芹菜,volume,soil_moisture_0_7,土壤水分 0–7cm,5,0.2094871246881293,0.08243117645690187,0.04792201883260164,0.371052230543657,0.011042280957379743,1407,0.046657525172027085,0.01638144983286932
芹菜,volume,soil_moisture_0_7,土壤水分 0–7cm,6,0.20647553758417123,0.08407620534128216,0.04168617511525821,0.3712649000530842,0.014056581901241883,1406,0.05776677493661048,0.017570727376552357
芹菜,volume,soil_moisture_0_7,土壤水分 0–7cm,7,0.2031078892660379,0.08428751980006655,0.037904350457907465,0.36831142807416833,0.015965511446316853,1405,0.06501791991712745,0.018421743976519446
芹菜,volume,soil_moisture_0_7,土壤水分 0–7cm,8,0.19268904160965428,0.08395931321574467,0.028128787706794722,0.35724929551251383,0.021731474032076245,1404,0.0846680806444529,0.021731474032076245
芹菜,volume,soil_moisture_0_7,土壤水分 0–7cm,9,0.19411012266974734,0.08363627933548722,0.030183015172192407,0.35803723016730227,0.020293092307531835,1404,0.07975451125230852,0.021731474032076245
芹菜,volume,soil_moisture_0_7,土壤水分 0–7cm,10,0.21408779315647727,0.08142330170651184,0.05449812181171407,0.3736774645012405,0.008555618979364726,1404,0.03719834338854228,0.01638144983286932
芹菜,volume,soil_moisture_0_7,土壤水分 0–7cm,11,0.21701505676518748,0.07999401964499435,0.060226778260998565,0.37380333526937637,0.006669903998817161,1403,0.031103179269095574,0.01638144983286932
芹菜,volume,soil_moisture_0_7,土壤水分 0–7cm,12,0.22955654502974004,0.08103056856816283,0.07073663063614088,0.3883764594233392,0.004611882636603094,1402,0.023318507713161712,0.01638144983286932
芹菜,volume,soil_moisture_0_7,土壤水分 0–7cm,13,0.24087921571302265,0.08317813059368857,0.07785007974939304,0.4039083516766523,0.0037801974275324416,1401,0.020432348598578984,0.01638144983286932
芹菜,volume,soil_moisture_0_7,土壤水分 0–7cm,14,0.24961941140539523,0.08286981846337249,0.08719456721718516,0.4120442555936053,0.002593725417545436,1400,0.015772654566154676,0.01638144983286932
芹菜,volume,soil_moisture_7_28,土壤水分 7–28cm,0,0.3459090986420594,0.1059739090354177,0.1382002369326407,0.553617960351478,0.0010981363530906273,1410,0.010831327516124251,0.0010981363530906273
芹菜,volume,soil_moisture_7_28,土壤水分 7–28cm,1,0.35117407322238897,0.10748063735766258,0.1405120240013703,0.5618361224434076,0.0010856932333804905,1409,0.010831327516124251,0.0010981363530906273
芹菜,volume,soil_moisture_7_28,土壤水分 7–28cm,2,0.36109560840557986,0.1071839207670683,0.151015123702126,0.5711760931090337,0.0007545935883156998,1409,0.00893597670373855,0.0009432419853946248
芹菜,volume,soil_moisture_7_28,土壤水分 7–28cm,3,0.3647993839828436,0.10451135146093397,0.15995713511941304,0.5696416328462742,0.00048207425246922194,1409,0.008564318666485125,0.0008070760360111076
芹菜,volume,soil_moisture_7_28,土壤水分 7–28cm,4,0.3703241960219437,0.1039566851076655,0.16656909321091937,0.574079298832968,0.00036762942583539214,1408,0.008564318666485125,0.0008070760360111076
芹菜,volume,soil_moisture_7_28,土壤水分 7–28cm,5,0.37228835599377025,0.10570320238796974,0.16511007931334956,0.579466632674191,0.00042827850910605347,1407,0.008564318666485125,0.0008070760360111076
芹菜,volume,soil_moisture_7_28,土壤水分 7–28cm,6,0.3684141230877083,0.10558326712303835,0.16147091952655315,0.5753573266488635,0.0004842456216066646,1406,0.008564318666485125,0.0008070760360111076
芹菜,volume,soil_moisture_7_28,土壤水分 7–28cm,7,0.3628219354232132,0.1065463116329865,0.15399116462255968,0.5716527062238668,0.0006609190372927486,1405,0.008692101030402716,0.0009432419853946248
芹菜,volume,soil_moisture_7_28,土壤水分 7–28cm,8,0.3587376165336935,0.1077708974547683,0.14750665752234765,0.5699685755450394,0.0008725050178482343,1404,0.009815681450792636,0.001006736559055655
芹菜,volume,soil_moisture_7_28,土壤水分 7–28cm,9,0.3657901065575691,0.10790882379258605,0.15428881192410043,0.5772914011910377,0.0006994179793530972,1404,0.008692101030402716,0.0009432419853946248
芹菜,volume,soil_moisture_7_28,土壤水分 7–28cm,10,0.3794593452332133,0.10581762229519356,0.1720568055346339,0.5868618849317927,0.0003358211668483868,1404,0.008564318666485125,0.0008070760360111076
芹菜,volume,soil_moisture_7_28,土壤水分 7–28cm,11,0.3861940365765147,0.10570743520414287,0.17900746357639466,0.5933806095766347,0.0002587668258160264,1403,0.008564318666485125,0.0008070760360111076
芹菜,volume,soil_moisture_7_28,土壤水分 7–28cm,12,0.39191191883676063,0.10736304270093425,0.1814803551429295,0.6023434825305918,0.0002618904681329668,1402,0.008564318666485125,0.0008070760360111076
芹菜,volume,soil_moisture_7_28,土壤水分 7–28cm,13,0.39412900338774104,0.10865349165993742,0.1811681597342637,0.6070898470412184,0.0002862964566091209,1401,0.008564318666485125,0.0008070760360111076
芹菜,volume,soil_moisture_7_28,土壤水分 7–28cm,14,0.39179997803000033,0.10743571995755828,0.1812259669131861,0.6023739891468145,0.0002654937989431,1400,0.008564318666485125,0.0008070760360111076
芹菜,volume,soil_moisture_28_100,土壤水分 28–100cm,0,0.30621684137349964,0.11630101693371397,0.07826684818342025,0.534166834563579,0.008464235292219348,1410,0.03697966875241463,0.008464235292219348
芹菜,volume,soil_moisture_28_100,土壤水分 28–100cm,1,0.30964977471058913,0.11551201254582606,0.08324623012077007,0.5360533193004082,0.007347457607331519,1409,0.0331629330011857,0.007872276007855198
芹菜,volume,soil_moisture_28_100,土壤水分 28–100cm,2,0.3112471583494623,0.1148923521348383,0.08605814816517926,0.5364361685337453,0.006747965423752273,1409,0.031304994233902296,0.0077861139504833915
芹菜,volume,soil_moisture_28_100,土壤水分 28–100cm,3,0.31381049240156783,0.11401439824868934,0.09034227183413673,0.5372787129689989,0.005916454927474869,1409,0.028323454440039267,0.0073955686593435875
芹菜,volume,soil_moisture_28_100,土壤水分 28–100cm,4,0.31857753733186983,0.11340256766451448,0.09630850470942146,0.5408465699543182,0.004965520022275883,1408,0.024554769340924695,0.007124538255297312
芹菜,volume,soil_moisture_28_100,土壤水分 28–100cm,5,0.3190694997656922,0.11339556444918948,0.09681419344528083,0.5413248060861036,0.004896362659738392,1407,0.02434655466168261,0.007124538255297312
芹菜,volume,soil_moisture_28_100,土壤水分 28–100cm,6,0.3171665712807398,0.11329418276083739,0.0951099730694985,0.539223169491981,0.0051182506907864,1406,0.02516796668463105,0.007124538255297312
芹菜,volume,soil_moisture_28_100,土壤水分 28–100cm,7,0.3147620340547854,0.11270298199917754,0.09386418933639745,0.5356598787731734,0.005224661387218029,1405,0.025417271613493112,0.007124538255297312
芹菜,volume,soil_moisture_28_100,土壤水分 28–100cm,8,0.3166881719831112,0.11199670215907163,0.09717463575133081,0.5362017082148917,0.004689013026460516,1404,0.023576043149801478,0.007124538255297312
芹菜,volume,soil_moisture_28_100,土壤水分 28–100cm,9,0.320553743195921,0.11186720954843718,0.10129401248098413,0.5398134739108579,0.004163717948228044,1404,0.02166096042430774,0.007124538255297312
芹菜,volume,soil_moisture_28_100,土壤水分 28–100cm,10,0.3225298230553699,0.11155254385131019,0.10388683710680194,0.5411728090039379,0.003836741014622054,1404,0.020432348598578984,0.007124538255297312
芹菜,volume,soil_moisture_28_100,土壤水分 28–100cm,11,0.32405756765343174,0.11195075489169619,0.10463408806570723,0.5434810472411562,0.00379588902910134,1403,0.020432348598578984,0.007124538255297312
芹菜,volume,soil_moisture_28_100,土壤水分 28–100cm,12,0.3248790588557567,0.1125310962487421,0.10431811020822218,0.5454400075032912,0.003889146340662511,1402,0.020469191266644794,0.007124538255297312
芹菜,volume,soil_moisture_28_100,土壤水分 28–100cm,13,0.32152153517529625,0.11251761352956215,0.10098701265735444,0.5420560576932381,0.004269632849398272,1401,0.021958111796905398,0.007124538255297312
芹菜,volume,soil_moisture_28_100,土壤水分 28–100cm,14,0.32049737881049795,0.11203141801097853,0.10091579950898003,0.5400789581120159,0.004225985437579641,1400,0.021858545366791247,0.007124538255297312
茄子,price,soil_moisture_0_7,土壤水分 0–7cm,0,0.18118432563382414,0.07654279217037031,0.031160452979898334,0.33120819828774994,0.017928162462046343,1410,0.07257045797474936,0.0306369451448716
茄子,price,soil_moisture_0_7,土壤水分 0–7cm,1,0.17888622889532163,0.07686023555734484,0.028240167202925742,0.3295322905877175,0.019942798168073383,1409,0.07872157171607914,0.0306369451448716
茄子,price,soil_moisture_0_7,土壤水分 0–7cm,2,0.18306204130430048,0.07737188749633114,0.031413141811491435,0.3347109407971095,0.01798134680929901,1409,0.07257045797474936,0.0306369451448716
茄子,price,soil_moisture_0_7,土壤水分 0–7cm,3,0.19230894639735635,0.07649712464053106,0.04237458210191547,0.34224331069279723,0.011939178443851787,1409,0.04974657684938245,0.0306369451448716
茄子,price,soil_moisture_0_7,土壤水分 0–7cm,4,0.19756279698876564,0.07691709176519666,0.04680529712898018,0.3483202968485511,0.010213493532404812,1408,0.043564664356229056,0.0306369451448716
茄子,price,soil_moisture_0_7,土壤水分 0–7cm,5,0.20424117350385312,0.08079070570758946,0.04589139031697778,0.3625909566907285,0.011470517398152453,1407,0.04812057904790895,0.0306369451448716
茄子,price,soil_moisture_0_7,土壤水分 0–7cm,6,0.20646787136395556,0.08380054667557484,0.04221879987982888,0.3707169428480822,0.013747241013577764,1406,0.05675466473495407,0.0306369451448716
茄子,price,soil_moisture_0_7,土壤水分 0–7cm,7,0.19990635517890903,0.08474752343138382,0.03380120925339675,0.3660115011044213,0.018331862361731857,1405,0.07365480413195835,0.0306369451448716
茄子,price,soil_moisture_0_7,土壤水分 0–7cm,8,0.18938792270135482,0.08453132696337937,0.023706521853131268,0.3550693235495784,0.02506194492541013,1404,0.0935923254475897,0.0306369451448716
茄子,price,soil_moisture_0_7,土壤水分 0–7cm,9,0.19082717049483267,0.08401861319894344,0.026150688624903523,0.3555036523647618,0.02313192358386007,1404,0.08859034564031516,0.0306369451448716
茄子,price,soil_moisture_0_7,土壤水分 0–7cm,10,0.19022610765312292,0.08166644017218713,0.030159884915636148,0.3502923303906097,0.01984287464646375,1404,0.07867219022827038,0.0306369451448716
茄子,price,soil_moisture_0_7,土壤水分 0–7cm,11,0.1871972008187943,0.08182246758065156,0.02682516436071722,0.3475692372768714,0.022146494031447528,1403,0.0859131233978568,0.0306369451448716
茄子,price,soil_moisture_0_7,土壤水分 0–7cm,12,0.19078513936934513,0.08601514435030398,0.02219545644274934,0.3593748222959409,0.026552019125555385,1402,0.09793777546311412,0.0306369451448716
茄子,price,soil_moisture_0_7,土壤水分 0–7cm,13,0.1858794008828044,0.08848324141209855,0.012452247715091264,0.3593065540505176,0.035664673134958975,1401,0.11757584549986475,0.03821214978745604
茄子,price,soil_moisture_0_7,土壤水分 0–7cm,14,0.1751037652365063,0.08890533442158195,0.0008493097702056973,0.3493582207028069,0.04888962643694198,1400,0.13707371898208032,0.04888962643694198
茄子,price,soil_moisture_7_28,土壤水分 7–28cm,0,0.20277856895072344,0.1049271236862095,-0.002878593474247182,0.40843573137569406,0.05328971098718246,1410,0.1448964951313118,0.07794068877399321
茄子,price,soil_moisture_7_28,土壤水分 7–28cm,1,0.20197990076983063,0.10445300480976843,-0.0027479886573154866,0.4067077901969768,0.0531510539797484,1409,0.1448964951313118,0.07794068877399321
茄子,price,soil_moisture_7_28,土壤水分 7–28cm,2,0.2066738112927327,0.10415650704210198,0.002527057490212814,0.4108205650952526,0.04722662685732113,1409,0.13450621573287663,0.07794068877399321
茄子,price,soil_moisture_7_28,土壤水分 7–28cm,3,0.21263204231314353,0.10330424867429576,0.010155714911523839,0.4151083697147632,0.039560501663732456,1409,0.1237906007644636,0.07794068877399321
茄子,price,soil_moisture_7_28,土壤水分 7–28cm,4,0.2168842676050758,0.10494875433411575,0.011184709110208912,0.42258382609994266,0.0387744022004132,1408,0.12248573357240915,0.07794068877399321
茄子,price,soil_moisture_7_28,土壤水分 7–28cm,5,0.21990595279846414,0.10855632892965852,0.007135548096333433,0.43267635750059485,0.042792327864884364,1407,0.1289408868098663,0.07794068877399321
茄子,price,soil_moisture_7_28,土壤水分 7–28cm,6,0.21573430566106624,0.10985857615277778,0.00041149640162180257,0.4310571149205107,0.049559590900897364,1406,0.13852059568573796,0.07794068877399321
茄子,price,soil_moisture_7_28,土壤水分 7–28cm,7,0.2073889272586173,0.11001521820869173,-0.008240900430418502,0.42301875494765306,0.059417271273992205,1405,0.15780943495070957,0.07794068877399321
茄子,price,soil_moisture_7_28,土壤水分 7–28cm,8,0.20291726558479264,0.10940301227451936,-0.011512638473265308,0.41734716964285057,0.06362928606321797,1404,0.1645584984393568,0.07794068877399321
茄子,price,soil_moisture_7_28,土壤水分 7–28cm,9,0.20558860626087538,0.11029626017950722,-0.010592063690958775,0.42176927621270954,0.06232631697532901,1404,0.16259039210955395,0.07794068877399321
茄子,price,soil_moisture_7_28,土壤水分 7–28cm,10,0.20783960391609396,0.1101531018723146,-0.00806047575364266,0.4237396835858306,0.059183894907606345,1404,0.15780943495070957,0.07794068877399321
茄子,price,soil_moisture_7_28,土壤水分 7–28cm,11,0.21017969038213175,0.11222516290851592,-0.009781628918559437,0.43014100968282293,0.06109058561064632,1403,0.16076469897538503,0.07794068877399321
茄子,price,soil_moisture_7_28,土壤水分 7–28cm,12,0.21065374054093722,0.11523687498856568,-0.015210534436651518,0.436518015518526,0.06754859693746078,1402,0.16981490850199638,0.07794068877399321
茄子,price,soil_moisture_7_28,土壤水分 7–28cm,13,0.2033411809908825,0.11659449811283452,-0.025184035310273162,0.43186639729203813,0.081158527090771,1401,0.19635127521960727,0.08695556474011178
茄子,price,soil_moisture_7_28,土壤水分 7–28cm,14,0.1941756537356207,0.11635415673226428,-0.03387849345961727,0.4222298009308587,0.0951504853508564,1400,0.22476492602564505,0.0951504853508564
茄子,price,soil_moisture_28_100,土壤水分 28–100cm,0,0.2411642450669144,0.08954090883853603,0.06566406374338377,0.416664426390445,0.007073977270559482,1410,0.03231766265737835,0.008078931535968649
茄子,price,soil_moisture_28_100,土壤水分 28–100cm,1,0.24295151661951475,0.09007261913607663,0.06640918311280455,0.419493850126225,0.006990742958961477,1409,0.03210035032176189,0.008078931535968649
茄子,price,soil_moisture_28_100,土壤水分 28–100cm,2,0.2470236718160853,0.09026571144589755,0.07010287738212612,0.4239444662500445,0.006207244465641143,1409,0.029558306979243536,0.008078931535968649
茄子,price,soil_moisture_28_100,土壤水分 28–100cm,3,0.25030424978010574,0.0902995711321906,0.07331709036101217,0.4272914091991993,0.0055724715909862485,1409,0.026963572214449588,0.008078931535968649
茄子,price,soil_moisture_28_100,土壤水分 28–100cm,4,0.2517771934961419,0.09120688887549212,0.07301169130017734,0.43054269569210646,0.005771184072175823,1408,0.027775752219028026,0.008078931535968649
茄子,price,soil_moisture_28_100,土壤水分 28–100cm,5,0.25051089634206253,0.09222332209486796,0.06975318503612132,0.43126860764800373,0.006600593487674653,1407,0.03094028197347494,0.008078931535968649
茄子,price,soil_moisture_28_100,土壤水分 28–100cm,6,0.24713237672877217,0.09296453860594237,0.06492188106112515,0.4293428723964192,0.007852405763406616,1406,0.03498596627260373,0.008078931535968649
茄子,price,soil_moisture_28_100,土壤水分 28–100cm,7,0.2462464326285572,0.09296692359564124,0.06403126238110038,0.428461602876014,0.008078931535968649,1405,0.0354684799140087,0.008078931535968649
茄子,price,soil_moisture_28_100,土壤水分 28–100cm,8,0.24842619397349994,0.09300137118939225,0.06614350644229114,0.43070888150470876,0.007557834428422071,1404,0.03384104967950181,0.008078931535968649
茄子,price,soil_moisture_28_100,土壤水分 28–100cm,9,0.25192596463893563,0.09335596457610341,0.06894827406977294,0.4349036552080983,0.006964176791332902,1404,0.03210035032176189,0.008078931535968649
茄子,price,soil_moisture_28_100,土壤水分 28–100cm,10,0.25504144787961835,0.09361560785003119,0.07155485649355722,0.4385280392656795,0.0064428675595324895,1404,0.03051884633462758,0.008078931535968649
茄子,price,soil_moisture_28_100,土壤水分 28–100cm,11,0.2560974778077368,0.09427047958906232,0.07132733781317466,0.4408676178022989,0.006595142049075731,1403,0.03094028197347494,0.008078931535968649
茄子,price,soil_moisture_28_100,土壤水分 28–100cm,12,0.2550154363812732,0.09485669404695095,0.06909631604924937,0.44093455671329707,0.007178921554928552,1402,0.0326314616133116,0.008078931535968649
茄子,price,soil_moisture_28_100,土壤水分 28–100cm,13,0.25222892887940396,0.09501906302393244,0.06599156535249637,0.4384662924063115,0.00794239929201752,1401,0.03503999687654789,0.008078931535968649
茄子,price,soil_moisture_28_100,土壤水分 28–100cm,14,0.25192906776152324,0.09490147322658435,0.06592218023741792,0.43793595528562856,0.007939353133634577,1400,0.03503999687654789,0.008078931535968649
茄子,volume,soil_moisture_0_7,土壤水分 0–7cm,0,-0.14213606866014533,0.07780997306296437,-0.2946436158635555,0.01037147854326484,0.06774374589980624,1410,0.16983111785466745,0.3127857230868007
茄子,volume,soil_moisture_0_7,土壤水分 0–7cm,1,-0.12929045564052224,0.07917618137641604,-0.2844757711382977,0.025894859857253177,0.10248028268879436,1409,0.23710091110517975,0.3127857230868007
茄子,volume,soil_moisture_0_7,土壤水分 0–7cm,2,-0.12022880688507037,0.07920763238836358,-0.275475766366263,0.03501815259612223,0.12904106888886824,1409,0.2853488009827553,0.3127857230868007
茄子,volume,soil_moisture_0_7,土壤水分 0–7cm,3,-0.11373451260045395,0.07888584152054366,-0.2683507619807195,0.040881736779811634,0.14936986987350043,1409,0.31451735469153436,0.3127857230868007
茄子,volume,soil_moisture_0_7,土壤水分 0–7cm,4,-0.10557987764389411,0.07826581973025735,-0.2589808843151985,0.0478211290274103,0.17733989293945052,1408,0.3530436914733978,0.3127857230868007
茄子,volume,soil_moisture_0_7,土壤水分 0–7cm,5,-0.10884632293950992,0.07968448504105034,-0.2650279136199686,0.04733526774094875,0.17194953427058524,1407,0.3485463532511863,0.3127857230868007
茄子,volume,soil_moisture_0_7,土壤水分 0–7cm,6,-0.10640980083209906,0.08166214035131492,-0.26646759592067626,0.053647994256478176,0.19255790588063626,1406,0.37145310083079397,0.3127857230868007
茄子,volume,soil_moisture_0_7,土壤水分 0–7cm,7,-0.10281945133096006,0.08369149369337764,-0.2668547789699802,0.06121587630806012,0.21923937617026779,1405,0.397012954835495,0.3127857230868007
茄子,volume,soil_moisture_0_7,土壤水分 0–7cm,8,-0.09507629690271761,0.08413927181112825,-0.259989269652529,0.06983667584709376,0.2584816344014462,1404,0.4429868488276938,0.3127857230868007
茄子,volume,soil_moisture_0_7,土壤水分 0–7cm,9,-0.09659417953690655,0.08272888226780173,-0.2587427887817979,0.06555442970798483,0.24296845947143575,1404,0.42709299516463317,0.3127857230868007
茄子,volume,soil_moisture_0_7,土壤水分 0–7cm,10,-0.09293280429667428,0.08035631303599332,-0.2504311778472212,0.06456556925387263,0.24747299465974737,1404,0.43163894417397797,0.3127857230868007
茄子,volume,soil_moisture_0_7,土壤水分 0–7cm,11,-0.0876532846771176,0.07964305441270994,-0.2437536713260291,0.06844710197179389,0.27108096000856063,1403,0.4543256312992636,0.3127857230868007
茄子,volume,soil_moisture_0_7,土壤水分 0–7cm,12,-0.09060824011246928,0.0815075077280876,-0.25036295525952096,0.06914647503458242,0.26628645369339654,1402,0.45218454400765445,0.3127857230868007
茄子,volume,soil_moisture_0_7,土壤水分 0–7cm,13,-0.08291241577515386,0.08373208386882658,-0.24702730015805396,0.08120246860774623,0.3220710830017297,1401,0.49798700896219644,0.34507616035899613
茄子,volume,soil_moisture_0_7,土壤水分 0–7cm,14,-0.07220103861644782,0.08629280682866639,-0.24133494000063394,0.09693286276773828,0.4027622150929169,1400,0.5552178819932038,0.4027622150929169
茄子,volume,soil_moisture_7_28,土壤水分 7–28cm,0,-0.15376355488705418,0.11713039816192886,-0.38333913528443475,0.07581202551032637,0.1892654055363059,1410,0.3679025161612857,0.44891138108261597
茄子,volume,soil_moisture_7_28,土壤水分 7–28cm,1,-0.14816062568928007,0.11763067697316507,-0.3787167525566836,0.08239550117812347,0.20783509768866681,1409,0.3851622477543403,0.44891138108261597
茄子,volume,soil_moisture_7_28,土壤水分 7–28cm,2,-0.13716124698439391,0.11720715554865364,-0.36688727185975506,0.09256477789096723,0.24190184175062301,1409,0.4260502105196883,0.44891138108261597
茄子,volume,soil_moisture_7_28,土壤水分 7–28cm,3,-0.12750180610887657,0.11560501003672317,-0.35408762578085395,0.09908401356310084,0.27006668507359577,1409,0.4543256312992636,0.44891138108261597
茄子,volume,soil_moisture_7_28,土壤水分 7–28cm,4,-0.1248269823408012,0.11521647299292835,-0.35065126940694075,0.10099730472533835,0.27862531092013265,1408,0.4626619554024343,0.44891138108261597
茄子,volume,soil_moisture_7_28,土壤水分 7–28cm,5,-0.12302366277272726,0.11753611315563892,-0.3533944445577795,0.107347119012325,0.29524340756783696,1407,0.47449833359116655,0.44891138108261597
茄子,volume,soil_moisture_7_28,土壤水分 7–28cm,6,-0.12094150902427589,0.11851259408727922,-0.35322619343534317,0.1113431753867914,0.30749376209304247,1406,0.4836956729562943,0.44891138108261597
茄子,volume,soil_moisture_7_28,土壤水分 7–28cm,7,-0.1193976910956869,0.11913728999573403,-0.35290677948732563,0.1141113972959518,0.3162539019540842,1405,0.49243687155480237,0.44891138108261597
茄子,volume,soil_moisture_7_28,土壤水分 7–28cm,8,-0.11029661216327707,0.11864983171210168,-0.3428502823189964,0.12225705799244221,0.35257941220257305,1404,0.5154313996603778,0.44891138108261597
茄子,volume,soil_moisture_7_28,土壤水分 7–28cm,9,-0.10210727518927544,0.11834256532706447,-0.3340587032303218,0.12984415285177092,0.38824135276712135,1404,0.5468188067142554,0.44891138108261597
茄子,volume,soil_moisture_7_28,土壤水分 7–28cm,10,-0.09538091485526282,0.11637045307373935,-0.3234670028797919,0.1327051731692663,0.41242608404928127,1404,0.5603648650259412,0.44891138108261597
茄子,volume,soil_moisture_7_28,土壤水分 7–28cm,11,-0.097456005262262,0.11654126634399722,-0.32587688729649655,0.13096487677197255,0.40302213578424817,1403,0.5552178819932038,0.44891138108261597
茄子,volume,soil_moisture_7_28,土壤水分 7–28cm,12,-0.09986503717912246,0.11813959392813517,-0.33141864127826737,0.13168856692002245,0.39793561980578207,1402,0.5501414098697448,0.44891138108261597
茄子,volume,soil_moisture_7_28,土壤水分 7–28cm,13,-0.09544921304515151,0.11993586378966112,-0.3305235060728873,0.13962507998258428,0.42612767952657526,1401,0.573763059297463,0.44891138108261597
茄子,volume,soil_moisture_7_28,土壤水分 7–28cm,14,-0.09161691029933712,0.12098935480408518,-0.32875604571534406,0.14552222511666985,0.44891138108261597,1400,0.5855365840208034,0.44891138108261597
茄子,volume,soil_moisture_28_100,土壤水分 28–100cm,0,-0.03160816870244576,0.11800539878776305,-0.2628987503264613,0.1996824129215698,0.7888120250172501,1410,0.851235998220054,0.9997209937598849
茄子,volume,soil_moisture_28_100,土壤水分 28–100cm,1,-0.02713271080530203,0.11793679685357647,-0.2582888326383119,0.20402341102770785,0.8180440178293008,1409,0.875433550590215,0.9997209937598849
茄子,volume,soil_moisture_28_100,土壤水分 28–100cm,2,-0.02137273602894841,0.11845530714583913,-0.2535451380347931,0.21079966597689628,0.8568160316415195,1409,0.9061509147795154,0.9997209937598849
茄子,volume,soil_moisture_28_100,土壤水分 28–100cm,3,-0.015269237114157185,0.11866214396583347,-0.24784703928719076,0.2173085650588764,0.8976122457113372,1409,0.9327736720839435,0.9997209937598849
茄子,volume,soil_moisture_28_100,土壤水分 28–100cm,4,-0.009078384148042707,0.11895991184430142,-0.2422398113628735,0.22408304306678808,0.9391687700723077,1408,0.9561672998473721,0.9997209937598849
茄子,volume,soil_moisture_28_100,土壤水分 28–100cm,5,-0.0043810658370728684,0.11910957867101221,-0.2378358400322568,0.22907370835811106,0.9706589781175436,1407,0.9799957207630717,0.9997209937598849
茄子,volume,soil_moisture_28_100,土壤水分 28–100cm,6,-4.158871430527764e-05,0.11893279647749828,-0.23314986981020192,0.23306669238159133,0.9997209937598849,1406,0.9997209937598849,0.9997209937598849
茄子,volume,soil_moisture_28_100,土壤水分 28–100cm,7,0.003946019982704,0.1186199849022848,-0.2285491504257742,0.2364411903911822,0.9734624159579847,1405,0.9799957207630717,0.9997209937598849
茄子,volume,soil_moisture_28_100,土壤水分 28–100cm,8,0.008719165841437683,0.11891668975084399,-0.22435754607021655,0.2417958777530919,0.9415501776675012,1404,0.957508655255086,0.9997209937598849
茄子,volume,soil_moisture_28_100,土壤水分 28–100cm,9,0.015085068727175317,0.11957465816309817,-0.21928126127249709,0.24945139872684774,0.8996083859654032,1404,0.9327736720839435,0.9997209937598849
茄子,volume,soil_moisture_28_100,土壤水分 28–100cm,10,0.019443301804730972,0.11976945888916493,-0.2153048376180323,0.25419144122749426,0.871038591358406,1404,0.9196505888029186,0.9997209937598849
茄子,volume,soil_moisture_28_100,土壤水分 28–100cm,11,0.02398962434492856,0.1205068850416078,-0.2122038703366227,0.26018311902647984,0.842205919081867,1403,0.8949059352699886,0.9997209937598849
茄子,volume,soil_moisture_28_100,土壤水分 28–100cm,12,0.027929017623113762,0.12107776013551326,-0.20938339224249222,0.26524142748871976,0.8175711129498504,1402,0.875433550590215,0.9997209937598849
茄子,volume,soil_moisture_28_100,土壤水分 28–100cm,13,0.030422710783392985,0.121011690924514,-0.20676020342865445,0.26760562499544044,0.8015024932537493,1401,0.8608022003918548,0.9997209937598849
茄子,volume,soil_moisture_28_100,土壤水分 28–100cm,14,0.033687803986325204,0.1212196223994996,-0.20390265591669401,0.2712782638893444,0.7810836085163346,1400,0.8465018805955283,0.9997209937598849
西红柿,price,soil_moisture_0_7,土壤水分 0–7cm,0,0.032983263680118,0.08223303044962514,-0.12819347600114728,0.19416000336138328,0.6883501252448903,1410,0.7812296503409851,0.7628614502045539
西红柿,price,soil_moisture_0_7,土壤水分 0–7cm,1,0.027438296457549333,0.0821410721151059,-0.13355820488805825,0.18843479780315692,0.7383503603785988,1409,0.8153562261849558,0.7628614502045539
西红柿,price,soil_moisture_0_7,土壤水分 0–7cm,2,0.02482305714717822,0.08227037617340877,-0.13642688015270296,0.1860729944470594,0.7628614502045539,1409,0.8312049699565357,0.7628614502045539
西红柿,price,soil_moisture_0_7,土壤水分 0–7cm,3,0.026730160033701753,0.08104246738594223,-0.13211307604274503,0.1855733961101485,0.7415291357556517,1409,0.8164374215219378,0.7628614502045539
西红柿,price,soil_moisture_0_7,土壤水分 0–7cm,4,0.03091783502921033,0.08087956760907115,-0.12760611748456913,0.1894417875429898,0.702261079597915,1408,0.7930175302862277,0.7628614502045539
西红柿,price,soil_moisture_0_7,土壤水分 0–7cm,5,0.03720470515731375,0.08484939655944158,-0.12910011209919176,0.20350952241381925,0.6610388626766772,1407,0.7600349297715487,0.7628614502045539
西红柿,price,soil_moisture_0_7,土壤水分 0–7cm,6,0.04182582481996605,0.08667041728777283,-0.1280481930640687,0.2116998427040008,0.6293905834388924,1406,0.736607965013008,0.7628614502045539
西红柿,price,soil_moisture_0_7,土壤水分 0–7cm,7,0.040805035375949344,0.08679651231011734,-0.12931612875188064,0.21092619950377933,0.638267154040702,1405,0.7421711093496535,0.7628614502045539
西红柿,price,soil_moisture_0_7,土壤水分 0–7cm,8,0.03654562189833184,0.08650692756992394,-0.13300795613871907,0.20609919993538278,0.6726900902947699,1404,0.7692771045302323,0.7628614502045539
西红柿,price,soil_moisture_0_7,土壤水分 0–7cm,9,0.03595602829854785,0.08676159951243796,-0.13409670674583055,0.20600876334292625,0.6785641286748266,1404,0.7740275232032243,0.7628614502045539
西红柿,price,soil_moisture_0_7,土壤水分 0–7cm,10,0.031928499814805764,0.08468881363781995,-0.13406157491532134,0.1979185745449329,0.7061664350422714,1404,0.7953309050487926,0.7628614502045539
西红柿,price,soil_moisture_0_7,土壤水分 0–7cm,11,0.02984791855023273,0.08459042371212219,-0.13594931192552678,0.19564514902599223,0.7241992347648969,1403,0.8056604589473514,0.7628614502045539
西红柿,price,soil_moisture_0_7,土壤水分 0–7cm,12,0.035763576303841416,0.08846391301278997,-0.13762569320122692,0.20915284580890975,0.6860119379395286,1402,0.779559020385828,0.7628614502045539
西红柿,price,soil_moisture_0_7,土壤水分 0–7cm,13,0.03549187863048203,0.08980655675299191,-0.1405289726053821,0.21151272986634617,0.6926926023989524,1401,0.7851679372280317,0.7628614502045539
西红柿,price,soil_moisture_0_7,土壤水分 0–7cm,14,0.029891821435971168,0.0890176807588488,-0.1445828328513725,0.20436647572331482,0.7370243652680053,1400,0.8153562261849558,0.7628614502045539
西红柿,price,soil_moisture_7_28,土壤水分 7–28cm,0,-0.020940548107335654,0.11548257521000097,-0.24728639551893752,0.20540529930426624,0.8561079293981035,1410,0.9061509147795154,0.9194821374596782
西红柿,price,soil_moisture_7_28,土壤水分 7–28cm,1,-0.021921629596160022,0.11497771774499592,-0.24727795637635203,0.20343469718403195,0.8487921295015459,1409,0.9006838731741695,0.9194821374596782
西红柿,price,soil_moisture_7_28,土壤水分 7–28cm,2,-0.018583025074695378,0.11499716043687738,-0.24397745953097505,0.20681140938158427,0.8716243913876551,1409,0.9196505888029186,0.9194821374596782
西红柿,price,soil_moisture_7_28,土壤水分 7–28cm,3,-0.017438106407888405,0.11423643919544892,-0.24134152723096827,0.20646531441519148,0.8786748866846763,1409,0.9238404182432345,0.9194821374596782
西红柿,price,soil_moisture_7_28,土壤水分 7–28cm,4,-0.01828539322461186,0.1156979373415285,-0.24505335041400772,0.20848256396478398,0.8744219338681478,1408,0.9215219443575328,0.9194821374596782
西红柿,price,soil_moisture_7_28,土壤水分 7–28cm,5,-0.015987908604394026,0.11920072316595892,-0.24962132600967352,0.21764550880088546,0.8933029907275872,1407,0.9327736720839435,0.9194821374596782
西红柿,price,soil_moisture_7_28,土壤水分 7–28cm,6,-0.01569121980367102,0.11972711008718805,-0.2503563555745596,0.21897391596721755,0.8957292656988822,1406,0.9327736720839435,0.9194821374596782
西红柿,price,soil_moisture_7_28,土壤水分 7–28cm,7,-0.01586703644370381,0.11955268446992517,-0.2501902980047572,0.21845622511734952,0.8944147975547062,1405,0.9327736720839435,0.9194821374596782
西红柿,price,soil_moisture_7_28,土壤水分 7–28cm,8,-0.015095189270635082,0.11913665097828993,-0.24860302518808333,0.21841264664681317,0.8991740217916252,1404,0.9327736720839435,0.9194821374596782
西红柿,price,soil_moisture_7_28,土壤水分 7–28cm,9,-0.012162096366158632,0.12031426880127451,-0.24797806321665666,0.22365387048433938,0.9194821374596782,1404,0.9435962642117564,0.9194821374596782
西红柿,price,soil_moisture_7_28,土壤水分 7–28cm,10,-0.012455950661919193,0.11974686815249715,-0.24715981224081357,0.2222479109169752,0.9171542626988263,1404,0.943358670204507,0.9194821374596782
西红柿,price,soil_moisture_7_28,土壤水分 7–28cm,11,-0.014143947839777385,0.1212347916226631,-0.25176413942019704,0.2234762437406423,0.9071249327569333,1403,0.938405102852,0.9194821374596782
西红柿,price,soil_moisture_7_28,土壤水分 7–28cm,12,-0.01420452274199898,0.1235834290823377,-0.25642804374338085,0.2280189982593829,0.908493684135741,1402,0.9387420387166097,0.9194821374596782
西红柿,price,soil_moisture_7_28,土壤水分 7–28cm,13,-0.018293138078514695,0.12406635480712108,-0.26146319350047204,0.22487691734344262,0.8827796793498365,1401,0.9259926706466816,0.9194821374596782
西红柿,price,soil_moisture_7_28,土壤水分 7–28cm,14,-0.01846580891470889,0.12293717102229759,-0.25942266411841214,0.22249104628899438,0.880602681376107,1400,0.9247869466026793,0.9194821374596782
西红柿,price,soil_moisture_28_100,土壤水分 28–100cm,0,0.09604539733700347,0.10366273390093346,-0.10713356110882612,0.2992243557828331,0.3541768048240206,1410,0.5157426009657853,0.3541768048240206
西红柿,price,soil_moisture_28_100,土壤水分 28–100cm,1,0.09776425778778551,0.10421335524652572,-0.10649391849540492,0.30202243407097595,0.3481845939699816,1409,0.5137149747098089,0.3541768048240206
西红柿,price,soil_moisture_28_100,土壤水分 28–100cm,2,0.10177795287295979,0.10458619225159801,-0.10321098394017231,0.3067668896860919,0.3304792325342065,1409,0.5049767559945431,0.3541768048240206
西红柿,price,soil_moisture_28_100,土壤水分 28–100cm,3,0.10559433798245729,0.10465907393118279,-0.09953744692266098,0.31072612288757556,0.3130051886106807,1409,0.48907060720418866,0.3541768048240206
西红柿,price,soil_moisture_28_100,土壤水分 28–100cm,4,0.10743480172770874,0.10537711830560222,-0.0991043501512716,0.31397395360668906,0.307952911782174,1408,0.4836956729562943,0.3541768048240206
西红柿,price,soil_moisture_28_100,土壤水分 28–100cm,5,0.10872621669370108,0.10588795948849687,-0.0988141839037528,0.31626661729115496,0.30451260386447687,1407,0.48222540153958815,0.3541768048240206
西红柿,price,soil_moisture_28_100,土壤水分 28–100cm,6,0.11203812345261095,0.10568696470665691,-0.09510832737243659,0.3191845742776585,0.28910181009909564,1406,0.47071519587977667,0.3541768048240206
西红柿,price,soil_moisture_28_100,土壤水分 28–100cm,7,0.11585418127586015,0.10516551710042377,-0.09027023224097043,0.32197859479269075,0.27061969581094425,1405,0.4543256312992636,0.3541768048240206
西红柿,price,soil_moisture_28_100,土壤水分 28–100cm,8,0.11895708096267918,0.1053291959326585,-0.08748814306533148,0.32540230499068984,0.25873599014059967,1404,0.4429868488276938,0.3541768048240206
西红柿,price,soil_moisture_28_100,土壤水分 28–100cm,9,0.12393671719911381,0.1057963855173316,-0.08342419841485613,0.3312976328130838,0.24141209135510722,1404,0.42602133768548334,0.3541768048240206
西红柿,price,soil_moisture_28_100,土壤水分 28–100cm,10,0.12865891879238409,0.10593770119626533,-0.07897897555229597,0.33629681313706417,0.22456556534083705,1404,0.4026075872644489,0.3541768048240206
西红柿,price,soil_moisture_28_100,土壤水分 28–100cm,11,0.1308942887291391,0.10674987340039517,-0.07833546313563541,0.34012404059391366,0.22013190109827474,1403,0.3970181350546021,0.3541768048240206
西红柿,price,soil_moisture_28_100,土壤水分 28–100cm,12,0.13253819841713887,0.10726276169376935,-0.07769681450264904,0.3427732113369268,0.21659227215404742,1402,0.3938041311891771,0.3541768048240206
西红柿,price,soil_moisture_28_100,土壤水分 28–100cm,13,0.1353166434347086,0.10673154157453527,-0.07387717805138053,0.34451046492079773,0.20486136676366884,1401,0.38331648666798745,0.3541768048240206
西红柿,price,soil_moisture_28_100,土壤水分 28–100cm,14,0.13847539427296424,0.10631445330627458,-0.06990093420733393,0.34685172275326237,0.19274288676442308,1400,0.37145310083079397,0.3541768048240206
西红柿,volume,soil_moisture_0_7,土壤水分 0–7cm,0,0.1652602001908756,0.05522050955284696,0.05702800146729556,0.27349239891445565,0.0027649219604279733,1410,0.01658953176256784,0.004039117599406983
西红柿,volume,soil_moisture_0_7,土壤水分 0–7cm,1,0.16250630548284203,0.056184599320717996,0.05238449081423477,0.2726281201514493,0.003823548294920842,1409,0.020432348598578984,0.004096658887415188
西红柿,volume,soil_moisture_0_7,土壤水分 0–7cm,2,0.1703558931909382,0.057618010319580935,0.057424592964559554,0.28328719341731684,0.0031100786856360445,1409,0.017715638082736962,0.004039117599406983
西红柿,volume,soil_moisture_0_7,土壤水分 0–7cm,3,0.1760847632273344,0.057901275196542853,0.06259826384211041,0.2895712626125584,0.0023569936984184246,1409,0.014938692454764663,0.004039117599406983
西红柿,volume,soil_moisture_0_7,土壤水分 0–7cm,4,0.17382663563084366,0.057667885593817,0.060797579866962354,0.286855691394725,0.002575975894135271,1408,0.015772654566154676,0.004039117599406983
西红柿,volume,soil_moisture_0_7,土壤水分 0–7cm,5,0.18369313805644896,0.059984280334345746,0.0661239486011313,0.3012623275117666,0.0021960311924582258,1407,0.014407148218864511,0.004039117599406983
西红柿,volume,soil_moisture_0_7,土壤水分 0–7cm,6,0.18352201013681968,0.061855041191225174,0.062286129402018345,0.30475789087162103,0.0030075095784487978,1406,0.017338075598717882,0.004039117599406983
西红柿,volume,soil_moisture_0_7,土壤水分 0–7cm,7,0.18221621445422115,0.06167668557085276,0.06132991073534974,0.3031025181730925,0.003133004695464375,1405,0.017733988842251178,0.004039117599406983
西红柿,volume,soil_moisture_0_7,土壤水分 0–7cm,8,0.18196604280438522,0.062241121700272906,0.05997344427185032,0.30395864133692013,0.003460465770104507,1404,0.019106866215300958,0.004039117599406983
西红柿,volume,soil_moisture_0_7,土壤水分 0–7cm,9,0.1875412982377491,0.06225800439545386,0.06551560962265952,0.3095669868528387,0.002592554847647086,1404,0.015772654566154676,0.004039117599406983
西红柿,volume,soil_moisture_0_7,土壤水分 0–7cm,10,0.1940425023399049,0.060483016329936946,0.07549579033322848,0.31258921434658127,0.0013356174886939346,1404,0.012141977169944859,0.004039117599406983
西红柿,volume,soil_moisture_0_7,土壤水分 0–7cm,11,0.18625531968850628,0.05959243699214252,0.06945414318390694,0.3030564961931056,0.0017751159867984301,1403,0.013539020238293112,0.004039117599406983
西红柿,volume,soil_moisture_0_7,土壤水分 0–7cm,12,0.18536240942649107,0.060741624238682984,0.06630882591867242,0.3044159929343097,0.002275844101146792,1402,0.014735681230446855,0.004039117599406983
西红柿,volume,soil_moisture_0_7,土壤水分 0–7cm,13,0.18169672749399107,0.06222538994912227,0.059734963193711424,0.30365849179427074,0.0035005685861527187,1401,0.019210437363033215,0.004039117599406983
西红柿,volume,soil_moisture_0_7,土壤水分 0–7cm,14,0.17472754269704616,0.062452120200872194,0.052321387103336656,0.29713369829075564,0.005145450966635681,1400,0.02516796668463105,0.005145450966635681
西红柿,volume,soil_moisture_7_28,土壤水分 7–28cm,0,0.2631439530571278,0.07166828704370944,0.12267411045145729,0.4036137956627983,0.0002409489485324659,1410,0.008564318666485125,0.0003785718480875262
西红柿,volume,soil_moisture_7_28,土壤水分 7–28cm,1,0.2675088525698706,0.07285175046847392,0.12471942165166172,0.4102982834880795,0.000240695565863094,1409,0.008564318666485125,0.0003785718480875262
西红柿,volume,soil_moisture_7_28,土壤水分 7–28cm,2,0.2746103538148399,0.07360679270835613,0.1303410401064619,0.4188796675232179,0.00019089194090162918,1409,0.008564318666485125,0.0003785718480875262
西红柿,volume,soil_moisture_7_28,土壤水分 7–28cm,3,0.2774733196686474,0.07302631323490016,0.1343417457282431,0.42060489360905173,0.00014490948523477928,1409,0.008564318666485125,0.0003785718480875262
西红柿,volume,soil_moisture_7_28,土壤水分 7–28cm,4,0.2804470121717153,0.07348481967002313,0.13641676561846997,0.42447725872496067,0.00013541630523277023,1408,0.008564318666485125,0.0003785718480875262
西红柿,volume,soil_moisture_7_28,土壤水分 7–28cm,5,0.28553513149377174,0.07580529562687571,0.13695675206509536,0.4341135109224481,0.00016542547805291471,1407,0.008564318666485125,0.0003785718480875262
西红柿,volume,soil_moisture_7_28,土壤水分 7–28cm,6,0.2822042747086903,0.07617095082711858,0.1329092110875379,0.4314993383298427,0.00021149036774823036,1406,0.008564318666485125,0.0003785718480875262
西红柿,volume,soil_moisture_7_28,土壤水分 7–28cm,7,0.2816431169466481,0.07701985527366717,0.13068420061026048,0.43260203328303576,0.00025542343834405524,1405,0.008564318666485125,0.0003785718480875262
西红柿,volume,soil_moisture_7_28,土壤水分 7–28cm,8,0.28191939951920025,0.07803255179062117,0.12897559800958275,0.43486320102881776,0.00030285747847002095,1404,0.008564318666485125,0.0003785718480875262
西红柿,volume,soil_moisture_7_28,土壤水分 7–28cm,9,0.2846262140119727,0.0783437900785671,0.1310723854579812,0.4381800425659642,0.00028010031622564005,1404,0.008564318666485125,0.0003785718480875262
西红柿,volume,soil_moisture_7_28,土壤水分 7–28cm,10,0.2857989232695167,0.07681254938633725,0.13524632647229573,0.4363515200667377,0.00019864602740024664,1404,0.008564318666485125,0.0003785718480875262
西红柿,volume,soil_moisture_7_28,土壤水分 7–28cm,11,0.2791094476993373,0.07655617591704003,0.12905934290193885,0.42915955249673576,0.00026654848759108624,1403,0.008564318666485125,0.0003785718480875262
西红柿,volume,soil_moisture_7_28,土壤水分 7–28cm,12,0.2739118497162249,0.07770557861844232,0.12160891562407794,0.42621478380837186,0.0004234892702151554,1402,0.008564318666485125,0.0004886414656328716
西红柿,volume,soil_moisture_7_28,土壤水分 7–28cm,13,0.2721997951979754,0.07850168069140705,0.11833650104281757,0.4260630893531332,0.0005254428358117217,1401,0.008564318666485125,0.0005629744669411304
西红柿,volume,soil_moisture_7_28,土壤水分 7–28cm,14,0.2677203832395866,0.07878485099136409,0.11330207529651296,0.42213869118266023,0.0006785063421677698,1400,0.008692101030402716,0.0006785063421677698
西红柿,volume,soil_moisture_28_100,土壤水分 28–100cm,0,0.2303537335009816,0.07384312514387342,0.08562120821898969,0.3750862587829735,0.0018115738968568608,1410,0.013586804226426457,0.0022552563099388964
西红柿,volume,soil_moisture_28_100,土壤水分 28–100cm,1,0.23250202820384974,0.07354620880572543,0.0883514589446279,0.37665259746307156,0.0015706371875750602,1409,0.01308864322979217,0.0022508614481420923
西红柿,volume,soil_moisture_28_100,土壤水分 28–100cm,2,0.23625636205323075,0.07324178904255853,0.09270245552981604,0.37981026857664546,0.001256630648390985,1409,0.011659459624246252,0.0022508614481420923
西红柿,volume,soil_moisture_28_100,土壤水分 28–100cm,3,0.23848492244488365,0.07283333026265429,0.09573159513008125,0.381238249759686,0.0010588935757554448,1409,0.010831327516124251,0.0022508614481420923
西红柿,volume,soil_moisture_28_100,土壤水分 28–100cm,4,0.24019765011736333,0.07282177337053626,0.09746697431111226,0.38292832592361437,0.0009722650893971799,1408,0.010417125957826928,0.0022508614481420923
西红柿,volume,soil_moisture_28_100,土壤水分 28–100cm,5,0.23923168537845513,0.073229412737456,0.09570203641304137,0.3827613343438689,0.0010873985940651279,1407,0.010831327516124251,0.0022508614481420923
西红柿,volume,soil_moisture_28_100,土壤水分 28–100cm,6,0.2355883879697208,0.07378268185275694,0.09097433153831722,0.3802024444011244,0.0014080106430589842,1406,0.012423623321108683,0.0022508614481420923
西红柿,volume,soil_moisture_28_100,土壤水分 28–100cm,7,0.23275175602484516,0.07392021181942378,0.08786814085877456,0.3776353711909157,0.001640046455299066,1405,0.013197194924609086,0.0022508614481420923
西红柿,volume,soil_moisture_28_100,土壤水分 28–100cm,8,0.23398945245688144,0.07391348830636359,0.08911901537640882,0.37885988953735406,0.0015469930959799093,1404,0.01308864322979217,0.0022508614481420923
西红柿,volume,soil_moisture_28_100,土壤水分 28–100cm,9,0.2364362341527912,0.07428918141101912,0.09082943858719372,0.38204302971838866,0.0014593545717693096,1404,0.012751641889246395,0.0022508614481420923
西红柿,volume,soil_moisture_28_100,土壤水分 28–100cm,10,0.23604123665674082,0.07437292497897938,0.09027030369794123,0.38181216961554043,0.0015048208772711319,1404,0.012898464662323987,0.0022508614481420923
西红柿,volume,soil_moisture_28_100,土壤水分 28–100cm,11,0.23486411851710612,0.07463566257368141,0.08857821987269054,0.3811500171615217,0.0016506317286375345,1403,0.013197194924609086,0.0022508614481420923
西红柿,volume,soil_moisture_28_100,土壤水分 28–100cm,12,0.2336950563797381,0.07545725808982895,0.08579883052367335,0.38159128223580285,0.00195455546861371,1402,0.01396111049009793,0.0022552563099388964
西红柿,volume,soil_moisture_28_100,土壤水分 28–100cm,13,0.2302362070374284,0.07593686789732618,0.08139994595866909,0.37907246811618767,0.0024298559185461826,1401,0.015186599490913642,0.0026034170555851955
西红柿,volume,soil_moisture_28_100,土壤水分 28–100cm,14,0.22734802579472077,0.07632700906602247,0.07774708802531674,0.3769489635641248,0.0028956361330624496,1400,0.016922548829585743,0.0028956361330624496
青椒,price,soil_moisture_0_7,土壤水分 0–7cm,0,0.14185241874546842,0.07090546055435895,0.0028777160589248674,0.28082712143201194,0.04543710411643897,1410,0.13191417324127444,0.05617452635366036
青椒,price,soil_moisture_0_7,土壤水分 0–7cm,1,0.13770224326041397,0.07099554823240337,-0.0014490312750966294,0.2768535177959246,0.052429557930083,1409,0.1438615918813253,0.05617452635366036
青椒,price,soil_moisture_0_7,土壤水分 0–7cm,2,0.13166685727318134,0.07126159167638621,-0.00800586241253562,0.2713395769588983,0.0646522248625843,1409,0.1662034047156302,0.0646522248625843
青椒,price,soil_moisture_0_7,土壤水分 0–7cm,3,0.13767106401632653,0.07063408839716695,-0.0007717492421206729,0.27611387727477377,0.05128659014567104,1409,0.1420244034803198,0.05617452635366036
青椒,price,soil_moisture_0_7,土壤水分 0–7cm,4,0.14805484618320142,0.07164737207467994,0.00762599691682872,0.2884836954495741,0.03878714896459623,1408,0.12248573357240915,0.05617452635366036
青椒,price,soil_moisture_0_7,土壤水分 0–7cm,5,0.15225630706229748,0.07533581271844562,0.004598114134144071,0.2999144999904509,0.04327615198481312,1407,0.12938506209644288,0.05617452635366036
青椒,price,soil_moisture_0_7,土壤水分 0–7cm,6,0.16012077377783956,0.07675488428723941,0.009681200574850335,0.3105603469808288,0.03696672261014028,1406,0.11947452782951629,0.05617452635366036
青椒,price,soil_moisture_0_7,土壤水分 0–7cm,7,0.16528502628037178,0.07687696472652655,0.014606175416379735,0.3159638771443638,0.031555675618513315,1405,0.10965292685969878,0.05617452635366036
青椒,price,soil_moisture_0_7,土壤水分 0–7cm,8,0.1607549365333681,0.07619200425992402,0.011418608183917017,0.31009126488281913,0.03486988004197285,1404,0.11623293347324282,0.05617452635366036
青椒,price,soil_moisture_0_7,土壤水分 0–7cm,9,0.15755414501129703,0.07588897945816725,0.008811745273289207,0.30629654474930484,0.03788344237626675,1404,0.12112579403006261,0.05617452635366036
青椒,price,soil_moisture_0_7,土壤水分 0–7cm,10,0.15512753281360664,0.07406857150551717,0.00995313266279299,0.3003019329644203,0.036226385660702215,1404,0.11855908034411633,0.05617452635366036
青椒,price,soil_moisture_0_7,土壤水分 0–7cm,11,0.1562405092486852,0.07414892777664275,0.010908610806465407,0.301572407690905,0.03510738884317149,1403,0.11659280427621527,0.05617452635366036
青椒,price,soil_moisture_0_7,土壤水分 0–7cm,12,0.16372682886634576,0.07747923722928172,0.011867523896953586,0.31558613383573797,0.034586187865716496,1402,0.1157158701826946,0.05617452635366036
青椒,price,soil_moisture_0_7,土壤水分 0–7cm,13,0.1684244994159685,0.07942664764667136,0.012748270028492631,0.3241007288034443,0.03396359067858729,1401,0.11495484991821,0.05617452635366036
青椒,price,soil_moisture_0_7,土壤水分 0–7cm,14,0.1716883908338399,0.07944269048174694,0.01598071748961591,0.3273960641780639,0.030682956940702,1400,0.10829278920247765,0.05617452635366036
青椒,price,soil_moisture_7_28,土壤水分 7–28cm,0,0.12070749150056442,0.09578002886861033,-0.06702136508191181,0.30843634808304066,0.20757651715427572,1410,0.3851622477543403,0.22923304660035482
青椒,price,soil_moisture_7_28,土壤水分 7–28cm,1,0.11474170304546796,0.09543224378827471,-0.07230549477955045,0.3017889008704864,0.22923304660035482,1409,0.4085341424560779,0.22923304660035482
青椒,price,soil_moisture_7_28,土壤水分 7–28cm,2,0.11670382819224093,0.09518611323718748,-0.06986095375264653,0.30326861013712836,0.2201763254825393,1409,0.3970181350546021,0.22923304660035482
青椒,price,soil_moisture_7_28,土壤水分 7–28cm,3,0.12320988978262115,0.09444891372141286,-0.061909981111348045,0.30832976067659035,0.19205853521027827,1409,0.37145310083079397,0.22923304660035482
青椒,price,soil_moisture_7_28,土壤水分 7–28cm,4,0.127968973987925,0.09553189908820967,-0.059273548224965944,0.31521149620081595,0.18039434955904077,1408,0.3538328359805348,0.22923304660035482
青椒,price,soil_moisture_7_28,土壤水分 7–28cm,5,0.13171874361677552,0.09782483589956946,-0.06001793474638062,0.32345542197993166,0.178149220471158,1407,0.3531592476300489,0.22923304660035482
青椒,price,soil_moisture_7_28,土壤水分 7–28cm,6,0.13591819274003364,0.09746579085446848,-0.05511475733472457,0.3269511428147919,0.16316002103248683,1406,0.3367982085532985,0.22923304660035482
青椒,price,soil_moisture_7_28,土壤水分 7–28cm,7,0.1344234217174767,0.09687637982595107,-0.05545428274138739,0.32430112617634077,0.16526593557393365,1405,0.3395875388505486,0.22923304660035482
青椒,price,soil_moisture_7_28,土壤水分 7–28cm,8,0.12988541534655101,0.09634450597679664,-0.05894981636797039,0.3187206470610724,0.1776149167301745,1404,0.3530436914733978,0.22923304660035482
青椒,price,soil_moisture_7_28,土壤水分 7–28cm,9,0.1312441641412729,0.09663294115895583,-0.05815640053028054,0.32064472881282635,0.174409082920297,1404,0.35042141946800837,0.22923304660035482
青椒,price,soil_moisture_7_28,土壤水分 7–28cm,10,0.13637289625707813,0.09610924911368524,-0.05200123200574494,0.32474702451990123,0.1559176065492559,1404,0.3248283469776165,0.22923304660035482
青椒,price,soil_moisture_7_28,土壤水分 7–28cm,11,0.14068000896386842,0.09762324729531487,-0.05066155573494871,0.3320215736626856,0.14957047534219634,1403,0.31451735469153436,0.22923304660035482
青椒,price,soil_moisture_7_28,土壤水分 7–28cm,12,0.1453244892944896,0.09962877012501126,-0.049947900150532465,0.34059687873951167,0.14465874527894426,1402,0.3099830255977377,0.22923304660035482
青椒,price,soil_moisture_7_28,土壤水分 7–28cm,13,0.14738127025000639,0.09993290185234327,-0.04848721738058642,0.3432497578805992,0.14026571144114397,1401,0.30419069951091465,0.22923304660035482
青椒,price,soil_moisture_7_28,土壤水分 7–28cm,14,0.14776830227020687,0.09909284706867603,-0.046453677984398145,0.3419902825248119,0.1359062159643526,1400,0.29688251060174115,0.22923304660035482
青椒,price,soil_moisture_28_100,土壤水分 28–100cm,0,0.08865936858281888,0.10300392376642795,-0.11322832199937989,0.29054705916501766,0.3893824807610523,1410,0.5471166946893466,0.3893824807610523
青椒,price,soil_moisture_28_100,土壤水分 28–100cm,1,0.08952335842902438,0.10343655473584895,-0.11321228885323957,0.2922590057112883,0.3867696122513251,1409,0.5467917226997528,0.3893824807610523
青椒,price,soil_moisture_28_100,土壤水分 28–100cm,2,0.0928327066318129,0.10385194602236447,-0.11071710757202147,0.29638252083564726,0.3713782209008383,1409,0.5317306540937942,0.3893824807610523
青椒,price,soil_moisture_28_100,土壤水分 28–100cm,3,0.09591905679743751,0.10391820688775065,-0.10776062870255376,0.2995987422974288,0.3559944083844706,1409,0.5167660766871348,0.3893824807610523
青椒,price,soil_moisture_28_100,土壤水分 28–100cm,4,0.09856708352827692,0.10443104377088372,-0.10611776226265515,0.30325192931920897,0.34524707474076877,1408,0.5130442089461312,0.3893824807610523
青椒,price,soil_moisture_28_100,土壤水分 28–100cm,5,0.09905717406522613,0.10476671292875414,-0.10628558327513199,0.30439993140558425,0.3444024677923406,1407,0.5130442089461312,0.3893824807610523
青椒,price,soil_moisture_28_100,土壤水分 28–100cm,6,0.09983918178981105,0.10439681258094657,-0.10477857086884423,0.30445693444846633,0.3388988712056855,1406,0.5115926384194143,0.3893824807610523
青椒,price,soil_moisture_28_100,土壤水分 28–100cm,7,0.1005067223317572,0.10394434348136376,-0.10322419089171578,0.3042376355552302,0.33357990221668077,1405,0.5079896988071281,0.3893824807610523
青椒,price,soil_moisture_28_100,土壤水分 28–100cm,8,0.10291253117393485,0.10404033962115365,-0.1010065344835263,0.306831596831396,0.3225849180277339,1404,0.49798700896219644,0.3893824807610523
青椒,price,soil_moisture_28_100,土壤水分 28–100cm,9,0.10645987311265388,0.10455811813612975,-0.09847403843416043,0.3113937846594682,0.30858838515956555,1404,0.48384938439653136,0.3893824807610523
青椒,price,soil_moisture_28_100,土壤水分 28–100cm,10,0.1100513347574833,0.10488409694904223,-0.09552149526263948,0.3156241647776061,0.29405563130635515,1404,0.4740364837920993,0.3893824807610523
青椒,price,soil_moisture_28_100,土壤水分 28–100cm,11,0.11265436942770758,0.10549600347708336,-0.09411779738737582,0.319426536242791,0.2855862034670976,1403,0.4664747425052411,0.3893824807610523
青椒,price,soil_moisture_28_100,土壤水分 28–100cm,12,0.11336636160805737,0.10581071829375902,-0.0940226462477103,0.32075536946382505,0.2839863930419001,1402,0.4655514640031149,0.3893824807610523
青椒,price,soil_moisture_28_100,土壤水分 28–100cm,13,0.11313167824667585,0.10513982418060318,-0.09294237714730637,0.3192057336406581,0.2819220353447346,1401,0.46413825316108026,0.3893824807610523
青椒,price,soil_moisture_28_100,土壤水分 28–100cm,14,0.11518164279806663,0.10435302618469279,-0.08935028852393125,0.3197135741200645,0.26969332456216055,1400,0.4543256312992636,0.3893824807610523
青椒,volume,soil_moisture_0_7,土壤水分 0–7cm,0,0.01933008950288472,0.0875067178796908,-0.15218307754130925,0.1908432565470787,0.8251715830038207,1410,0.8803893664101248,0.8275660044255173
青椒,volume,soil_moisture_0_7,土壤水分 0–7cm,1,0.0297023850406163,0.08871698465654689,-0.1441829048862156,0.20358767496744817,0.7377764828124496,1409,0.8153562261849558,0.8275660044255173
青椒,volume,soil_moisture_0_7,土壤水分 0–7cm,2,0.04245540743060458,0.08896982689213111,-0.1319254532779724,0.21683626813918155,0.6332276657515852,1409,0.7391762635232512,0.8275660044255173
青椒,volume,soil_moisture_0_7,土壤水分 0–7cm,3,0.048730438557018946,0.08525371460304598,-0.11836684206495118,0.21582771917898907,0.5675976429637544,1409,0.6803637773690754,0.8275660044255173
青椒,volume,soil_moisture_0_7,土壤水分 0–7cm,4,0.04084330751355824,0.08279258507248623,-0.12143015922851474,0.20311677425563124,0.621785906321134,1408,0.7305578533799224,0.8275660044255173
青椒,volume,soil_moisture_0_7,土壤水分 0–7cm,5,0.025128256000960907,0.084275333224597,-0.14005139711924922,0.19030790912117104,0.7655745051660664,1407,0.8331524240017651,0.8275660044255173
青椒,volume,soil_moisture_0_7,土壤水分 0–7cm,6,0.01930722223029521,0.08863667433848575,-0.15442065947313685,0.19303510393372728,0.8275660044255173,1406,0.8803893664101248,0.8275660044255173
青椒,volume,soil_moisture_0_7,土壤水分 0–7cm,7,0.038960728718937174,0.09195744170160135,-0.1412758570162015,0.2191973144540758,0.6717976180296688,1405,0.7692339137744298,0.8275660044255173
青椒,volume,soil_moisture_0_7,土壤水分 0–7cm,8,0.052698066373246054,0.09377379732169512,-0.13109857637727637,0.2364947091237685,0.5741364191766809,1404,0.6862188277012122,0.8275660044255173
青椒,volume,soil_moisture_0_7,土壤水分 0–7cm,9,0.07156440274634862,0.09401091022942161,-0.11269698130331773,0.255825786796015,0.44651666892784936,1404,0.5832583483818061,0.8275660044255173
青椒,volume,soil_moisture_0_7,土壤水分 0–7cm,10,0.08420475859637411,0.08989397848634958,-0.09198743923687108,0.2603969564296193,0.3489067778609537,1404,0.5139379706626159,0.8275660044255173
青椒,volume,soil_moisture_0_7,土壤水分 0–7cm,11,0.07455634604684679,0.08797851562722822,-0.09788154458252053,0.24699423667621412,0.396750976089948,1403,0.5500071107324604,0.8275660044255173
青椒,volume,soil_moisture_0_7,土壤水分 0–7cm,12,0.061794479685781896,0.09033757795762787,-0.11526717311116874,0.23885613248273252,0.49395016731206187,1402,0.6257682581967038,0.8275660044255173
青椒,volume,soil_moisture_0_7,土壤水分 0–7cm,13,0.06382148003011529,0.0972748821935557,-0.1268372890692539,0.25448024912948447,0.5117635556060256,1401,0.6352861724960456,0.8275660044255173
青椒,volume,soil_moisture_0_7,土壤水分 0–7cm,14,0.06018566560227473,0.09799727944321958,-0.13188900210643564,0.2522603333109851,0.5391119191624578,1400,0.6554967837830126,0.8275660044255173
青椒,volume,soil_moisture_7_28,土壤水分 7–28cm,0,0.059634891985421094,0.11925867255920791,-0.1741121062306264,0.2933818902014686,0.6170422756680614,1410,0.7259320890212487,0.6170422756680612
青椒,volume,soil_moisture_7_28,土壤水分 7–28cm,1,0.0737925586396926,0.121206141114934,-0.163771477945578,0.31135659522496323,0.5426446534358844,1409,0.6581943235745229,0.5814049858241619
青椒,volume,soil_moisture_7_28,土壤水分 7–28cm,2,0.0945831566573086,0.121240183193438,-0.14304760240182987,0.3322139157164471,0.43531410467964426,1409,0.5807219809508531,0.5359861727957603
青椒,volume,soil_moisture_7_28,土壤水分 7–28cm,3,0.10147308021517998,0.11796199795956484,-0.12973243578556712,0.3326785962159271,0.38966866810652356,1409,0.5471166946893466,0.5359861727957603
青椒,volume,soil_moisture_7_28,土壤水分 7–28cm,4,0.10021465228262727,0.11690817852387075,-0.1289253776241594,0.32935468218941394,0.3913298172825662,1408,0.547763914458195,0.5359861727957603
青椒,volume,soil_moisture_7_28,土壤水分 7–28cm,5,0.09138046439721828,0.11935561585453178,-0.142556542677664,0.32531747147210055,0.44390534394898196,1407,0.5823541696931144,0.5359861727957603
青椒,volume,soil_moisture_7_28,土壤水分 7–28cm,6,0.08770846572684679,0.11991497339216443,-0.1473248821217955,0.3227418135754891,0.46452134975632564,1406,0.5972417354009901,0.5359861727957603
青椒,volume,soil_moisture_7_28,土壤水分 7–28cm,7,0.09952539076609486,0.12056061574620089,-0.13677341609645888,0.3358241976286486,0.40907553255298534,1405,0.5569863529465762,0.5359861727957603
青椒,volume,soil_moisture_7_28,土壤水分 7–28cm,8,0.11586587216875288,0.12231018760298318,-0.12386209553309413,0.3555938398705999,0.3434799688846879,1404,0.5130442089461312,0.5359861727957603
青椒,volume,soil_moisture_7_28,土壤水分 7–28cm,9,0.12970248904245124,0.1226477981714661,-0.11068719537362229,0.37009217345852474,0.29027437079252894,1404,0.47071519587977667,0.5359861727957603
青椒,volume,soil_moisture_7_28,土壤水分 7–28cm,10,0.12979768674016587,0.1200852953938203,-0.10556949223172193,0.36516486571205364,0.27975089391301267,1404,0.4631597886791292,0.5359861727957603
青椒,volume,soil_moisture_7_28,土壤水分 7–28cm,11,0.12229171123305321,0.11948806476107525,-0.11190489569865428,0.3564883181647607,0.30608859772234664,1403,0.48249216174201276,0.5359861727957603
青椒,volume,soil_moisture_7_28,土壤水分 7–28cm,12,0.11511274280539327,0.12124786191208131,-0.1225330665422861,0.3527585521530726,0.34241711516172757,1402,0.5130442089461312,0.5359861727957603
青椒,volume,soil_moisture_7_28,土壤水分 7–28cm,13,0.12052677997926788,0.12378619179047949,-0.12209415593007193,0.36314771588860767,0.3302209045424306,1401,0.5049767559945431,0.5359861727957603
青椒,volume,soil_moisture_7_28,土壤水分 7–28cm,14,0.12020482957785782,0.1213428761721781,-0.11762720771961123,0.3580368668753269,0.3218705658219889,1400,0.49798700896219644,0.5359861727957603
青椒,volume,soil_moisture_28_100,土壤水分 28–100cm,0,0.188448568248924,0.12828999575828018,-0.06299982343730512,0.4398969599351531,0.14185273914965915,1410,0.30542455797773505,0.14185273914965915
青椒,volume,soil_moisture_28_100,土壤水分 28–100cm,1,0.19459914283929708,0.1277472269800366,-0.05578542204157466,0.4449837077201688,0.12768015932521365,1409,0.28373368738936366,0.13680017070558606
青椒,volume,soil_moisture_28_100,土壤水分 28–100cm,2,0.20187963419895172,0.12743635046180385,-0.04789561270618381,0.45165488110408725,0.1131571968198638,1409,0.256912106868924,0.13056599633061208
青椒,volume,soil_moisture_28_100,土壤水分 28–100cm,3,0.20562272525188088,0.12700896332001593,-0.04331484285535034,0.4545602933591121,0.10545537173032626,1409,0.2412349432628715,0.13056599633061208
青椒,volume,soil_moisture_28_100,土壤水分 28–100cm,4,0.20896422764420036,0.1268845304120677,-0.039729451963452345,0.45765790725185307,0.0995816892185681,1408,0.23218528574277536,0.13056599633061208
青椒,volume,soil_moisture_28_100,土壤水分 28–100cm,5,0.2137678683393129,0.12667919884526377,-0.034523361397404084,0.4620590980760299,0.09151222407786777,1407,0.21731135005298416,0.13056599633061208
青椒,volume,soil_moisture_28_100,土壤水分 28–100cm,6,0.2168265530086576,0.1257202039236791,-0.029585046681753435,0.46323815269906865,0.08458597236459836,1406,0.20354913135865915,0.13056599633061208
青椒,volume,soil_moisture_28_100,土壤水分 28–100cm,7,0.21833829859076437,0.12445177741282577,-0.02558718513837413,0.46226378231990284,0.07936185334862844,1405,0.1925220162096108,0.13056599633061208
青椒,volume,soil_moisture_28_100,土壤水分 28–100cm,8,0.22079315558833013,0.1236797254893356,-0.021619106370767666,0.46320541754742794,0.07422873823556841,1404,0.18302976551236047,0.13056599633061208
青椒,volume,soil_moisture_28_100,土壤水分 28–100cm,9,0.22141125908889703,0.12377665764211303,-0.02119098988964449,0.4640135080674386,0.07364758555760795,1404,0.18209567857650316,0.13056599633061208
青椒,volume,soil_moisture_28_100,土壤水分 28–100cm,10,0.2198390187303963,0.12369913919167048,-0.022611294085277844,0.46228933154607044,0.0755341314355813,1404,0.18487853492407377,0.13056599633061208
青椒,volume,soil_moisture_28_100,土壤水分 28–100cm,11,0.22157243616774192,0.12367483608843186,-0.020830242565584522,0.46397511490106835,0.07320147035276661,1403,0.18177132326211612,0.13056599633061208
青椒,volume,soil_moisture_28_100,土壤水分 28–100cm,12,0.22710580428272678,0.1236679884941938,-0.01528345316589308,0.46949506173134664,0.06629623683092403,1402,0.16760284592087535,0.13056599633061208
青椒,volume,soil_moisture_28_100,土壤水分 28–100cm,13,0.22870619548427032,0.12281218535653388,-0.012005687814536065,0.46941807878307673,0.06256877361108702,1401,0.1627511452311512,0.13056599633061208
青椒,volume,soil_moisture_28_100,土壤水分 28–100cm,14,0.22920340785663068,0.12182508627978679,-0.009573761251751411,0.4679805769650128,0.05991564065711729,1400,0.15860022526883988,0.13056599633061208
韭菜,price,soil_moisture_0_7,土壤水分 0–7cm,0,0.07871191112860354,0.08977121874526439,-0.09723967761211466,0.25466349986932174,0.3805922138219716,1410,0.5411263703629928,0.3805922138219716
韭菜,price,soil_moisture_0_7,土壤水分 0–7cm,1,0.08893256538549285,0.08750389017831955,-0.08257505936401346,0.2604401901349992,0.3094736997234234,1409,0.48439361695840194,0.3315789639893822
韭菜,price,soil_moisture_0_7,土壤水分 0–7cm,2,0.09260062602253183,0.08586701939645908,-0.07569873199452795,0.2608999840395916,0.28084680732580813,1409,0.46378371851968314,0.32405400845285554
韭菜,price,soil_moisture_0_7,土壤水分 0–7cm,3,0.09953214648523326,0.08319935422400145,-0.06353858779380958,0.26260288076427607,0.2315759499373854,1409,0.41027235225127334,0.2894699374217317
韭菜,price,soil_moisture_0_7,土壤水分 0–7cm,4,0.10407087917622498,0.08057515741810486,-0.053856429363260544,0.2619981877157105,0.19649567887794583,1408,0.3731690022142749,0.2894699374217317
韭菜,price,soil_moisture_0_7,土壤水分 0–7cm,5,0.10438384299807736,0.08203573382862246,-0.05640619530602266,0.2651738813021774,0.20322421499727605,1407,0.38263973535051976,0.2894699374217317
韭菜,price,soil_moisture_0_7,土壤水分 0–7cm,6,0.10184965220883907,0.08379251400199617,-0.062383675235073405,0.2660829796527515,0.22417612458005653,1406,0.4026075872644489,0.2894699374217317
韭菜,price,soil_moisture_0_7,土壤水分 0–7cm,7,0.10900464660043156,0.08385551531660289,-0.05535216342011011,0.2733614566209732,0.19363172050393807,1405,0.372368693276804,0.2894699374217317
韭菜,price,soil_moisture_0_7,土壤水分 0–7cm,8,0.11171207715840137,0.08158558584073701,-0.04819567108944317,0.2716198254062459,0.17091725877921293,1404,0.3472359659171369,0.2894699374217317
韭菜,price,soil_moisture_0_7,土壤水分 0–7cm,9,0.10743133351319024,0.0798615726645249,-0.04909734890927857,0.26396001593565904,0.17855440659843158,1404,0.35318454052437015,0.2894699374217317
韭菜,price,soil_moisture_0_7,土壤水分 0–7cm,10,0.10416744411600085,0.07576507852786765,-0.04433210979861976,0.2526669980306214,0.16917048031877346,1404,0.3460305279247639,0.2894699374217317
韭菜,price,soil_moisture_0_7,土壤水分 0–7cm,11,0.10540911911665642,0.07333967903633239,-0.038336651794555046,0.2491548900278679,0.15064052042660905,1403,0.31602906383204693,0.2894699374217317
韭菜,price,soil_moisture_0_7,土壤水分 0–7cm,12,0.10915058600486896,0.07542632945323517,-0.038685019723471964,0.2569861917332099,0.14786466833701223,1402,0.31312518000779055,0.2894699374217317
韭菜,price,soil_moisture_0_7,土壤水分 0–7cm,13,0.10473895110809964,0.07723658721398546,-0.04664475983131186,0.2561226620475111,0.1750738806691935,1401,0.3509276004504992,0.2894699374217317
韭菜,price,soil_moisture_0_7,土壤水分 0–7cm,14,0.09969994568837838,0.07706514982845775,-0.0513477479753988,0.25074763935215555,0.19576565156927628,1400,0.3731690022142749,0.2894699374217317
韭菜,price,soil_moisture_7_28,土壤水分 7–28cm,0,0.09568643745178479,0.1152693903953738,-0.13024156772314785,0.32161444262671746,0.40647579040026705,1410,0.5552178819932038,0.40647579040026705
韭菜,price,soil_moisture_7_28,土壤水分 7–28cm,1,0.10619227747389684,0.11251930379100383,-0.11434555795647067,0.32673011290426435,0.3452874933254795,1409,0.5130442089461312,0.3699508857058709
韭菜,price,soil_moisture_7_28,土壤水分 7–28cm,2,0.11027565143513507,0.11041966592513926,-0.10614689377813788,0.32669819664840805,0.3179420985296958,1409,0.49421051584926806,0.36685626753426437
韭菜,price,soil_moisture_7_28,土壤水分 7–28cm,3,0.11506189460325766,0.10774033263659764,-0.0961091573644737,0.326232946570989,0.2855405277305124,1409,0.4664747425052411,0.3569256596631405
韭菜,price,soil_moisture_7_28,土壤水分 7–28cm,4,0.11675715446018207,0.106663203184016,-0.09230272378048927,0.32581703270085344,0.27367707262541796,1408,0.4571698496414341,0.3569256596631405
韭菜,price,soil_moisture_7_28,土壤水分 7–28cm,5,0.1189451161963733,0.10762372915612715,-0.09199739294963591,0.3298876253423825,0.2690754698472,1407,0.4543256312992636,0.3569256596631405
韭菜,price,soil_moisture_7_28,土壤水分 7–28cm,6,0.12009443833050319,0.1066394663034514,-0.08891891562426156,0.32910779228526793,0.26009249546309154,1406,0.4441807322899097,0.3569256596631405
韭菜,price,soil_moisture_7_28,土壤水分 7–28cm,7,0.12664279685693622,0.1049914833670151,-0.07914051054241336,0.3324261042562858,0.227732785234126,1405,0.4066656879180821,0.3569256596631405
韭菜,price,soil_moisture_7_28,土壤水分 7–28cm,8,0.12899109521136365,0.10241798504595097,-0.07174815547870025,0.3297303459014276,0.20786514661373212,1404,0.3851622477543403,0.3569256596631405
韭菜,price,soil_moisture_7_28,土壤水分 7–28cm,9,0.1307036822856009,0.1011523310740714,-0.06755488661957904,0.3289622511907808,0.19630623805747072,1404,0.3731690022142749,0.3569256596631405
韭菜,price,soil_moisture_7_28,土壤水分 7–28cm,10,0.1338844567307228,0.09898268476727856,-0.06012160541314318,0.32789051887458875,0.17618191108543924,1404,0.35236382217087847,0.3569256596631405
韭菜,price,soil_moisture_7_28,土壤水分 7–28cm,11,0.137250378974567,0.09872827217366097,-0.05625703448580849,0.33075779243494247,0.1644732732088977,1403,0.3387321416201554,0.3569256596631405
韭菜,price,soil_moisture_7_28,土壤水分 7–28cm,12,0.13705992236997983,0.09984474925034975,-0.058635786160705694,0.33275563090066534,0.16983617546994667,1402,0.34660443973458505,0.3569256596631405
韭菜,price,soil_moisture_7_28,土壤水分 7–28cm,13,0.13161037812243276,0.09997604990937103,-0.06434267969993446,0.3275634359448,0.1880334270014038,1401,0.3662988837689684,0.3569256596631405
韭菜,price,soil_moisture_7_28,土壤水分 7–28cm,14,0.1316724834281667,0.09871305600840423,-0.06180510634830558,0.32515007320463896,0.1822394937680446,1400,0.3565555312853047,0.3569256596631405
韭菜,price,soil_moisture_28_100,土壤水分 28–100cm,0,0.2743436623000354,0.08077229523677877,0.11602996363594897,0.4326573609641218,0.0006825182363357816,1410,0.008692101030402716,0.0006825182363357816
韭菜,price,soil_moisture_28_100,土壤水分 28–100cm,1,0.27967244539516245,0.08041146320448457,0.1220659775143727,0.4372789132759522,0.0005051376677340089,1409,0.008564318666485125,0.0005412189297150096
韭菜,price,soil_moisture_28_100,土壤水分 28–100cm,2,0.2863719020460709,0.08028519428903239,0.1290129212395674,0.44373088285257434,0.0003611838972412954,1409,0.008564318666485125,0.0004167506506630332
韭菜,price,soil_moisture_28_100,土壤水分 28–100cm,3,0.29174479331593484,0.07995577461028094,0.1350314750797842,0.4484581115520855,0.00026344037395446097,1409,0.008564318666485125,0.0003293004674430762
韭菜,price,soil_moisture_28_100,土壤水分 28–100cm,4,0.29299340972579424,0.07988943732645014,0.13641011256595198,0.4495767068856365,0.0002449467563092285,1408,0.008564318666485125,0.0003293004674430762
韭菜,price,soil_moisture_28_100,土壤水分 28–100cm,5,0.29270801155822457,0.07969190058191603,0.13651188641766915,0.44890413669878,0.00023972347886944034,1407,0.008564318666485125,0.0003293004674430762
韭菜,price,soil_moisture_28_100,土壤水分 28–100cm,6,0.293600200219482,0.07907817635933018,0.13860697455519488,0.44859342588376916,0.00020499170402107935,1406,0.008564318666485125,0.0003293004674430762
韭菜,price,soil_moisture_28_100,土壤水分 28–100cm,7,0.2944966414494786,0.07809921977158309,0.14142217069717578,0.4475711122017815,0.00016272418656974188,1405,0.008564318666485125,0.0003293004674430762
韭菜,price,soil_moisture_28_100,土壤水分 28–100cm,8,0.29300783586807,0.07766833731220996,0.1407778947361385,0.4452377770000015,0.0001615863204590322,1404,0.008564318666485125,0.0003293004674430762
韭菜,price,soil_moisture_28_100,土壤水分 28–100cm,9,0.2939874755653586,0.07765679220089895,0.14178016285159664,0.4461947882791205,0.0001532593760866083,1404,0.008564318666485125,0.0003293004674430762
韭菜,price,soil_moisture_28_100,土壤水分 28–100cm,10,0.2941321403143665,0.07744315833441082,0.14234354997892132,0.44592073064981175,0.00014584534425915972,1404,0.008564318666485125,0.0003293004674430762
韭菜,price,soil_moisture_28_100,土壤水分 28–100cm,11,0.2892085640458808,0.0776643637744053,0.1369864110480464,0.44143071704371517,0.0001962263232094908,1403,0.008564318666485125,0.0003293004674430762
韭菜,price,soil_moisture_28_100,土壤水分 28–100cm,12,0.2842933190316779,0.07772703468266966,0.1319483310536454,0.43663830700971046,0.0002546017804852204,1402,0.008564318666485125,0.0003293004674430762
韭菜,price,soil_moisture_28_100,土壤水分 28–100cm,13,0.28290312966339376,0.07727244510677365,0.1314491372541174,0.43435712207267013,0.0002511222636685105,1401,0.008564318666485125,0.0003293004674430762
韭菜,price,soil_moisture_28_100,土壤水分 28–100cm,14,0.28275075702276437,0.07693569385600989,0.13195679706498498,0.43354471698054375,0.00023770315647573387,1400,0.008564318666485125,0.0003293004674430762
韭菜,volume,soil_moisture_0_7,土壤水分 0–7cm,0,0.1168733007320236,0.08594768920462585,-0.051584170109043065,0.2853307715730903,0.1738872085190405,1410,0.35042141946800837,0.1738872085190405
韭菜,volume,soil_moisture_0_7,土壤水分 0–7cm,1,0.12449280793862445,0.08634703010796368,-0.04474737107298436,0.29373298695023325,0.14936645053112046,1409,0.31451735469153436,0.16003548271191478
韭菜,volume,soil_moisture_0_7,土壤水分 0–7cm,2,0.14082974480884985,0.08518172984806817,-0.026126445693363753,0.30778593531106346,0.09827271054215204,1409,0.2309280404384774,0.16003548271191478
韭菜,volume,soil_moisture_0_7,土壤水分 0–7cm,3,0.15132893152919194,0.08267048301888623,-0.010705215187825079,0.31336307824620896,0.06717410016701642,1409,0.16934647100928507,0.16003548271191478
韭菜,volume,soil_moisture_0_7,土壤水分 0–7cm,4,0.15271818549886584,0.08007538067000101,-0.004229560614336131,0.3096659316120678,0.05649724852210605,1408,0.15223809482004624,0.16003548271191478
韭菜,volume,soil_moisture_0_7,土壤水分 0–7cm,5,0.15113272313126513,0.08193608681805943,-0.009462007032131348,0.3117274532946616,0.0651074431164873,1407,0.1662034047156302,0.16003548271191478
韭菜,volume,soil_moisture_0_7,土壤水分 0–7cm,6,0.14553292526223705,0.08565158886024933,-0.022344188903851647,0.31341003942832574,0.08929526141496848,1406,0.2131717116007205,0.16003548271191478
韭菜,volume,soil_moisture_0_7,土壤水分 0–7cm,7,0.14818684589410658,0.09030691607416123,-0.028814709611249434,0.3251884013994626,0.10081305456228927,1405,0.23444896409834715,0.16003548271191478
韭菜,volume,soil_moisture_0_7,土壤水分 0–7cm,8,0.14635956335287867,0.09116625951806784,-0.0323263053025343,0.3250454320082916,0.10840278816708,1404,0.2469936945579038,0.16003548271191478
韭菜,volume,soil_moisture_0_7,土壤水分 0–7cm,9,0.13311225164187845,0.08897285851435335,-0.041274551046254104,0.307499054330011,0.13462772086703986,1404,0.2955242653178924,0.16003548271191478
韭菜,volume,soil_moisture_0_7,土壤水分 0–7cm,10,0.1235756185423448,0.08533266129335818,-0.04367639759263722,0.29082763467732686,0.14757141803033202,1404,0.31312518000779055,0.16003548271191478
韭菜,volume,soil_moisture_0_7,土壤水分 0–7cm,11,0.12043151373250158,0.08287220941686492,-0.041998016724553666,0.2828610441895568,0.14616280961645572,1403,0.3117216318834364,0.16003548271191478
韭菜,volume,soil_moisture_0_7,土壤水分 0–7cm,12,0.12449050271130711,0.08588168659608374,-0.043837603017017016,0.29281860843963126,0.1471817605863858,1402,0.31312518000779055,0.16003548271191478
韭菜,volume,soil_moisture_0_7,土壤水分 0–7cm,13,0.14139784561319227,0.09162637340107548,-0.03818984625291566,0.3209855374793002,0.12278218801364123,1401,0.27557099554183817,0.16003548271191478
韭菜,volume,soil_moisture_0_7,土壤水分 0–7cm,14,0.15181664757105237,0.09618144635120648,-0.03669898727731233,0.34033228241941704,0.11446454907894701,1400,0.2588394325905837,0.16003548271191478
韭菜,volume,soil_moisture_7_28,土壤水分 7–28cm,0,0.21741569453400494,0.12358807183637376,-0.024816926265287614,0.45964831533329753,0.0785441507508339,1410,0.19105333966419058,0.10506214514596073
韭菜,volume,soil_moisture_7_28,土壤水分 7–28cm,1,0.23392719787478092,0.12450344778149063,-0.010099559776940714,0.47795395552650255,0.060260704882210914,1409,0.15904584866272675,0.10506214514596073
韭菜,volume,soil_moisture_7_28,土壤水分 7–28cm,2,0.24363951936068837,0.12320451874319734,0.00215866262402159,0.48512037609735514,0.04798277260498061,1409,0.13495154795150796,0.10506214514596073
韭菜,volume,soil_moisture_7_28,土壤水分 7–28cm,3,0.24312985116295913,0.11906974564373861,0.00975314970123145,0.4765065526246868,0.0411603373019992,1409,0.12686405332807973,0.10506214514596073
韭菜,volume,soil_moisture_7_28,土壤水分 7–28cm,4,0.24005854649192343,0.11802375626391076,0.008731984214658345,0.4713851087691885,0.041953110748062475,1408,0.12798224691633778,0.10506214514596073
韭菜,volume,soil_moisture_7_28,土壤水分 7–28cm,5,0.23254241341469617,0.12103035547971722,-0.004677083325549558,0.4697619101549419,0.05468682734461001,1407,0.1482474235245452,0.10506214514596073
韭菜,volume,soil_moisture_7_28,土壤水分 7–28cm,6,0.2270179843603844,0.12311423784896494,-0.014285921823586872,0.4683218905443557,0.06518866873846384,1406,0.1662034047156302,0.10506214514596073
韭菜,volume,soil_moisture_7_28,土壤水分 7–28cm,7,0.23592224021755825,0.12651436102514071,-0.012045907391717542,0.483890387826834,0.062211372102561495,1405,0.16259039210955395,0.10506214514596073
韭菜,volume,soil_moisture_7_28,土壤水分 7–28cm,8,0.23888115306760435,0.1280211426976863,-0.012040286619860813,0.48980259275506954,0.06204824991004517,1404,0.16259039210955395,0.10506214514596073
韭菜,volume,soil_moisture_7_28,土壤水分 7–28cm,9,0.22786345875774877,0.12774121347691014,-0.022509319656995097,0.47823623717249264,0.07445784656472225,1404,0.18309306532308747,0.10506214514596073
韭菜,volume,soil_moisture_7_28,土壤水分 7–28cm,10,0.21566408920184124,0.12486075801832708,-0.029062996514079814,0.46039117491776227,0.08412515424055711,1404,0.2029829458887437,0.10506214514596073
韭菜,volume,soil_moisture_7_28,土壤水分 7–28cm,11,0.21089118708372714,0.124629143045529,-0.033381933285509674,0.455164307452964,0.09061740359663102,1403,0.21575572284912148,0.10506214514596073
韭菜,volume,soil_moisture_7_28,土壤水分 7–28cm,12,0.21316667917647178,0.12710005927057696,-0.03594943699385908,0.4622827953468026,0.09351190030086004,1402,0.22147555334414218,0.10506214514596073
韭菜,volume,soil_moisture_7_28,土壤水分 7–28cm,13,0.21602532525001564,0.13058079794066832,-0.039913038713694254,0.47196368921372556,0.09805800213623002,1401,0.2309280404384774,0.10506214514596073
韭菜,volume,soil_moisture_7_28,土壤水分 7–28cm,14,0.20907209473378358,0.132974391729388,-0.051557713055816856,0.469701902523384,0.11588716664885093,1400,0.2613996240199645,0.11588716664885093
韭菜,volume,soil_moisture_28_100,土壤水分 28–100cm,0,0.260881752084436,0.12865401169048077,0.008719889171093675,0.5130436149977783,0.0425829284801981,1410,0.1289408868098663,0.04370339875257626
韭菜,volume,soil_moisture_28_100,土壤水分 28–100cm,1,0.26006522259875103,0.1284422429833783,0.008318426351329566,0.5118120188461726,0.04289160898260342,1409,0.1289408868098663,0.04370339875257626
韭菜,volume,soil_moisture_28_100,土壤水分 28–100cm,2,0.25851504108821927,0.12816413070202234,0.007313344912255493,0.5097167372641831,0.04368900833212403,1409,0.12938506209644288,0.04370339875257626
韭菜,volume,soil_moisture_28_100,土壤水分 28–100cm,3,0.25753712706945964,0.1276880390182806,0.007268570593629675,0.5078056835452895,0.04370339875257626,1409,0.12938506209644288,0.04370339875257626
韭菜,volume,soil_moisture_28_100,土壤水分 28–100cm,4,0.2608751332125204,0.12758496034096842,0.010808610944222308,0.5109416554808186,0.04088276983779899,1408,0.12644155619937833,0.04370339875257626
韭菜,volume,soil_moisture_28_100,土壤水分 28–100cm,5,0.2654412487721757,0.12767507996881872,0.015198092033290977,0.5156844055110603,0.03761392566804757,1407,0.12090190393301005,0.04370339875257626
韭菜,volume,soil_moisture_28_100,土壤水分 28–100cm,6,0.2714803746569662,0.1277004087226969,0.02118757356048029,0.5217731757534521,0.033510233177223535,1406,0.11467380174715279,0.04370339875257626
韭菜,volume,soil_moisture_28_100,土壤水分 28–100cm,7,0.2743137472174437,0.127336282488952,0.024734633539097772,0.5238928608957897,0.031220842094027753,1405,0.10965292685969878,0.04370339875257626
韭菜,volume,soil_moisture_28_100,土壤水分 28–100cm,8,0.27374302139439677,0.12664420565266551,0.02552037831517237,0.5219656644736211,0.030655779846843263,1404,0.10829278920247765,0.04370339875257626
韭菜,volume,soil_moisture_28_100,土壤水分 28–100cm,9,0.27487387059097107,0.12639181263285762,0.027145917830570132,0.5226018233513721,0.029646912427054826,1404,0.1063036700571687,0.04370339875257626
韭菜,volume,soil_moisture_28_100,土壤水分 28–100cm,10,0.2778836883745368,0.12588699621265698,0.03114517579772913,0.5246222009513445,0.027285719990156793,1404,0.10023325710669842,0.04370339875257626
韭菜,volume,soil_moisture_28_100,土壤水分 28–100cm,11,0.28223668378675393,0.1259311548783723,0.035411620225144214,0.5290617473483636,0.025013236244830456,1403,0.0935923254475897,0.04370339875257626
韭菜,volume,soil_moisture_28_100,土壤水分 28–100cm,12,0.28392449278646925,0.12617334939800864,0.03662472796637231,0.5312242576065662,0.024431615091742548,1402,0.09317141348545888,0.04370339875257626
韭菜,volume,soil_moisture_28_100,土壤水分 28–100cm,13,0.2826833616190535,0.12593821818800152,0.03584445397057051,0.5295222692675365,0.024792579385655857,1401,0.09336117760288816,0.04370339875257626
韭菜,volume,soil_moisture_28_100,土壤水分 28–100cm,14,0.2785511238775354,0.12547743390059196,0.03261535343237515,0.5244868943226957,0.02642351750541882,1400,0.09786487964969934,0.04370339875257626
黄瓜,price,soil_moisture_0_7,土壤水分 0–7cm,0,0.09548748569425328,0.09107452918562543,-0.08301859150957258,0.27399356289807913,0.294429327155315,1410,0.4740364837920993,0.3204243468494522
黄瓜,price,soil_moisture_0_7,土壤水分 0–7cm,1,0.10384690830179852,0.09007994117998572,-0.07270977641097348,0.2804035930145705,0.24897994165551884,1409,0.4325906322200134,0.3204243468494522
黄瓜,price,soil_moisture_0_7,土壤水分 0–7cm,2,0.11350909063707629,0.08963860680369981,-0.06218257869817534,0.2892007599723279,0.20540680352363572,1409,0.3835396746291953,0.3204243468494522
黄瓜,price,soil_moisture_0_7,土壤水分 0–7cm,3,0.12205538566979314,0.08857160141309625,-0.051544953099875515,0.2956557244394618,0.16819032492793895,1409,0.34480932217572907,0.3204243468494522
黄瓜,price,soil_moisture_0_7,土壤水分 0–7cm,4,0.1286628586468126,0.08710351048653454,-0.042060021906795114,0.29938573920042033,0.13964186950395593,1408,0.303569281530339,0.3204243468494522
黄瓜,price,soil_moisture_0_7,土壤水分 0–7cm,5,0.12597391464231916,0.08848727057975987,-0.04746113569401017,0.2994089649786485,0.1545510484430403,1407,0.32347893860171223,0.3204243468494522
黄瓜,price,soil_moisture_0_7,土壤水分 0–7cm,6,0.11329553643809097,0.09033223167772651,-0.06375563765025298,0.2903467105264349,0.20976589467787088,1406,0.3868633303485324,0.3204243468494522
黄瓜,price,soil_moisture_0_7,土壤水分 0–7cm,7,0.10448434817858,0.09136742887189346,-0.07459581241033118,0.2835645087674912,0.2528051991281798,1405,0.4367076376494468,0.3204243468494522
黄瓜,price,soil_moisture_0_7,土壤水分 0–7cm,8,0.09945956670689143,0.09088317206476398,-0.07867145054004598,0.27759058395382885,0.27379394328525886,1404,0.4571698496414341,0.3204243468494522
黄瓜,price,soil_moisture_0_7,土壤水分 0–7cm,9,0.10853701520591262,0.09071373511642349,-0.0692619056222774,0.2863359360341026,0.2315099633863209,1404,0.41027235225127334,0.3204243468494522
黄瓜,price,soil_moisture_0_7,土壤水分 0–7cm,10,0.11183464524506272,0.08925333018919901,-0.06310188192576734,0.2867711724158928,0.21020479938405123,1404,0.38687999886635194,0.3204243468494522
黄瓜,price,soil_moisture_0_7,土壤水分 0–7cm,11,0.1195617002687504,0.08803601460538082,-0.052988888357796,0.29211228889529683,0.17443199546851973,1403,0.35042141946800837,0.3204243468494522
黄瓜,price,soil_moisture_0_7,土壤水分 0–7cm,12,0.11584990702196277,0.09030254559394721,-0.06114308234217375,0.2928428963860993,0.1995241201727037,1402,0.3772514877214986,0.3204243468494522
黄瓜,price,soil_moisture_0_7,土壤水分 0–7cm,13,0.09591271356701923,0.09236182264432226,-0.08511645881585238,0.27694188594989083,0.2990627237261554,1401,0.4780754020489163,0.3204243468494522
黄瓜,price,soil_moisture_0_7,土壤水分 0–7cm,14,0.07572920869584601,0.09310925235232499,-0.10676492591471096,0.25822334330640295,0.4160248153042213,1400,0.5630411034192468,0.4160248153042213
黄瓜,price,soil_moisture_7_28,土壤水分 7–28cm,0,0.14025792744073684,0.12567771179338436,-0.1060703876742965,0.3865862425557702,0.26441668149668984,1410,0.4498582482930451,0.305096170957719
黄瓜,price,soil_moisture_7_28,土壤水分 7–28cm,1,0.1514280079101456,0.12537429840728753,-0.09430561696813797,0.3971616327884292,0.22712134666877293,1409,0.40638014314492177,0.305096170957719
黄瓜,price,soil_moisture_7_28,土壤水分 7–28cm,2,0.15415959928114176,0.12511676765302923,-0.09106926531879553,0.39938846388107907,0.21790208966668567,1409,0.3953868562500345,0.305096170957719
黄瓜,price,soil_moisture_7_28,土壤水分 7–28cm,3,0.15759813639082806,0.12411912559797539,-0.0856753497812037,0.4008716225628598,0.2041797919424514,1409,0.3828371098920964,0.305096170957719
黄瓜,price,soil_moisture_7_28,土壤水分 7–28cm,4,0.16091664616815185,0.12459818720168359,-0.08329580074714799,0.4051290930834517,0.19653567449951814,1408,0.3731690022142749,0.305096170957719
黄瓜,price,soil_moisture_7_28,土壤水分 7–28cm,5,0.15805381729703216,0.1270476137572567,-0.09095950566719097,0.4070671402612553,0.2134804853266964,1407,0.39087203747757093,0.305096170957719
黄瓜,price,soil_moisture_7_28,土壤水分 7–28cm,6,0.14718310960518818,0.12746807004347624,-0.10265430768002523,0.39702052689040157,0.24822702523340723,1406,0.43211667835602807,0.305096170957719
黄瓜,price,soil_moisture_7_28,土壤水分 7–28cm,7,0.14685611415320615,0.12811391192865837,-0.10424715322696426,0.39795938153337657,0.251673829503105,1405,0.4355894546766649,0.305096170957719
黄瓜,price,soil_moisture_7_28,土壤水分 7–28cm,8,0.14823779358565192,0.12755183350345378,-0.10176380008111746,0.3982393872524213,0.24516361855850655,1404,0.42927481848765736,0.305096170957719
黄瓜,price,soil_moisture_7_28,土壤水分 7–28cm,9,0.15275923999913518,0.12756896674818577,-0.09727593482730892,0.4027944148255793,0.23112576709526422,1404,0.41027235225127334,0.305096170957719
黄瓜,price,soil_moisture_7_28,土壤水分 7–28cm,10,0.15842261253262666,0.12658096919303186,-0.08967608708571578,0.4065213121509691,0.21073330594800177,1404,0.3870611741902073,0.305096170957719
黄瓜,price,soil_moisture_7_28,土壤水分 7–28cm,11,0.15760318032319465,0.1274663897970678,-0.09223094367905821,0.4074373043254475,0.2162990270517403,1403,0.3938041311891771,0.305096170957719
黄瓜,price,soil_moisture_7_28,土壤水分 7–28cm,12,0.14459788616676572,0.12920187482001036,-0.10863778848045458,0.397833560813986,0.26307084361099375,1402,0.44841621070055754,0.305096170957719
黄瓜,price,soil_moisture_7_28,土壤水分 7–28cm,13,0.1278661327937064,0.12984752036098676,-0.12663500711382764,0.38236727270124043,0.32475147544950866,1401,0.5004731642201332,0.34264795610490306
黄瓜,price,soil_moisture_7_28,土壤水分 7–28cm,14,0.12379923246203174,0.13045969043080907,-0.13190176078235405,0.3795002257064175,0.34264795610490306,1400,0.5130442089461312,0.34264795610490306
黄瓜,price,soil_moisture_28_100,土壤水分 28–100cm,0,0.33567480215165996,0.09573208507011743,0.14803991541422978,0.5233096888890901,0.000454215299117443,1410,0.008564318666485125,0.0007882278624030577
黄瓜,price,soil_moisture_28_100,土壤水分 28–100cm,1,0.34139517164675065,0.09644654099150934,0.15235995130339233,0.530430391990109,0.000400529391543671,1409,0.008564318666485125,0.0007882278624030577
黄瓜,price,soil_moisture_28_100,土壤水分 28–100cm,2,0.3448453572699247,0.09706577327523314,0.15459644165046776,0.5350942728893817,0.0003813022596852028,1409,0.008564318666485125,0.0007882278624030577
黄瓜,price,soil_moisture_28_100,土壤水分 28–100cm,3,0.3454075815355152,0.09726313712767087,0.1547718327652803,0.5360433303057501,0.0003833780970865656,1409,0.008564318666485125,0.0007882278624030577
黄瓜,price,soil_moisture_28_100,土壤水分 28–100cm,4,0.34192574537063114,0.0975866362438872,0.15065593833261223,0.53319555240865,0.00045863988258058164,1408,0.008564318666485125,0.0007882278624030577
黄瓜,price,soil_moisture_28_100,土壤水分 28–100cm,5,0.33693405056174086,0.09717147173403556,0.14647796596303117,0.5273901351604505,0.0005254852416020384,1407,0.008564318666485125,0.0007882278624030577
黄瓜,price,soil_moisture_28_100,土壤水分 28–100cm,6,0.33451427461911254,0.09606197810589506,0.1462327975315582,0.5227957517066668,0.0004971718700794313,1406,0.008564318666485125,0.0007882278624030577
黄瓜,price,soil_moisture_28_100,土壤水分 28–100cm,7,0.33399488474462047,0.09492107135911426,0.14794958488075652,0.5200401846084844,0.0004337337727386251,1405,0.008564318666485125,0.0007882278624030577
黄瓜,price,soil_moisture_28_100,土壤水分 28–100cm,8,0.3312954683297773,0.09444100596225356,0.14619109664376032,0.5163998400157943,0.0004515533978589352,1404,0.008564318666485125,0.0007882278624030577
黄瓜,price,soil_moisture_28_100,土壤水分 28–100cm,9,0.3285588019180714,0.09441636197587142,0.14350273244536343,0.5136148713907793,0.0005016147732371396,1404,0.008564318666485125,0.0007882278624030577
黄瓜,price,soil_moisture_28_100,土壤水分 28–100cm,10,0.32382833629909186,0.09430454933904421,0.1389914195945652,0.5086652530036185,0.0005950580472663822,1404,0.008692101030402716,0.0008114427917268848
黄瓜,price,soil_moisture_28_100,土壤水分 28–100cm,11,0.31527019808772605,0.0944355936599663,0.1301764345141921,0.50036396166126,0.0008424176296602228,1403,0.009720203419156416,0.0010530220370752784
黄瓜,price,soil_moisture_28_100,土壤水分 28–100cm,12,0.30804742086597986,0.09401891055054687,0.12377035618690799,0.4923244855450517,0.0010512424416897733,1402,0.010831327516124251,0.0011271189990251377
黄瓜,price,soil_moisture_28_100,土壤水分 28–100cm,13,0.30307759085552166,0.09306253224728998,0.1206750276508333,0.48548015406021006,0.0011271189990251377,1401,0.0109076032163723,0.0011271189990251377
黄瓜,price,soil_moisture_28_100,土壤水分 28–100cm,14,0.3023839761186591,0.0927055815311536,0.12068103631759802,0.48408691591972014,0.0011072023683149233,1400,0.010831327516124251,0.0011271189990251377
黄瓜,volume,soil_moisture_0_7,土壤水分 0–7cm,0,-0.08090001089398366,0.10433272805690429,-0.2853921578855161,0.12359213609754874,0.4381009936148662,1410,0.5807219809508531,0.4381009936148662
黄瓜,volume,soil_moisture_0_7,土壤水分 0–7cm,1,-0.08377011650392022,0.10549006955618347,-0.2905306528340398,0.12299041982619938,0.42713472192144464,1409,0.573763059297463,0.4381009936148662
黄瓜,volume,soil_moisture_0_7,土壤水分 0–7cm,2,-0.0959288454265435,0.10201217890159099,-0.29587271607366183,0.10401502522057483,0.34702955036459804,1409,0.5137149747098089,0.4381009936148662
黄瓜,volume,soil_moisture_0_7,土壤水分 0–7cm,3,-0.0940786741149346,0.09933851163791468,-0.2887821569252474,0.10062480869537817,0.3436126002177724,1409,0.5130442089461312,0.4381009936148662
黄瓜,volume,soil_moisture_0_7,土壤水分 0–7cm,4,-0.09181339329488789,0.09835856168268627,-0.28459617419295297,0.1009693876031772,0.3505845586072269,1408,0.5154313996603778,0.4381009936148662
黄瓜,volume,soil_moisture_0_7,土壤水分 0–7cm,5,-0.09902425581100216,0.10078455444152142,-0.2965619825163841,0.09851347089437981,0.32583681983097523,1407,0.5012874151245773,0.4381009936148662
黄瓜,volume,soil_moisture_0_7,土壤水分 0–7cm,6,-0.10856568075953042,0.10578799563127034,-0.3159101521968203,0.09877879067775942,0.3047704167280447,1406,0.48222540153958815,0.4381009936148662
黄瓜,volume,soil_moisture_0_7,土壤水分 0–7cm,7,-0.10846695811852239,0.11242104883941563,-0.328812213843777,0.11187829760673224,0.3346310473764754,1405,0.5087296328358579,0.4381009936148662
黄瓜,volume,soil_moisture_0_7,土壤水分 0–7cm,8,-0.11200060536739746,0.11482435174922062,-0.3370563347958699,0.11305512406107494,0.3293578561502817,1404,0.5049767559945431,0.4381009936148662
黄瓜,volume,soil_moisture_0_7,土壤水分 0–7cm,9,-0.12722803938245975,0.11099084703051484,-0.34477009956226884,0.09031402079734935,0.2516739071465175,1404,0.4355894546766649,0.4381009936148662
黄瓜,volume,soil_moisture_0_7,土壤水分 0–7cm,10,-0.13068136936359548,0.10508998199270583,-0.3366577340692989,0.07529499534210796,0.21367671382107212,1404,0.39087203747757093,0.4381009936148662
黄瓜,volume,soil_moisture_0_7,土壤水分 0–7cm,11,-0.12989919906274144,0.10335188083430481,-0.33246888549797887,0.07267048737249598,0.20880309409483044,1403,0.3858784079781261,0.4381009936148662
黄瓜,volume,soil_moisture_0_7,土壤水分 0–7cm,12,-0.12991288824596417,0.10500751122886194,-0.33572761025453357,0.07590183376260523,0.2160213411180033,1402,0.3938041311891771,0.4381009936148662
黄瓜,volume,soil_moisture_0_7,土壤水分 0–7cm,13,-0.11723393919569583,0.10926474467943624,-0.3313928387673909,0.09692496037599921,0.28330040274831436,1401,0.46527438407569877,0.4381009936148662
黄瓜,volume,soil_moisture_0_7,土壤水分 0–7cm,14,-0.09584946436809566,0.11513089207126843,-0.3215060128277818,0.12980708409159047,0.40511209249435365,1400,0.5552178819932038,0.4381009936148662
黄瓜,volume,soil_moisture_7_28,土壤水分 7–28cm,0,-0.12353308453915149,0.15291879167367917,-0.42325391621956265,0.17618774714125965,0.4191858280344176,1410,0.5664673351816454,0.4191858280344176
黄瓜,volume,soil_moisture_7_28,土壤水分 7–28cm,1,-0.12475066911258048,0.15252899071345474,-0.4237074909109518,0.17420615268579082,0.41342474486358327,1409,0.5603648650259412,0.4191858280344176
黄瓜,volume,soil_moisture_7_28,土壤水分 7–28cm,2,-0.12293725046901932,0.15026350453258938,-0.4174537193528945,0.17157921841485585,0.4132747169957123,1409,0.5603648650259412,0.4191858280344176
黄瓜,volume,soil_moisture_7_28,土壤水分 7–28cm,3,-0.12536561714473377,0.1480841863387778,-0.41561062236873825,0.16487938807927072,0.3972273577512214,1409,0.5500071107324604,0.4191858280344176
黄瓜,volume,soil_moisture_7_28,土壤水分 7–28cm,4,-0.1399359241696442,0.14792230323166272,-0.4298636385037031,0.14999179016441475,0.3441436716520625,1408,0.5130442089461312,0.4191858280344176
黄瓜,volume,soil_moisture_7_28,土壤水分 7–28cm,5,-0.15416390455744028,0.15063761761749747,-0.4494136350877353,0.14108582597285474,0.3061144715052103,1407,0.48249216174201276,0.4191858280344176
黄瓜,volume,soil_moisture_7_28,土壤水分 7–28cm,6,-0.16082755129215287,0.15324039383723892,-0.46117872321314113,0.1395236206288354,0.2939427781258219,1406,0.4740364837920993,0.4191858280344176
黄瓜,volume,soil_moisture_7_28,土壤水分 7–28cm,7,-0.16218004201263123,0.15706002941169223,-0.470017699659548,0.1456576156342855,0.3017915584915515,1405,0.4807299161812324,0.4191858280344176
黄瓜,volume,soil_moisture_7_28,土壤水分 7–28cm,8,-0.16621701878998715,0.1569121923854979,-0.473764915865563,0.14133087828558868,0.28946336821400853,1404,0.47071519587977667,0.4191858280344176
黄瓜,volume,soil_moisture_7_28,土壤水分 7–28cm,9,-0.16847373788919834,0.154590166818225,-0.4714704648529193,0.13452298907452265,0.2757973376957067,1404,0.45966222949284447,0.4191858280344176
黄瓜,volume,soil_moisture_7_28,土壤水分 7–28cm,10,-0.1625637217947478,0.15113354300009155,-0.4587854660749272,0.13365802248543165,0.282092916087901,1404,0.46413825316108026,0.4191858280344176
黄瓜,volume,soil_moisture_7_28,土壤水分 7–28cm,11,-0.16572783505165342,0.1504276409920861,-0.46056601139614217,0.12911034129283536,0.27058719367159345,1403,0.4543256312992636,0.4191858280344176
黄瓜,volume,soil_moisture_7_28,土壤水分 7–28cm,12,-0.16729024090052177,0.15106857441719002,-0.4633846467582142,0.12880416495717065,0.268129889616874,1402,0.4543256312992636,0.4191858280344176
黄瓜,volume,soil_moisture_7_28,土壤水分 7–28cm,13,-0.1635853601551225,0.15464478172307655,-0.46668913233235254,0.13951841202210755,0.29014041097500554,1401,0.47071519587977667,0.4191858280344176
黄瓜,volume,soil_moisture_7_28,土壤水分 7–28cm,14,-0.16271166692375857,0.1583598613647813,-0.47309699519872994,0.14767366135121276,0.30419427070116845,1400,0.48222540153958815,0.4191858280344176
黄瓜,volume,soil_moisture_28_100,土壤水分 28–100cm,0,-0.11027501877652401,0.14295485715472228,-0.39046653879977966,0.16991650124673163,0.4404713591539051,1410,0.5807219809508531,0.7069608044878156
黄瓜,volume,soil_moisture_28_100,土壤水分 28–100cm,1,-0.11218181925599494,0.14232650277667494,-0.39114176469827777,0.16677812618628793,0.43057944244946633,1409,0.5766688961376781,0.7069608044878156
黄瓜,volume,soil_moisture_28_100,土壤水分 28–100cm,2,-0.11011484866362493,0.1422379904406959,-0.3889013099273889,0.16867161260013908,0.43883665339281497,1409,0.5807219809508531,0.7069608044878156
黄瓜,volume,soil_moisture_28_100,土壤水分 28–100cm,3,-0.10910118858598034,0.1416173592182675,-0.3866712126537847,0.168468835481824,0.4410661078417619,1409,0.5807219809508531,0.7069608044878156
黄瓜,volume,soil_moisture_28_100,土壤水分 28–100cm,4,-0.10780203308302028,0.14099778266875448,-0.38415768711377907,0.16855362094773851,0.44453034953241066,1408,0.5823541696931144,0.7069608044878156
黄瓜,volume,soil_moisture_28_100,土壤水分 28–100cm,5,-0.10324602751085173,0.1403666140431669,-0.37836459103545883,0.1718725360137554,0.462007356689485,1407,0.5965661707611715,0.7069608044878156
黄瓜,volume,soil_moisture_28_100,土壤水分 28–100cm,6,-0.09385503993213959,0.14006331410342523,-0.368379135574853,0.18066905571057387,0.5028003565011662,1406,0.6302511432465872,0.7069608044878156
黄瓜,volume,soil_moisture_28_100,土壤水分 28–100cm,7,-0.08872035238512387,0.13949704634329393,-0.36213456321798,0.18469385844773223,0.5247753431236492,1405,0.6434575051924853,0.7069608044878156
黄瓜,volume,soil_moisture_28_100,土壤水分 28–100cm,8,-0.08595495801466323,0.13852877599063404,-0.35747135895630594,0.18556144292697946,0.5349388569816945,1404,0.6514816932118066,0.7069608044878156
黄瓜,volume,soil_moisture_28_100,土壤水分 28–100cm,9,-0.07806822641594117,0.13837119715789445,-0.3492757728454143,0.1931393200135319,0.572621976936626,1404,0.685318855376281,0.7069608044878156
黄瓜,volume,soil_moisture_28_100,土壤水分 28–100cm,10,-0.07048944665499729,0.1381341589334462,-0.3412323981645518,0.20025350485455723,0.6098434054286577,1404,0.720287486726761,0.7069608044878156
黄瓜,volume,soil_moisture_28_100,土壤水分 28–100cm,11,-0.06682755409236267,0.13808623317932445,-0.3374765711238386,0.20382146293911324,0.6284176458495947,1403,0.736607965013008,0.7069608044878156
黄瓜,volume,soil_moisture_28_100,土壤水分 28–100cm,12,-0.06340084119059652,0.1380134833214124,-0.3339072685005648,0.20710558611937174,0.6459602298703019,1402,0.7491806789732882,0.7069608044878156
黄瓜,volume,soil_moisture_28_100,土壤水分 28–100cm,13,-0.05650316462483439,0.13809279677491804,-0.32716504630367377,0.21415871705400497,0.682416316997737,1401,0.776453458025238,0.7069608044878156
黄瓜,volume,soil_moisture_28_100,土壤水分 28–100cm,14,-0.051961305594532756,0.13821667246656638,-0.3228659836290029,0.21894337243993733,0.7069608044878156,1400,0.7953309050487926,0.7069608044878156
