crop,response,exposure,label,lag_days,effect_z_per_1sd,se_hac,ci_low,ci_high,p_value,n_obs,fdr_p,fdr_p_within
土豆,price,humidity,相对湿度,0,-0.07594412000803119,0.07918547893681888,-0.23114765872419618,0.0792594187081338,0.3375253734665774,1410,0.9997788117577607,0.3999989271911025
土豆,price,humidity,相对湿度,1,-0.07248609524931321,0.07976168407718785,-0.2288189960406014,0.08384680554197499,0.3634644653418231,1409,0.9997788117577607,0.3999989271911025
土豆,price,humidity,相对湿度,2,-0.07355145746478586,0.07943251035509365,-0.2292391777607694,0.08213626283119768,0.3544659163896522,1409,0.9997788117577607,0.3999989271911025
土豆,price,humidity,相对湿度,3,-0.06725882442487241,0.07991560647971638,-0.2238934131251165,0.0893757642753717,0.3999989271911025,1409,0.9997788117577607,0.3999989271911025
土豆,price,humidity,相对湿度,4,-0.06691786567144348,0.0787021048329159,-0.22117399114395864,0.08733825980107168,0.3951762134993456,1408,0.9997788117577607,0.3999989271911025
土豆,price,humidity,相对湿度,5,-0.08281196824495182,0.07822800656917885,-0.23613886112054236,0.07051492463063871,0.2897831488952979,1407,0.9997788117577607,0.3999989271911025
土豆,price,humidity,相对湿度,6,-0.0964863264084616,0.07872335458277528,-0.2507841013907011,0.05781144857377794,0.22033497164373006,1406,0.9997788117577607,0.3999989271911025
土豆,price,humidity,相对湿度,7,-0.09008145314483386,0.08119841207661245,-0.24923034081499423,0.06906743452532653,0.2672580086932035,1405,0.9997788117577607,0.3999989271911025
土豆,price,humidity,相对湿度,8,-0.08497837596527286,0.08213336228443824,-0.2459597660427718,0.0760030141122261,0.30083755536014845,1404,0.9997788117577607,0.3999989271911025
土豆,price,humidity,相对湿度,9,-0.08536379885843277,0.08108935031124427,-0.24429892546847154,0.073571327751606,0.29247262999205215,1404,0.9997788117577607,0.3999989271911025
土豆,price,humidity,相对湿度,10,-0.07642310523789446,0.08188844466291915,-0.23692445677721602,0.08407824630142709,0.35068640194782663,1404,0.9997788117577607,0.3999989271911025
土豆,price,humidity,相对湿度,11,-0.06823439950155005,0.08089760155699864,-0.2267936985532674,0.09032489955016729,0.3989677136449631,1403,0.9997788117577607,0.3999989271911025
土豆,price,humidity,相对湿度,12,-0.09363601418848014,0.08119458642143418,-0.25277740357449113,0.06550537519753086,0.24881608757679607,1402,0.9997788117577607,0.3999989271911025
土豆,price,humidity,相对湿度,13,-0.10103006999682684,0.08229925280430779,-0.2623366054932701,0.06027646549961643,0.21959941050418164,1401,0.9997788117577607,0.3999989271911025
土豆,price,humidity,相对湿度,14,-0.0829884621703888,0.08431413888098954,-0.24824417437712828,0.08226725003635069,0.3249793671308626,1400,0.9997788117577607,0.3999989271911025
土豆,price,wind_speed,日最大风速,0,0.2578168466699817,0.0661421229627005,0.12817828566308875,0.3874554076768747,9.702159083058376e-05,1410,0.004518338919052038,0.000176557345236594
土豆,price,wind_speed,日最大风速,1,0.24363944923610228,0.0623960802448552,0.1213431319561861,0.36593576651601845,9.433312447436318e-05,1409,0.004518338919052038,0.000176557345236594
土豆,price,wind_speed,日最大风速,2,0.2517032415408272,0.06313440145597696,0.12795981468711234,0.375446668394542,6.69748579969319e-05,1409,0.0034943404172312295,0.000176557345236594
土豆,price,wind_speed,日最大风速,3,0.24542419521993022,0.06466009259683489,0.11869041373013384,0.3721579767097266,0.00014728361733742603,1409,0.006201415466838991,0.000176557345236594
土豆,price,wind_speed,日最大风速,4,0.24137645255756054,0.06670666401649583,0.11063139108522871,0.37212151402989235,0.0002963431505912738,1408,0.01165940264621405,0.0002963431505912738
土豆,price,wind_speed,日最大风速,5,0.2601973156400298,0.06906077450759068,0.12483819760515205,0.39555643367490756,0.0001647868555541544,1407,0.006703194124236789,0.000176557345236594
土豆,price,wind_speed,日最大风速,6,0.27312151403457735,0.06736649834734129,0.1410831772737884,0.4051598507953663,5.029256999819989e-05,1406,0.002743231090810903,0.000176557345236594
土豆,price,wind_speed,日最大风速,7,0.26278099050610815,0.06560205947759529,0.13420095393002138,0.3913610270821949,6.18387909776012e-05,1405,0.003298068852138731,0.000176557345236594
土豆,price,wind_speed,日最大风速,8,0.2652370398030414,0.0642194694766893,0.1393668796287304,0.39110719997735244,3.625021176337393e-05,1404,0.0020232676333045915,0.000176557345236594
土豆,price,wind_speed,日最大风速,9,0.2718067879183426,0.06509109666456381,0.14422823845579755,0.39938533738088766,2.96952926017265e-05,1404,0.00178171755610359,0.000176557345236594
土豆,price,wind_speed,日最大风速,10,0.2714471251845159,0.07133407182058289,0.13163234441617344,0.4112619059528584,0.00014163577531431168,1404,0.006070104656327643,0.000176557345236594
土豆,price,wind_speed,日最大风速,11,0.2632347588408371,0.06904800300478049,0.12790067295146731,0.3985688447302068,0.00013765495800229074,1403,0.006006761803736324,0.000176557345236594
土豆,price,wind_speed,日最大风速,12,0.28656517634829903,0.07399771904134639,0.14152964702726012,0.43160070566933795,0.00010767085918318001,1402,0.004875661547917585,0.000176557345236594
土豆,price,wind_speed,日最大风速,13,0.2763931997511024,0.07182246966163364,0.13562115921430046,0.4171652402879043,0.00011894852341405973,1401,0.005286601040624877,0.000176557345236594
土豆,price,wind_speed,日最大风速,14,0.25852104094587686,0.06839865576169873,0.12445967565294733,0.39258240623880636,0.0001570668345822988,1400,0.006499317293060641,0.000176557345236594
土豆,price,radiation,短波辐射,0,0.08373888879526085,0.08493415313983674,-0.08273205135881916,0.25020982894934085,0.32416885557927766,1410,0.9997788117577607,0.6592442242399971
土豆,price,radiation,短波辐射,1,0.07226968091981167,0.08562251080638732,-0.09555044026070747,0.24008980210033082,0.3986414616771241,1409,0.9997788117577607,0.6592442242399971
土豆,price,radiation,短波辐射,2,0.05234959472380865,0.08128056046899884,-0.10696030379542906,0.21165949324304636,0.5195362325548003,1409,0.9997788117577607,0.6592442242399971
土豆,price,radiation,短波辐射,3,0.05759563520248129,0.08469007919243166,-0.10839692001468476,0.22358819041964734,0.4964567519209707,1409,0.9997788117577607,0.6592442242399971
土豆,price,radiation,短波辐射,4,0.06386528083379055,0.08375294145196775,-0.10029048441206624,0.22802104607964735,0.44573555061905656,1408,0.9997788117577607,0.6592442242399971
土豆,price,radiation,短波辐射,5,0.05998894806759651,0.08171960268927819,-0.10018147320338873,0.22015936933858177,0.46289832557980004,1407,0.9997788117577607,0.6592442242399971
土豆,price,radiation,短波辐射,6,0.05951509752744953,0.08120840055905297,-0.09965336756829428,0.21868356262319333,0.46363849568982807,1406,0.9997788117577607,0.6592442242399971
土豆,price,radiation,短波辐射,7,0.06553036997282183,0.08530080792364142,-0.10165921355751534,0.232719953503159,0.4423524314435635,1405,0.9997788117577607,0.6592442242399971
土豆,price,radiation,短波辐射,8,0.045785750743821164,0.08461611228468685,-0.12006182933416507,0.21163333082180738,0.5884388831610552,1404,0.9997788117577607,0.6592442242399971
土豆,price,radiation,短波辐射,9,0.03570951222308418,0.0809818714318341,-0.12301495578331062,0.194433980229479,0.6592442242399971,1404,0.9997788117577607,0.6592442242399971
土豆,price,radiation,短波辐射,10,0.03773532588659899,0.08233587183431096,-0.12364298290865049,0.19911363468184845,0.6467299809590498,1404,0.9997788117577607,0.6592442242399971
土豆,price,radiation,短波辐射,11,0.04214510455208758,0.08297845134441396,-0.12049266008296378,0.20478286918713895,0.6115205240190497,1403,0.9997788117577607,0.6592442242399971
土豆,price,radiation,短波辐射,12,0.061911582464017886,0.08154203074925882,-0.0979107978045294,0.22173396273256518,0.44769718564750316,1402,0.9997788117577607,0.6592442242399971
土豆,price,radiation,短波辐射,13,0.06343350465866122,0.08058933883610254,-0.09452159946009976,0.22138860877742222,0.4312114462906895,1401,0.9997788117577607,0.6592442242399971
土豆,price,radiation,短波辐射,14,0.04554301132933576,0.08215355955560011,-0.11547796539964046,0.206563988058312,0.5793294632076713,1400,0.9997788117577607,0.6592442242399971
土豆,price,et0,参考蒸散ET0,0,0.0991745850701343,0.10231382735492521,-0.10136051654551911,0.2997096866857877,0.33238679208032784,1410,0.9997788117577607,0.5712954772763206
土豆,price,et0,参考蒸散ET0,1,0.08159664337902255,0.10138617436341756,-0.11712025837327585,0.28031354513132095,0.4209291229880887,1409,0.9997788117577607,0.5712954772763206
土豆,price,et0,参考蒸散ET0,2,0.07206719066177397,0.09855247830762817,-0.12109566682117723,0.2652300481447252,0.4646221835142055,1409,0.9997788117577607,0.5712954772763206
土豆,price,et0,参考蒸散ET0,3,0.06725215977925697,0.09971289408598023,-0.12818511262926427,0.2626894321877782,0.5000201749474129,1409,0.9997788117577607,0.5712954772763206
土豆,price,et0,参考蒸散ET0,4,0.06453776142936231,0.09824452237686994,-0.12802150242930277,0.25709702528802736,0.5112391005022885,1408,0.9997788117577607,0.5712954772763206
土豆,price,et0,参考蒸散ET0,5,0.06632683709266286,0.09629920158453864,-0.12241959801303286,0.25507327219835857,0.4909756250019681,1407,0.9997788117577607,0.5712954772763206
土豆,price,et0,参考蒸散ET0,6,0.07537614759485803,0.09681721207734831,-0.11438558807674465,0.2651378832664607,0.43625027672404404,1406,0.9997788117577607,0.5712954772763206
土豆,price,et0,参考蒸散ET0,7,0.07871705075388932,0.1008469364472243,-0.1189429446826703,0.27637704619044895,0.4350615236571238,1405,0.9997788117577607,0.5712954772763206
土豆,price,et0,参考蒸散ET0,8,0.06490662343018488,0.09963978797643902,-0.1303873610036356,0.26020060786400534,0.514780113889705,1404,0.9997788117577607,0.5712954772763206
土豆,price,et0,参考蒸散ET0,9,0.06481441840554912,0.0971761694462013,-0.1256508737090054,0.2552797105201037,0.5047858491641096,1404,0.9997788117577607,0.5712954772763206
土豆,price,et0,参考蒸散ET0,10,0.06003931927145467,0.09925637913571944,-0.13450318383455542,0.25458182237746474,0.5452512304705152,1404,0.9997788117577607,0.5712954772763206
土豆,price,et0,参考蒸散ET0,11,0.055460213144287576,0.0979612130626471,-0.13654376445850075,0.24746419074707587,0.5712954772763206,1403,0.9997788117577607,0.5712954772763206
土豆,price,et0,参考蒸散ET0,12,0.07443158568591755,0.09594868240752348,-0.11362783183282847,0.26249100320466356,0.43790033320618316,1402,0.9997788117577607,0.5712954772763206
土豆,price,et0,参考蒸散ET0,13,0.07692075496813201,0.09584908315703898,-0.1109434480196644,0.26478495795592843,0.42225253317163913,1401,0.9997788117577607,0.5712954772763206
土豆,price,et0,参考蒸散ET0,14,0.05988816549552726,0.09866482682045942,-0.1334948950725732,0.25327122606362773,0.5438602238322752,1400,0.9997788117577607,0.5712954772763206
土豆,price,dew_point,露点温度,0,-0.03864702009786094,0.09162726605696238,-0.2182364615695072,0.14094242137378532,0.6731818463070129,1410,0.9997788117577607,0.6731818463070129
土豆,price,dew_point,露点温度,1,-0.04144924705854764,0.09135604564567992,-0.2205070965240803,0.13760860240698503,0.6500368152523204,1409,0.9997788117577607,0.6731818463070129
土豆,price,dew_point,露点温度,2,-0.045468005449967576,0.0914244384626029,-0.22465990483666926,0.13372389393673412,0.6189572119555724,1409,0.9997788117577607,0.6731818463070129
土豆,price,dew_point,露点温度,3,-0.04609733446979794,0.09172012538270449,-0.22586878021989873,0.13367411128030285,0.6152547338455554,1409,0.9997788117577607,0.6731818463070129
土豆,price,dew_point,露点温度,4,-0.0506173254360788,0.09163459207463731,-0.23022112590236793,0.12898647503021032,0.5806864645123482,1408,0.9997788117577607,0.6731818463070129
土豆,price,dew_point,露点温度,5,-0.05843698282596368,0.09111870005780374,-0.23702963493925902,0.12015566928733165,0.5213095357910367,1407,0.9997788117577607,0.6731818463070129
土豆,price,dew_point,露点温度,6,-0.062104284244027225,0.09108694976229514,-0.2406347057781257,0.11642613729007126,0.4953570796452835,1406,0.9997788117577607,0.6731818463070129
土豆,price,dew_point,露点温度,7,-0.05576621097407726,0.09164620722956794,-0.2353927771440304,0.12386035519587589,0.54285956764621,1405,0.9997788117577607,0.6731818463070129
土豆,price,dew_point,露点温度,8,-0.053400522665664495,0.09228917565465296,-0.2342873069487843,0.1274862616174553,0.5628444377281094,1404,0.9997788117577607,0.6731818463070129
土豆,price,dew_point,露点温度,9,-0.05303919272918643,0.09284253238903238,-0.23501055621168987,0.12893217075331703,0.5678090476820412,1404,0.9997788117577607,0.6731818463070129
土豆,price,dew_point,露点温度,10,-0.050830974608648924,0.09309132846624447,-0.2332899784024881,0.13162802918519023,0.585042978381924,1404,0.9997788117577607,0.6731818463070129
土豆,price,dew_point,露点温度,11,-0.05001969795988673,0.09318329566365235,-0.23265895746064533,0.13261956154087187,0.5914138907386188,1403,0.9997788117577607,0.6731818463070129
土豆,price,dew_point,露点温度,12,-0.06027824733752361,0.0929141704639656,-0.2423900214468962,0.12183352677184899,0.5164987332473507,1402,0.9997788117577607,0.6731818463070129
土豆,price,dew_point,露点温度,13,-0.06545478617629699,0.09273347766405361,-0.24721240239784206,0.11630283004524808,0.48028906357803025,1401,0.9997788117577607,0.6731818463070129
土豆,price,dew_point,露点温度,14,-0.06123279517881592,0.09299230332488011,-0.24349770969558093,0.1210321193379491,0.5102351097605469,1400,0.9997788117577607,0.6731818463070129
土豆,price,pressure_msl,海平面气压,0,-0.00836872668376811,0.09176385815696048,-0.18822588867141066,0.17148843530387442,0.9273348627828615,1410,0.9997788117577607,0.97735640383766
土豆,price,pressure_msl,海平面气压,1,-0.0026006773669077893,0.0916268654368969,-0.1821893336232257,0.17698797888941015,0.97735640383766,1409,0.9997788117577607,0.97735640383766
土豆,price,pressure_msl,海平面气压,2,0.01296424122742498,0.09061203790156663,-0.1646353530596456,0.19056383551449557,0.8862316121337541,1409,0.9997788117577607,0.97735640383766
土豆,price,pressure_msl,海平面气压,3,0.017239538995617802,0.08753887758449837,-0.154336661069999,0.1888157390612346,0.843877776930569,1409,0.9997788117577607,0.97735640383766
土豆,price,pressure_msl,海平面气压,4,0.018366928599688304,0.08527575807844298,-0.14877355723405994,0.18550741443343655,0.8294689058852023,1408,0.9997788117577607,0.97735640383766
土豆,price,pressure_msl,海平面气压,5,0.021340397092325727,0.08565015293649335,-0.1465339026632012,0.1892146968478527,0.8032387803543353,1407,0.9997788117577607,0.97735640383766
土豆,price,pressure_msl,海平面气压,6,0.0200076044580313,0.08795327278920224,-0.15238081020880512,0.1923960191248677,0.8200505726625571,1406,0.9997788117577607,0.97735640383766
土豆,price,pressure_msl,海平面气压,7,0.014352679130620693,0.09030154951014009,-0.16263835790925388,0.19134371617049525,0.8737148296389627,1405,0.9997788117577607,0.97735640383766
土豆,price,pressure_msl,海平面气压,8,0.01884602888870295,0.09163203659577078,-0.16075276283900777,0.1984448206164137,0.8370481150277216,1404,0.9997788117577607,0.97735640383766
土豆,price,pressure_msl,海平面气压,9,0.028176946817378305,0.09097950479030803,-0.15014288257162542,0.20649677620638204,0.7567841358285294,1404,0.9997788117577607,0.97735640383766
土豆,price,pressure_msl,海平面气压,10,0.0328499225588262,0.08811568237402238,-0.13985681489425766,0.2055566600119101,0.7092939563655385,1404,0.9997788117577607,0.97735640383766
土豆,price,pressure_msl,海平面气压,11,0.030146161964279102,0.08560788996705009,-0.13764530237113906,0.19793762629969727,0.7247315230965323,1403,0.9997788117577607,0.97735640383766
土豆,price,pressure_msl,海平面气压,12,0.03303259502958103,0.08607762162530883,-0.13567954335602425,0.2017447334151863,0.7011611000055517,1402,0.9997788117577607,0.97735640383766
土豆,price,pressure_msl,海平面气压,13,0.03221612422482288,0.08809194139795863,-0.14044408091517602,0.2048763293648218,0.7145813111010055,1401,0.9997788117577607,0.97735640383766
土豆,price,pressure_msl,海平面气压,14,0.031359597416448434,0.08992251400744575,-0.14488853003814522,0.20760772487104212,0.7272843456082122,1400,0.9997788117577607,0.97735640383766
土豆,price,cloud_cover,云量,0,-0.0573320351163912,0.04629919911549615,-0.14807846538276365,0.03341439514998124,0.21560695048546652,1410,0.9997788117577607,0.8946358991251138
土豆,price,cloud_cover,云量,1,-0.037394256289168606,0.043899172530248574,-0.12343663444845582,0.048648121870118605,0.39431320562452554,1409,0.9997788117577607,0.8946358991251138
土豆,price,cloud_cover,云量,2,-0.008854170309488915,0.04505068810172113,-0.09715351898886233,0.0794451783698845,0.8441891246712663,1409,0.9997788117577607,0.904488347862071
土豆,price,cloud_cover,云量,3,-0.027796728649032876,0.04379423676337648,-0.11363343270525078,0.05803997540718503,0.5256162502451924,1409,0.9997788117577607,0.8946358991251138
土豆,price,cloud_cover,云量,4,-0.02788414403326646,0.045487452061815335,-0.11703955007442451,0.0612712620078916,0.5398714567374143,1408,0.9997788117577607,0.8946358991251138
土豆,price,cloud_cover,云量,5,-0.019139078303212747,0.05068637070206288,-0.118484364879256,0.0802062082728305,0.7057291612564283,1407,0.9997788117577607,0.8946358991251138
土豆,price,cloud_cover,云量,6,-0.01689211402663414,0.05022793956010388,-0.11533887556443774,0.08155464751116946,0.7366377751964006,1406,0.9997788117577607,0.8946358991251138
土豆,price,cloud_cover,云量,7,-0.031045692159918366,0.04636367944630388,-0.12191850387467397,0.05982711955483723,0.5031049417780741,1405,0.9997788117577607,0.8946358991251138
土豆,price,cloud_cover,云量,8,-0.013546962087893542,0.04381983414987424,-0.09943383702164704,0.07233991284585997,0.7572063784744374,1404,0.9997788117577607,0.8946358991251138
土豆,price,cloud_cover,云量,9,0.0023895015558026683,0.04264098050213185,-0.08118682022837576,0.0859658233399811,0.955311791212396,1404,0.9997788117577607,0.955311791212396
土豆,price,cloud_cover,云量,10,-0.015883737823871133,0.04141162957964069,-0.09705053179996688,0.06528305615222461,0.7013065038849591,1404,0.9997788117577607,0.8946358991251138
土豆,price,cloud_cover,云量,11,-0.013002136237672691,0.04556038367466909,-0.1023004882400241,0.07629621576467871,0.7753511125750986,1403,0.9997788117577607,0.8946358991251138
土豆,price,cloud_cover,云量,12,-0.03676507560105422,0.05066357749271322,-0.13606568748677214,0.06253553628466368,0.4680406454138867,1402,0.9997788117577607,0.8946358991251138
土豆,price,cloud_cover,云量,13,-0.040203785683913695,0.053669181686880355,-0.14539538179019917,0.0649878104223718,0.45379467024058884,1401,0.9997788117577607,0.8946358991251138
土豆,price,cloud_cover,云量,14,-0.032338329022070726,0.04717625233819094,-0.12480378360492497,0.06012712556078351,0.4930417245694958,1400,0.9997788117577607,0.8946358991251138
土豆,price,temp_mean,日平均气温,0,-0.01450890056204373,0.09475965718181428,-0.20023782863839973,0.17122002751431226,0.8783094540803458,1410,0.9997788117577607,0.8783094540803458
土豆,price,temp_mean,日平均气温,1,-0.019307493613947947,0.09466049889240431,-0.2048420714430604,0.1662270842151645,0.8383803136397168,1409,0.9997788117577607,0.8783094540803458
土豆,price,temp_mean,日平均气温,2,-0.024189138966911976,0.09441194364611759,-0.20923654851330242,0.1608582705794785,0.7977898741826267,1409,0.9997788117577607,0.8783094540803458
土豆,price,temp_mean,日平均气温,3,-0.027220758049149002,0.09438506107140748,-0.21221547774910768,0.15777396165080967,0.7730397046213868,1409,0.9997788117577607,0.8783094540803458
土豆,price,temp_mean,日平均气温,4,-0.03292391980554929,0.09360638680329832,-0.21639243794001398,0.1505445983289154,0.7250427998795216,1408,0.9997788117577607,0.8783094540803458
土豆,price,temp_mean,日平均气温,5,-0.03640847431986686,0.09270139385268279,-0.21810320627112512,0.1452862576313914,0.6945041222884504,1407,0.9997788117577607,0.8783094540803458
土豆,price,temp_mean,日平均气温,6,-0.035041103338447954,0.0933704120456126,-0.21804711094784865,0.14796490427095274,0.7074438355504651,1406,0.9997788117577607,0.8783094540803458
土豆,price,temp_mean,日平均气温,7,-0.030629723031266713,0.09466147568592029,-0.21616621537567046,0.15490676931313704,0.7462627289460704,1405,0.9997788117577607,0.8783094540803458
土豆,price,temp_mean,日平均气温,8,-0.030596941698822364,0.09489833439769148,-0.21659767711829764,0.15540379372065294,0.7471359657170537,1404,0.9997788117577607,0.8783094540803458
土豆,price,temp_mean,日平均气温,9,-0.029670414848105845,0.09514663025160085,-0.2161578101412435,0.1568169804450318,0.7551630044420421,1404,0.9997788117577607,0.8783094540803458
土豆,price,temp_mean,日平均气温,10,-0.029909446292871192,0.09507812285696127,-0.2162625670925153,0.15644367450677288,0.7530824001557344,1404,0.9997788117577607,0.8783094540803458
土豆,price,temp_mean,日平均气温,11,-0.03151902118774012,0.09450429565400799,-0.21674744066959578,0.1537093982941155,0.7387422062829385,1403,0.9997788117577607,0.8783094540803458
土豆,price,temp_mean,日平均气温,12,-0.034463226574546514,0.09374097454129124,-0.21819553667547734,0.14926908352638432,0.7131393403819665,1402,0.9997788117577607,0.8783094540803458
土豆,price,temp_mean,日平均气温,13,-0.037163420741719175,0.09414177113258095,-0.22168129216157784,0.14735445067813946,0.6930198987842082,1401,0.9997788117577607,0.8783094540803458
土豆,price,temp_mean,日平均气温,14,-0.03948595396576176,0.09509213581224,-0.22586654015775218,0.14689463222622864,0.6779670238817385,1400,0.9997788117577607,0.8783094540803458
土豆,volume,humidity,相对湿度,0,-0.026568660232169045,0.08333407071682893,-0.18990343883715374,0.13676611837281563,0.7498621758485566,1410,0.9997788117577607,0.9487501547109584
土豆,volume,humidity,相对湿度,1,-0.019022648306195423,0.08578560966855828,-0.18716244325656967,0.1491171466441788,0.8245113236171846,1409,0.9997788117577607,0.9487501547109584
土豆,volume,humidity,相对湿度,2,-0.012590166418045922,0.0805125460658919,-0.17039475670719403,0.1452144238711022,0.8757372751621482,1409,0.9997788117577607,0.9487501547109584
土豆,volume,humidity,相对湿度,3,-0.028425689707431485,0.0763233607996863,-0.17801947687481662,0.12116809745995366,0.7095670596542422,1409,0.9997788117577607,0.9487501547109584
土豆,volume,humidity,相对湿度,4,-0.03098338512931264,0.07626451613367392,-0.18046183675131353,0.11849506649268823,0.6845500041562489,1408,0.9997788117577607,0.9487501547109584
土豆,volume,humidity,相对湿度,5,-0.04396314332865422,0.07745346934623086,-0.1957719432472667,0.10784565658995826,0.5703017481188193,1407,0.9997788117577607,0.9487501547109584
土豆,volume,humidity,相对湿度,6,-0.03366273430449682,0.07962678024078464,-0.1897312235764347,0.12240575496744108,0.672472970640056,1406,0.9997788117577607,0.9487501547109584
土豆,volume,humidity,相对湿度,7,-0.015764510040715742,0.08186075316768912,-0.17621158624938643,0.14468256616795494,0.8472901463913234,1405,0.9997788117577607,0.9487501547109584
土豆,volume,humidity,相对湿度,8,-0.008955243781075251,0.0833527150907553,-0.17232656535895566,0.15441607779680513,0.9144415590244377,1404,0.9997788117577607,0.9487501547109584
土豆,volume,humidity,相对湿度,9,-0.00949757104124752,0.07897538600323749,-0.164289327607593,0.14529418552509796,0.9042772785268054,1404,0.9997788117577607,0.9487501547109584
土豆,volume,humidity,相对湿度,10,-0.014895332659064696,0.07616593897412034,-0.16418057304834058,0.13438990773021117,0.8449512655681816,1404,0.9997788117577607,0.9487501547109584
土豆,volume,humidity,相对湿度,11,-0.017578583024931864,0.0754997752502981,-0.16555814251551615,0.1304009764656524,0.8158937213179825,1403,0.9997788117577607,0.9487501547109584
土豆,volume,humidity,相对湿度,12,-0.02443960740919395,0.07697089862011935,-0.1753025687046279,0.12642335388624,0.7508509618144192,1402,0.9997788117577607,0.9487501547109584
土豆,volume,humidity,相对湿度,13,-0.023041635486007125,0.07787402077200246,-0.17567471619913194,0.12959144522711769,0.767319075218758,1401,0.9997788117577607,0.9487501547109584
土豆,volume,humidity,相对湿度,14,0.0050550589793375835,0.07864566111448684,-0.14909043680505663,0.1592005547637318,0.9487501547109582,1400,0.9997788117577607,0.9487501547109584
土豆,volume,wind_speed,日最大风速,0,-0.28645124490755286,0.051534660508884354,-0.3874591795049662,-0.18544331031013953,2.7222897497905417e-08,1410,3.26674769974865e-05,4.0834346246858125e-07
土豆,volume,wind_speed,日最大风速,1,-0.2837121992042325,0.05661756610542539,-0.3946826287708663,-0.17274176963759874,5.41400845357759e-07,1409,0.0001624202536073277,1.3535021133943974e-06
土豆,volume,wind_speed,日最大风速,2,-0.272358834573981,0.05966011696197618,-0.3892926638194543,-0.15542500532850773,4.990794215142901e-06,1409,0.0004606886967824216,5.75860870978027e-06
土豆,volume,wind_speed,日最大风速,3,-0.26534092898810646,0.06050770716664107,-0.38393603503472296,-0.14674582294148997,1.1585698958613888e-05,1409,0.0008689274218960416,1.1585698958613888e-05
土豆,volume,wind_speed,日最大风速,4,-0.2722132718149779,0.05721339571726626,-0.3843515274208198,-0.16007501620913603,1.956570486627872e-06,1408,0.0002608760648837163,2.934855729941808e-06
土豆,volume,wind_speed,日最大风速,5,-0.28545153107210147,0.05393712842546814,-0.391168302786019,-0.17973475935818392,1.2078672177689992e-07,1407,6.0020042347532326e-05,4.6890658084009624e-07
土豆,volume,wind_speed,日最大风速,6,-0.2794068524964747,0.055221862139281735,-0.38764170228946687,-0.17117200270348248,4.1988485672127726e-07,1406,0.0001439605223044379,1.2596545701638318e-06
土豆,volume,wind_speed,日最大风速,7,-0.2893953659603066,0.053604359621446385,-0.39445991081834153,-0.18433082110227172,6.711497516217731e-08,1405,5.369198012974185e-05,4.6890658084009624e-07
土豆,volume,wind_speed,日最大风速,8,-0.28274079446277167,0.05865986105855591,-0.39771412213754126,-0.16776746678800208,1.4355498089935916e-06,1404,0.000232348813563312,2.511059437395891e-06
土豆,volume,wind_speed,日最大风速,9,-0.27443863940910074,0.06080909424477031,-0.39362446412885055,-0.15525281468935093,6.388134928556268e-06,1404,0.0005286732354667257,6.844430280596002e-06
土豆,volume,wind_speed,日最大风速,10,-0.2722276037486788,0.05811657450677789,-0.38613608978196345,-0.15831911771539417,2.81103985597765e-06,1404,0.00032732576745763027,3.7506077521186802e-06
土豆,volume,wind_speed,日最大风速,11,-0.27726557166012333,0.05936164487878776,-0.39361439562254735,-0.1609167476976993,3.000486201694944e-06,1403,0.00032732576745763027,3.7506077521186802e-06
土豆,volume,wind_speed,日最大风速,12,-0.29900164793505923,0.05656516424295029,-0.4098693698512418,-0.18813392601887666,1.2504175489069233e-07,1402,6.0020042347532326e-05,4.6890658084009624e-07
土豆,volume,wind_speed,日最大风速,13,-0.2803590482889968,0.05828242058701439,-0.39459259263954505,-0.1661255039384486,1.5066356624375345e-06,1401,0.000232348813563312,2.511059437395891e-06
土豆,volume,wind_speed,日最大风速,14,-0.2726884952313806,0.05536374693859999,-0.38120143923103655,-0.16417555123172464,8.418876536236087e-07,1400,0.0002020530368696661,1.8040449720505902e-06
土豆,volume,radiation,短波辐射,0,0.0020541098564571675,0.07516136620913215,-0.14526216791344182,0.14937038762635618,0.9781970628365243,1410,0.9997788117577607,0.9786437211833483
土豆,volume,radiation,短波辐射,1,-0.00905738444954425,0.07669602708226861,-0.15938159753079073,0.1412668286317022,0.9059927247163246,1409,0.9997788117577607,0.9786437211833483
土豆,volume,radiation,短波辐射,2,-0.0105273999345466,0.07649346932142399,-0.16045459980453763,0.13939979993544444,0.8905369387840201,1409,0.9997788117577607,0.9786437211833483
土豆,volume,radiation,短波辐射,3,0.004331846717112647,0.07603184085035428,-0.14469056134958172,0.15335425478380701,0.9545658162081141,1409,0.9997788117577607,0.9786437211833483
土豆,volume,radiation,短波辐射,4,0.011675435876553508,0.07424003439763881,-0.13383503154281856,0.15718590329592558,0.8750351869681033,1408,0.9997788117577607,0.9786437211833483
土豆,volume,radiation,短波辐射,5,0.012586875785589445,0.07354945053668414,-0.13157004726631147,0.15674379883749037,0.8641177166206212,1407,0.9997788117577607,0.9786437211833483
土豆,volume,radiation,短波辐射,6,0.01195413389890125,0.07325123440660798,-0.13161828553805038,0.1555265533358529,0.8703659916654956,1406,0.9997788117577607,0.9786437211833483
土豆,volume,radiation,短波辐射,7,-0.002000088210178934,0.07471568159365223,-0.1484428241337373,0.14444264771337942,0.9786437211833483,1405,0.9997788117577607,0.9786437211833483
土豆,volume,radiation,短波辐射,8,-0.00831928916599891,0.07742910966568718,-0.1600803441107458,0.14344176577874795,0.914436791495023,1404,0.9997788117577607,0.9786437211833483
土豆,volume,radiation,短波辐射,9,-0.011390395320509672,0.07711626767436319,-0.16253827996226153,0.13975748932124218,0.8825762302152709,1404,0.9997788117577607,0.9786437211833483
土豆,volume,radiation,短波辐射,10,-0.0029639217054368977,0.07766372048807901,-0.15518481386207178,0.14925697045119796,0.969557298763034,1404,0.9997788117577607,0.9786437211833483
土豆,volume,radiation,短波辐射,11,0.004048893188156585,0.07434657682060833,-0.14167039738023574,0.14976818375654893,0.9565689058134612,1403,0.9997788117577607,0.9786437211833483
土豆,volume,radiation,短波辐射,12,-0.003314982111823579,0.07571539630614164,-0.15171715887186119,0.14508719464821404,0.9650780633249566,1402,0.9997788117577607,0.9786437211833483
土豆,volume,radiation,短波辐射,13,-0.004672663468601512,0.0740201206643427,-0.1497520999707132,0.14040677303351018,0.9496654247198548,1401,0.9997788117577607,0.9786437211833483
土豆,volume,radiation,短波辐射,14,-0.016250853203426854,0.0734840327446969,-0.1602795573830328,0.12777785097617905,0.8249771296929934,1400,0.9997788117577607,0.9786437211833483
土豆,volume,et0,参考蒸散ET0,0,-0.03648023016198619,0.0865081154867365,-0.20603613651598973,0.13307567619201732,0.6732460477586083,1410,0.9997788117577607,0.8039077121611962
土豆,volume,et0,参考蒸散ET0,1,-0.046033642465843294,0.08863142152763608,-0.21975122866001,0.12768394372832342,0.6034937714645979,1409,0.9997788117577607,0.8039077121611962
土豆,volume,et0,参考蒸散ET0,2,-0.04011899571768798,0.08795558646400656,-0.21251194518714084,0.13227395375176487,0.6482980184725574,1409,0.9997788117577607,0.8039077121611962
土豆,volume,et0,参考蒸散ET0,3,-0.021617867982471603,0.08830846267932291,-0.1947024548339445,0.15146671886900132,0.8066116769380558,1409,0.9997788117577607,0.8066116769380558
土豆,volume,et0,参考蒸散ET0,4,-0.027673961454245374,0.08696335905314151,-0.1981221451984027,0.142774222289912,0.750313864683783,1408,0.9997788117577607,0.8039077121611962
土豆,volume,et0,参考蒸散ET0,5,-0.029914554423870504,0.08439967622582241,-0.19533791982648244,0.13550881097874143,0.7230097552440091,1407,0.9997788117577607,0.8039077121611962
土豆,volume,et0,参考蒸散ET0,6,-0.029082753477789255,0.08459026463341442,-0.19487967215928154,0.136714165203703,0.7309911833660562,1406,0.9997788117577607,0.8039077121611962
土豆,volume,et0,参考蒸散ET0,7,-0.042330520611929726,0.08646681036944695,-0.21180546893604574,0.12714442771218631,0.6244466875984525,1405,0.9997788117577607,0.8039077121611962
土豆,volume,et0,参考蒸散ET0,8,-0.04228954718366377,0.08887304938735764,-0.21648072398288473,0.1319016296155572,0.6341868041968934,1404,0.9997788117577607,0.8039077121611962
土豆,volume,et0,参考蒸散ET0,9,-0.043369330372970805,0.08928906442867254,-0.21837589665316898,0.13163723590722737,0.6271669245392976,1404,0.9997788117577607,0.8039077121611962
土豆,volume,et0,参考蒸散ET0,10,-0.03238429961034636,0.0902494066478129,-0.20927313664005964,0.14450453741936692,0.719721397868712,1404,0.9997788117577607,0.8039077121611962
土豆,volume,et0,参考蒸散ET0,11,-0.03580053300355086,0.08735706816132326,-0.20702038659974442,0.13541932059264272,0.6819391751530118,1403,0.9997788117577607,0.8039077121611962
土豆,volume,et0,参考蒸散ET0,12,-0.03822588092883375,0.08586036423210645,-0.2065121948237624,0.1300604329660949,0.6561681002776187,1402,0.9997788117577607,0.8039077121611962
土豆,volume,et0,参考蒸散ET0,13,-0.03693508522775929,0.08542080754608276,-0.2043598680180815,0.13048969756256293,0.6654581358586258,1401,0.9997788117577607,0.8039077121611962
土豆,volume,et0,参考蒸散ET0,14,-0.052689340086816715,0.08581321099417413,-0.22088323363539802,0.11550455346176458,0.5392151074589467,1400,0.9997788117577607,0.8039077121611962
土豆,volume,dew_point,露点温度,0,0.009314397769230584,0.08507357654028162,-0.1574298122497214,0.17605860778818255,0.9128167255002897,1410,0.9997788117577607,0.9786199804757859
土豆,volume,dew_point,露点温度,1,0.009892611606519316,0.08489589037545861,-0.15650333352937956,0.17628855674241817,0.9072353725942901,1409,0.9997788117577607,0.9786199804757859
土豆,volume,dew_point,露点温度,2,0.015582679657657295,0.08403936252709875,-0.14913447089545623,0.18029983021077084,0.852898679564291,1409,0.9997788117577607,0.9786199804757859
土豆,volume,dew_point,露点温度,3,0.011485651197670636,0.083450911696383,-0.15207813572724002,0.1750494381225813,0.8905299822429824,1409,0.9997788117577607,0.9786199804757859
土豆,volume,dew_point,露点温度,4,0.004699575472106282,0.08251328943833496,-0.15702647182703022,0.1664256227712428,0.954580741740381,1408,0.9997788117577607,0.9786199804757859
土豆,volume,dew_point,露点温度,5,-0.0021882007961775973,0.08165206146358917,-0.16222624126481236,0.15784983967245717,0.9786199804757859,1407,0.9997788117577607,0.9786199804757859
土豆,volume,dew_point,露点温度,6,0.002759819471769044,0.08247128186953448,-0.15888389299251854,0.1644035319360566,0.973304568792444,1406,0.9997788117577607,0.9786199804757859
土豆,volume,dew_point,露点温度,7,0.00756307108464261,0.08334309945600296,-0.1557894038491232,0.17091554601840842,0.9276942453319389,1405,0.9997788117577607,0.9786199804757859
土豆,volume,dew_point,露点温度,8,0.011656219229499117,0.08382211916515062,-0.1526351343341961,0.1759475727931943,0.8894035345443778,1404,0.9997788117577607,0.9786199804757859
土豆,volume,dew_point,露点温度,9,0.014883652301274329,0.08325400279272857,-0.14829419317247367,0.17806149777502234,0.8581151499874793,1404,0.9997788117577607,0.9786199804757859
土豆,volume,dew_point,露点温度,10,0.011372527535814702,0.08225521444345849,-0.14984769277336393,0.17259274784499332,0.890035690595038,1404,0.9997788117577607,0.9786199804757859
土豆,volume,dew_point,露点温度,11,0.0046424255128059005,0.0811978405637973,-0.1545053419922368,0.16379019301784858,0.9544063913283626,1403,0.9997788117577607,0.9786199804757859
土豆,volume,dew_point,露点温度,12,0.002308309769703365,0.08097386330054446,-0.15640046229936377,0.1610170818387705,0.9772579047933081,1402,0.9997788117577607,0.9786199804757859
土豆,volume,dew_point,露点温度,13,0.0034554681451644184,0.08207329571263171,-0.1574081914515937,0.16431912774192256,0.9664172085636392,1401,0.9997788117577607,0.9786199804757859
土豆,volume,dew_point,露点温度,14,0.010869768217765183,0.0827711894757768,-0.15136176315475736,0.1731012995902877,0.8955197281935059,1400,0.9997788117577607,0.9786199804757859
土豆,volume,pressure_msl,海平面气压,0,0.044747335350544176,0.08400308472778484,-0.1198987107159141,0.20939338141700245,0.5942503972018304,1410,0.9997788117577607,0.9018702066414411
土豆,volume,pressure_msl,海平面气压,1,0.041982545599012405,0.08311842722721778,-0.12092957176633445,0.20489466296435926,0.6134934345753829,1409,0.9997788117577607,0.9018702066414411
土豆,volume,pressure_msl,海平面气压,2,0.023088704332290613,0.08278843912962312,-0.1391766363617707,0.18535404502635194,0.7803307582816579,1409,0.9997788117577607,0.9018702066414411
土豆,volume,pressure_msl,海平面气压,3,0.022757055350035943,0.08209396307244593,-0.13814711227195808,0.18366122297202997,0.7816208457559156,1409,0.9997788117577607,0.9018702066414411
土豆,volume,pressure_msl,海平面气压,4,0.03255771019148011,0.08061831933950922,-0.12545419571395794,0.1905696160969182,0.6863230084784698,1408,0.9997788117577607,0.9018702066414411
土豆,volume,pressure_msl,海平面气压,5,0.03530767772129988,0.0805178333147456,-0.1225072755756015,0.19312263101820126,0.6610183991933243,1407,0.9997788117577607,0.9018702066414411
土豆,volume,pressure_msl,海平面气压,6,0.0382435823695133,0.08196633985514429,-0.12241044374656948,0.1988976084855961,0.6408027777026487,1406,0.9997788117577607,0.9018702066414411
土豆,volume,pressure_msl,海平面气压,7,0.04743203207306756,0.0826143983827078,-0.11449218875703973,0.20935625290317486,0.5658746940116056,1405,0.9997788117577607,0.9018702066414411
土豆,volume,pressure_msl,海平面气压,8,0.03162653057341772,0.08216062684967809,-0.12940829805195134,0.19266135919878677,0.7002853063259402,1404,0.9997788117577607,0.9018702066414411
土豆,volume,pressure_msl,海平面气压,9,0.012748749200140581,0.08197420196670638,-0.14792068665460392,0.17341818505488507,0.8764102214795725,1404,0.9997788117577607,0.9140523771262925
土豆,volume,pressure_msl,海平面气压,10,0.0088970725454812,0.0824348451788807,-0.15267522400512495,0.17046936909608734,0.9140523771262925,1404,0.9997788117577607,0.9140523771262925
土豆,volume,pressure_msl,海平面气压,11,0.022933021253435278,0.0818242105425998,-0.13744243141006035,0.1833084739169309,0.7792689611835539,1403,0.9997788117577607,0.9018702066414411
土豆,volume,pressure_msl,海平面气压,12,0.02629690779185491,0.08208691150522092,-0.1345934387583781,0.18718725434208788,0.7486996473224719,1402,0.9997788117577607,0.9018702066414411
土豆,volume,pressure_msl,海平面气压,13,0.026841256796762178,0.08310177361215115,-0.13603821948305406,0.18972073307657844,0.7467008565837483,1401,0.9997788117577607,0.9018702066414411
土豆,volume,pressure_msl,海平面气压,14,0.024993846428443628,0.08323083393275638,-0.13813858807975887,0.18812628093664613,0.7639517513305589,1400,0.9997788117577607,0.9018702066414411
土豆,volume,cloud_cover,云量,0,-0.06134835474726997,0.04637631914196415,-0.15224594026551969,0.029549230770979755,0.18588927523047027,1410,0.9997788117577607,0.4835711544533046
土豆,volume,cloud_cover,云量,1,-0.055270471337270546,0.045348344686099704,-0.14415322692202598,0.03361228424748487,0.2229208747317205,1409,0.9997788117577607,0.4835711544533046
土豆,volume,cloud_cover,云量,2,-0.03847644376476467,0.04508734412552747,-0.1268476382507985,0.04989475072126917,0.39345099374382764,1409,0.9997788117577607,0.5365240823779468
土豆,volume,cloud_cover,云量,3,-0.044599756163534426,0.04164021143552664,-0.12621457057716662,0.03701505825009778,0.2841360676763186,1409,0.9997788117577607,0.4835711544533046
土豆,volume,cloud_cover,云量,4,-0.06277406825755513,0.040522043719871476,-0.14219727394850323,0.016649137433392955,0.12134955513122311,1408,0.9997788117577607,0.4835711544533046
土豆,volume,cloud_cover,云量,5,-0.06654623803979046,0.04388870926222114,-0.1525681081937439,0.019475632114162977,0.12945624947741916,1407,0.9997788117577607,0.4835711544533046
土豆,volume,cloud_cover,云量,6,-0.05750255164121389,0.04743212681584234,-0.15046952020026488,0.035464416917837104,0.22539285013920618,1406,0.9997788117577607,0.4835711544533046
土豆,volume,cloud_cover,云量,7,-0.04698287306183823,0.047477719063101116,-0.14003920242551643,0.04607345630183996,0.3223807696355364,1405,0.9997788117577607,0.4835711544533046
土豆,volume,cloud_cover,云量,8,-0.04723963757969331,0.047096150885474794,-0.1395480933152239,0.045068818155837284,0.31583834127855026,1404,0.9997788117577607,0.4835711544533046
土豆,volume,cloud_cover,云量,9,-0.028731609989700008,0.04452559560651132,-0.11600177737846219,0.05853855739906218,0.5187438061484475,1404,0.9997788117577607,0.6484297576855594
土豆,volume,cloud_cover,云量,10,-0.041496384288195805,0.041365843170074364,-0.12257343690154154,0.03958066832514994,0.31578570934663386,1404,0.9997788117577607,0.4835711544533046
土豆,volume,cloud_cover,云量,11,-0.04350230887214229,0.04076974874237255,-0.12341101640719249,0.0364063986629079,0.2859609044855851,1403,0.9997788117577607,0.4835711544533046
土豆,volume,cloud_cover,云量,12,-0.014073719212588879,0.04520167633366804,-0.10266900482657823,0.07452156640140048,0.7555315789689983,1402,0.9997788117577607,0.8094981203239267
土豆,volume,cloud_cover,云量,13,-0.02216432489490961,0.0493323619526439,-0.11885575432209164,0.07452710453227243,0.6532255703477754,1401,0.9997788117577607,0.7537218119397409
土豆,volume,cloud_cover,云量,14,-0.010419075361223445,0.0492967798502953,-0.10704076386780222,0.08620261314535534,0.8326109891831475,1400,0.9997788117577607,0.8326109891831475
土豆,volume,temp_mean,日平均气温,0,0.011273373359259785,0.08588198728344826,-0.1570553217162988,0.17960206843481838,0.8955649937847808,1410,0.9997788117577607,0.9590064397710566
土豆,volume,temp_mean,日平均气温,1,0.008139870592210406,0.08597800636374733,-0.16037702188073436,0.17665676306515518,0.9245738734984553,1409,0.9997788117577607,0.9590064397710566
土豆,volume,temp_mean,日平均气温,2,0.015206472075133724,0.08587939026865649,-0.15311713285143297,0.18353007700170043,0.8594551581274512,1409,0.9997788117577607,0.9590064397710566
土豆,volume,temp_mean,日平均气温,3,0.018166388096181714,0.08567926847041128,-0.1497649781058244,0.1860977542981878,0.8320853342844639,1409,0.9997788117577607,0.9590064397710566
土豆,volume,temp_mean,日平均气温,4,0.011875852804233818,0.08467279912485588,-0.1540828334804837,0.17783453908895133,0.8884578703783914,1408,0.9997788117577607,0.9590064397710566
土豆,volume,temp_mean,日平均气温,5,0.006494775749562601,0.08331670971608705,-0.156805975293968,0.16979552679309323,0.9378655516578182,1407,0.9997788117577607,0.9590064397710566
土豆,volume,temp_mean,日平均气温,6,0.006840648094404302,0.08349928382598656,-0.15681794820452938,0.17049924439333797,0.9347066468221296,1406,0.9997788117577607,0.9590064397710566
土豆,volume,temp_mean,日平均气温,7,0.006279004659772158,0.08445266692460043,-0.1592482225124447,0.171806231831989,0.940732374536314,1405,0.9997788117577607,0.9590064397710566
土豆,volume,temp_mean,日平均气温,8,0.00959570451596499,0.0852254305977059,-0.1574461394555386,0.17663754848746854,0.910354001427814,1404,0.9997788117577607,0.9590064397710566
土豆,volume,temp_mean,日平均气温,9,0.014608292579768568,0.08547391406459763,-0.1529205789868428,0.18213716414637993,0.8642950309393223,1404,0.9997788117577607,0.9590064397710566
土豆,volume,temp_mean,日平均气温,10,0.015476479681047713,0.08464986665518537,-0.1504372589631156,0.18139021832521102,0.854931922641698,1404,0.9997788117577607,0.9590064397710566
土豆,volume,temp_mean,日平均气温,11,0.009156136673749857,0.08340556566361876,-0.15431877202694289,0.17263104537444263,0.9125850540540289,1403,0.9997788117577607,0.9590064397710566
土豆,volume,temp_mean,日平均气温,12,0.005947222741994045,0.08270895778942476,-0.15616233452527847,0.16805678000926658,0.942677172886713,1402,0.9997788117577607,0.9590064397710566
土豆,volume,temp_mean,日平均气温,13,0.005338842336489902,0.08326688446613238,-0.15786425121712958,0.16854193589010938,0.9488768791352677,1401,0.9997788117577607,0.9590064397710566
土豆,volume,temp_mean,日平均气温,14,0.004316631430579074,0.0839804488247792,-0.16028504826598816,0.16891831112714628,0.9590064397710565,1400,0.9997788117577607,0.9590064397710566
尖椒,price,humidity,相对湿度,0,0.09126577255155979,0.09698647736268887,-0.09882772307931037,0.28135926818242996,0.346696947473504,1410,0.9997788117577607,0.346696947473504
尖椒,price,humidity,相对湿度,1,0.10358544357496927,0.1025794900257251,-0.09747035687545191,0.30464124402539045,0.31258796903098773,1409,0.9997788117577607,0.346696947473504
尖椒,price,humidity,相对湿度,2,0.09706725531192421,0.0983906918752752,-0.09577850076361517,0.2899130113874636,0.32386369967723605,1409,0.9997788117577607,0.346696947473504
尖椒,price,humidity,相对湿度,3,0.11468249698227742,0.09339561220778278,-0.06837290294497683,0.2977378969095317,0.21947637038537315,1409,0.9997788117577607,0.2743454629817164
尖椒,price,humidity,相对湿度,4,0.13133391083535811,0.09442692385321257,-0.0537428599169385,0.31641068158765473,0.16427019861133463,1408,0.9997788117577607,0.26652399743703264
尖椒,price,humidity,相对湿度,5,0.13306311662956424,0.09607556770735373,-0.05524499607684907,0.32137122933597756,0.16605738349525834,1407,0.9997788117577607,0.26652399743703264
尖椒,price,humidity,相对湿度,6,0.12310419318722271,0.09528719728298977,-0.06365871348743724,0.30986709986188266,0.19638209827257225,1406,0.9997788117577607,0.26779377037168944
尖椒,price,humidity,相对湿度,7,0.13238473137368417,0.09600877071410373,-0.05579245922595913,0.32056192197332745,0.16793124931818282,1405,0.9997788117577607,0.26652399743703264
尖椒,price,humidity,相对湿度,8,0.13118839117428963,0.0969549331749016,-0.058843277848517506,0.32122006019709676,0.17602806388614278,1404,0.9997788117577607,0.26652399743703264
尖椒,price,humidity,相对湿度,9,0.1278919614955258,0.09488065603706768,-0.05807412433712683,0.31385804732817846,0.17768266495802176,1404,0.9997788117577607,0.26652399743703264
尖椒,price,humidity,相对湿度,10,0.1434355284655942,0.09296776291000394,-0.03878128683801352,0.32565234376920194,0.12286661225170571,1404,0.9997788117577607,0.26652399743703264
尖椒,price,humidity,相对湿度,11,0.15399309765906694,0.0952585939948459,-0.03271374657083104,0.3406999418889649,0.10596906313999052,1403,0.9997788117577607,0.26652399743703264
尖椒,price,humidity,相对湿度,12,0.15866466878594543,0.09635772053306817,-0.030196463458868172,0.34752580103075903,0.09963592293927356,1402,0.9997788117577607,0.26652399743703264
尖椒,price,humidity,相对湿度,13,0.1357052810503259,0.09812953749735713,-0.056628612444494075,0.32803917454514586,0.16668945630568577,1401,0.9997788117577607,0.26652399743703264
尖椒,price,humidity,相对湿度,14,0.13792098668443906,0.09703068243686844,-0.052259150891823064,0.32810112426070115,0.15519579133614628,1400,0.9997788117577607,0.26652399743703264
尖椒,price,wind_speed,日最大风速,0,0.07513742223169428,0.07702525089916944,-0.07583206953067781,0.22610691399406638,0.32931687196655957,1410,0.9997788117577607,0.9148965891811098
尖椒,price,wind_speed,日最大风速,1,0.08250445416681666,0.08486307124117706,-0.08382716546589038,0.24883607379952372,0.3309476828006601,1409,0.9997788117577607,0.9148965891811098
尖椒,price,wind_speed,日最大风速,2,0.06746073419763547,0.08339548249861475,-0.09599441149964945,0.2309158798949204,0.41855798765342034,1409,0.9997788117577607,0.9148965891811098
尖椒,price,wind_speed,日最大风速,3,0.07259267704131968,0.08186508466484291,-0.08786288890177242,0.2330482429844118,0.3752213191041568,1409,0.9997788117577607,0.9148965891811098
尖椒,price,wind_speed,日最大风速,4,0.06618475565543358,0.07899508483832025,-0.08864561062767412,0.22101512193854128,0.40212402757893884,1408,0.9997788117577607,0.9148965891811098
尖椒,price,wind_speed,日最大风速,5,0.044486405289492686,0.07433776697025081,-0.10121561797219888,0.19018842855118426,0.5495489667193539,1407,0.9997788117577607,0.9148965891811098
尖椒,price,wind_speed,日最大风速,6,0.021647846826991085,0.067918106760994,-0.11147164242455715,0.15476733607853932,0.7499278170238446,1406,0.9997788117577607,0.9148965891811098
尖椒,price,wind_speed,日最大风速,7,0.02325434906611643,0.0736307340147708,-0.12106188960283434,0.1675705877350672,0.7521361403404365,1405,0.9997788117577607,0.9148965891811098
尖椒,price,wind_speed,日最大风速,8,0.025317405556965197,0.07759040569637345,-0.12675978960792678,0.17739460072185714,0.7442007405469058,1404,0.9997788117577607,0.9148965891811098
尖椒,price,wind_speed,日最大风速,9,0.013437245616481665,0.07419866543738979,-0.13199213864080234,0.15886662987376565,0.8562904882970195,1404,0.9997788117577607,0.9148965891811098
尖椒,price,wind_speed,日最大风速,10,0.021292144396379074,0.07544485735412698,-0.1265797760177098,0.16916406481046797,0.7777738403041033,1404,0.9997788117577607,0.9148965891811098
尖椒,price,wind_speed,日最大风速,11,-0.007908078954089938,0.07400108960349389,-0.15295021457693794,0.13713405666875808,0.9148965891811098,1403,0.9997788117577607,0.9148965891811098
尖椒,price,wind_speed,日最大风速,12,-0.03444254605170644,0.07431854088825893,-0.18010688619269394,0.11122179408928107,0.6430455272170703,1402,0.9997788117577607,0.9148965891811098
尖椒,price,wind_speed,日最大风速,13,-0.03357066310750912,0.0702298193515442,-0.17122110903653573,0.1040797828215175,0.6326420015859262,1401,0.9997788117577607,0.9148965891811098
尖椒,price,wind_speed,日最大风速,14,-0.01781221183376972,0.07079618632457765,-0.1565727370299419,0.12094831336240247,0.8013514449268394,1400,0.9997788117577607,0.9148965891811098
尖椒,price,radiation,短波辐射,0,0.032824044712972844,0.11033275003056522,-0.183428145346935,0.24907623477288068,0.7660844511404634,1410,0.9997788117577607,0.8664578524975165
尖椒,price,radiation,短波辐射,1,0.018664613162570315,0.11099355290214401,-0.19888275052563192,0.23621197685077255,0.8664578524975165,1409,0.9997788117577607,0.8664578524975165
尖椒,price,radiation,短波辐射,2,0.02694947559565312,0.10954263639549461,-0.18775409173951632,0.24165304293082254,0.8056681907222065,1409,0.9997788117577607,0.8664578524975165
尖椒,price,radiation,短波辐射,3,0.02677182565543325,0.10810936707273183,-0.18512253380712113,0.23866618511798765,0.8044156645274521,1409,0.9997788117577607,0.8664578524975165
尖椒,price,radiation,短波辐射,4,0.023931545070892617,0.10690689790466969,-0.18560597482225996,0.2334690649640452,0.8228708493051056,1408,0.9997788117577607,0.8664578524975165
尖椒,price,radiation,短波辐射,5,0.031177725811166287,0.10791670467030766,-0.18033901534263672,0.2426944669649693,0.7726537210382572,1407,0.9997788117577607,0.8664578524975165
尖椒,price,radiation,短波辐射,6,0.04359165499818411,0.1073082976647936,-0.16673260842481136,0.25391591842117955,0.6845749466169488,1406,0.9997788117577607,0.8664578524975165
尖椒,price,radiation,短波辐射,7,0.034407287346977164,0.10553520854705672,-0.172441721405254,0.24125629609920834,0.7444042146051832,1405,0.9997788117577607,0.8664578524975165
尖椒,price,radiation,短波辐射,8,0.02707883126349274,0.10482327605292081,-0.17837478980023203,0.23253245232721753,0.7961534545788675,1404,0.9997788117577607,0.8664578524975165
尖椒,price,radiation,短波辐射,9,0.028647618221626526,0.10349802226263446,-0.174208505413137,0.23150374185639008,0.7819383876204173,1404,0.9997788117577607,0.8664578524975165
尖椒,price,radiation,短波辐射,10,0.03785472821556658,0.103535806820017,-0.16507545315166677,0.2407849095827999,0.7146488903751698,1404,0.9997788117577607,0.8664578524975165
尖椒,price,radiation,短波辐射,11,0.041608810328830625,0.10278738158985046,-0.15985445758727626,0.2430720782449375,0.6856211083500112,1403,0.9997788117577607,0.8664578524975165
尖椒,price,radiation,短波辐射,12,0.040346618699348455,0.10491464972748604,-0.16528609476652417,0.2459793321652211,0.7005589070964862,1402,0.9997788117577607,0.8664578524975165
尖椒,price,radiation,短波辐射,13,0.05179180811643488,0.10489485497701102,-0.1538021076385067,0.2573857238713765,0.6214829273948699,1401,0.9997788117577607,0.8664578524975165
尖椒,price,radiation,短波辐射,14,0.04867161765261445,0.10186983534345624,-0.15099325962055976,0.2483364949257887,0.6328050665468488,1400,0.9997788117577607,0.8664578524975165
尖椒,price,et0,参考蒸散ET0,0,0.005312831932321477,0.11590831601301597,-0.22186746745318983,0.2324931313178328,0.9634405637910105,1410,0.9997788117577607,0.9929347571419277
尖椒,price,et0,参考蒸散ET0,1,0.0010432842908366649,0.1178175423462241,-0.22987909870776257,0.2319656672894359,0.9929347571419277,1409,0.9997788117577607,0.9929347571419277
尖椒,price,et0,参考蒸散ET0,2,0.0068422277435335015,0.11820235304735176,-0.22483438422927596,0.23851883971634294,0.9538396616675237,1409,0.9997788117577607,0.9929347571419277
尖椒,price,et0,参考蒸散ET0,3,0.013185921975824298,0.11794253090477008,-0.21798143859752506,0.24435328254917366,0.9109823436981932,1409,0.9997788117577607,0.9929347571419277
尖椒,price,et0,参考蒸散ET0,4,0.009733863548046373,0.11681047522128905,-0.21921466788568017,0.2386823949817729,0.9335888291635065,1408,0.9997788117577607,0.9929347571419277
尖椒,price,et0,参考蒸散ET0,5,0.012803696714015062,0.1148613920909136,-0.21232463178417557,0.23793202521220572,0.9112429818781107,1407,0.9997788117577607,0.9929347571419277
尖椒,price,et0,参考蒸散ET0,6,0.01407594983623001,0.1121085938695951,-0.20565689414817637,0.23380879382063638,0.9000830889348531,1406,0.9997788117577607,0.9929347571419277
尖椒,price,et0,参考蒸散ET0,7,0.006524579445293159,0.11089589056553396,-0.2108313660631534,0.22388052495373972,0.9530833891000251,1405,0.9997788117577607,0.9929347571419277
尖椒,price,et0,参考蒸散ET0,8,0.006032073989580744,0.11169136476728178,-0.21288300095429152,0.22494714893345302,0.9569298835574244,1404,0.9997788117577607,0.9929347571419277
尖椒,price,et0,参考蒸散ET0,9,0.0074434796996224566,0.11208854922721007,-0.21225007678570929,0.22713703618495418,0.9470536878530131,1404,0.9997788117577607,0.9929347571419277
尖椒,price,et0,参考蒸散ET0,10,0.02002492911722306,0.11425222138700361,-0.203909424801304,0.24395928303575012,0.8608678803761873,1404,0.9997788117577607,0.9929347571419277
尖椒,price,et0,参考蒸散ET0,11,0.018138541058737974,0.11309637228189556,-0.20353034861377733,0.23980743073125327,0.8725807343699276,1403,0.9997788117577607,0.9929347571419277
尖椒,price,et0,参考蒸散ET0,12,0.013750680413024406,0.11146523015564289,-0.20472117069203563,0.23222253151808445,0.9018196888698505,1402,0.9997788117577607,0.9929347571419277
尖椒,price,et0,参考蒸散ET0,13,0.024785390887661178,0.10819240725726711,-0.18727172733658234,0.23684250911190471,0.8188018943709257,1401,0.9997788117577607,0.9929347571419277
尖椒,price,et0,参考蒸散ET0,14,0.023371659030632794,0.10656844047398879,-0.18550248429838523,0.2322458023596508,0.8264075906498094,1400,0.9997788117577607,0.9929347571419277
尖椒,price,dew_point,露点温度,0,0.08006140500496459,0.13427781045005607,-0.1831231034771453,0.34324591348707445,0.5510168806536417,1410,0.9997788117577607,0.5510168806536417
尖椒,price,dew_point,露点温度,1,0.08721257204969826,0.13514894264958163,-0.17767935554348172,0.35210449964287827,0.5187281934926364,1409,0.9997788117577607,0.5510168806536417
尖椒,price,dew_point,露点温度,2,0.08323697497027692,0.1338221839319801,-0.179054505536404,0.3455284554769579,0.5339439486115798,1409,0.9997788117577607,0.5510168806536417
尖椒,price,dew_point,露点温度,3,0.09060914222663355,0.13308005439532639,-0.17022776438820617,0.35144604884147324,0.49595886118878274,1409,0.9997788117577607,0.5510168806536417
尖椒,price,dew_point,露点温度,4,0.10062660295273955,0.13309037565188367,-0.1602305333249524,0.36148373923043153,0.44960289128602127,1408,0.9997788117577607,0.5510168806536417
尖椒,price,dew_point,露点温度,5,0.10637247835525514,0.13379938711709757,-0.15587432039425608,0.3686192771047664,0.4266049566918486,1407,0.9997788117577607,0.5510168806536417
尖椒,price,dew_point,露点温度,6,0.10416261594839102,0.1331860604472043,-0.1568820625281294,0.3652072944249114,0.43416552218940463,1406,0.9997788117577607,0.5510168806536417
尖椒,price,dew_point,露点温度,7,0.10816910445999776,0.1313689807735509,-0.14931409785616195,0.3656523067761575,0.41028105772522383,1405,0.9997788117577607,0.5510168806536417
尖椒,price,dew_point,露点温度,8,0.11293927864003533,0.13044940061647858,-0.1427415465682627,0.3686201038483334,0.3866158789898053,1404,0.9997788117577607,0.5510168806536417
尖椒,price,dew_point,露点温度,9,0.11083180794430206,0.1300696460235167,-0.14410469826179065,0.3657683141503948,0.39416088509047453,1404,0.9997788117577607,0.5510168806536417
尖椒,price,dew_point,露点温度,10,0.11470374211658568,0.13047127895079133,-0.1410199646269653,0.3704274488601367,0.3793202944460111,1404,0.9997788117577607,0.5510168806536417
尖椒,price,dew_point,露点温度,11,0.1196137192325773,0.13169880036676293,-0.13851592948627806,0.37774336795143265,0.36375303607015774,1403,0.9997788117577607,0.5510168806536417
尖椒,price,dew_point,露点温度,12,0.1216528571636144,0.13126287658006783,-0.13562238093331852,0.3789280952605473,0.35403662333886365,1402,0.9997788117577607,0.5510168806536417
尖椒,price,dew_point,露点温度,13,0.11664506636480773,0.1305768076263913,-0.1392854765829192,0.37257560931253464,0.37169324106950274,1401,0.9997788117577607,0.5510168806536417
尖椒,price,dew_point,露点温度,14,0.11979813647748343,0.12800012906798564,-0.1310821164957684,0.3706783894507353,0.349313350386387,1400,0.9997788117577607,0.5510168806536417
尖椒,price,pressure_msl,海平面气压,0,-0.0458176385816165,0.10731601644380408,-0.25615703081147245,0.16452175364823948,0.6694220898497587,1410,0.9997788117577607,0.6758428362775551
尖椒,price,pressure_msl,海平面气压,1,-0.049211793170697425,0.10970543147662962,-0.26423443886489145,0.16581085252349662,0.6537338042936405,1409,0.9997788117577607,0.6758428362775551
尖椒,price,pressure_msl,海平面气压,2,-0.052241364849321306,0.10815677090201362,-0.26422863581726797,0.15974590611862538,0.6290849402546861,1409,0.9997788117577607,0.6758428362775551
尖椒,price,pressure_msl,海平面气压,3,-0.062207252144343424,0.1060064371288084,-0.2699798689168079,0.14556536462812106,0.557321088337404,1409,0.9997788117577607,0.6758428362775551
尖椒,price,pressure_msl,海平面气压,4,-0.07390267299542792,0.10500059284971971,-0.2797038349808786,0.1318984889900227,0.4815380214265468,1408,0.9997788117577607,0.6758428362775551
尖椒,price,pressure_msl,海平面气压,5,-0.07993971632831343,0.10506545738880858,-0.2858680128103782,0.1259885801537514,0.4467428959673525,1407,0.9997788117577607,0.6758428362775551
尖椒,price,pressure_msl,海平面气压,6,-0.06427683254488334,0.10411173964405182,-0.2683358422472249,0.13978217715745822,0.5369820412188586,1406,0.9997788117577607,0.6758428362775551
尖椒,price,pressure_msl,海平面气压,7,-0.05043866949553038,0.10335002811626648,-0.25300472460341267,0.15212738561235192,0.6255234154714654,1405,0.9997788117577607,0.6758428362775551
尖椒,price,pressure_msl,海平面气压,8,-0.043617714962105175,0.1043130060538937,-0.2480712068277368,0.16083577690352646,0.6758428362775551,1404,0.9997788117577607,0.6758428362775551
尖椒,price,pressure_msl,海平面气压,9,-0.05065331591647885,0.10341467264630663,-0.25334607430323985,0.15203944247028214,0.6242698927853197,1404,0.9997788117577607,0.6758428362775551
尖椒,price,pressure_msl,海平面气压,10,-0.0684543783443664,0.1027749502561637,-0.26989328084644726,0.13298452415771445,0.5053721597173446,1404,0.9997788117577607,0.6758428362775551
尖椒,price,pressure_msl,海平面气压,11,-0.07947838625501612,0.10362018059776161,-0.28257394022662885,0.12361716771659663,0.443071716825465,1403,0.9997788117577607,0.6758428362775551
尖椒,price,pressure_msl,海平面气压,12,-0.0839529401166704,0.10465198420080872,-0.2890708291502555,0.12116494891691468,0.422431095589746,1402,0.9997788117577607,0.6758428362775551
尖椒,price,pressure_msl,海平面气压,13,-0.08023556221242388,0.10474068690377775,-0.28552730854382824,0.1250561841189805,0.4436524655152255,1401,0.9997788117577607,0.6758428362775551
尖椒,price,pressure_msl,海平面气压,14,-0.06714728286500897,0.1050085593641155,-0.27296405921867534,0.13866949348865742,0.522532958472738,1400,0.9997788117577607,0.6758428362775551
尖椒,price,cloud_cover,云量,0,0.020298270627447206,0.05723448763567883,-0.0918813251384833,0.13247786639337772,0.7228510331607474,1410,0.9997788117577607,0.7228510331607474
尖椒,price,cloud_cover,云量,1,0.058611598426048815,0.05813027130489072,-0.055323733331537,0.17254693018363462,0.31331999163219615,1409,0.9997788117577607,0.40422402098216603
尖椒,price,cloud_cover,云量,2,0.06652263580924347,0.05947685914162749,-0.050052008108346396,0.18309727972683335,0.263369519337294,1409,0.9997788117577607,0.40422402098216603
尖椒,price,cloud_cover,云量,3,0.047024560094981724,0.062034698405646016,-0.07456344878008446,0.1686125689700479,0.44842918588827485,1409,0.9997788117577607,0.4804598420231517
尖椒,price,cloud_cover,云量,4,0.0722598684176734,0.06371998527954247,-0.052631302730229826,0.1971510395655766,0.2567852983065054,1408,0.9997788117577607,0.40422402098216603
尖椒,price,cloud_cover,云量,5,0.08450575778431445,0.06461589461370264,-0.04214139565854273,0.2111529112271716,0.19093542694309773,1407,0.9997788117577607,0.40422402098216603
尖椒,price,cloud_cover,云量,6,0.0707543026077075,0.06447116211536984,-0.055609175138417385,0.19711778035383237,0.27244184119331794,1406,0.9997788117577607,0.40422402098216603
尖椒,price,cloud_cover,云量,7,0.0569655117375324,0.05891476120891684,-0.0585074202319446,0.1724384437070094,0.3335869906968719,1405,0.9997788117577607,0.40422402098216603
尖椒,price,cloud_cover,云量,8,0.07757807390206167,0.05678549488244626,-0.033721496067533,0.18887764387165634,0.17188873709249541,1404,0.9997788117577607,0.40422402098216603
尖椒,price,cloud_cover,云量,9,0.08027852567374456,0.05873564401803201,-0.03484333660159818,0.19540038794908732,0.1716952228958455,1404,0.9997788117577607,0.40422402098216603
尖椒,price,cloud_cover,云量,10,0.05511496906243561,0.05901249246280805,-0.060549516164668166,0.1707794542895394,0.35032748485121057,1404,0.9997788117577607,0.40422402098216603
尖椒,price,cloud_cover,云量,11,0.06063206529197584,0.062299360965300705,-0.06147468220001354,0.18273881278396523,0.3304353491137588,1403,0.9997788117577607,0.40422402098216603
尖椒,price,cloud_cover,云量,12,0.0865258143978175,0.061237452750776154,-0.03349959299370377,0.20655122178933877,0.15766871889036116,1402,0.9997788117577607,0.40422402098216603
尖椒,price,cloud_cover,云量,13,0.06699651671348288,0.06523257606527559,-0.06085933237445727,0.194852365801423,0.30440125550347086,1401,0.9997788117577607,0.40422402098216603
尖椒,price,cloud_cover,云量,14,0.058750259001116266,0.05837367715470353,-0.05566214822210264,0.17316266622433518,0.31419856203299934,1400,0.9997788117577607,0.40422402098216603
尖椒,price,temp_mean,日平均气温,0,0.05836028979800794,0.14103308491755623,-0.21806455664040225,0.33478513623641815,0.6790164332531006,1410,0.9997788117577607,0.6790164332531006
尖椒,price,temp_mean,日平均气温,1,0.06363711415812517,0.14167767207384008,-0.21405112310660135,0.3413253514228517,0.653310278522117,1409,0.9997788117577607,0.6790164332531006
尖椒,price,temp_mean,日平均气温,2,0.06055327362565492,0.1417673724144807,-0.21731077630672724,0.3384173235580371,0.6692837397429254,1409,0.9997788117577607,0.6790164332531006
尖椒,price,temp_mean,日平均气温,3,0.0639695889310606,0.14194981316219507,-0.21425204486684174,0.3421912227289629,0.6522423033239803,1409,0.9997788117577607,0.6790164332531006
尖椒,price,temp_mean,日平均气温,4,0.0701791006438675,0.14134339367452475,-0.20685395095820103,0.34721215224593605,0.6195311791972284,1408,0.9997788117577607,0.6790164332531006
尖椒,price,temp_mean,日平均气温,5,0.07502092758255123,0.14011064905059772,-0.19959594455662028,0.34963779972172276,0.5923452337713468,1407,0.9997788117577607,0.6790164332531006
尖椒,price,temp_mean,日平均气温,6,0.07534367454127235,0.1387105804285067,-0.1965290630986008,0.34721641218114546,0.5870115263042096,1406,0.9997788117577607,0.6790164332531006
尖椒,price,temp_mean,日平均气温,7,0.07821625061720375,0.1371706167270468,-0.19063815816780796,0.3470706594022155,0.5685343189683474,1405,0.9997788117577607,0.6790164332531006
尖椒,price,temp_mean,日平均气温,8,0.08408543281365512,0.13682589001254683,-0.18409331161093667,0.3522641772382469,0.5388563747796937,1404,0.9997788117577607,0.6790164332531006
尖椒,price,temp_mean,日平均气温,9,0.08208144135856814,0.1371045642200304,-0.1866435045126914,0.3508063872298277,0.5493878492276567,1404,0.9997788117577607,0.6790164332531006
尖椒,price,temp_mean,日平均气温,10,0.08297109497560015,0.1375475403130556,-0.18662208403798883,0.3525642739891891,0.5463639513457315,1404,0.9997788117577607,0.6790164332531006
尖椒,price,temp_mean,日平均气温,11,0.0851644832644354,0.13768313693990836,-0.18469446513778495,0.35502343166665573,0.53621007863184,1403,0.9997788117577607,0.6790164332531006
尖椒,price,temp_mean,日平均气温,12,0.08469355764218331,0.13593219859928604,-0.1817335516124173,0.3511206668967839,0.5332468247952991,1402,0.9997788117577607,0.6790164332531006
尖椒,price,temp_mean,日平均气温,13,0.08641315124830165,0.13410527423533328,-0.17643318625295154,0.3492594887495548,0.5193368111893062,1401,0.9997788117577607,0.6790164332531006
尖椒,price,temp_mean,日平均气温,14,0.09051813749241398,0.1325832302148079,-0.16934499372860945,0.35038126871343744,0.49477942975619316,1400,0.9997788117577607,0.6790164332531006
尖椒,volume,humidity,相对湿度,0,0.18757524860205663,0.1330119238369918,-0.0731281221184473,0.4482786193225605,0.1584765665415474,1410,0.9997788117577607,0.2597151592291241
尖椒,volume,humidity,相对湿度,1,0.14916550531757397,0.1326599621991777,-0.11084802059281432,0.4091790312279623,0.2608349213479729,1409,0.9997788117577607,0.2608349213479729
尖椒,volume,humidity,相对湿度,2,0.15042383174638574,0.13046162901166256,-0.10528096111647284,0.4061286246092443,0.24890543407821397,1409,0.9997788117577607,0.2608349213479729
尖椒,volume,humidity,相对湿度,3,0.19736962818849382,0.1343992525402359,-0.06605290679036854,0.46079216316735616,0.14195971996368908,1409,0.9997788117577607,0.2597151592291241
尖椒,volume,humidity,相对湿度,4,0.23523142883466494,0.14106745865263992,-0.04126079012450931,0.5117236477938392,0.09541299419388966,1408,0.9997788117577607,0.2597151592291241
尖椒,volume,humidity,相对湿度,5,0.2039616029482561,0.13603533725443465,-0.06266765807043578,0.470590863966948,0.1337885375115178,1407,0.9997788117577607,0.2597151592291241
尖椒,volume,humidity,相对湿度,6,0.17504031913404647,0.13332907415653517,-0.08628466621276246,0.4363653044808554,0.18923540863305388,1406,0.9997788117577607,0.2597151592291241
尖椒,volume,humidity,相对湿度,7,0.167867390849187,0.12821879623705665,-0.08344144977544404,0.41917623147381805,0.190457783434691,1405,0.9997788117577607,0.2597151592291241
尖椒,volume,humidity,相对湿度,8,0.1539534764901723,0.1274247375953776,-0.09579900919676779,0.4037059621771124,0.22697363576884078,1404,0.9997788117577607,0.2608349213479729
尖椒,volume,humidity,相对湿度,9,0.14820261944658664,0.12484507909210686,-0.09649373557394281,0.3928989744671161,0.2351912551591805,1404,0.9997788117577607,0.2608349213479729
尖椒,volume,humidity,相对湿度,10,0.19191062801391076,0.12675636818933747,-0.05653185363719068,0.4403531096650122,0.13002286502239874,1404,0.9997788117577607,0.2597151592291241
尖椒,volume,humidity,相对湿度,11,0.23173847018670446,0.1342786846087643,-0.031447751646473565,0.4949246920198825,0.08438297593833305,1403,0.9997788117577607,0.2597151592291241
尖椒,volume,humidity,相对湿度,12,0.2114425407782765,0.13049038853266864,-0.044318620745754045,0.46720370230230707,0.10515310006083532,1402,0.9997788117577607,0.2597151592291241
尖椒,volume,humidity,相对湿度,13,0.17844394722467,0.120809931786219,-0.05834351907631924,0.41523141352565923,0.1396586019369619,1401,0.9997788117577607,0.2597151592291241
尖椒,volume,humidity,相对湿度,14,0.19887246446129908,0.11813534190440193,-0.032672805671328714,0.43041773459392685,0.09229206669932724,1400,0.9997788117577607,0.2597151592291241
尖椒,volume,wind_speed,日最大风速,0,0.08172380273182862,0.09105703576026598,-0.0967479873582927,0.26019559282194993,0.3694515107067584,1410,0.9997788117577607,0.5424778095124084
尖椒,volume,wind_speed,日最大风速,1,0.08161297270982909,0.09539238065501737,-0.10535609337400495,0.26858203879366316,0.3922466122277316,1409,0.9997788117577607,0.5424778095124084
尖椒,volume,wind_speed,日最大风速,2,0.03383565937134689,0.08575428365864562,-0.13424273659959854,0.20191405534229231,0.693163772050949,1409,0.9997788117577607,0.7393847622248813
尖椒,volume,wind_speed,日最大风速,3,0.029142093978510225,0.087601083195744,-0.142556029085148,0.20084021704216845,0.7393847622248813,1409,0.9997788117577607,0.7393847622248813
尖椒,volume,wind_speed,日最大风速,4,0.0848765166086981,0.09637800720983672,-0.10402437752258187,0.2737774107399781,0.37850040799377704,1408,0.9997788117577607,0.5424778095124084
尖椒,volume,wind_speed,日最大风速,5,0.07869468560700682,0.0898517407321536,-0.09741472622801423,0.25480409744202787,0.381123453711114,1407,0.9997788117577607,0.5424778095124084
尖椒,volume,wind_speed,日最大风速,6,0.0911182797273142,0.08252823568238059,-0.07063706221015176,0.25287362166478017,0.2695557805801161,1406,0.9997788117577607,0.5424778095124084
尖椒,volume,wind_speed,日最大风速,7,0.0649856740984552,0.08305988978230351,-0.0978117098748597,0.22778305807177007,0.43398224760992676,1405,0.9997788117577607,0.5424778095124084
尖椒,volume,wind_speed,日最大风速,8,0.08704441883904535,0.0880116665455598,-0.08545844759025184,0.25954728526834253,0.32265824621800465,1404,0.9997788117577607,0.5424778095124084
尖椒,volume,wind_speed,日最大风速,9,0.07849448455935468,0.09599044269937566,-0.10964678313142162,0.266635752250131,0.41351006817160685,1404,0.9997788117577607,0.5424778095124084
尖椒,volume,wind_speed,日最大风速,10,0.03237385593788595,0.08878900229282773,-0.1416525885560564,0.20640030043182828,0.7153983632990921,1404,0.9997788117577607,0.7393847622248813
尖椒,volume,wind_speed,日最大风速,11,0.0877836334311115,0.08433860203683624,-0.07752002656108754,0.25308729342331054,0.2979462738065879,1403,0.9997788117577607,0.5424778095124084
尖椒,volume,wind_speed,日最大风速,12,0.08296323500811496,0.08970200952367813,-0.09285270365829416,0.2587791736745241,0.35503041631296395,1402,0.9997788117577607,0.5424778095124084
尖椒,volume,wind_speed,日最大风速,13,0.06921861532300674,0.07923748523243447,-0.0860868557325648,0.2245240863785783,0.3823584833446114,1401,0.9997788117577607,0.5424778095124084
尖椒,volume,wind_speed,日最大风速,14,0.10638340424046541,0.07362581467689658,-0.03792319252625187,0.2506900010071827,0.14848038802504573,1400,0.9997788117577607,0.5424778095124084
尖椒,volume,radiation,短波辐射,0,-0.06563613514003945,0.1483704143701685,-0.3564421473055697,0.2251698770254908,0.65821409685994,1410,0.9997788117577607,0.9692694598674197
尖椒,volume,radiation,短波辐射,1,-0.03481675730892048,0.1482163424869565,-0.3253207885833552,0.2556872739655143,0.8142824824443884,1409,0.9997788117577607,0.9692694598674197
尖椒,volume,radiation,短波辐射,2,-0.007799772803622547,0.14889701071820907,-0.29963791381131233,0.28403836820406725,0.9582229807259353,1409,0.9997788117577607,0.9692694598674197
尖椒,volume,radiation,短波辐射,3,-0.05798379228216491,0.14623135378605992,-0.34459724570284234,0.22862966113851255,0.6917207712184774,1409,0.9997788117577607,0.9692694598674197
尖椒,volume,radiation,短波辐射,4,-0.0698519785225788,0.14889954755761986,-0.36169509173551373,0.22199113469035614,0.6389827947439097,1408,0.9997788117577607,0.9692694598674197
尖椒,volume,radiation,短波辐射,5,-0.0772035514091412,0.15142687164012666,-0.37400021982378945,0.21959311700550704,0.6101632119533695,1407,0.9997788117577607,0.9692694598674197
尖椒,volume,radiation,短波辐射,6,-0.04351040532182078,0.15699523531104645,-0.3512210665314718,0.26420025588783025,0.7816689611349461,1406,0.9997788117577607,0.9692694598674197
尖椒,volume,radiation,短波辐射,7,-0.02368522709407648,0.14536148284321457,-0.30859373346677704,0.26122327927862404,0.8705655295323975,1405,0.9997788117577607,0.9692694598674197
尖椒,volume,radiation,短波辐射,8,-0.00735429351392022,0.14127557662464515,-0.2842544236982247,0.2695458366703843,0.9584837784820547,1404,0.9997788117577607,0.9692694598674197
尖椒,volume,radiation,短波辐射,9,-0.009655658329557063,0.1394069985813899,-0.2828933755490813,0.26358205888996716,0.944780782657236,1404,0.9997788117577607,0.9692694598674197
尖椒,volume,radiation,短波辐射,10,-0.04192447530936855,0.13785216251423,-0.3121147138372593,0.2282657632185222,0.7610316310863393,1404,0.9997788117577607,0.9692694598674197
尖椒,volume,radiation,短波辐射,11,-0.05931965621287988,0.13756278700474014,-0.32894271874217057,0.2103034063164108,0.666309305102679,1403,0.9997788117577607,0.9692694598674197
尖椒,volume,radiation,短波辐射,12,-0.019508848423678164,0.14099302375499734,-0.29585517498347297,0.2568374781361166,0.889950002404708,1402,0.9997788117577607,0.9692694598674197
尖椒,volume,radiation,短波辐射,13,0.01856619392694802,0.14394745510045942,-0.2635708180699524,0.30070320592384847,0.8973742924406399,1401,0.9997788117577607,0.9692694598674197
尖椒,volume,radiation,短波辐射,14,-0.005299136602583798,0.1375522085278246,-0.27490146531712,0.2643031921119524,0.9692694598674197,1400,0.9997788117577607,0.9692694598674197
尖椒,volume,et0,参考蒸散ET0,0,-0.016126867951791753,0.14130339592773927,-0.29308152397016074,0.26082778806657725,0.9091352382197745,1410,0.9997788117577607,0.9833552304951308
尖椒,volume,et0,参考蒸散ET0,1,0.007812383757239624,0.1437077021189519,-0.2738547123959061,0.28947947991038536,0.956645946170679,1409,0.9997788117577607,0.9833552304951308
尖椒,volume,et0,参考蒸散ET0,2,0.00810789717990686,0.14208941314572063,-0.27038735258570556,0.28660314694551925,0.9544958566526485,1409,0.9997788117577607,0.9833552304951308
尖椒,volume,et0,参考蒸散ET0,3,-0.03416146060305441,0.1409411558220584,-0.3104061260142889,0.24208320480818007,0.8084849425974405,1409,0.9997788117577607,0.9833552304951308
尖椒,volume,et0,参考蒸散ET0,4,-0.035665935205206084,0.14195587596200399,-0.3138994520907339,0.24256758168032175,0.8016234362495083,1408,0.9997788117577607,0.9833552304951308
尖椒,volume,et0,参考蒸散ET0,5,-0.0382940059216864,0.1367074435196375,-0.30624059522017594,0.2296525833768031,0.7793881523494837,1407,0.9997788117577607,0.9833552304951308
尖椒,volume,et0,参考蒸散ET0,6,-0.004657469526576488,0.13718552929118397,-0.27354110693729705,0.2642261678841441,0.9729169009653713,1406,0.9997788117577607,0.9833552304951308
尖椒,volume,et0,参考蒸散ET0,7,-0.0027725617286892754,0.1328960266836296,-0.2632487740286033,0.25770365057122474,0.983355230495131,1405,0.9997788117577607,0.9833552304951308
尖椒,volume,et0,参考蒸散ET0,8,0.006293255979619085,0.13362695936950317,-0.2556155843846071,0.2682020963438453,0.9624369497323759,1404,0.9997788117577607,0.9833552304951308
尖椒,volume,et0,参考蒸散ET0,9,0.009709318383165431,0.13256026512342825,-0.25010880125875395,0.2695274380250848,0.9416115072920999,1404,0.9997788117577607,0.9833552304951308
尖椒,volume,et0,参考蒸散ET0,10,-0.0254697852589885,0.13080580425434843,-0.28184916159751144,0.23090959107953443,0.845616468880034,1404,0.9997788117577607,0.9833552304951308
尖椒,volume,et0,参考蒸散ET0,11,-0.030352963215624095,0.12943760266341306,-0.2840506644359137,0.22334473800466553,0.814597760387993,1403,0.9997788117577607,0.9833552304951308
尖椒,volume,et0,参考蒸散ET0,12,-0.0070836519663459545,0.12578133674308328,-0.2536150719827892,0.2394477680500973,0.9550891215926945,1402,0.9997788117577607,0.9833552304951308
尖椒,volume,et0,参考蒸散ET0,13,0.0212008054222131,0.1226466007148439,-0.21918653197888094,0.26158814282330717,0.8627607428655952,1401,0.9997788117577607,0.9833552304951308
尖椒,volume,et0,参考蒸散ET0,14,0.010017483506806122,0.11795513726327769,-0.22117458552921815,0.24120955254283039,0.9323200494426481,1400,0.9997788117577607,0.9833552304951308
尖椒,volume,dew_point,露点温度,0,0.17383166552780122,0.1276444055474542,-0.07635136934520903,0.42401470040081146,0.17324737527269585,1410,0.9997788117577607,0.285046585760135
尖椒,volume,dew_point,露点温度,1,0.15916207756937045,0.12884257105503308,-0.09336936169849436,0.41169351683723526,0.21671064580844757,1409,0.9997788117577607,0.285046585760135
尖椒,volume,dew_point,露点温度,2,0.152735681037998,0.12983452959940445,-0.10173999697683472,0.40721135905283073,0.23944017725217015,1409,0.9997788117577607,0.285046585760135
尖椒,volume,dew_point,露点温度,3,0.16330415256504238,0.1312042349184302,-0.09385614787508079,0.42046445300516555,0.21325818593907342,1409,0.9997788117577607,0.285046585760135
尖椒,volume,dew_point,露点温度,4,0.18508614723808461,0.13247111425522767,-0.0745572367021616,0.4447295311783308,0.16235909578263674,1408,0.9997788117577607,0.285046585760135
尖椒,volume,dew_point,露点温度,5,0.17083620817779982,0.13231374845823235,-0.0884987388003356,0.43017115515593524,0.19665347212937312,1407,0.9997788117577607,0.285046585760135
尖椒,volume,dew_point,露点温度,6,0.16116287462247383,0.13209433136529478,-0.0977420148535039,0.4200677640984516,0.22244251881578125,1406,0.9997788117577607,0.285046585760135
尖椒,volume,dew_point,露点温度,7,0.15223399240336377,0.13210806407998646,-0.10669781319340971,0.41116579800013725,0.24917956446404876,1405,0.9997788117577607,0.285046585760135
尖椒,volume,dew_point,露点温度,8,0.14661140269087064,0.1342901525076464,-0.1165972962241163,0.4098201016058576,0.27494258020232454,1404,0.9997788117577607,0.285046585760135
尖椒,volume,dew_point,露点温度,9,0.14542623487925424,0.1360329896355342,-0.12119842480639278,0.4120508945649013,0.285046585760135,1404,0.9997788117577607,0.285046585760135
尖椒,volume,dew_point,露点温度,10,0.15826354343819746,0.13501511518244277,-0.10636608231939035,0.42289316919578523,0.24112026038946754,1404,0.9997788117577607,0.285046585760135
尖椒,volume,dew_point,露点温度,11,0.17915528103470998,0.13649661293491266,-0.08837808031771885,0.4466886423871388,0.18934289807741844,1403,0.9997788117577607,0.285046585760135
尖椒,volume,dew_point,露点温度,12,0.1780780797420551,0.13866212028435984,-0.0936996760152902,0.44985583549940045,0.19905133782288453,1402,0.9997788117577607,0.285046585760135
尖椒,volume,dew_point,露点温度,13,0.1687038166850718,0.13516269796423977,-0.09621507132483811,0.43362270469498176,0.21197478905685463,1401,0.9997788117577607,0.285046585760135
尖椒,volume,dew_point,露点温度,14,0.1803885825617433,0.13182116784378378,-0.07798090641207292,0.43875807153555957,0.17117623324702735,1400,0.9997788117577607,0.285046585760135
尖椒,volume,pressure_msl,海平面气压,0,0.006822021856359443,0.1385609416751061,-0.2647574238268485,0.2784014675395674,0.9607321692631072,1410,0.9997788117577607,0.9990234739491697
尖椒,volume,pressure_msl,海平面气压,1,-0.0001697761566834058,0.13871799966478449,-0.27205705549966097,0.2717175031862942,0.9990234739491697,1409,0.9997788117577607,0.9990234739491697
尖椒,volume,pressure_msl,海平面气压,2,-0.027057147931734256,0.13344049017424703,-0.2886005086732584,0.23448621280978993,0.839318206315383,1409,0.9997788117577607,0.9990234739491697
尖椒,volume,pressure_msl,海平面气压,3,-0.02995023219697484,0.1375823798652463,-0.2996116967328576,0.2397112323389079,0.8276710865414489,1409,0.9997788117577607,0.9990234739491697
尖椒,volume,pressure_msl,海平面气压,4,-0.013235307929505776,0.13829912522170984,-0.2843015933640571,0.2578309775050455,0.9237583720169174,1408,0.9997788117577607,0.9990234739491697
尖椒,volume,pressure_msl,海平面气压,5,0.017653213612631294,0.1387689893842116,-0.2543340055804234,0.28964043280568597,0.8987718497381868,1407,0.9997788117577607,0.9990234739491697
尖椒,volume,pressure_msl,海平面气压,6,0.018825797715510052,0.14125406372144908,-0.2580321671785301,0.29568376260955026,0.8939749892464324,1406,0.9997788117577607,0.9990234739491697
尖椒,volume,pressure_msl,海平面气压,7,0.023769817275665565,0.146633489818045,-0.26363182276770264,0.3111714573190338,0.8712242675684797,1405,0.9997788117577607,0.9990234739491697
尖椒,volume,pressure_msl,海平面气压,8,0.01219916534829786,0.14728192828195452,-0.276473414084333,0.3008717447809287,0.933987776871594,1404,0.9997788117577607,0.9990234739491697
尖椒,volume,pressure_msl,海平面气压,9,0.01184426234814398,0.14140413240115735,-0.26530783715812445,0.28899636185441235,0.9332458334129168,1404,0.9997788117577607,0.9990234739491697
尖椒,volume,pressure_msl,海平面气压,10,-0.004919305568913006,0.13971237325394814,-0.27875555714665134,0.2689169460088253,0.9719121005194539,1404,0.9997788117577607,0.9990234739491697
尖椒,volume,pressure_msl,海平面气压,11,-0.011943764276791148,0.14239218912986765,-0.29103245497133173,0.2671449264177494,0.9331523579623312,1403,0.9997788117577607,0.9990234739491697
尖椒,volume,pressure_msl,海平面气压,12,-0.0020734379598509496,0.14941886294867363,-0.29493440933925125,0.2907875334195494,0.9889283654677579,1402,0.9997788117577607,0.9990234739491697
尖椒,volume,pressure_msl,海平面气压,13,-0.001215861402541825,0.15227613756179956,-0.29967709102366896,0.2972453682185853,0.9936292924897705,1401,0.9997788117577607,0.9990234739491697
尖椒,volume,pressure_msl,海平面气压,14,-0.018877842291089724,0.15186366230091686,-0.31653062040088675,0.27877493581870727,0.9010715480783112,1400,0.9997788117577607,0.9990234739491697
尖椒,volume,cloud_cover,云量,0,-0.08638463054879285,0.07680176223035762,-0.23691608452029378,0.06414682342270807,0.2606847857848067,1410,0.9997788117577607,0.7700036046882913
尖椒,volume,cloud_cover,云量,1,-0.11474916199815278,0.06424388270007501,-0.2406671720902998,0.011168848093994252,0.07407509795500908,1409,0.9997788117577607,0.37037548977504536
尖椒,volume,cloud_cover,云量,2,-0.15984701810386126,0.0681120442195718,-0.293346624774222,-0.02634741143350053,0.018934167824944323,1409,0.5346117974101927,0.28401251737416483
尖椒,volume,cloud_cover,云量,3,-0.051053083921695844,0.07234918313892635,-0.19285748287399151,0.09075131503059981,0.48040682937864077,1409,0.9997788117577607,0.8777832950211697
尖椒,volume,cloud_cover,云量,4,0.0030252833286728807,0.06342505810731379,-0.12128783056166215,0.12733839721900791,0.961956489429043,1408,0.9997788117577607,0.961956489429043
尖椒,volume,cloud_cover,云量,5,0.029483212205323083,0.06407431454841911,-0.09610244430957836,0.15506886872022452,0.6454150947434621,1407,0.9997788117577607,0.8777832950211697
尖椒,volume,cloud_cover,云量,6,-0.04145848147867971,0.07875101857142981,-0.19581047787868217,0.11289351492132273,0.5985755150177374,1406,0.9997788117577607,0.8777832950211697
尖椒,volume,cloud_cover,云量,7,-0.07657979257374023,0.07700781634893299,-0.22751511261764887,0.07435552747016841,0.3200078197708096,1405,0.9997788117577607,0.7700036046882913
尖椒,volume,cloud_cover,云量,8,-0.1263859354237712,0.06677958802801538,-0.2572739279586813,0.004502057111138963,0.058413301681754105,1404,0.9997788117577607,0.37037548977504536
尖椒,volume,cloud_cover,云量,9,-0.07037633073791143,0.06488177086575315,-0.1975446016347876,0.05679194015896476,0.2780608719713137,1404,0.9997788117577607,0.7700036046882913
尖椒,volume,cloud_cover,云量,10,-0.027140514423731377,0.07098965440310565,-0.16628023705381845,0.11199920820635569,0.7022266360169358,1404,0.9997788117577607,0.8777832950211697
尖椒,volume,cloud_cover,云量,11,0.06874822063690986,0.07500081808855447,-0.07825338281665689,0.2157498240904766,0.3593350155212026,1403,0.9997788117577607,0.7700036046882913
尖椒,volume,cloud_cover,云量,12,0.007405050704154342,0.06433248159073983,-0.11868661321369572,0.1334967146220044,0.9083611525248252,1402,0.9997788117577607,0.961956489429043
尖椒,volume,cloud_cover,云量,13,-0.04384179149145188,0.09334988156039124,-0.2268075593498187,0.13912397636691495,0.6386049456961614,1401,0.9997788117577607,0.8777832950211697
尖椒,volume,cloud_cover,云量,14,-0.004192428139000216,0.08227883199275692,-0.16545893884480378,0.15707408256680333,0.9593622478914711,1400,0.9997788117577607,0.961956489429043
尖椒,volume,temp_mean,日平均气温,0,0.1368255849332641,0.1344541842129745,-0.12670461612416592,0.4003557859906941,0.3088503828505015,1410,0.9997788117577607,0.3925777400004157
尖椒,volume,temp_mean,日平均气温,1,0.13199401228418245,0.13714920909709355,-0.13681843754612089,0.4008064621144858,0.33584280657181487,1409,0.9997788117577607,0.3925777400004157
尖椒,volume,temp_mean,日平均气温,2,0.12609415156930695,0.1374384205781841,-0.14328515276393386,0.3954734559025478,0.3589020321493923,1409,0.9997788117577607,0.3925777400004157
尖椒,volume,temp_mean,日平均气温,3,0.12257754639439805,0.13679000061797367,-0.1455308548168303,0.3906859476056264,0.3701992522862748,1409,0.9997788117577607,0.3925777400004157
尖椒,volume,temp_mean,日平均气温,4,0.13538764415257795,0.13490602791042755,-0.12902817055186003,0.39980345885701596,0.31558591461897556,1408,0.9997788117577607,0.3925777400004157
尖椒,volume,temp_mean,日平均气温,5,0.12931130849151026,0.13234774619582243,-0.1300902740523017,0.38871289103532225,0.328540871926726,1407,0.9997788117577607,0.3925777400004157
尖椒,volume,temp_mean,日平均气温,6,0.12665467482456821,0.13193475712399935,-0.1319374491384705,0.3852467987876069,0.33706548420399274,1406,0.9997788117577607,0.3925777400004157
尖椒,volume,temp_mean,日平均气温,7,0.1173740100558956,0.1327904663993083,-0.14289530408674866,0.37764332419853985,0.3767480961303845,1405,0.9997788117577607,0.3925777400004157
尖椒,volume,temp_mean,日平均气温,8,0.11671227642889936,0.13527228084390283,-0.1484213940251502,0.38184594688294893,0.38825007132315437,1404,0.9997788117577607,0.3925777400004157
尖椒,volume,temp_mean,日平均气温,9,0.11769093744431157,0.13765795282733534,-0.15211865009726566,0.38750052498588883,0.3925777400004157,1404,0.9997788117577607,0.3925777400004157
尖椒,volume,temp_mean,日平均气温,10,0.11948274906457954,0.13519406686261115,-0.14549762198613833,0.3844631201152974,0.37681124410269884,1404,0.9997788117577607,0.3925777400004157
尖椒,volume,temp_mean,日平均气温,11,0.13246006437221594,0.1338326002455918,-0.12985183210914394,0.3947719608535758,0.32229907542550285,1403,0.9997788117577607,0.3925777400004157
尖椒,volume,temp_mean,日平均气温,12,0.13928719212363533,0.13390372652102384,-0.12316411185757137,0.401738496104842,0.29824513290812693,1402,0.9997788117577607,0.3925777400004157
尖椒,volume,temp_mean,日平均气温,13,0.13895638449049175,0.1317104072353543,-0.11919601369080268,0.3971087826717862,0.2914187103711895,1401,0.9997788117577607,0.3925777400004157
尖椒,volume,temp_mean,日平均气温,14,0.14452542457050946,0.12813807357845597,-0.10662519964326425,0.3956760487842832,0.25936712665789297,1400,0.9997788117577607,0.3925777400004157
甘蓝,price,humidity,相对湿度,0,0.024865603510983346,0.098521499383503,-0.16823653528068253,0.21796774230264923,0.8007414936878426,1410,0.9997788117577607,0.8199448840858159
甘蓝,price,humidity,相对湿度,1,0.038861257679570764,0.10120330380063866,-0.159497217769681,0.23721973312882255,0.7009843868146517,1409,0.9997788117577607,0.8088281386322904
甘蓝,price,humidity,相对湿度,2,0.045119264887846906,0.09618019746385173,-0.14339392214130248,0.23363245191699628,0.6389897299906722,1409,0.9997788117577607,0.8088281386322904
甘蓝,price,humidity,相对湿度,3,0.06858179964428213,0.09090300430723586,-0.10958808879790016,0.24675168808646442,0.4505788727267874,1409,0.9997788117577607,0.8088281386322904
甘蓝,price,humidity,相对湿度,4,0.07749329698038902,0.09249379806785221,-0.1037945472326013,0.25878114119337936,0.4021309354448612,1408,0.9997788117577607,0.8088281386322904
甘蓝,price,humidity,相对湿度,5,0.04010672742537139,0.09623777398037521,-0.14851930957616402,0.2287327644269068,0.6768640515417301,1407,0.9997788117577607,0.8088281386322904
甘蓝,price,humidity,相对湿度,6,0.022419322547854212,0.09849630827748207,-0.17063344167601063,0.21547208677171908,0.8199448840858159,1406,0.9997788117577607,0.8199448840858159
甘蓝,price,humidity,相对湿度,7,0.04257699102769787,0.09877761048921942,-0.15102712553117217,0.23618110758656793,0.6664400973361686,1405,0.9997788117577607,0.8088281386322904
甘蓝,price,humidity,相对湿度,8,0.055591320612239675,0.09825954322860857,-0.13699738411583312,0.24818002534031247,0.5715569315924787,1404,0.9997788117577607,0.8088281386322904
甘蓝,price,humidity,相对湿度,9,0.051295010484795525,0.09432211375097092,-0.13357633246710748,0.2361663534366985,0.5865598096507026,1404,0.9997788117577607,0.8088281386322904
甘蓝,price,humidity,相对湿度,10,0.0602375417594414,0.0932257335086076,-0.1224848959174295,0.2429599794363123,0.5181840642470481,1404,0.9997788117577607,0.8088281386322904
甘蓝,price,humidity,相对湿度,11,0.07497531122241084,0.09465741985672371,-0.11055323169676763,0.26050385414158933,0.4283198080134768,1403,0.9997788117577607,0.8088281386322904
甘蓝,price,humidity,相对湿度,12,0.0631732813438907,0.09615179602149374,-0.12528423885823703,0.2516308015460184,0.5111705421118453,1402,0.9997788117577607,0.8088281386322904
甘蓝,price,humidity,相对湿度,13,0.05369848890386103,0.09800227570260936,-0.13838597147325332,0.24578294928097538,0.5837392541177577,1401,0.9997788117577607,0.8088281386322904
甘蓝,price,humidity,相对湿度,14,0.05311747742555033,0.0977554306930353,-0.13848316673279887,0.2447181215838995,0.586874308975184,1400,0.9997788117577607,0.8088281386322904
甘蓝,price,wind_speed,日最大风速,0,0.14387061679173863,0.06776508895559583,0.011051042438770808,0.27669019114470644,0.033747257784487845,1410,0.8367380407936179,0.09543359052681201
甘蓝,price,wind_speed,日最大风速,1,0.14791686886390965,0.06778041927290328,0.015067247089019215,0.2807664906388001,0.02908776911468353,1409,0.7506521061853814,0.09543359052681201
甘蓝,price,wind_speed,日最大风速,2,0.14427241816135655,0.06726692839739715,0.01242923850245814,0.27611559782025497,0.03197085072245422,1409,0.8076846498304223,0.09543359052681201
甘蓝,price,wind_speed,日最大风速,3,0.1425344483785789,0.06895187361840927,0.00738877608649674,0.27768012067066106,0.03871922569242175,1409,0.9110406045275705,0.09543359052681201
甘蓝,price,wind_speed,日最大风速,4,0.1268387034223331,0.06878436351237871,-0.00797864906192916,0.26165605590659535,0.06518242594527625,1408,0.9997788117577607,0.09543359052681201
甘蓝,price,wind_speed,日最大风速,5,0.1254400437664888,0.06517841439777707,-0.0023096484531542616,0.2531897359861318,0.05428390022524159,1407,0.9997788117577607,0.09543359052681201
甘蓝,price,wind_speed,日最大风速,6,0.11228192861486642,0.06166452210609552,-0.00858053471308079,0.23314439194281364,0.06862945542909872,1406,0.9997788117577607,0.09543359052681201
甘蓝,price,wind_speed,日最大风速,7,0.10655683600242595,0.06448227852946553,-0.019828429915326476,0.2329421019201784,0.09843307346609953,1405,0.9997788117577607,0.11357662323011485
甘蓝,price,wind_speed,日最大风速,8,0.12157673158142723,0.06464065473518912,-0.005118951699543434,0.2482724148623979,0.05999789199625509,1404,0.9997788117577607,0.09543359052681201
甘蓝,price,wind_speed,日最大风速,9,0.13919168090405662,0.06188361599322552,0.017899793557334606,0.2604835682507786,0.024496638511095816,1404,0.6532436936292217,0.09543359052681201
甘蓝,price,wind_speed,日最大风速,10,0.118664476001085,0.06479264304675668,-0.008329104370558102,0.24565805637272808,0.06703342743215515,1404,0.9997788117577607,0.09543359052681201
甘蓝,price,wind_speed,日最大风速,11,0.11628234740595238,0.06417312255438211,-0.009496972800636563,0.24206166761254133,0.06998463305299547,1403,0.9997788117577607,0.09543359052681201
甘蓝,price,wind_speed,日最大风速,12,0.10741788977534188,0.0633905811484458,-0.01682764927561188,0.23166342882629565,0.09016267435100622,1402,0.9997788117577607,0.11270334293875778
甘蓝,price,wind_speed,日最大风速,13,0.08615079413021462,0.06177969417840112,-0.03493740645945158,0.20723899471988083,0.16317150232291833,1401,0.9997788117577607,0.1631715023229183
甘蓝,price,wind_speed,日最大风速,14,0.0937974693131842,0.06259433761459302,-0.028887432411418112,0.2164823710377865,0.13400399653466294,1400,0.9997788117577607,0.14357571057285315
甘蓝,price,radiation,短波辐射,0,0.007075627477415825,0.12903724829481744,-0.24583737918042634,0.25998863413525797,0.9562707192039135,1410,0.9997788117577607,0.9990884736564175
甘蓝,price,radiation,短波辐射,1,-0.01885634395185917,0.1305646842372005,-0.2747631250567721,0.23705043715305377,0.8851676619634846,1409,0.9997788117577607,0.9990884736564175
甘蓝,price,radiation,短波辐射,2,-0.01300187075324307,0.129535268717196,-0.26689099743894723,0.2408872559324611,0.9200480375148592,1409,0.9997788117577607,0.9990884736564175
甘蓝,price,radiation,短波辐射,3,0.0001467453381693712,0.12845028018168558,-0.25161580381793436,0.25190929449427313,0.9990884736564175,1409,0.9997788117577607,0.9990884736564175
甘蓝,price,radiation,短波辐射,4,-0.0008738077336614084,0.12738257276595438,-0.250543650354932,0.24879603488760918,0.9945267848116855,1408,0.9997788117577607,0.9990884736564175
甘蓝,price,radiation,短波辐射,5,0.011796364321077224,0.1298164135805693,-0.24264380629683863,0.2662365349389931,0.9275962135928195,1407,0.9997788117577607,0.9990884736564175
甘蓝,price,radiation,短波辐射,6,0.01575468042698502,0.1299526258284001,-0.23895246619667915,0.2704618270506492,0.9035056715335601,1406,0.9997788117577607,0.9990884736564175
甘蓝,price,radiation,短波辐射,7,0.005854063701820185,0.12758112872748661,-0.24420494860405356,0.2559130760076939,0.9634018872964963,1405,0.9997788117577607,0.9990884736564175
甘蓝,price,radiation,短波辐射,8,-0.016129919482885745,0.12717563701219473,-0.2653941680267874,0.23313432906101592,0.899073498058168,1404,0.9997788117577607,0.9990884736564175
甘蓝,price,radiation,短波辐射,9,-0.013984985536578901,0.12433997327298403,-0.2576913331516276,0.2297213620784698,0.9104477663881222,1404,0.9997788117577607,0.9990884736564175
甘蓝,price,radiation,短波辐射,10,-0.0037593287269125537,0.12306315440542576,-0.24496311136154705,0.23744445390772193,0.9756300420130363,1404,0.9997788117577607,0.9990884736564175
甘蓝,price,radiation,短波辐射,11,0.000733593753228727,0.12244272291788276,-0.23925414316582147,0.24072133067227894,0.9952196454482066,1403,0.9997788117577607,0.9990884736564175
甘蓝,price,radiation,短波辐射,12,0.012207253892330521,0.12671491074692953,-0.23615397117165135,0.2605684789563124,0.9232534302957481,1402,0.9997788117577607,0.9990884736564175
甘蓝,price,radiation,短波辐射,13,0.00920381968093471,0.12768764405504665,-0.24106396266695673,0.25947160202882613,0.9425376547966241,1401,0.9997788117577607,0.9990884736564175
甘蓝,price,radiation,短波辐射,14,-0.0018749645660805989,0.12367441327904213,-0.24427681459300318,0.24052688546084197,0.9879041433505927,1400,0.9997788117577607,0.9990884736564175
甘蓝,price,et0,参考蒸散ET0,0,-0.0027173540696711525,0.13018042925770115,-0.25787099541476544,0.2524362872754231,0.9833463644769351,1410,0.9997788117577607,0.9957479335349981
甘蓝,price,et0,参考蒸散ET0,1,-0.011964979959233485,0.13144977040423253,-0.26960652995152923,0.24567657003306229,0.9274741492800204,1409,0.9997788117577607,0.9957479335349981
甘蓝,price,et0,参考蒸散ET0,2,-0.003919764879712198,0.13117234762616087,-0.26101756622698746,0.2531780364675631,0.9761607188071496,1409,0.9997788117577607,0.9957479335349981
甘蓝,price,et0,参考蒸散ET0,3,0.0024529823931856987,0.13089780373049542,-0.25410671291858533,0.25901267770495673,0.9850487771646219,1409,0.9997788117577607,0.9957479335349981
甘蓝,price,et0,参考蒸散ET0,4,0.0013279187457159551,0.129763811202039,-0.25300915121028045,0.2556649887017124,0.9918351090094999,1408,0.9997788117577607,0.9957479335349981
甘蓝,price,et0,参考蒸散ET0,5,0.012277285480041155,0.12818118371380866,-0.2389578345990238,0.2635124055591061,0.9236947337944487,1407,0.9997788117577607,0.9957479335349981
甘蓝,price,et0,参考蒸散ET0,6,0.006718388643304339,0.12643907921606337,-0.24110220662017987,0.25453898390678853,0.9576240413240495,1406,0.9997788117577607,0.9957479335349981
甘蓝,price,et0,参考蒸散ET0,7,-0.007928459487418466,0.12487908608706037,-0.25269146821805677,0.23683454924321987,0.9493770469444651,1405,0.9997788117577607,0.9957479335349981
甘蓝,price,et0,参考蒸散ET0,8,-0.015069817862866092,0.12555725055816042,-0.26116202895686047,0.2310223932311283,0.9044645498775716,1404,0.9997788117577607,0.9957479335349981
甘蓝,price,et0,参考蒸散ET0,9,-0.0037439100452453574,0.12507484824489476,-0.24889061260523906,0.24140279251474836,0.9761202029716104,1404,0.9997788117577607,0.9957479335349981
甘蓝,price,et0,参考蒸散ET0,10,-0.003242769678718751,0.12618177834475564,-0.2505590552344398,0.2440735158770023,0.9794972687775154,1404,0.9997788117577607,0.9957479335349981
甘蓝,price,et0,参考蒸散ET0,11,0.000660648089731028,0.12396758616019155,-0.2423158207842444,0.24363711696370643,0.9957479335349981,1403,0.9997788117577607,0.9957479335349981
甘蓝,price,et0,参考蒸散ET0,12,0.005444171050174442,0.12237749773255667,-0.23441572450563664,0.24530406660598553,0.9645164532024306,1402,0.9997788117577607,0.9957479335349981
甘蓝,price,et0,参考蒸散ET0,13,-0.0020120286993270398,0.1207067295588724,-0.23859721863471695,0.23457316123606287,0.9867008881521594,1401,0.9997788117577607,0.9957479335349981
甘蓝,price,et0,参考蒸散ET0,14,-0.010939763431470871,0.11852795154013201,-0.24325454845012962,0.22137502158718786,0.9264621449928722,1400,0.9997788117577607,0.9957479335349981
甘蓝,price,dew_point,露点温度,0,0.01164325905256533,0.1340107994362477,-0.2510179078424801,0.27430442594761084,0.9307645197749398,1410,0.9997788117577607,0.9307645197749398
甘蓝,price,dew_point,露点温度,1,0.020510672429361134,0.1334502249917091,-0.24105176855438873,0.282073113413111,0.8778499904269543,1409,0.9997788117577607,0.9307645197749398
甘蓝,price,dew_point,露点温度,2,0.025656072730900436,0.13078264467647627,-0.23067791083499306,0.2819900562967939,0.844474467215132,1409,0.9997788117577607,0.9307645197749398
甘蓝,price,dew_point,露点温度,3,0.03317098976334652,0.12832029799467762,-0.2183367943062216,0.2846787738329147,0.7960198899131519,1409,0.9997788117577607,0.9307645197749398
甘蓝,price,dew_point,露点温度,4,0.03855043712487022,0.1268619687409676,-0.2100990216074263,0.28719989585716676,0.7612215851298572,1408,0.9997788117577607,0.9307645197749398
甘蓝,price,dew_point,露点温度,5,0.025945487886774844,0.12772681343233702,-0.22439906644060573,0.27629004221415543,0.839031341671761,1407,0.9997788117577607,0.9307645197749398
甘蓝,price,dew_point,露点温度,6,0.015720060416113325,0.12851417379049027,-0.23616772021324758,0.26760784104547425,0.9026443196202482,1406,0.9997788117577607,0.9307645197749398
甘蓝,price,dew_point,露点温度,7,0.02272245865916102,0.12753249079836598,-0.2272412233056363,0.27268614062395835,0.858589501452149,1405,0.9997788117577607,0.9307645197749398
甘蓝,price,dew_point,露点温度,8,0.0348834400182548,0.12708404898073708,-0.21420129598398988,0.2839681760204995,0.7837072445287698,1404,0.9997788117577607,0.9307645197749398
甘蓝,price,dew_point,露点温度,9,0.038227332860957274,0.12724318606300858,-0.21116931182253953,0.28762397754445407,0.7638512063598875,1404,0.9997788117577607,0.9307645197749398
甘蓝,price,dew_point,露点温度,10,0.03887995395219842,0.12805710054135566,-0.2121119631088587,0.2898718710132555,0.7614218330393119,1404,0.9997788117577607,0.9307645197749398
甘蓝,price,dew_point,露点温度,11,0.047831577075250535,0.1273128644636631,-0.20170163727352913,0.2973647914240302,0.7071391559260021,1403,0.9997788117577607,0.9307645197749398
甘蓝,price,dew_point,露点温度,12,0.04456320446789971,0.1256278779482546,-0.20166743631067932,0.2907938452464787,0.7227964820555235,1402,0.9997788117577607,0.9307645197749398
甘蓝,price,dew_point,露点温度,13,0.03890929196483629,0.12516805814037138,-0.2064201019902916,0.2842386859199642,0.7559097910767536,1401,0.9997788117577607,0.9307645197749398
甘蓝,price,dew_point,露点温度,14,0.03965159944356891,0.12355151840785392,-0.20250937663582474,0.28181257552296257,0.7482621467491821,1400,0.9997788117577607,0.9307645197749398
甘蓝,price,pressure_msl,海平面气压,0,0.010082898103760812,0.11014469539536041,-0.2058007048711456,0.22596650107866723,0.9270617014308946,1410,0.9997788117577607,0.9975519289209434
甘蓝,price,pressure_msl,海平面气压,1,0.0051393885167280275,0.11235278290014683,-0.21507206596755976,0.2253508430010158,0.9635148411251522,1409,0.9997788117577607,0.9975519289209434
甘蓝,price,pressure_msl,海平面气压,2,-0.0003439956672277259,0.11211618958944876,-0.2200917272625473,0.21940373592809184,0.9975519289209434,1409,0.9997788117577607,0.9975519289209434
甘蓝,price,pressure_msl,海平面气压,3,-0.006437924339063124,0.11068604407238943,-0.2233825707209464,0.21050672204282014,0.9536181307680414,1409,0.9997788117577607,0.9975519289209434
甘蓝,price,pressure_msl,海平面气压,4,-0.01605270766638035,0.10951198020575598,-0.23069618886966206,0.19859077353690138,0.8834603577432897,1408,0.9997788117577607,0.9975519289209434
甘蓝,price,pressure_msl,海平面气压,5,-0.008334240696499027,0.10851475903862885,-0.22102316841221156,0.20435468701921353,0.9387803986024413,1407,0.9997788117577607,0.9975519289209434
甘蓝,price,pressure_msl,海平面气压,6,0.005207230903015137,0.10770040134059655,-0.2058855557245541,0.2163000175305844,0.9614379247725,1406,0.9997788117577607,0.9975519289209434
甘蓝,price,pressure_msl,海平面气压,7,0.0070767705353257425,0.10857381025300496,-0.20572789756056398,0.21988143863121545,0.9480312013302583,1405,0.9997788117577607,0.9975519289209434
甘蓝,price,pressure_msl,海平面气压,8,-0.002895561492037752,0.11147750112758589,-0.2213914637021061,0.21560034071803058,0.9792777553490901,1404,0.9997788117577607,0.9975519289209434
甘蓝,price,pressure_msl,海平面气压,9,-0.01025378539590759,0.11332861189836906,-0.23237786471671096,0.21187029392489576,0.9279071004966484,1404,0.9997788117577607,0.9975519289209434
甘蓝,price,pressure_msl,海平面气压,10,-0.012569345809204773,0.11424808666360735,-0.23649559566987516,0.21135690405146562,0.9123951009491374,1404,0.9997788117577607,0.9975519289209434
甘蓝,price,pressure_msl,海平面气压,11,-0.02971005888527047,0.1130386605925248,-0.2512658336466191,0.19184571587607813,0.7926808770152721,1403,0.9997788117577607,0.9975519289209434
甘蓝,price,pressure_msl,海平面气压,12,-0.03126730106205084,0.11064384384496814,-0.2481292349981884,0.18559463287408673,0.777487978701674,1402,0.9997788117577607,0.9975519289209434
甘蓝,price,pressure_msl,海平面气压,13,-0.01893692941533144,0.10987096244978933,-0.23428401581691854,0.19641015698625564,0.8631575911688002,1401,0.9997788117577607,0.9975519289209434
甘蓝,price,pressure_msl,海平面气压,14,-0.0016575937580905328,0.110341582693332,-0.21792709583702122,0.21461190832084018,0.9880143215947396,1400,0.9997788117577607,0.9975519289209434
甘蓝,price,cloud_cover,云量,0,-0.02977752880498249,0.05977422445043141,-0.14693500872782805,0.08737995111786306,0.6183665434340385,1410,0.9997788117577607,0.9751841256221722
甘蓝,price,cloud_cover,云量,1,0.013636647435997198,0.057944418706675015,-0.09993441322908583,0.12720770810108023,0.8139447449697215,1409,0.9997788117577607,0.9751841256221722
甘蓝,price,cloud_cover,云量,2,0.025808899527034745,0.060400722287116584,-0.09257651615571376,0.14419431520978326,0.6691648009560562,1409,0.9997788117577607,0.9751841256221722
甘蓝,price,cloud_cover,云量,3,-0.0062609369767363185,0.06388906593288957,-0.13148350620519988,0.11896163225172723,0.9219346732876315,1409,0.9997788117577607,0.9751841256221722
甘蓝,price,cloud_cover,云量,4,0.015512205710366348,0.062143553825571685,-0.10628915978775415,0.13731357120848683,0.8028820790853777,1408,0.9997788117577607,0.9751841256221722
甘蓝,price,cloud_cover,云量,5,0.0019399422162408317,0.062363321392098596,-0.12029216771227241,0.12417205214475407,0.9751841256221722,1407,0.9997788117577607,0.9751841256221722
甘蓝,price,cloud_cover,云量,6,-0.004739204539971408,0.0628944204309267,-0.12801226858458775,0.11853385950464493,0.9399348492579499,1406,0.9997788117577607,0.9751841256221722
甘蓝,price,cloud_cover,云量,7,0.00362281346334537,0.05992300735542832,-0.11382628095329414,0.12107190787998487,0.9517910214789742,1405,0.9997788117577607,0.9751841256221722
甘蓝,price,cloud_cover,云量,8,0.037102551190468236,0.057996342058498664,-0.07657027924418915,0.1507753816251256,0.5223419673525806,1404,0.9997788117577607,0.9751841256221722
甘蓝,price,cloud_cover,云量,9,0.046332718974255754,0.06376795447331768,-0.0786524717934469,0.1713179097419584,0.4674813751640925,1404,0.9997788117577607,0.9751841256221722
甘蓝,price,cloud_cover,云量,10,0.004018754720606071,0.06660170386861333,-0.12652058486187606,0.13455809430308818,0.9518847499954272,1404,0.9997788117577607,0.9751841256221722
甘蓝,price,cloud_cover,云量,11,0.008987686541033303,0.06423722092684092,-0.1169172664755749,0.1348926395576415,0.8887279395455959,1403,0.9997788117577607,0.9751841256221722
甘蓝,price,cloud_cover,云量,12,0.008598108133778667,0.06284770108591699,-0.11458338599461863,0.13177960226217597,0.8911820588954742,1402,0.9997788117577607,0.9751841256221722
甘蓝,price,cloud_cover,云量,13,0.01646980504004433,0.06565350978575304,-0.11221107414003162,0.14515068422012029,0.8019227564494262,1401,0.9997788117577607,0.9751841256221722
甘蓝,price,cloud_cover,云量,14,0.030109858827782207,0.05966126388320693,-0.08682621838330337,0.14704593603886779,0.6137834672248859,1400,0.9997788117577607,0.9751841256221722
甘蓝,price,temp_mean,日平均气温,0,0.002950237862054908,0.1448052101858976,-0.2808679741023044,0.2867684498264142,0.9837451539448464,1410,0.9997788117577607,0.9837451539448464
甘蓝,price,temp_mean,日平均气温,1,0.010298894389361872,0.14449641413419034,-0.2729140773136512,0.29351186609237495,0.943179373813679,1409,0.9997788117577607,0.9837451539448464
甘蓝,price,temp_mean,日平均气温,2,0.014458355937690352,0.14284140688430666,-0.2655108015555507,0.2944275134309314,0.9193761054554793,1409,0.9997788117577607,0.9837451539448464
甘蓝,price,temp_mean,日平均气温,3,0.015353971166430898,0.14111190784831334,-0.26122536821626324,0.291933310549125,0.9133555276946596,1409,0.9997788117577607,0.9837451539448464
甘蓝,price,temp_mean,日平均气温,4,0.017984075531286225,0.1393057953754663,-0.25505528340462774,0.2910234344672002,0.8972802410842571,1408,0.9997788117577607,0.9837451539448464
甘蓝,price,temp_mean,日平均气温,5,0.014887093060813957,0.13771173275899484,-0.2550279031468159,0.28480208926844386,0.9139137487428415,1407,0.9997788117577607,0.9837451539448464
甘蓝,price,temp_mean,日平均气温,6,0.008210032234009694,0.13729599329101572,-0.2608901146163811,0.2773101790844005,0.9523164812126501,1406,0.9997788117577607,0.9837451539448464
甘蓝,price,temp_mean,日平均气温,7,0.009792319158832151,0.13687009010369958,-0.258473057444419,0.27805769576208333,0.942964310561367,1405,0.9997788117577607,0.9837451539448464
甘蓝,price,temp_mean,日平均气温,8,0.020743984369029824,0.13715655747300515,-0.24808286827806028,0.2895708370161199,0.8797839441993686,1404,0.9997788117577607,0.9837451539448464
甘蓝,price,temp_mean,日平均气温,9,0.025037233186574456,0.13784178878492143,-0.2451326728318715,0.29520713920502045,0.8558672444994877,1404,0.9997788117577607,0.9837451539448464
甘蓝,price,temp_mean,日平均气温,10,0.02232028933336578,0.13826538833063656,-0.24867987179468187,0.2933204504614134,0.8717541265160307,1404,0.9997788117577607,0.9837451539448464
甘蓝,price,temp_mean,日平均气温,11,0.028180987145631192,0.13672949084214434,-0.23980881490497172,0.2961707891962341,0.8367068626332044,1403,0.9997788117577607,0.9837451539448464
甘蓝,price,temp_mean,日平均气温,12,0.028121855712678157,0.1337740786865197,-0.2340753385129004,0.29031904993825675,0.8334967354750671,1402,0.9997788117577607,0.9837451539448464
甘蓝,price,temp_mean,日平均气温,13,0.024686695681913146,0.13252835306855423,-0.23506887633245313,0.28444226769627945,0.8522292492317953,1401,0.9997788117577607,0.9837451539448464
甘蓝,price,temp_mean,日平均气温,14,0.025753238603206805,0.13162091959973804,-0.23222376381227974,0.2837302410186934,0.8448745730541662,1400,0.9997788117577607,0.9837451539448464
甘蓝,volume,humidity,相对湿度,0,-0.07353557884688543,0.09246063085052211,-0.25475841531390875,0.10768725762013791,0.42642870381715037,1410,0.9997788117577607,0.4264287038171504
甘蓝,volume,humidity,相对湿度,1,-0.09707125760249805,0.0940619413062282,-0.2814326625627053,0.08729014735770924,0.30207543355352007,1409,0.9997788117577607,0.4264287038171504
甘蓝,volume,humidity,相对湿度,2,-0.1005199377623326,0.08987617386327428,-0.27667723853435017,0.07563736300968497,0.2633846764379155,1409,0.9997788117577607,0.4264287038171504
甘蓝,volume,humidity,相对湿度,3,-0.07851798199282074,0.08719783469842944,-0.24942573800174245,0.09238977401610095,0.36787660249154874,1409,0.9997788117577607,0.4264287038171504
甘蓝,volume,humidity,相对湿度,4,-0.07077239763827892,0.08676113606651016,-0.24082422432863884,0.09927942905208101,0.4146629103933098,1408,0.9997788117577607,0.4264287038171504
甘蓝,volume,humidity,相对湿度,5,-0.08061092633609644,0.08886641200895244,-0.25478909387364324,0.09356724120145034,0.3643527042437644,1407,0.9997788117577607,0.4264287038171504
甘蓝,volume,humidity,相对湿度,6,-0.07628146825061374,0.08970001624190244,-0.2520935000847425,0.09953056358351503,0.39509917693646823,1406,0.9997788117577607,0.4264287038171504
甘蓝,volume,humidity,相对湿度,7,-0.09527099676944376,0.09036808088926238,-0.272392435312398,0.0818504417735105,0.2917662072647985,1405,0.9997788117577607,0.4264287038171504
甘蓝,volume,humidity,相对湿度,8,-0.11367090781376087,0.09291810461827722,-0.29579039286558423,0.06844857723806248,0.22119938033533348,1404,0.9997788117577607,0.4264287038171504
甘蓝,volume,humidity,相对湿度,9,-0.10687882314227842,0.09070812941570724,-0.28466675679706466,0.07090911051250778,0.23868830055691836,1404,0.9997788117577607,0.4264287038171504
甘蓝,volume,humidity,相对湿度,10,-0.08730945171499506,0.0874826227501133,-0.2587753923052171,0.08415648887522702,0.318269413577309,1404,0.9997788117577607,0.4264287038171504
甘蓝,volume,humidity,相对湿度,11,-0.07396918715199254,0.08680836595563139,-0.24411358442503006,0.09617521012104498,0.3941600079311882,1403,0.9997788117577607,0.4264287038171504
甘蓝,volume,humidity,相对湿度,12,-0.09773921128473183,0.08854435880644763,-0.2712861545453692,0.07580773197590553,0.2696605592435428,1402,0.9997788117577607,0.4264287038171504
甘蓝,volume,humidity,相对湿度,13,-0.10165017751435387,0.08995106321080171,-0.2779542614075252,0.07465390637881747,0.25845057292003704,1401,0.9997788117577607,0.4264287038171504
甘蓝,volume,humidity,相对湿度,14,-0.09691411960291052,0.09021054994558018,-0.2737267974962477,0.07989855829042664,0.28268364690956505,1400,0.9997788117577607,0.4264287038171504
甘蓝,volume,wind_speed,日最大风速,0,0.2647429590445013,0.06665022921668987,0.13410850977978916,0.3953774083092134,7.123469221145793e-05,1410,0.0035617346105728965,8.21938756286053e-05
甘蓝,volume,wind_speed,日最大风速,1,0.27632058225177586,0.06628986363317306,0.14639244953075667,0.406248714972795,3.067876127605538e-05,1409,0.001795829928354461,4.183467446734824e-05
甘蓝,volume,wind_speed,日最大风速,2,0.2862302912819616,0.06730518212448651,0.15431213431796803,0.41814844824595515,2.1118680796943864e-05,1409,0.0013698603760179805,3.617613824317206e-05
甘蓝,volume,wind_speed,日最大风速,3,0.2675217890978866,0.06720591872413373,0.13579818839858449,0.3992453897971887,6.873332414492694e-05,1409,0.003509786764847333,8.21938756286053e-05
甘蓝,volume,wind_speed,日最大风速,4,0.2683926625724011,0.0678801154950108,0.1353476362021799,0.4014376889426222,7.68805735776993e-05,1408,0.0037655791140097615,8.237204311896354e-05
甘蓝,volume,wind_speed,日最大风速,5,0.2702085809680461,0.06935992487310824,0.13426312821675396,0.4061540337193383,9.789734324612749e-05,1407,0.004518338919052038,9.789734324612749e-05
甘蓝,volume,wind_speed,日最大风速,6,0.2794867510417008,0.06581452630069394,0.15049027949234067,0.4084832225910609,2.1705682945903236e-05,1406,0.0013708852386886254,3.617613824317206e-05
甘蓝,volume,wind_speed,日最大风速,7,0.27203320568546746,0.06296864654173817,0.14861465846366065,0.3954517529072743,1.5593207240873928e-05,1405,0.0010692484965170693,3.617613824317206e-05
甘蓝,volume,wind_speed,日最大风速,8,0.2990408968020144,0.06465562472694832,0.1723158723371957,0.4257659212668331,3.743571784930871e-06,1404,0.00038453913191850356,2.8076788386981533e-05
甘蓝,volume,wind_speed,日最大风速,9,0.2888657594013886,0.06608946121859652,0.1593304154129394,0.41840110338983777,1.2377548072093933e-05,1404,0.0009001853143341042,3.617613824317206e-05
甘蓝,volume,wind_speed,日最大风速,10,0.2888486588389787,0.0667116463740557,0.15809383194582952,0.4196034857321279,1.4923901079354421e-05,1404,0.0010534518408956061,3.617613824317206e-05
甘蓝,volume,wind_speed,日最大风速,11,0.30113201898834835,0.06761375377059554,0.16860906159798109,0.43365497637871564,8.439926733905366e-06,1403,0.0006751941387124293,3.617613824317206e-05
甘蓝,volume,wind_speed,日最大风速,12,0.30323689357241906,0.07261386724748992,0.16091371376733882,0.4455600733774993,2.9665497531816925e-05,1402,0.00178171755610359,4.183467446734824e-05
甘蓝,volume,wind_speed,日最大风速,13,0.29973315233759085,0.0701323286168412,0.1622737882485821,0.4371925164265996,1.9214967471849933e-05,1401,0.001280997831456662,3.617613824317206e-05
甘蓝,volume,wind_speed,日最大风速,14,0.32274137723384244,0.06510792008436393,0.19512985386848913,0.45035290059919575,7.15819587812499e-07,1400,0.0001908852234166664,1.0737293817187484e-05
甘蓝,volume,radiation,短波辐射,0,-0.05530393759116575,0.1071644333810919,-0.26534622701810584,0.15473835183577436,0.6058082020453046,1410,0.9997788117577607,0.9330201348781284
甘蓝,volume,radiation,短波辐射,1,-0.033820230282625555,0.10489183310419438,-0.2394082231668465,0.17176776260159543,0.7471272739072964,1409,0.9997788117577607,0.9330201348781284
甘蓝,volume,radiation,短波辐射,2,-0.016890990162367586,0.10370323593889622,-0.22014933260260416,0.186367352277869,0.8706143828699339,1409,0.9997788117577607,0.9330201348781284
甘蓝,volume,radiation,短波辐射,3,-0.02970860029455185,0.10334138737675559,-0.23225771955299282,0.1728405189638891,0.7737446784005915,1409,0.9997788117577607,0.9330201348781284
甘蓝,volume,radiation,短波辐射,4,-0.041254244778199146,0.10029721863261003,-0.2378367932981148,0.15532830374171652,0.6808379587692777,1408,0.9997788117577607,0.9330201348781284
甘蓝,volume,radiation,短波辐射,5,-0.06411670337074274,0.10014283988202884,-0.26039666953951923,0.13216326279803378,0.5220084576405952,1407,0.9997788117577607,0.9330201348781284
甘蓝,volume,radiation,短波辐射,6,-0.07244499835951704,0.10274639500102312,-0.2738279325615224,0.12893793584248828,0.48075699887832357,1406,0.9997788117577607,0.9330201348781284
甘蓝,volume,radiation,短波辐射,7,-0.03611101857807737,0.10227329005579232,-0.2365666670874303,0.16434462993127558,0.7240257883528997,1405,0.9997788117577607,0.9330201348781284
甘蓝,volume,radiation,短波辐射,8,-0.017675592154117015,0.10045623134564355,-0.21456980559157837,0.17921862128334434,0.8603307348264537,1404,0.9997788117577607,0.9330201348781284
甘蓝,volume,radiation,短波辐射,9,-0.010533150169385365,0.09986461745826326,-0.20626780038758136,0.18520150004881064,0.9159994654412255,1404,0.9997788117577607,0.9330201348781284
甘蓝,volume,radiation,短波辐射,10,-0.008391112336959522,0.09983993353736627,-0.2040773820701974,0.18729515739627836,0.9330201348781284,1404,0.9997788117577607,0.9330201348781284
甘蓝,volume,radiation,短波辐射,11,-0.040023046127799056,0.09566203102630115,-0.2275206269393493,0.14747453468375119,0.675669569913375,1403,0.9997788117577607,0.9330201348781284
甘蓝,volume,radiation,短波辐射,12,-0.03523347722897653,0.09840550617264339,-0.22810826932735756,0.15764131486940453,0.720310567208899,1402,0.9997788117577607,0.9330201348781284
甘蓝,volume,radiation,短波辐射,13,-0.038662180899136256,0.10125171698208144,-0.23711554618401587,0.15979118438574336,0.7025783965457413,1401,0.9997788117577607,0.9330201348781284
甘蓝,volume,radiation,短波辐射,14,-0.03415309901621326,0.1009367968735357,-0.23198922088834323,0.16368302285591668,0.735090984817875,1400,0.9997788117577607,0.9330201348781284
甘蓝,volume,et0,参考蒸散ET0,0,-0.01079269287373881,0.11773109838560952,-0.24154564570953346,0.21996025996205587,0.9269583230629806,1410,0.9997788117577607,0.9926142645337108
甘蓝,volume,et0,参考蒸散ET0,1,0.007918797166446223,0.11771682836903748,-0.22280618643686723,0.23864378076975967,0.9463668531570649,1409,0.9997788117577607,0.9926142645337108
甘蓝,volume,et0,参考蒸散ET0,2,0.013597798104949876,0.11809970087127447,-0.21787761560274807,0.24507321181264782,0.9083355073367015,1409,0.9997788117577607,0.9926142645337108
甘蓝,volume,et0,参考蒸散ET0,3,-0.010233422271525426,0.11833496886531299,-0.2421699612475389,0.22170311670448803,0.9310861025293009,1409,0.9997788117577607,0.9926142645337108
甘蓝,volume,et0,参考蒸散ET0,4,-0.017662909533196075,0.11494367110265448,-0.24295250489439885,0.2076266858280067,0.877873263345798,1408,0.9997788117577607,0.9926142645337108
甘蓝,volume,et0,参考蒸散ET0,5,-0.033060321355485714,0.11178359286382257,-0.25215616336857793,0.18603552065760653,0.7674187977350484,1407,0.9997788117577607,0.9926142645337108
甘蓝,volume,et0,参考蒸散ET0,6,-0.026139762130250016,0.11336586127271485,-0.24833685022477112,0.19605732596427108,0.8176420535362287,1406,0.9997788117577607,0.9926142645337108
甘蓝,volume,et0,参考蒸散ET0,7,0.0010497797220786198,0.11340658955162874,-0.2212271357991137,0.22332669524327095,0.9926142645337108,1405,0.9997788117577607,0.9926142645337108
甘蓝,volume,et0,参考蒸散ET0,8,0.019354859357745578,0.1133788698971385,-0.20286772564064587,0.24157744435613704,0.8644521289855488,1404,0.9997788117577607,0.9926142645337108
甘蓝,volume,et0,参考蒸散ET0,9,0.02423611637643191,0.11484052327526066,-0.20085130924307898,0.2493235419959428,0.8328548876701538,1404,0.9997788117577607,0.9926142645337108
甘蓝,volume,et0,参考蒸散ET0,10,0.004410882053228496,0.11584900107509609,-0.22265316005395985,0.23147492416041682,0.9696283565192423,1404,0.9997788117577607,0.9926142645337108
甘蓝,volume,et0,参考蒸散ET0,11,-0.012434282285290602,0.11054769995210124,-0.22910777419140904,0.2042392096208278,0.9104437089889841,1403,0.9997788117577607,0.9926142645337108
甘蓝,volume,et0,参考蒸散ET0,12,-0.007180649754653705,0.10911203622309087,-0.2210402407519118,0.20667894124260439,0.9475291920540911,1402,0.9997788117577607,0.9926142645337108
甘蓝,volume,et0,参考蒸散ET0,13,-0.002928896854462057,0.11096027654188936,-0.2204110388765652,0.21455324516764107,0.9789415608094281,1401,0.9997788117577607,0.9926142645337108
甘蓝,volume,et0,参考蒸散ET0,14,0.007124010444762546,0.11019715729041465,-0.20886241784445017,0.22311043873397526,0.9484543772662708,1400,0.9997788117577607,0.9926142645337108
甘蓝,volume,dew_point,露点温度,0,-0.08328896627810795,0.11392959824866487,-0.3065909788454911,0.1400130462892752,0.4647446808422325,1410,0.9997788117577607,0.4647446808422325
甘蓝,volume,dew_point,露点温度,1,-0.09169520372297951,0.11290877123988842,-0.3129963953531608,0.1296059879072018,0.416724137790248,1409,0.9997788117577607,0.4464901476324085
甘蓝,volume,dew_point,露点温度,2,-0.0995973939192182,0.11286977181115357,-0.3208221466690792,0.12162735883064281,0.37755523252473455,1409,0.9997788117577607,0.4453758385421845
甘蓝,volume,dew_point,露点温度,3,-0.10280852596125949,0.11308238828930142,-0.32445000700829024,0.11883295508577128,0.36327248065020157,1409,0.9997788117577607,0.4453758385421845
甘蓝,volume,dew_point,露点温度,4,-0.09638207843941884,0.11117912520568883,-0.31429316384256895,0.12152900696373126,0.38599239340322655,1408,0.9997788117577607,0.4453758385421845
甘蓝,volume,dew_point,露点温度,5,-0.10205880030021092,0.11188505826293337,-0.3213535144955603,0.11723591389513849,0.3616763796854371,1407,0.9997788117577607,0.4453758385421845
甘蓝,volume,dew_point,露点温度,6,-0.09662607803820916,0.11118072880404152,-0.31454030649413056,0.12128815041771221,0.38479781519338074,1406,0.9997788117577607,0.4453758385421845
甘蓝,volume,dew_point,露点温度,7,-0.09778674363424139,0.11011286056229541,-0.31360795033634037,0.11803446306785761,0.37450888453724673,1405,0.9997788117577607,0.4453758385421845
甘蓝,volume,dew_point,露点温度,8,-0.1008924867858646,0.11013303711168852,-0.3167532395247741,0.1149682659530449,0.35961629788116933,1404,0.9997788117577607,0.4453758385421845
甘蓝,volume,dew_point,露点温度,9,-0.10347551381329846,0.10998566808523152,-0.31904742326035224,0.11209639563375533,0.34680271339119395,1404,0.9997788117577607,0.4453758385421845
甘蓝,volume,dew_point,露点温度,10,-0.10324304960685701,0.10903439458671105,-0.3169504629968106,0.11046436378309663,0.34369730328121395,1404,0.9997788117577607,0.4453758385421845
甘蓝,volume,dew_point,露点温度,11,-0.09537959784684304,0.10826529085588878,-0.307579567924385,0.11682037223069895,0.3783284355914357,1403,0.9997788117577607,0.4453758385421845
甘蓝,volume,dew_point,露点温度,12,-0.10344840838737718,0.10842373665989721,-0.3159589322407757,0.10906211546602135,0.34002685839181757,1402,0.9997788117577607,0.4453758385421845
甘蓝,volume,dew_point,露点温度,13,-0.10317671447281995,0.10768738023918381,-0.3142439797416202,0.10789055079598031,0.3380056144849932,1401,0.9997788117577607,0.4453758385421845
甘蓝,volume,dew_point,露点温度,14,-0.09531751604586922,0.10554807977483234,-0.3021917524045406,0.11155672031280217,0.3664876806361227,1400,0.9997788117577607,0.4453758385421845
甘蓝,volume,pressure_msl,海平面气压,0,0.05621163290754522,0.10855602697007906,-0.15655817995380975,0.26898144576890015,0.6045893198348303,1410,0.9997788117577607,0.6195718711458252
甘蓝,volume,pressure_msl,海平面气压,1,0.06719657008555274,0.10878421015318017,-0.1460204818146804,0.2804136219857859,0.5367696969653659,1409,0.9997788117577607,0.6195718711458252
甘蓝,volume,pressure_msl,海平面气压,2,0.06996528193146598,0.10824268281335825,-0.1421903763827162,0.28212094024564816,0.5180370184082534,1409,0.9997788117577607,0.6195718711458252
甘蓝,volume,pressure_msl,海平面气压,3,0.07024732508131154,0.10904305884636871,-0.14347707025757112,0.2839717204201942,0.5194351279531657,1409,0.9997788117577607,0.6195718711458252
甘蓝,volume,pressure_msl,海平面气压,4,0.07543427745552986,0.10932965752898541,-0.13885185130128153,0.28972040621234124,0.49021251475678895,1408,0.9997788117577607,0.6195718711458252
甘蓝,volume,pressure_msl,海平面气压,5,0.082511170830921,0.11082868621347051,-0.13471305414748122,0.2997353958093232,0.45657833046617446,1407,0.9997788117577607,0.6195718711458252
甘蓝,volume,pressure_msl,海平面气压,6,0.06424660534908384,0.11070543229391805,-0.15273604194699553,0.28122925264516324,0.561686486138339,1406,0.9997788117577607,0.6195718711458252
甘蓝,volume,pressure_msl,海平面气压,7,0.07031525442692244,0.11007416030576649,-0.14543009977237986,0.28606060862622473,0.522953752711355,1405,0.9997788117577607,0.6195718711458252
甘蓝,volume,pressure_msl,海平面气压,8,0.08367712415988689,0.10882370567583492,-0.12961733896474958,0.29697158728452333,0.4419386193705832,1404,0.9997788117577607,0.6195718711458252
甘蓝,volume,pressure_msl,海平面气压,9,0.08518931394920776,0.10747475406379077,-0.12546120401582214,0.2958398319142377,0.42798475057648067,1404,0.9997788117577607,0.6195718711458252
甘蓝,volume,pressure_msl,海平面气压,10,0.07433609794573012,0.10826216686383382,-0.13785774910738416,0.28652994499884443,0.49231564894039515,1404,0.9997788117577607,0.6195718711458252
甘蓝,volume,pressure_msl,海平面气压,11,0.06326967517251002,0.11013151037704431,-0.15258808516649686,0.27912743551151686,0.5656348910202041,1403,0.9997788117577607,0.6195718711458252
甘蓝,volume,pressure_msl,海平面气压,12,0.0707571427621338,0.1117868624723484,-0.14834510768366907,0.28985939320793663,0.5267566665313952,1402,0.9997788117577607,0.6195718711458252
甘蓝,volume,pressure_msl,海平面气压,13,0.0635178903290758,0.11248036204582698,-0.15694361928074507,0.2839793999388967,0.572276443893714,1401,0.9997788117577607,0.6195718711458252
甘蓝,volume,pressure_msl,海平面气压,14,0.05482496793139794,0.1104324139189354,-0.16162256334971542,0.2712724992125113,0.6195718711458253,1400,0.9997788117577607,0.6195718711458252
甘蓝,volume,cloud_cover,云量,0,0.031625658795156164,0.056206802876963044,-0.0785396748436914,0.14179099243400373,0.5736623180829921,1410,0.9997788117577607,0.8566943355562928
甘蓝,volume,cloud_cover,云量,1,-0.011864772061179623,0.05664448393035851,-0.1228879605646823,0.09915841644232305,0.8340889037973256,1409,0.9997788117577607,0.8566943355562928
甘蓝,volume,cloud_cover,云量,2,-0.05021341646794519,0.05645802661857716,-0.16087114864035643,0.06044431570446604,0.3737914984017714,1409,0.9997788117577607,0.8566943355562928
甘蓝,volume,cloud_cover,云量,3,-0.045100637529699214,0.0565447533633307,-0.15592835412182737,0.06572707906242896,0.42509708428700066,1409,0.9997788117577607,0.8566943355562928
甘蓝,volume,cloud_cover,云量,4,-0.017891620353765104,0.056111607412937144,-0.1278703708831219,0.0920871301755917,0.7498343911001264,1408,0.9997788117577607,0.8566943355562928
甘蓝,volume,cloud_cover,云量,5,0.015450766992406259,0.05891066654806852,-0.10001413944180804,0.13091567342662055,0.7931098020877467,1407,0.9997788117577607,0.8566943355562928
甘蓝,volume,cloud_cover,云量,6,0.026345250870776084,0.059149962155832396,-0.08958867495465542,0.14227917669620757,0.656032450150334,1406,0.9997788117577607,0.8566943355562928
甘蓝,volume,cloud_cover,云量,7,0.010176950707873958,0.0563558593386786,-0.1002805335959361,0.12063443501168401,0.8566943355562928,1405,0.9997788117577607,0.8566943355562928
甘蓝,volume,cloud_cover,云量,8,-0.03386363732617734,0.055446979736629154,-0.14253971760997047,0.0748124429576158,0.541372330464511,1404,0.9997788117577607,0.8566943355562928
甘蓝,volume,cloud_cover,云量,9,-0.0664996251531186,0.05379209473643455,-0.1719321308365303,0.03893288053029312,0.21637153577407753,1404,0.9997788117577607,0.8566943355562928
甘蓝,volume,cloud_cover,云量,10,-0.08656942020751787,0.05468801037892653,-0.19375792055021387,0.02061908013517813,0.11342855065558724,1404,0.9997788117577607,0.8566943355562928
甘蓝,volume,cloud_cover,云量,11,-0.015409222645731972,0.05641971117913959,-0.12599185655684556,0.09517341126538162,0.7847627289822432,1403,0.9997788117577607,0.8566943355562928
甘蓝,volume,cloud_cover,云量,12,-0.010701603835124342,0.05514201930128351,-0.11877996166564003,0.09737675399539134,0.8461183430897932,1402,0.9997788117577607,0.8566943355562928
甘蓝,volume,cloud_cover,云量,13,-0.01852708139341779,0.05887560221507203,-0.13392326173495897,0.09686909894812339,0.7530032524630711,1401,0.9997788117577607,0.8566943355562928
甘蓝,volume,cloud_cover,云量,14,-0.016934333425915108,0.05671118057545135,-0.12808824735379976,0.09421958050196955,0.7652402207808485,1400,0.9997788117577607,0.8566943355562928
甘蓝,volume,temp_mean,日平均气温,0,-0.068479706263127,0.1222626553803512,-0.30811451080861535,0.17115509828236136,0.5754090381518335,1410,0.9997788117577607,0.5754090381518335
甘蓝,volume,temp_mean,日平均气温,1,-0.06998318238745388,0.12095266390118578,-0.307050403633778,0.16708403885887024,0.5628592662564713,1409,0.9997788117577607,0.5754090381518335
甘蓝,volume,temp_mean,日平均气温,2,-0.07945255271717264,0.12173521938390525,-0.3180535827096269,0.15914847727528164,0.5139710222980627,1409,0.9997788117577607,0.5754090381518335
甘蓝,volume,temp_mean,日平均气温,3,-0.09180828614342806,0.12198861037433177,-0.33090596247711834,0.14728939019026221,0.4516920029714281,1409,0.9997788117577607,0.5754090381518335
甘蓝,volume,temp_mean,日平均气温,4,-0.08890237388375381,0.11963543627996205,-0.3233878289924794,0.14558308122497182,0.4574146565645245,1408,0.9997788117577607,0.5754090381518335
甘蓝,volume,temp_mean,日平均气温,5,-0.09065881715598001,0.11836091550310349,-0.32264621154206286,0.1413285772301028,0.4437046763718181,1407,0.9997788117577607,0.5754090381518335
甘蓝,volume,temp_mean,日平均气温,6,-0.08317906674368611,0.11746891150570263,-0.31341813329486323,0.14705999980749104,0.47888669866606914,1406,0.9997788117577607,0.5754090381518335
甘蓝,volume,temp_mean,日平均气温,7,-0.07754334523253259,0.11618334680444647,-0.3052627049692477,0.1501760145041825,0.5045024877775385,1405,0.9997788117577607,0.5754090381518335
甘蓝,volume,temp_mean,日平均气温,8,-0.07334362553538892,0.11575711473210326,-0.30022757041031134,0.15354031933953347,0.5263423652726531,1404,0.9997788117577607,0.5754090381518335
甘蓝,volume,temp_mean,日平均气温,9,-0.07803523171315516,0.11651141345756921,-0.3063976020899908,0.1503271386636805,0.5030078006292662,1404,0.9997788117577607,0.5754090381518335
甘蓝,volume,temp_mean,日平均气温,10,-0.08694886739269361,0.11613981099614573,-0.31458289694513925,0.14068516215975202,0.4540640454726834,1404,0.9997788117577607,0.5754090381518335
甘蓝,volume,temp_mean,日平均气温,11,-0.08382306992292576,0.11438540975695063,-0.308018473046549,0.14037233320069747,0.4636727331790754,1403,0.9997788117577607,0.5754090381518335
甘蓝,volume,temp_mean,日平均气温,12,-0.08431284193300756,0.11321598730511707,-0.306216177051037,0.1375904931850219,0.45644831282258136,1402,0.9997788117577607,0.5754090381518335
甘蓝,volume,temp_mean,日平均气温,13,-0.0808672271256972,0.1121581763938918,-0.30069725285772514,0.1389627986063307,0.470903031039145,1401,0.9997788117577607,0.5754090381518335
甘蓝,volume,temp_mean,日平均气温,14,-0.07377359211497506,0.11030798118866841,-0.28997723524476515,0.14243005101481504,0.503625297532144,1400,0.9997788117577607,0.5754090381518335
芸豆,price,humidity,相对湿度,0,0.018579039156296124,0.07780005174403742,-0.1339090622620172,0.17106714057460948,0.811256814885408,1410,0.9997788117577607,0.9994865104438814
芸豆,price,humidity,相对湿度,1,0.011276722305570419,0.07995440833398292,-0.1454339180290361,0.16798736264017694,0.8878388115206637,1409,0.9997788117577607,0.9994865104438814
芸豆,price,humidity,相对湿度,2,5.022566416415172e-05,0.0780430268714109,-0.1529141070038012,0.1530145583321295,0.9994865104438814,1409,0.9997788117577607,0.9994865104438814
芸豆,price,humidity,相对湿度,3,0.020535000713509638,0.07708823556869546,-0.13055794100113347,0.17162794242815274,0.7899442038953901,1409,0.9997788117577607,0.9994865104438814
芸豆,price,humidity,相对湿度,4,0.020095553443140284,0.07657682159999656,-0.12999501689285295,0.17018612377913353,0.7929949982511959,1408,0.9997788117577607,0.9994865104438814
芸豆,price,humidity,相对湿度,5,-0.0006333582091846597,0.07370830702846617,-0.14510163998497838,0.14383492356660904,0.993144049317605,1407,0.9997788117577607,0.9994865104438814
芸豆,price,humidity,相对湿度,6,-0.0064203279877634405,0.07313315068938334,-0.14976130333895477,0.1369206473634279,0.9300439262136753,1406,0.9997788117577607,0.9994865104438814
芸豆,price,humidity,相对湿度,7,0.003825398996261248,0.07483659739150653,-0.14285433189109153,0.15050512988361403,0.959232538313605,1405,0.9997788117577607,0.9994865104438814
芸豆,price,humidity,相对湿度,8,-0.0011854794109231806,0.07556503262182668,-0.14929294334970347,0.14692198452785712,0.9874831401777475,1404,0.9997788117577607,0.9994865104438814
芸豆,price,humidity,相对湿度,9,-0.006186162643593486,0.07527406197577226,-0.1537233241161071,0.14135099882892013,0.9345020959370016,1404,0.9997788117577607,0.9994865104438814
芸豆,price,humidity,相对湿度,10,0.007632099834833796,0.07664253621805638,-0.1425872711525567,0.15785147082222428,0.9206773988446664,1404,0.9997788117577607,0.9994865104438814
芸豆,price,humidity,相对湿度,11,0.013741144751713142,0.07711034441524177,-0.13739513030216072,0.164877419805587,0.8585650809551119,1403,0.9997788117577607,0.9994865104438814
芸豆,price,humidity,相对湿度,12,0.0008185599319138794,0.0757415225877367,-0.14763482434005004,0.1492719442038778,0.9913772050525494,1402,0.9997788117577607,0.9994865104438814
芸豆,price,humidity,相对湿度,13,-0.012176531854798441,0.07569902529203468,-0.1605466214271864,0.1361935577175895,0.8722079681614049,1401,0.9997788117577607,0.9994865104438814
芸豆,price,humidity,相对湿度,14,-0.004500512759262117,0.07585623113188021,-0.15317872577774733,0.1441777002592231,0.9526896597006745,1400,0.9997788117577607,0.9994865104438814
芸豆,price,wind_speed,日最大风速,0,0.11896372951714657,0.0672116063166546,-0.012771018863496436,0.25069847789778954,0.07672915744104286,1410,0.9997788117577607,0.15540344409618834
芸豆,price,wind_speed,日最大风速,1,0.1256373026686173,0.07376832492094974,-0.018948614176444195,0.2702232195136788,0.08854309495042509,1409,0.9997788117577607,0.15540344409618834
芸豆,price,wind_speed,日最大风速,2,0.14326517409947687,0.07120351463043244,0.003706285423829281,0.28282406277512445,0.04421445564894587,1409,0.9414022362884967,0.15540344409618834
芸豆,price,wind_speed,日最大风速,3,0.12893620505432005,0.06523732456565584,0.001071048905634614,0.25680136120300545,0.04810748488785488,1409,0.9997788117577607,0.15540344409618834
芸豆,price,wind_speed,日最大风速,4,0.11172815432340051,0.06212104238193452,-0.01002908874519115,0.23348539739199217,0.07208899165584441,1408,0.9997788117577607,0.15540344409618834
芸豆,price,wind_speed,日最大风速,5,0.09797508983124445,0.060194753630370364,-0.02000662728428146,0.21595680694677036,0.10360229606412556,1407,0.9997788117577607,0.15540344409618834
芸豆,price,wind_speed,日最大风速,6,0.0966373990050576,0.059005293504028535,-0.01901297626283832,0.21228777427295353,0.1014686228396006,1406,0.9997788117577607,0.15540344409618834
芸豆,price,wind_speed,日最大风速,7,0.0764576662141806,0.0633119122002539,-0.04763368169831704,0.20054901412667825,0.2271877807001167,1405,0.9997788117577607,0.25199951978794555
芸豆,price,wind_speed,日最大风速,8,0.07551500193001223,0.06361455343389855,-0.04916952280042891,0.20019952666045338,0.23519955180208252,1404,0.9997788117577607,0.25199951978794555
芸豆,price,wind_speed,日最大风速,9,0.10221960973657075,0.05982050704113441,-0.015028584064052691,0.2194678035371942,0.08749318415017333,1404,0.9997788117577607,0.15540344409618834
芸豆,price,wind_speed,日最大风速,10,0.10325100485893975,0.05840654378291996,-0.011225820955583374,0.21772783067346285,0.07709458327455371,1404,0.9997788117577607,0.15540344409618834
芸豆,price,wind_speed,日最大风速,11,0.08851254387155261,0.0543477607711643,-0.018009067239929427,0.19503415498303464,0.10339078387280386,1403,0.9997788117577607,0.15540344409618834
芸豆,price,wind_speed,日最大风速,12,0.0741246589304864,0.0590355027579918,-0.04158492647517752,0.18983424433615032,0.20926298738440519,1402,0.9997788117577607,0.25199951978794555
芸豆,price,wind_speed,日最大风速,13,0.06861543278402167,0.06171066067712243,-0.05233746214313828,0.18956832771118162,0.26618568376118845,1401,0.9997788117577607,0.26618568376118845
芸豆,price,wind_speed,日最大风速,14,0.07414584502395011,0.0605562596589302,-0.04454442390755309,0.1928361139554533,0.22079663288046136,1400,0.9997788117577607,0.25199951978794555
芸豆,price,radiation,短波辐射,0,0.012991045363116217,0.07298383838693205,-0.1300572778752706,0.15603936860150303,0.8587238136594153,1410,0.9997788117577607,0.9789038751693834
芸豆,price,radiation,短波辐射,1,0.021697300611585355,0.07391241055720082,-0.12317102408052825,0.16656562530369895,0.7690985562585372,1409,0.9997788117577607,0.9789038751693834
芸豆,price,radiation,短波辐射,2,0.015879315744851307,0.07453274004267867,-0.1302048547387989,0.16196348622850149,0.831286754977748,1409,0.9997788117577607,0.9789038751693834
芸豆,price,radiation,短波辐射,3,0.008036997380344014,0.07298486587153842,-0.13501333972787127,0.15108733448855932,0.9123152505954375,1409,0.9997788117577607,0.9789038751693834
芸豆,price,radiation,短波辐射,4,0.0065169593943209935,0.07188480744681561,-0.1343772632014376,0.14741118199007958,0.9277640511311991,1408,0.9997788117577607,0.9789038751693834
芸豆,price,radiation,短波辐射,5,0.01702003712222585,0.07345363116453549,-0.1269490799602637,0.1609891542047154,0.8167622461062277,1407,0.9997788117577607,0.9789038751693834
芸豆,price,radiation,短波辐射,6,0.008001809260352866,0.0749488131867742,-0.13889786458572453,0.1549014831064303,0.914976481450031,1406,0.9997788117577607,0.9789038751693834
芸豆,price,radiation,短波辐射,7,-0.001893196171402167,0.07159494866991224,-0.14221929556443014,0.13843290322162582,0.9789038751693834,1405,0.9997788117577607,0.9789038751693834
芸豆,price,radiation,短波辐射,8,-0.0030960812738459686,0.07060024859460716,-0.141472568519276,0.13528040597158406,0.96502103138843,1404,0.9997788117577607,0.9789038751693834
芸豆,price,radiation,短波辐射,9,-0.014603276249791132,0.07122477687438024,-0.1542038389235764,0.12499728642399413,0.8375480254067179,1404,0.9997788117577607,0.9789038751693834
芸豆,price,radiation,短波辐射,10,-0.014192553786921618,0.0704702074758397,-0.15231416043956741,0.12392905286572418,0.8403874350640853,1404,0.9997788117577607,0.9789038751693834
芸豆,price,radiation,短波辐射,11,-0.012054016935988145,0.06798254974125868,-0.14529981442885517,0.12119178055687888,0.8592645377453669,1403,0.9997788117577607,0.9789038751693834
芸豆,price,radiation,短波辐射,12,0.0021687453475666037,0.07098866992981175,-0.1369690477148644,0.14130653840999763,0.9756279517213282,1402,0.9997788117577607,0.9789038751693834
芸豆,price,radiation,短波辐射,13,-0.007347032142913898,0.07310373102153768,-0.15063034494512775,0.13593628065929994,0.9199462189759577,1401,0.9997788117577607,0.9789038751693834
芸豆,price,radiation,短波辐射,14,-0.009524891676588106,0.06994904851838911,-0.14662502677263076,0.12757524341945456,0.8916876848007301,1400,0.9997788117577607,0.9789038751693834
芸豆,price,et0,参考蒸散ET0,0,-0.008812773737054686,0.07695415913853694,-0.1596429256485871,0.1420173781744777,0.9088257636430153,1410,0.9997788117577607,0.9965903730537116
芸豆,price,et0,参考蒸散ET0,1,-0.0026342968090854414,0.07775876988939096,-0.1550414857922917,0.14977289217412082,0.9729745883204851,1409,0.9997788117577607,0.9965903730537116
芸豆,price,et0,参考蒸散ET0,2,0.002036151163934131,0.07849752153847385,-0.15181899105147462,0.15589129337934288,0.9793059528367299,1409,0.9997788117577607,0.9965903730537116
芸豆,price,et0,参考蒸散ET0,3,-0.00033529735140516107,0.07846247402888544,-0.15412174644802062,0.1534511517452103,0.9965903730537116,1409,0.9997788117577607,0.9965903730537116
芸豆,price,et0,参考蒸散ET0,4,-0.0023413573593113572,0.07806497244782756,-0.15534870335705336,0.15066598863843067,0.9760730992504313,1408,0.9997788117577607,0.9965903730537116
芸豆,price,et0,参考蒸散ET0,5,-0.001093254833155327,0.07799098150189458,-0.15395557857686873,0.15176906891055805,0.988815853199086,1407,0.9997788117577607,0.9965903730537116
芸豆,price,et0,参考蒸散ET0,6,-0.017221074754922638,0.07849124280139483,-0.1710639106456565,0.13662176113581123,0.8263375165330137,1406,0.9997788117577607,0.9965903730537116
芸豆,price,et0,参考蒸散ET0,7,-0.029153298850643678,0.07847397209560718,-0.18296228415803376,0.12465568645674639,0.7102630851684769,1405,0.9997788117577607,0.9965903730537116
芸豆,price,et0,参考蒸散ET0,8,-0.03095699521675,0.07927525246517789,-0.18633649004849864,0.12442249961499866,0.6961667701686076,1404,0.9997788117577607,0.9965903730537116
芸豆,price,et0,参考蒸散ET0,9,-0.022813157585428345,0.0799866159364052,-0.17958692482078253,0.13396060964992584,0.7754815848198944,1404,0.9997788117577607,0.9965903730537116
芸豆,price,et0,参考蒸散ET0,10,-0.013907594996380085,0.08068771467325683,-0.17205551575596348,0.1442403257632033,0.8631519789454195,1404,0.9997788117577607,0.9965903730537116
芸豆,price,et0,参考蒸散ET0,11,-0.007150903438917489,0.07863063925070976,-0.16126695637030863,0.14696514949247363,0.9275379108349309,1403,0.9997788117577607,0.9965903730537116
芸豆,price,et0,参考蒸散ET0,12,-0.0036365260030839577,0.078967736753953,-0.15841329004083182,0.15114023803466392,0.9632697749046816,1402,0.9997788117577607,0.9965903730537116
芸豆,price,et0,参考蒸散ET0,13,-0.016801344314462955,0.07958343707170475,-0.17278488097500425,0.13918219234607834,0.8327966827140334,1401,0.9997788117577607,0.9965903730537116
芸豆,price,et0,参考蒸散ET0,14,-0.01949623029290968,0.07996549780648458,-0.17622860599361945,0.1372361454078001,0.8073795028243136,1400,0.9997788117577607,0.9965903730537116
芸豆,price,dew_point,露点温度,0,-0.006380032787960704,0.08710020211528273,-0.17709642893391486,0.16433636335799345,0.9416076998795798,1410,0.9997788117577607,0.9873306582707332
芸豆,price,dew_point,露点温度,1,-0.005613994298192825,0.0891314276553772,-0.18031159250273213,0.1690836039063465,0.9497779903090691,1409,0.9997788117577607,0.9873306582707332
芸豆,price,dew_point,露点温度,2,-0.0038084996483858935,0.08942865695980087,-0.1790886672895956,0.17147166799282382,0.9660307457998157,1409,0.9997788117577607,0.9873306582707332
芸豆,price,dew_point,露点温度,3,0.006724333793788159,0.08937166926041311,-0.16844413795662155,0.18189280554419784,0.940023675464314,1409,0.9997788117577607,0.9873306582707332
芸豆,price,dew_point,露点温度,4,0.008735671972590286,0.08941243289339436,-0.16651269649846265,0.18398404044364322,0.9221698292322932,1408,0.9997788117577607,0.9873306582707332
芸豆,price,dew_point,露点温度,5,0.001405100967869756,0.08848614862506998,-0.17202775033726742,0.1748379522730069,0.9873306582707331,1407,0.9997788117577607,0.9873306582707332
芸豆,price,dew_point,露点温度,6,-0.007045705719854405,0.0882029920012092,-0.17992357004222442,0.1658321586025156,0.9363322393382634,1406,0.9997788117577607,0.9873306582707332
芸豆,price,dew_point,露点温度,7,-0.005722424563567075,0.08993087250478951,-0.18198693467295451,0.17054208554582034,0.9492637532251689,1405,0.9997788117577607,0.9873306582707332
芸豆,price,dew_point,露点温度,8,-0.0039437720306093535,0.0925343618571786,-0.18531112127067942,0.1774235772094607,0.9660048181637609,1404,0.9997788117577607,0.9873306582707332
芸豆,price,dew_point,露点温度,9,0.0023568860856919335,0.09405291416939521,-0.18198682568632268,0.18670059785770654,0.9800077835053241,1404,0.9997788117577607,0.9873306582707332
芸豆,price,dew_point,露点温度,10,0.013897545689465888,0.09505384031008463,-0.17240798131829999,0.20020307269723175,0.8837579061697155,1404,0.9997788117577607,0.9873306582707332
芸豆,price,dew_point,露点温度,11,0.023503374344346867,0.09589439419031161,-0.16444963826866388,0.21145638695735763,0.8063817616669136,1403,0.9997788117577607,0.9873306582707332
芸豆,price,dew_point,露点温度,12,0.019191132974016215,0.09454274309344846,-0.16611264348914273,0.2044949094371752,0.8391436622355656,1402,0.9997788117577607,0.9873306582707332
芸豆,price,dew_point,露点温度,13,0.010544107886338246,0.09362739418016167,-0.1729655847067786,0.1940538004794551,0.9103336001252119,1401,0.9997788117577607,0.9873306582707332
芸豆,price,dew_point,露点温度,14,0.01407582157962357,0.09511743104005317,-0.17235434325888066,0.20050598641812778,0.8823556968354006,1400,0.9997788117577607,0.9873306582707332
芸豆,price,pressure_msl,海平面气压,0,0.011569732550562161,0.08003925271385914,-0.14530720276860176,0.16844666786972606,0.8850655988956353,1410,0.9997788117577607,0.9924855496792074
芸豆,price,pressure_msl,海平面气压,1,0.008333623536615539,0.08086940114483142,-0.15017040270725404,0.16683764978048513,0.917922976303332,1409,0.9997788117577607,0.9924855496792074
芸豆,price,pressure_msl,海平面气压,2,0.007086441005909813,0.07954594822268286,-0.14882361751054862,0.16299649952236822,0.9290134570080184,1409,0.9997788117577607,0.9924855496792074
芸豆,price,pressure_msl,海平面气压,3,-0.003951624003734871,0.07926244367877125,-0.1593060136141265,0.15140276560665678,0.9602379890115905,1409,0.9997788117577607,0.9924855496792074
芸豆,price,pressure_msl,海平面气压,4,-0.005794323898611857,0.07907586602493623,-0.16078302130748687,0.14919437351026313,0.9415868846517637,1408,0.9997788117577607,0.9924855496792074
芸豆,price,pressure_msl,海平面气压,5,0.006442465610442339,0.07792716495333749,-0.14629477769809912,0.1591797089189838,0.9341116246219907,1407,0.9997788117577607,0.9924855496792074
芸豆,price,pressure_msl,海平面气压,6,0.022515951946145467,0.07806398491432591,-0.1304894584859333,0.17552136237822424,0.7730180301074452,1406,0.9997788117577607,0.9924855496792074
芸豆,price,pressure_msl,海平面气压,7,0.02660918986273731,0.08218751160680095,-0.13447833288659256,0.18769671261206716,0.7461182576030901,1405,0.9997788117577607,0.9924855496792074
芸豆,price,pressure_msl,海平面气压,8,0.029568451955017942,0.08498948141016358,-0.13701093160890265,0.19614783551893855,0.7279098827334027,1404,0.9997788117577607,0.9924855496792074
芸豆,price,pressure_msl,海平面气压,9,0.014987989300850596,0.08424780039777395,-0.15013769947878633,0.18011367808048753,0.8587986619494862,1404,0.9997788117577607,0.9924855496792074
芸豆,price,pressure_msl,海平面气压,10,0.0007923356041001257,0.08412897452722319,-0.1641004544692573,0.16568512567745758,0.9924855496792074,1404,0.9997788117577607,0.9924855496792074
芸豆,price,pressure_msl,海平面气压,11,-0.012614139610457941,0.08386717410979896,-0.1769938008656639,0.15176552164474805,0.8804441815553894,1403,0.9997788117577607,0.9924855496792074
芸豆,price,pressure_msl,海平面气压,12,-0.01251812745434309,0.0819663697947732,-0.17317221225209856,0.1481359573434124,0.8786169380644959,1402,0.9997788117577607,0.9924855496792074
芸豆,price,pressure_msl,海平面气压,13,-0.006442718808249372,0.08145152662414475,-0.16608771099157307,0.15320227337507433,0.9369540302309882,1401,0.9997788117577607,0.9924855496792074
芸豆,price,pressure_msl,海平面气压,14,-0.0015679942356608143,0.08503980038720814,-0.16824600299458875,0.16511001452326712,0.9852891528300532,1400,0.9997788117577607,0.9924855496792074
芸豆,price,cloud_cover,云量,0,-0.021264385948866704,0.047512425978348614,-0.11438874086642999,0.07185996896869658,0.654474961074333,1410,0.9997788117577607,0.9993891137652735
芸豆,price,cloud_cover,云量,1,-0.012360926583540962,0.04884320651871317,-0.10809361136021878,0.08337175819313686,0.8002113316041501,1409,0.9997788117577607,0.9993891137652735
芸豆,price,cloud_cover,云量,2,0.00390077044175944,0.04696042506460193,-0.08814166268486033,0.09594320356837922,0.9337998093028947,1409,0.9997788117577607,0.9993891137652735
芸豆,price,cloud_cover,云量,3,0.006330742254374807,0.047145310960252956,-0.08607406722772099,0.09873555173647061,0.89317999534852,1409,0.9997788117577607,0.9993891137652735
芸豆,price,cloud_cover,云量,4,0.007835993941775012,0.04758431090174721,-0.08542925542564953,0.10110124330919953,0.8691990089456135,1408,0.9997788117577607,0.9993891137652735
芸豆,price,cloud_cover,云量,5,0.00876927612111454,0.0465490182755632,-0.08246679969898933,0.10000535194121841,0.8505725115184595,1407,0.9997788117577607,0.9993891137652735
芸豆,price,cloud_cover,云量,6,0.007334765574326051,0.05015153581613514,-0.09096224462529882,0.10563177577395093,0.8837224070613376,1406,0.9997788117577607,0.9993891137652735
芸豆,price,cloud_cover,云量,7,-3.80693847522387e-05,0.04972279556941385,-0.09749474870080338,0.09741860993129892,0.9993891137652735,1405,0.9997788117577607,0.9993891137652735
芸豆,price,cloud_cover,云量,8,0.01739145646223055,0.04651520683321009,-0.07377834893086123,0.10856126185532232,0.7084879836093501,1404,0.9997788117577607,0.9993891137652735
芸豆,price,cloud_cover,云量,9,0.04418328263743038,0.0475968997293626,-0.049106640832120324,0.13747320610698108,0.35326199105370715,1404,0.9997788117577607,0.9993891137652735
芸豆,price,cloud_cover,云量,10,0.029560105919328006,0.0456851022880351,-0.05998269456522079,0.1191029064038768,0.5176058101357002,1404,0.9997788117577607,0.9993891137652735
芸豆,price,cloud_cover,云量,11,0.036246475185075115,0.04605150025286585,-0.054014465310541944,0.12650741568069218,0.43123172691390266,1403,0.9997788117577607,0.9993891137652735
芸豆,price,cloud_cover,云量,12,0.022921557113092288,0.04930405880309023,-0.07371439814096456,0.11955751236714915,0.6420016154439789,1402,0.9997788117577607,0.9993891137652735
芸豆,price,cloud_cover,云量,13,-5.2728207393291926e-05,0.054669002300494235,-0.10720397271636198,0.10709851630157541,0.9992304411219387,1401,0.9997788117577607,0.9993891137652735
芸豆,price,cloud_cover,云量,14,-0.006290712406374077,0.049549954723910404,-0.10340862366523847,0.09082719885249031,0.8989744512025222,1400,0.9997788117577607,0.9993891137652735
芸豆,price,temp_mean,日平均气温,0,-0.013339056766786334,0.0887736038983519,-0.18733532040755607,0.16065720687398338,0.8805600672623556,1410,0.9997788117577607,0.9924239333379268
芸豆,price,temp_mean,日平均气温,1,-0.009098209353353759,0.09064400714596232,-0.1867604633594399,0.1685640446527324,0.9200482181771491,1409,0.9997788117577607,0.9924239333379268
芸豆,price,temp_mean,日平均气温,2,-0.004367398955584587,0.09141415637104595,-0.18353914544283464,0.1748043475316655,0.9618947968824881,1409,0.9997788117577607,0.9924239333379268
芸豆,price,temp_mean,日平均气温,3,0.0008624264475393939,0.09082634009098524,-0.17715720013079167,0.17888205302587046,0.9924239333379268,1409,0.9997788117577607,0.9924239333379268
芸豆,price,temp_mean,日平均气温,4,0.0035526070954881236,0.09047178166282538,-0.1737720849636496,0.18087729915462586,0.9686770613861821,1408,0.9997788117577607,0.9924239333379268
芸豆,price,temp_mean,日平均气温,5,0.0019419351718397634,0.09000798725928187,-0.17447371985635268,0.17835759020003222,0.9827868621447275,1407,0.9997788117577607,0.9924239333379268
芸豆,price,temp_mean,日平均气温,6,-0.007010229639484769,0.0903088396303243,-0.1840155553149204,0.16999509603595084,0.9381263027294839,1406,0.9997788117577607,0.9924239333379268
芸豆,price,temp_mean,日平均气温,7,-0.009964718187247597,0.09243578053234733,-0.19113884803064835,0.17120941165615317,0.9141531324690095,1405,0.9997788117577607,0.9924239333379268
芸豆,price,temp_mean,日平均气温,8,-0.006526396449478406,0.09521733601308843,-0.19315237503513175,0.1800995821361749,0.9453541055383825,1404,0.9997788117577607,0.9924239333379268
芸豆,price,temp_mean,日平均气温,9,0.0027977629594091794,0.09663958461164694,-0.18661582287941883,0.19221134879823717,0.9769040803218072,1404,0.9997788117577607,0.9924239333379268
芸豆,price,temp_mean,日平均气温,10,0.012366490164087182,0.09665862092107019,-0.1770844068412104,0.20181738716938474,0.8981965686807518,1404,0.9997788117577607,0.9924239333379268
芸豆,price,temp_mean,日平均气温,11,0.022464984609708957,0.0966610941768092,-0.16699075997683704,0.211920729196255,0.8162197456753814,1403,0.9997788117577607,0.9924239333379268
芸豆,price,temp_mean,日平均气温,12,0.02187974135804481,0.09577661499711129,-0.16584242403629335,0.20960190675238294,0.8192998827719422,1402,0.9997788117577607,0.9924239333379268
芸豆,price,temp_mean,日平均气温,13,0.015456813503651787,0.09572894137481922,-0.17217191159099388,0.20308553859829742,0.8717276693129796,1401,0.9997788117577607,0.9924239333379268
芸豆,price,temp_mean,日平均气温,14,0.01563472429997847,0.09810151436528766,-0.17664424385598534,0.2079136924559423,0.8733750769328745,1400,0.9997788117577607,0.9924239333379268
芸豆,volume,humidity,相对湿度,0,-0.08152701533911447,0.07421779537293609,-0.2269938942700692,0.06393986359184026,0.2719934674260157,1410,0.9997788117577607,0.7226404848186866
芸豆,volume,humidity,相对湿度,1,-0.1005308675837696,0.0737864723832231,-0.24515235345488684,0.04409061828734766,0.17305382627645338,1409,0.9997788117577607,0.7226404848186866
芸豆,volume,humidity,相对湿度,2,-0.09506266774856992,0.07172376050041114,-0.23564123832937575,0.045515902832235916,0.1850385374411032,1409,0.9997788117577607,0.7226404848186866
芸豆,volume,humidity,相对湿度,3,-0.08363564919358929,0.07105596601570205,-0.2229053425843653,0.05563404419718673,0.23917990658922517,1409,0.9997788117577607,0.7226404848186866
芸豆,volume,humidity,相对湿度,4,-0.06095571372571499,0.07257491383368833,-0.20320254483974412,0.08129111738831415,0.40096412079655896,1408,0.9997788117577607,0.7226404848186866
芸豆,volume,humidity,相对湿度,5,-0.0576417669882646,0.07364998440556426,-0.20199573642317054,0.08671220244664135,0.4338358081060679,1407,0.9997788117577607,0.7226404848186866
芸豆,volume,humidity,相对湿度,6,-0.04495623841557378,0.07386179044926038,-0.18972534769612412,0.09981287086497656,0.5427541245895041,1406,0.9997788117577607,0.7401192608038692
芸豆,volume,humidity,相对湿度,7,-0.05008139771167038,0.07119152726000644,-0.189616791141283,0.08945399571794221,0.48176032321245776,1405,0.9997788117577607,0.7226404848186866
芸豆,volume,humidity,相对湿度,8,-0.06621703327746545,0.06901068368515438,-0.20147797330036804,0.06904390674543714,0.3372975636997503,1404,0.9997788117577607,0.7226404848186866
芸豆,volume,humidity,相对湿度,9,-0.07354912079222675,0.06722599530206327,-0.20531207158427076,0.05821382999981725,0.27392965333268693,1404,0.9997788117577607,0.7226404848186866
芸豆,volume,humidity,相对湿度,10,-0.04844184089637337,0.0671909516586802,-0.1801361061473866,0.08325242435463984,0.47093547715705186,1404,0.9997788117577607,0.7226404848186866
芸豆,volume,humidity,相对湿度,11,-0.007256672388504911,0.07057264615117922,-0.1455790588448162,0.13106571406780637,0.918101412908356,1403,0.9997788117577607,0.918101412908356
芸豆,volume,humidity,相对湿度,12,-0.008140793647337052,0.07056336843018424,-0.14644499577049816,0.13016340847582406,0.9081530042786656,1402,0.9997788117577607,0.918101412908356
芸豆,volume,humidity,相对湿度,13,-0.01766571653993322,0.06997248864201636,-0.1548117942782853,0.11948036119841883,0.8006804247870198,1401,0.9997788117577607,0.918101412908356
芸豆,volume,humidity,相对湿度,14,-0.012269612608435239,0.06809739766944085,-0.1457405120405393,0.12120128682366885,0.8570132939165266,1400,0.9997788117577607,0.918101412908356
芸豆,volume,wind_speed,日最大风速,0,-0.010532665805456025,0.05405167972601517,-0.11647395806844577,0.0954086264575337,0.8455002970875469,1410,0.9997788117577607,0.8579380524055885
芸豆,volume,wind_speed,日最大风速,1,-0.055300640431878614,0.05492252828287805,-0.1629487958663196,0.052347515002562364,0.3139902988681267,1409,0.9997788117577607,0.8579380524055885
芸豆,volume,wind_speed,日最大风速,2,-0.06489436093093343,0.0557176589226291,-0.17410097241928646,0.04431225055741961,0.24414042295211902,1409,0.9997788117577607,0.8579380524055885
芸豆,volume,wind_speed,日最大风速,3,-0.043929006563375145,0.05453567448702176,-0.1508189285579378,0.06296091543118751,0.42052569819794106,1409,0.9997788117577607,0.8579380524055885
芸豆,volume,wind_speed,日最大风速,4,-0.015047819775616998,0.055032912941590025,-0.12291232914113345,0.09281668958989944,0.7845203147061439,1408,0.9997788117577607,0.8579380524055885
芸豆,volume,wind_speed,日最大风速,5,-0.012041734898562634,0.05468481844057276,-0.11922397904208525,0.09514050924495997,0.8257134330914754,1407,0.9997788117577607,0.8579380524055885
芸豆,volume,wind_speed,日最大风速,6,-0.01685956732462248,0.05623791572329149,-0.1270858821422738,0.09336674749302884,0.7643373086900783,1406,0.9997788117577607,0.8579380524055885
芸豆,volume,wind_speed,日最大风速,7,-0.028112574551067228,0.05572685559450109,-0.13733721151628936,0.08111206241415492,0.613930537092904,1405,0.9997788117577607,0.8579380524055885
芸豆,volume,wind_speed,日最大风速,8,-0.02709204310117865,0.056620523554513004,-0.13806826926802412,0.08388418306566683,0.6323054012661462,1404,0.9997788117577607,0.8579380524055885
芸豆,volume,wind_speed,日最大风速,9,-0.02210536887586742,0.058582555180145976,-0.13692717702895352,0.09271643927721869,0.7059231376502062,1404,0.9997788117577607,0.8579380524055885
芸豆,volume,wind_speed,日最大风速,10,-0.019569645034926295,0.054124264024979156,-0.12565320252388545,0.08651391245403285,0.7176742855571552,1404,0.9997788117577607,0.8579380524055885
芸豆,volume,wind_speed,日最大风速,11,0.009872841269820708,0.05515567544780544,-0.09823228260787795,0.11797796514751938,0.8579380524055885,1403,0.9997788117577607,0.8579380524055885
芸豆,volume,wind_speed,日最大风速,12,-0.013210742555829456,0.05521333189028325,-0.12142887306078462,0.0950073879491257,0.8108983520390001,1402,0.9997788117577607,0.8579380524055885
芸豆,volume,wind_speed,日最大风速,13,-0.02015605931117195,0.050988899255725036,-0.12009430185239302,0.07978218323004911,0.6926193657071493,1401,0.9997788117577607,0.8579380524055885
芸豆,volume,wind_speed,日最大风速,14,-0.02503918272008349,0.04896901993192102,-0.12101846178664868,0.07094009634648171,0.6091220924264156,1400,0.9997788117577607,0.8579380524055885
芸豆,volume,radiation,短波辐射,0,0.0011043864060547928,0.08202801543448697,-0.15967052384553967,0.16187929665764925,0.9892579841483122,1410,0.9997788117577607,0.9892579841483122
芸豆,volume,radiation,短波辐射,1,0.02365711759595189,0.08453934033178022,-0.14203998945433732,0.18935422464624113,0.779603632361153,1409,0.9997788117577607,0.9892579841483122
芸豆,volume,radiation,短波辐射,2,0.02888602857286792,0.08575387509505845,-0.13919156661344664,0.1969636237591825,0.7362314228564901,1409,0.9997788117577607,0.9892579841483122
芸豆,volume,radiation,短波辐射,3,0.013035635944806716,0.08355771990283921,-0.15073749506475811,0.17680876695437156,0.8760270627022742,1409,0.9997788117577607,0.9892579841483122
芸豆,volume,radiation,短波辐射,4,-0.008169322750102674,0.08228692262577635,-0.1694516910966243,0.15311304559641895,0.9209171437410255,1408,0.9997788117577607,0.9892579841483122
芸豆,volume,radiation,短波辐射,5,0.002754965558020607,0.08422273035259267,-0.16232158593306104,0.16783151704910224,0.9739054701190184,1407,0.9997788117577607,0.9892579841483122
芸豆,volume,radiation,短波辐射,6,0.01703037806820426,0.08314808998657859,-0.14593987830548977,0.1800006344418983,0.8377128894762726,1406,0.9997788117577607,0.9892579841483122
芸豆,volume,radiation,短波辐射,7,0.032549732523061106,0.0785108051398853,-0.12133144555111407,0.18643091059723627,0.678442649811732,1405,0.9997788117577607,0.9892579841483122
芸豆,volume,radiation,短波辐射,8,0.040287904457925364,0.0804493104230563,-0.11739274397126497,0.19796855288711568,0.6165215987953043,1404,0.9997788117577607,0.9892579841483122
芸豆,volume,radiation,短波辐射,9,0.04218657188619052,0.08082169014003522,-0.11622394078827852,0.20059708456065956,0.6016905785759477,1404,0.9997788117577607,0.9892579841483122
芸豆,volume,radiation,短波辐射,10,0.048339055887743815,0.0776695694421296,-0.1038933002188302,0.20057141199431783,0.5336999060916019,1404,0.9997788117577607,0.9892579841483122
芸豆,volume,radiation,短波辐射,11,0.012121527421985634,0.07601435190622419,-0.13686660231421377,0.16110965715818504,0.8733035802564755,1403,0.9997788117577607,0.9892579841483122
芸豆,volume,radiation,短波辐射,12,0.01755851856139136,0.0767690421550318,-0.13290880406247096,0.1680258411852537,0.8190875287438272,1402,0.9997788117577607,0.9892579841483122
芸豆,volume,radiation,短波辐射,13,0.03413712696864571,0.07749834456383357,-0.11775962837646808,0.1860338823137595,0.6595833636895323,1401,0.9997788117577607,0.9892579841483122
芸豆,volume,radiation,短波辐射,14,0.03563929820027005,0.07438145660603808,-0.11014835674756458,0.1814269531481047,0.6318374372265478,1400,0.9997788117577607,0.9892579841483122
芸豆,volume,et0,参考蒸散ET0,0,0.026550927568568805,0.08773524958754594,-0.14541016162302123,0.19851201676015884,0.7621752460323891,1410,0.9997788117577607,0.9983494450878949
芸豆,volume,et0,参考蒸散ET0,1,0.031114527498913573,0.08788921290598162,-0.14114832979681038,0.20337738479463754,0.7233239941662566,1409,0.9997788117577607,0.9983494450878949
芸豆,volume,et0,参考蒸散ET0,2,0.022519343289359294,0.08676728428829615,-0.14754453391570116,0.19258322049441973,0.7952207367009566,1409,0.9997788117577607,0.9983494450878949
芸豆,volume,et0,参考蒸散ET0,3,0.013449248315109179,0.08528420875026534,-0.15370780083541086,0.18060629746562923,0.8746938602727921,1409,0.9997788117577607,0.9983494450878949
芸豆,volume,et0,参考蒸散ET0,4,0.0017047613236163134,0.08496568560404658,-0.164827982460315,0.1682375051075476,0.9839922261170019,1408,0.9997788117577607,0.9983494450878949
芸豆,volume,et0,参考蒸散ET0,5,0.0040079714940510006,0.08383086719301482,-0.16030052820425805,0.16831647119236004,0.9618674982327607,1407,0.9997788117577607,0.9983494450878949
芸豆,volume,et0,参考蒸散ET0,6,0.012763867593475794,0.08276776412023702,-0.1494609500821888,0.17498868526914035,0.8774417695664337,1406,0.9997788117577607,0.9983494450878949
芸豆,volume,et0,参考蒸散ET0,7,0.016226510820557927,0.08057704549268234,-0.14170449834509946,0.17415751998621531,0.840402370501743,1405,0.9997788117577607,0.9983494450878949
芸豆,volume,et0,参考蒸散ET0,8,0.025713175565298344,0.08186340204220573,-0.13473909243742488,0.18616544356802156,0.7534461936942592,1404,0.9997788117577607,0.9983494450878949
芸豆,volume,et0,参考蒸散ET0,9,0.028791095914848974,0.08171136686443047,-0.13136318313943474,0.18894537496913266,0.7245749155806782,1404,0.9997788117577607,0.9983494450878949
芸豆,volume,et0,参考蒸散ET0,10,0.025361394418453257,0.0786300281787272,-0.12875346081185207,0.17947624964875858,0.7470430124568499,1404,0.9997788117577607,0.9983494450878949
芸豆,volume,et0,参考蒸散ET0,11,0.0011538088484040684,0.07793629512690933,-0.1516013296003382,0.15390894729714635,0.9881881395939746,1403,0.9997788117577607,0.9983494450878949
芸豆,volume,et0,参考蒸散ET0,12,0.00016037655221821934,0.07752658377195963,-0.15179172764082266,0.15211248074525907,0.9983494450878949,1402,0.9997788117577607,0.9983494450878949
芸豆,volume,et0,参考蒸散ET0,13,0.0076503866425793945,0.07685076804850145,-0.14297711873248345,0.15827789201764222,0.9207026994470554,1401,0.9997788117577607,0.9983494450878949
芸豆,volume,et0,参考蒸散ET0,14,-0.0022198875711277183,0.07469553286715644,-0.14862313199075433,0.14418335684849892,0.9762910410383222,1400,0.9997788117577607,0.9983494450878949
芸豆,volume,dew_point,露点温度,0,0.014950225172188893,0.07545195018622301,-0.13293559719280823,0.162836047537186,0.8429337071973875,1410,0.9997788117577607,0.9939302311639747
芸豆,volume,dew_point,露点温度,1,0.0039516987513352544,0.07585415000313761,-0.14472243525481446,0.15262583275748495,0.9584521901694066,1409,0.9997788117577607,0.9939302311639747
芸豆,volume,dew_point,露点温度,2,-0.003218071834586708,0.07617234495116328,-0.15251586793886673,0.1460797242696933,0.9663015988879344,1409,0.9997788117577607,0.9939302311639747
芸豆,volume,dew_point,露点温度,3,-0.005755067027430658,0.07551142258951898,-0.15375745530288787,0.14224732124802653,0.9392484288895481,1409,0.9997788117577607,0.9939302311639747
芸豆,volume,dew_point,露点温度,4,0.0031719579653309085,0.07423561851038815,-0.14232985431502987,0.14867377024569167,0.965918160972842,1408,0.9997788117577607,0.9939302311639747
芸豆,volume,dew_point,露点温度,5,0.001707773317219989,0.07438765798232282,-0.14409203632813272,0.14750758296257271,0.9816839740071128,1407,0.9997788117577607,0.9939302311639747
芸豆,volume,dew_point,露点温度,6,0.006070198859240199,0.07418721565109061,-0.1393367438168974,0.1514771415353778,0.9347876985063241,1406,0.9997788117577607,0.9939302311639747
芸豆,volume,dew_point,露点温度,7,0.0005625992068922711,0.07395419883965505,-0.14438763051883163,0.1455128289326162,0.9939302311639747,1405,0.9997788117577607,0.9939302311639747
芸豆,volume,dew_point,露点温度,8,-0.007171666929764543,0.07483405109760868,-0.15384640708107755,0.13950307322154848,0.923652196205214,1404,0.9997788117577607,0.9939302311639747
芸豆,volume,dew_point,露点温度,9,-0.01372516891727011,0.07459221914025121,-0.15992591843216247,0.13247558059762227,0.8540113452459318,1404,0.9997788117577607,0.9939302311639747
芸豆,volume,dew_point,露点温度,10,-0.007173747219733725,0.0737920486773163,-0.15180616262727364,0.13745866818780622,0.9225550835900543,1404,0.9997788117577607,0.9939302311639747
芸豆,volume,dew_point,露点温度,11,0.007786561701209005,0.07515858310295483,-0.13952426118058245,0.15509738458300046,0.9174853886584757,1403,0.9997788117577607,0.9939302311639747
芸豆,volume,dew_point,露点温度,12,0.00897882224798683,0.07621658322847495,-0.14040568087982408,0.15836332537579773,0.906220840517187,1402,0.9997788117577607,0.9939302311639747
芸豆,volume,dew_point,露点温度,13,0.0035574650281818138,0.07505400681610791,-0.14354838833138966,0.15066331838775332,0.9621954366985005,1401,0.9997788117577607,0.9939302311639747
芸豆,volume,dew_point,露点温度,14,-0.0015303364889421578,0.07439475384826238,-0.14734405403153644,0.14428338105365213,0.9835882816004006,1400,0.9997788117577607,0.9939302311639747
芸豆,volume,pressure_msl,海平面气压,0,0.029427730376052716,0.07189556003686987,-0.11148756729621222,0.17034302804831764,0.6823105581268005,1410,0.9997788117577607,0.8772328396612624
芸豆,volume,pressure_msl,海平面气压,1,0.03567103254592309,0.07270284104222421,-0.10682653589683637,0.17816860098868254,0.6236800137267071,1409,0.9997788117577607,0.8772328396612624
芸豆,volume,pressure_msl,海平面气压,2,0.02220690575085358,0.0727789193925533,-0.1204397762585509,0.16485358776025805,0.7602684610397608,1409,0.9997788117577607,0.8772328396612624
芸豆,volume,pressure_msl,海平面气压,3,0.011201812328073192,0.07352708286995133,-0.1329112700970314,0.15531489475317778,0.8789113064650098,1409,0.9997788117577607,0.8789113064650098
芸豆,volume,pressure_msl,海平面气压,4,0.01385033383484987,0.07312346893866863,-0.12947166528494064,0.1571723329546404,0.8497712990167813,1408,0.9997788117577607,0.8789113064650098
芸豆,volume,pressure_msl,海平面气压,5,0.022704625538120506,0.0742225544058957,-0.12277158109743508,0.16818083217367608,0.7596813384276175,1407,0.9997788117577607,0.8772328396612624
芸豆,volume,pressure_msl,海平面气压,6,0.02545215268297682,0.07610276850718022,-0.1237092735910964,0.17461357895705004,0.7380441613256328,1406,0.9997788117577607,0.8772328396612624
芸豆,volume,pressure_msl,海平面气压,7,0.043639063888428614,0.07673433112085781,-0.1067602251084527,0.19403835288530993,0.5695575383995319,1405,0.9997788117577607,0.8772328396612624
芸豆,volume,pressure_msl,海平面气压,8,0.048621793324466395,0.07655814423415219,-0.10143216937447189,0.19867575602340468,0.5253656169782405,1404,0.9997788117577607,0.8772328396612624
芸豆,volume,pressure_msl,海平面气压,9,0.045997606974570046,0.07594924418562854,-0.10286291162926188,0.19485812557840199,0.5447563992603127,1404,0.9997788117577607,0.8772328396612624
芸豆,volume,pressure_msl,海平面气压,10,0.03416870111133908,0.07562646537986567,-0.11405917103319763,0.18239657325587577,0.6514067435143629,1404,0.9997788117577607,0.8772328396612624
芸豆,volume,pressure_msl,海平面气压,11,0.02790512968580071,0.07695370633126489,-0.12292413472347848,0.1787343940950799,0.7168870524716222,1403,0.9997788117577607,0.8772328396612624
芸豆,volume,pressure_msl,海平面气压,12,0.030505476026756843,0.07893011938359415,-0.12419755796508769,0.1852085100186014,0.6991359256470273,1402,0.9997788117577607,0.8772328396612624
芸豆,volume,pressure_msl,海平面气压,13,0.030085487641462447,0.07800889435148518,-0.1228119452874485,0.1829829205703734,0.6997430077588155,1401,0.9997788117577607,0.8772328396612624
芸豆,volume,pressure_msl,海平面气压,14,0.03649323897468585,0.07793562838688764,-0.11626059266361394,0.18924707061298562,0.6396069118392282,1400,0.9997788117577607,0.8772328396612624
芸豆,volume,cloud_cover,云量,0,-0.040320784633390123,0.04094769529443685,-0.12057826741048636,0.0399366981437061,0.3247763835716708,1410,0.9997788117577607,0.4871645753575063
芸豆,volume,cloud_cover,云量,1,-0.06359733582049408,0.04017103492583808,-0.1423325642751367,0.015137892634148553,0.11338409236844592,1409,0.9997788117577607,0.2834602309211148
芸豆,volume,cloud_cover,云量,2,-0.08420610474350199,0.04348409062124024,-0.16943492236113286,0.0010227128741288893,0.05280884706409228,1409,0.9997788117577607,0.2834602309211148
芸豆,volume,cloud_cover,云量,3,-0.05785112921818614,0.04272493020113789,-0.1415919924124164,0.025889733976044133,0.1757246266457102,1409,0.9997788117577607,0.3765527713836647
芸豆,volume,cloud_cover,云量,4,-0.012593283767363399,0.036087529370406456,-0.08332484133336004,0.058138273798633254,0.7271156048600143,1408,0.9997788117577607,0.9088945060750179
芸豆,volume,cloud_cover,云量,5,0.0033661527856245132,0.03810446342222625,-0.07131859552193895,0.07805090109318796,0.9296063542216839,1407,0.9997788117577607,0.9296063542216839
芸豆,volume,cloud_cover,云量,6,-0.010820242251801475,0.04298322245670545,-0.09506735826694417,0.07342687376334121,0.8012484061880367,1406,0.9997788117577607,0.9245173917554269
芸豆,volume,cloud_cover,云量,7,-0.05195167767395744,0.041708560241329434,-0.13370045574696313,0.029797100399048253,0.2129157293216044,1405,0.9997788117577607,0.39921699247800824
芸豆,volume,cloud_cover,云量,8,-0.08443738902333253,0.0400915467921755,-0.1630168207359965,-0.005857957310668557,0.03519440543826759,1404,0.8531977075943656,0.2834602309211148
芸豆,volume,cloud_cover,云量,9,-0.07316354810986478,0.040779760299930246,-0.15309187829772808,0.006764782077998507,0.07279493876947503,1404,0.9997788117577607,0.2834602309211148
芸豆,volume,cloud_cover,云量,10,-0.07376705009272885,0.0422629971975995,-0.15660252460002388,0.009068424414566165,0.08091026596016941,1404,0.9997788117577607,0.2834602309211148
芸豆,volume,cloud_cover,云量,11,-0.007440769041182465,0.044434251471851365,-0.09453190192601113,0.07965036384364621,0.8670114952426882,1403,0.9997788117577607,0.928940887760023
芸豆,volume,cloud_cover,云量,12,-0.0209257707719406,0.0429769894136259,-0.10516067002264737,0.06330912847876616,0.6263246703009161,1402,0.9997788117577607,0.8540790958648856
芸豆,volume,cloud_cover,云量,13,-0.05186735268929247,0.048184609440507,-0.14630918719268618,0.04257448181410125,0.28173505127260934,1401,0.9997788117577607,0.46955841878768223
芸豆,volume,cloud_cover,云量,14,-0.07428797572879121,0.04686055548832063,-0.16613466448589964,0.017558713028317227,0.11289849382262981,1400,0.9997788117577607,0.2834602309211148
芸豆,volume,temp_mean,日平均气温,0,0.044822410433336096,0.0849981685862577,-0.121773999995729,0.21141882086240119,0.5979617801278425,1410,0.9997788117577607,0.9826718067708078
芸豆,volume,temp_mean,日平均气温,1,0.03919344793604701,0.08546278677230179,-0.12831361413766448,0.2067005100097585,0.6465196387978194,1409,0.9997788117577607,0.9826718067708078
芸豆,volume,temp_mean,日平均气温,2,0.030147010419564656,0.08443484006968911,-0.135345276117026,0.1956392969561553,0.7210583576965599,1409,0.9997788117577607,0.9826718067708078
芸豆,volume,temp_mean,日平均气温,3,0.022735985860647418,0.08228453257844921,-0.13854169799311303,0.18401366971440788,0.782310473711963,1409,0.9997788117577607,0.9826718067708078
芸豆,volume,temp_mean,日平均气温,4,0.025052849475410564,0.07990867250470994,-0.1315681486338209,0.18167384758464203,0.7538867455031886,1408,0.9997788117577607,0.9826718067708078
芸豆,volume,temp_mean,日平均气温,5,0.02184690566349832,0.07856573261460677,-0.13214193026113094,0.17583574158812756,0.7809573308517304,1407,0.9997788117577607,0.9826718067708078
芸豆,volume,temp_mean,日平均气温,6,0.022467816871283963,0.07801416041381239,-0.1304399375397883,0.17537557128235623,0.7733493028059701,1406,0.9997788117577607,0.9826718067708078
芸豆,volume,temp_mean,日平均气温,7,0.01824136611252524,0.07820666993538446,-0.1350437069608283,0.1715264391858788,0.815570654206224,1405,0.9997788117577607,0.9826718067708078
芸豆,volume,temp_mean,日平均气温,8,0.015889687008761987,0.07944225692143915,-0.13981713655725875,0.1715965105747827,0.8414684167853238,1404,0.9997788117577607,0.9826718067708078
芸豆,volume,temp_mean,日平均气温,9,0.009391109796736852,0.07902476420675295,-0.1454974280484989,0.16427964764197261,0.905404054563346,1404,0.9997788117577607,0.9826718067708078
芸豆,volume,temp_mean,日平均气温,10,0.007964640918918887,0.07688933713558942,-0.14273845986683636,0.15866774170467413,0.9174980836213722,1404,0.9997788117577607,0.9826718067708078
芸豆,volume,temp_mean,日平均气温,11,0.011304545970334465,0.0769789222766231,-0.13957414169184684,0.16218323363251574,0.8832484572807112,1403,0.9997788117577607,0.9826718067708078
芸豆,volume,temp_mean,日平均气温,12,0.01028393044414442,0.07717853213193293,-0.14098599253444413,0.16155385342273296,0.8939967856079607,1402,0.9997788117577607,0.9826718067708078
芸豆,volume,temp_mean,日平均气温,13,0.0060180704885303415,0.07614760571135448,-0.14323123670572444,0.15526737768278512,0.9370074532665603,1401,0.9997788117577607,0.9826718067708078
芸豆,volume,temp_mean,日平均气温,14,-0.0016388353766795885,0.0754549899481051,-0.14953061567496556,0.1462529449216064,0.9826718067708078,1400,0.9997788117577607,0.9826718067708078
芹菜,price,humidity,相对湿度,0,0.05819442846730157,0.08901065711921696,-0.11626645948636366,0.23265531642096682,0.5132460172594914,1410,0.9997788117577607,0.5444125202858406
芹菜,price,humidity,相对湿度,1,0.06868718836255922,0.09368448985557906,-0.11493441175437574,0.2523087884794942,0.46345129421006415,1409,0.9997788117577607,0.5444125202858406
芹菜,price,humidity,相对湿度,2,0.06463317722473513,0.08909841145291808,-0.1099997092229843,0.23926606367245457,0.46819848487327786,1409,0.9997788117577607,0.5444125202858406
芹菜,price,humidity,相对湿度,3,0.07343344420364542,0.08490878945127948,-0.09298778312086237,0.2398546715281532,0.3871206218028048,1409,0.9997788117577607,0.5444125202858406
芹菜,price,humidity,相对湿度,4,0.0811003462953728,0.08591576919821457,-0.08729456133312777,0.24949525392387337,0.34519427187922846,1408,0.9997788117577607,0.5444125202858406
芹菜,price,humidity,相对湿度,5,0.06498620087005594,0.0868230737641945,-0.10518702370776528,0.23515942544787716,0.45416466580774817,1407,0.9997788117577607,0.5444125202858406
芹菜,price,humidity,相对湿度,6,0.055641116243490586,0.08936993079047927,-0.11952394810584877,0.23080618059282992,0.5335518437542626,1406,0.9997788117577607,0.5444125202858406
芹菜,price,humidity,相对湿度,7,0.06971660812487555,0.09265293353846947,-0.11188314161052461,0.25131635786027573,0.45178108275281803,1405,0.9997788117577607,0.5444125202858406
芹菜,price,humidity,相对湿度,8,0.08282752030587928,0.09339110665702145,-0.10021904874188275,0.2658740893536413,0.37513880796847476,1404,0.9997788117577607,0.5444125202858406
芹菜,price,humidity,相对湿度,9,0.07480569838270595,0.08965595381926189,-0.10091997110304735,0.25053136786845925,0.40407590891743184,1404,0.9997788117577607,0.5444125202858406
芹菜,price,humidity,相对湿度,10,0.07153940742432094,0.08863102195183198,-0.10217739560126973,0.2452562104499116,0.41957436138979687,1404,0.9997788117577607,0.5444125202858406
芹菜,price,humidity,相对湿度,11,0.06845967198925886,0.09013456653080976,-0.10820407841112827,0.24512342238964596,0.447537136289481,1403,0.9997788117577607,0.5444125202858406
芹菜,price,humidity,相对湿度,12,0.060522954053288544,0.09059066405572924,-0.11703474749594077,0.23808065560251784,0.5040744727048234,1402,0.9997788117577607,0.5444125202858406
芹菜,price,humidity,相对湿度,13,0.05623599313688171,0.09277509775565436,-0.12560319846420082,0.23807518473796424,0.5444125202858406,1401,0.9997788117577607,0.5444125202858406
芹菜,price,humidity,相对湿度,14,0.07539245676936768,0.09522255113627608,-0.11124374345773344,0.2620286569964688,0.4285064500802651,1400,0.9997788117577607,0.5444125202858406
芹菜,price,wind_speed,日最大风速,0,0.019929967707770505,0.06229181832790651,-0.10216199621492626,0.14202193163046728,0.7490098795454107,1410,0.9997788117577607,0.9326802313032364
芹菜,price,wind_speed,日最大风速,1,0.03030268972529832,0.06562595174363552,-0.09832417569222729,0.15892955514282392,0.6442616323174852,1409,0.9997788117577607,0.9326802313032364
芹菜,price,wind_speed,日最大风速,2,0.03240712826327043,0.06249577320252286,-0.09008458721367438,0.15489884374021523,0.604075197208459,1409,0.9997788117577607,0.9326802313032364
芹菜,price,wind_speed,日最大风速,3,0.039984844167039506,0.06390132776453565,-0.08526175825145035,0.16523144658552938,0.5314934245348725,1409,0.9997788117577607,0.9326802313032364
芹菜,price,wind_speed,日最大风速,4,0.02885957669536876,0.06396828966783723,-0.0965182710535922,0.15423742444432972,0.6518782570524365,1408,0.9997788117577607,0.9326802313032364
芹菜,price,wind_speed,日最大风速,5,0.029189493608012075,0.06088325620978787,-0.09014168856317215,0.1485206757791963,0.6316300209028839,1407,0.9997788117577607,0.9326802313032364
芹菜,price,wind_speed,日最大风速,6,0.0047284325986317165,0.05597555320208548,-0.10498365167745581,0.11444051687471925,0.9326802313032365,1406,0.9997788117577607,0.9326802313032364
芹菜,price,wind_speed,日最大风速,7,-0.010946287390668708,0.05850119070660596,-0.1256086211756164,0.10371604639427898,0.8515726508808381,1405,0.9997788117577607,0.9326802313032364
芹菜,price,wind_speed,日最大风速,8,-0.007263639267999192,0.06003261761475815,-0.12492756979292517,0.11040029125692678,0.9036950918405946,1404,0.9997788117577607,0.9326802313032364
芹菜,price,wind_speed,日最大风速,9,0.013084558295977352,0.05799141589215511,-0.10057861685264667,0.12674773344460138,0.8214898076955902,1404,0.9997788117577607,0.9326802313032364
芹菜,price,wind_speed,日最大风速,10,0.028653159766179354,0.06225288482005856,-0.09336249448113541,0.15066881401349413,0.6453221496739134,1404,0.9997788117577607,0.9326802313032364
芹菜,price,wind_speed,日最大风速,11,0.008167382635271666,0.06108904111437711,-0.11156713794890746,0.1279019032194508,0.8936426810020551,1403,0.9997788117577607,0.9326802313032364
芹菜,price,wind_speed,日最大风速,12,-0.01323178886851649,0.06108304556381254,-0.13295455817358906,0.10649098043655608,0.8285047591323553,1402,0.9997788117577607,0.9326802313032364
芹菜,price,wind_speed,日最大风速,13,-0.02428299824081466,0.056766610244823074,-0.1355455543206679,0.08697955783903856,0.6688192811336895,1401,0.9997788117577607,0.9326802313032364
芹菜,price,wind_speed,日最大风速,14,-0.023849558390753128,0.0616627218678797,-0.14470849325179733,0.09700937647029108,0.698923277288422,1400,0.9997788117577607,0.9326802313032364
芹菜,price,radiation,短波辐射,0,0.05868784505150628,0.09151878884434143,-0.12068898108340292,0.2380646711864155,0.5213501776417724,1410,0.9997788117577607,0.7225863596810025
芹菜,price,radiation,短波辐射,1,0.04063149470077477,0.09244049066563557,-0.14055186700387096,0.22181485640542048,0.6602687265721519,1409,0.9997788117577607,0.7225863596810025
芹菜,price,radiation,短波辐射,2,0.05276930106616826,0.0905111797266911,-0.12463261119814628,0.2301712133304828,0.5598837557195864,1409,0.9997788117577607,0.7225863596810025
芹菜,price,radiation,短波辐射,3,0.058631689424344866,0.08996478357551037,-0.11769928638365544,0.23496266523234516,0.5145829607611515,1409,0.9997788117577607,0.7225863596810025
芹菜,price,radiation,短波辐射,4,0.058913128138838866,0.09019325110316488,-0.1178656440233643,0.23569190030104203,0.5136352367161984,1408,0.9997788117577607,0.7225863596810025
芹菜,price,radiation,短波辐射,5,0.0705292230748299,0.09184719037670326,-0.1094912700635085,0.2505497162131683,0.4425481138355577,1407,0.9997788117577607,0.7225863596810025
芹菜,price,radiation,短波辐射,6,0.07914669933226581,0.09060922295595786,-0.0984473776614116,0.2567407763259432,0.38239335365436666,1406,0.9997788117577607,0.7225863596810025
芹菜,price,radiation,短波辐射,7,0.05547321141550342,0.0875497157394349,-0.11612423143378899,0.22707065426479583,0.5263291396235295,1405,0.9997788117577607,0.7225863596810025
芹菜,price,radiation,短波辐射,8,0.030817265358258947,0.08680814339387241,-0.13932669569373096,0.20096122641024888,0.7225863596810025,1404,0.9997788117577607,0.7225863596810025
芹菜,price,radiation,短波辐射,9,0.034371607336471835,0.08555231815141005,-0.1333109362402919,0.20205415091323553,0.6878597336417951,1404,0.9997788117577607,0.7225863596810025
芹菜,price,radiation,短波辐射,10,0.04993774460351803,0.0851441633280233,-0.11694481551940762,0.2168203047264437,0.557534095087949,1404,0.9997788117577607,0.7225863596810025
芹菜,price,radiation,短波辐射,11,0.06578269820658159,0.08561605103245652,-0.10202476181703318,0.23359015823019635,0.4422820144407815,1403,0.9997788117577607,0.7225863596810025
芹菜,price,radiation,短波辐射,12,0.07917374858904917,0.08811477097212307,-0.09353120251631204,0.2518786996944104,0.3689031589822106,1402,0.9997788117577607,0.7225863596810025
芹菜,price,radiation,短波辐射,13,0.0702740576894394,0.08662763210620447,-0.09951610123872137,0.24006421661760016,0.4172394086115171,1401,0.9997788117577607,0.7225863596810025
芹菜,price,radiation,短波辐射,14,0.04643611879687683,0.08378715919336152,-0.11778671322211175,0.2106589508158654,0.5794315639022032,1400,0.9997788117577607,0.7225863596810025
芹菜,price,et0,参考蒸散ET0,0,0.017309417099357086,0.0915615540531023,-0.16215122884472344,0.19677006304343758,0.8500561514927064,1410,0.9997788117577607,0.963194071445546
芹菜,price,et0,参考蒸散ET0,1,0.012916693246923568,0.09207023367025716,-0.16754096474678046,0.1933743512406276,0.8884294906254763,1409,0.9997788117577607,0.963194071445546
芹菜,price,et0,参考蒸散ET0,2,0.024056782742132694,0.09189323377495302,-0.15605395545677522,0.2041675209410406,0.7934829038331833,1409,0.9997788117577607,0.963194071445546
芹菜,price,et0,参考蒸散ET0,3,0.031030929696639953,0.09233773750655745,-0.14995103581621266,0.21201289520949257,0.736826359345679,1409,0.9997788117577607,0.963194071445546
芹菜,price,et0,参考蒸散ET0,4,0.028951384609914668,0.09216976052785582,-0.15170134602468274,0.20960411524451208,0.7534379798242342,1408,0.9997788117577607,0.963194071445546
芹菜,price,et0,参考蒸散ET0,5,0.034766334915625315,0.090885353953955,-0.14336895883412648,0.2129016286653771,0.7020686035782795,1407,0.9997788117577607,0.963194071445546
芹菜,price,et0,参考蒸散ET0,6,0.029398804834602874,0.08864765333367368,-0.1443505956993975,0.20314820536860329,0.7401636922767988,1406,0.9997788117577607,0.963194071445546
芹菜,price,et0,参考蒸散ET0,7,0.005763628472788003,0.08694826347525816,-0.164654967938718,0.176182224884294,0.9471485186625122,1405,0.9997788117577607,0.963194071445546
芹菜,price,et0,参考蒸散ET0,8,-0.006705980040633566,0.0873647388014587,-0.17794086809149262,0.16452890801022546,0.9388157225212646,1404,0.9997788117577607,0.963194071445546
芹菜,price,et0,参考蒸散ET0,9,0.007259606005533851,0.08815503397686769,-0.1655242605891268,0.18004347260019452,0.9343680437465796,1404,0.9997788117577607,0.963194071445546
芹菜,price,et0,参考蒸散ET0,10,0.02545154077648483,0.09000727060205653,-0.15096270960354596,0.20186579115651565,0.7773515781070989,1404,0.9997788117577607,0.963194071445546
芹菜,price,et0,参考蒸散ET0,11,0.034708359774140524,0.08922071381331294,-0.14016423929995284,0.20958095884823388,0.6972636922647042,1403,0.9997788117577607,0.963194071445546
芹菜,price,et0,参考蒸散ET0,12,0.03503140912639771,0.08813297089175404,-0.1377092138214402,0.2077720320742356,0.6910108897899451,1402,0.9997788117577607,0.963194071445546
芹菜,price,et0,参考蒸散ET0,13,0.02215191504603739,0.08548503471323414,-0.14539875299190153,0.1897025830839763,0.7955333319431476,1401,0.9997788117577607,0.963194071445546
芹菜,price,et0,参考蒸散ET0,14,0.0038697051187872103,0.08385829790735284,-0.16049255877962437,0.16823196901719878,0.963194071445546,1400,0.9997788117577607,0.963194071445546
芹菜,price,dew_point,露点温度,0,0.0721001427076728,0.1006361640940425,-0.1251467389166505,0.2693470243319961,0.4737174382136006,1410,0.9997788117577607,0.5243128174327496
芹菜,price,dew_point,露点温度,1,0.0809266332160206,0.10172860036762894,-0.11846142350453213,0.2803146899365733,0.42631395646005266,1409,0.9997788117577607,0.5243128174327496
芹菜,price,dew_point,露点温度,2,0.08015365014389965,0.10048716895015543,-0.11680120099840498,0.2771085012862043,0.42507328125238475,1409,0.9997788117577607,0.5243128174327496
芹菜,price,dew_point,露点温度,3,0.08283297309175947,0.09954792470443326,-0.1122809593289297,0.2779469055124486,0.40535734973792437,1409,0.9997788117577607,0.5243128174327496
芹菜,price,dew_point,露点温度,4,0.08738813359266835,0.09959502836255364,-0.10781812199793679,0.2825943891832735,0.3802505738032633,1408,0.9997788117577607,0.5243128174327496
芹菜,price,dew_point,露点温度,5,0.08186615320702492,0.1001708714708815,-0.1144687548759028,0.27820106128995264,0.4137769699165893,1407,0.9997788117577607,0.5243128174327496
芹菜,price,dew_point,露点温度,6,0.07309850408812507,0.10183547201902642,-0.1264990210691667,0.2726960292454168,0.4728745440136478,1406,0.9997788117577607,0.5243128174327496
芹菜,price,dew_point,露点温度,7,0.0730463712617454,0.10305846564425462,-0.12894822140099366,0.27504096392448446,0.4784574457051557,1405,0.9997788117577607,0.5243128174327496
芹菜,price,dew_point,露点温度,8,0.0811136668090234,0.10350409178003316,-0.12175435307984159,0.28398168669788837,0.4332302815099266,1404,0.9997788117577607,0.5243128174327496
芹菜,price,dew_point,露点温度,9,0.08161360971746859,0.1035081997992521,-0.12126246188906553,0.2844896813240027,0.43041901856136533,1404,0.9997788117577607,0.5243128174327496
芹菜,price,dew_point,露点温度,10,0.08093896595442278,0.10470993565398864,-0.12429250792739495,0.2861704398362405,0.4395326351252674,1404,0.9997788117577607,0.5243128174327496
芹菜,price,dew_point,露点温度,11,0.08156798399171589,0.10632338936138418,-0.1268258591565971,0.2899618271400289,0.44298117749573585,1403,0.9997788117577607,0.5243128174327496
芹菜,price,dew_point,露点温度,12,0.07571218116181698,0.1061759176442311,-0.13239261742087594,0.2838169797445099,0.4757947522507058,1402,0.9997788117577607,0.5243128174327496
芹菜,price,dew_point,露点温度,13,0.06832527657045248,0.10730964102941803,-0.14200161984720686,0.27865217298811185,0.5243128174327496,1401,0.9997788117577607,0.5243128174327496
芹菜,price,dew_point,露点温度,14,0.07347264176051944,0.10826285667567039,-0.13872255732379452,0.2856678408448334,0.4973593374037343,1400,0.9997788117577607,0.5243128174327496
芹菜,price,pressure_msl,海平面气压,0,-0.021150069226936623,0.08666939941469652,-0.1910220920797418,0.14872195362586854,0.8072063730029528,1410,0.9997788117577607,0.9941606430187118
芹菜,price,pressure_msl,海平面气压,1,-0.022664287946211708,0.08795253043918924,-0.1950512476070226,0.14972267171459921,0.7966479161662985,1409,0.9997788117577607,0.9941606430187118
芹菜,price,pressure_msl,海平面气压,2,-0.024632711321533576,0.08630547069423035,-0.19379143388222506,0.1445260112391579,0.7753276778706445,1409,0.9997788117577607,0.9941606430187118
芹菜,price,pressure_msl,海平面气压,3,-0.03325894571039729,0.08394517374289809,-0.19779148624647752,0.13127359482568296,0.6919586523506374,1409,0.9997788117577607,0.9941606430187118
芹菜,price,pressure_msl,海平面气压,4,-0.041149055627232575,0.0837785041351221,-0.20535492373207187,0.12305681247760673,0.6233098642004536,1408,0.9997788117577607,0.9941606430187118
芹菜,price,pressure_msl,海平面气压,5,-0.03668287415007105,0.08540536603181242,-0.20407739157242338,0.1307116432722813,0.6675485793322726,1407,0.9997788117577607,0.9941606430187118
芹菜,price,pressure_msl,海平面气压,6,-0.01803127912012169,0.08697089541669659,-0.18849423413684702,0.1524316758966036,0.8357557078567837,1406,0.9997788117577607,0.9941606430187118
芹菜,price,pressure_msl,海平面气压,7,-0.0008827075032258273,0.08913112111153851,-0.1755797048818413,0.17381428987538963,0.9920983022862662,1405,0.9997788117577607,0.9941606430187118
芹菜,price,pressure_msl,海平面气压,8,0.0006576670658692205,0.08986224259616603,-0.17547232842261618,0.17678766255435463,0.9941606430187118,1404,0.9997788117577607,0.9941606430187118
芹菜,price,pressure_msl,海平面气压,9,-0.004261894508192431,0.08771518220504222,-0.17618365163007518,0.16765986261369034,0.9612477310877616,1404,0.9997788117577607,0.9941606430187118
芹菜,price,pressure_msl,海平面气压,10,-0.01666221514168165,0.08718239726444384,-0.18753971377999157,0.15421528349662827,0.8484323391630928,1404,0.9997788117577607,0.9941606430187118
芹菜,price,pressure_msl,海平面气压,11,-0.02929970890500646,0.08917075338293479,-0.20407438553555865,0.14547496772554572,0.7424733132788937,1403,0.9997788117577607,0.9941606430187118
芹菜,price,pressure_msl,海平面气压,12,-0.030085572622209095,0.09112011170031313,-0.20868099155482284,0.14850984631040465,0.7412678207625025,1402,0.9997788117577607,0.9941606430187118
芹菜,price,pressure_msl,海平面气压,13,-0.018542721056336687,0.09327097435420396,-0.20135383079057648,0.16426838867790308,0.8424154104381363,1401,0.9997788117577607,0.9941606430187118
芹菜,price,pressure_msl,海平面气压,14,-0.0016305716550432782,0.09632903884239832,-0.19043548778614397,0.18717434447605744,0.9864947700278713,1400,0.9997788117577607,0.9941606430187118
芹菜,price,cloud_cover,云量,0,0.002154762937742659,0.04341042696130517,-0.08292967390641548,0.08723919978190078,0.960411669031732,1410,0.9997788117577607,0.960411669031732
芹菜,price,cloud_cover,云量,1,0.04641915257643403,0.04404313938057802,-0.03990540060949889,0.13274370576236694,0.2919069963335441,1409,0.9997788117577607,0.8948552152688719
芹菜,price,cloud_cover,云量,2,0.06121395827218851,0.047691738700567976,-0.03226184958092472,0.15468976612530172,0.19930512818320456,1409,0.9997788117577607,0.8948552152688719
芹菜,price,cloud_cover,云量,3,0.03275719940356159,0.05062445782504692,-0.06646673793353036,0.13198113674065354,0.517591351433999,1409,0.9997788117577607,0.9248049127338166
芹菜,price,cloud_cover,云量,4,0.039899800356448245,0.04922294101516049,-0.05657716403326632,0.1363767647461628,0.4175991004588069,1408,0.9997788117577607,0.8948552152688719
芹菜,price,cloud_cover,云量,5,0.019072030888181494,0.047709536675394605,-0.07443866099559193,0.11258272277195491,0.6893384439023318,1407,0.9997788117577607,0.9248049127338166
芹菜,price,cloud_cover,云量,6,0.006624225963249429,0.04930622291305052,-0.0900159709463296,0.10326442287282844,0.8931268610657679,1406,0.9997788117577607,0.9569216368561798
芹菜,price,cloud_cover,云量,7,0.011646695457201272,0.04632561418072753,-0.07915150833702468,0.10244489925142723,0.8014975910359744,1405,0.9997788117577607,0.9248049127338166
芹菜,price,cloud_cover,云量,8,0.05863329870912417,0.04705828048844238,-0.03360093104822289,0.15086752846647122,0.21277468385248732,1404,0.9997788117577607,0.8948552152688719
芹菜,price,cloud_cover,云量,9,0.07763072503507065,0.05147928764900002,-0.023268678756969377,0.17853012882711067,0.13155472955985673,1404,0.9997788117577607,0.8948552152688719
芹菜,price,cloud_cover,云量,10,0.04333971876523202,0.04981664195031799,-0.05430089945739124,0.14098033698785528,0.38430873852229475,1404,0.9997788117577607,0.8948552152688719
芹菜,price,cloud_cover,云量,11,0.02132891405473484,0.05084433152062504,-0.07832597572569025,0.12098380383515991,0.6748548219390074,1403,0.9997788117577607,0.9248049127338166
芹菜,price,cloud_cover,云量,12,0.012533724351181521,0.04966785800086581,-0.08481527733051546,0.1098827260328785,0.8007699154719476,1402,0.9997788117577607,0.9248049127338166
芹菜,price,cloud_cover,云量,13,0.01663147095981294,0.051817029758665,-0.08492990736717046,0.11819284928679633,0.7482366513883515,1401,0.9997788117577607,0.9248049127338166
芹菜,price,cloud_cover,云量,14,0.04022159013496066,0.045986309818189935,-0.0499115771086916,0.13035475737861293,0.38176834715759156,1400,0.9997788117577607,0.8948552152688719
芹菜,price,temp_mean,日平均气温,0,0.06147534882679185,0.10193878140172564,-0.1383246627205904,0.2612753603741741,0.5464678137392089,1410,0.9997788117577607,0.5813167380303729
芹菜,price,temp_mean,日平均气温,1,0.06889309547699794,0.10262960726282917,-0.1322609347581472,0.2700471257121431,0.50204283895338,1409,0.9997788117577607,0.5813167380303729
芹菜,price,temp_mean,日平均气温,2,0.07003793703045205,0.10239258084067786,-0.13065152141727654,0.27072739547818064,0.493966459584377,1409,0.9997788117577607,0.5813167380303729
芹菜,price,temp_mean,日平均气温,3,0.07088088246003667,0.10190820951929934,-0.12885920819779,0.2706209731178634,0.48671912626534986,1409,0.9997788117577607,0.5813167380303729
芹菜,price,temp_mean,日平均气温,4,0.07307340171133823,0.10145572619621224,-0.12577982163323775,0.2719266250559142,0.4713716000220072,1408,0.9997788117577607,0.5813167380303729
芹菜,price,temp_mean,日平均气温,5,0.0708080743922092,0.10092471311251106,-0.1270043633083125,0.26862051209273086,0.48293300504133896,1407,0.9997788117577607,0.5813167380303729
芹菜,price,temp_mean,日平均气温,6,0.06306356897931993,0.10134919748486791,-0.13558085809102116,0.26170799604966105,0.5337837800042221,1406,0.9997788117577607,0.5813167380303729
芹菜,price,temp_mean,日平均气温,7,0.05907283466864554,0.10210852379760085,-0.1410598719746521,0.2592055413119432,0.5629064126719194,1405,0.9997788117577607,0.5813167380303729
芹菜,price,temp_mean,日平均气温,8,0.06349976026338061,0.10294463713917963,-0.13827172852941147,0.2652712490561727,0.5373441723819175,1404,0.9997788117577607,0.5813167380303729
芹菜,price,temp_mean,日平均气温,9,0.0665113303303845,0.10389760412785487,-0.13712797376021105,0.2701506344209801,0.5220670827263877,1404,0.9997788117577607,0.5813167380303729
芹菜,price,temp_mean,日平均气温,10,0.06824132962225943,0.10479807607457654,-0.13716289948391058,0.27364555872842944,0.5149369605559763,1404,0.9997788117577607,0.5813167380303729
芹菜,price,temp_mean,日平均气温,11,0.06974793131644876,0.10553365439815325,-0.1370980313039316,0.27659389393682915,0.5086719542953213,1403,0.9997788117577607,0.5813167380303729
芹菜,price,temp_mean,日平均气温,12,0.0648052506372292,0.1048727348312871,-0.14074530963209353,0.2703558109065519,0.5366136779839633,1402,0.9997788117577607,0.5813167380303729
芹菜,price,temp_mean,日平均气温,13,0.058274696782384575,0.10521626950216673,-0.1479491914418622,0.26449858500663137,0.5796771744480107,1401,0.9997788117577607,0.5813167380303729
芹菜,price,temp_mean,日平均气温,14,0.05854288204850471,0.10615933654675562,-0.1495294175831363,0.2666151816801457,0.5813167380303729,1400,0.9997788117577607,0.5813167380303729
芹菜,volume,humidity,相对湿度,0,-0.0636489937621364,0.09928326419804538,-0.2582441915903053,0.13094620406603255,0.5214675748655295,1410,0.9997788117577607,0.7411018077271665
芹菜,volume,humidity,相对湿度,1,-0.09350216706677476,0.10057906358037592,-0.29063713168431154,0.10363279755076203,0.35255830065406624,1409,0.9997788117577607,0.7411018077271665
芹菜,volume,humidity,相对湿度,2,-0.08487071811503104,0.09692966379845203,-0.274852859159997,0.10511142292993493,0.38125254967466515,1409,0.9997788117577607,0.7411018077271665
芹菜,volume,humidity,相对湿度,3,-0.0406210207370336,0.09649407916740485,-0.2297494159051471,0.1485073744310799,0.673777683025093,1409,0.9997788117577607,0.7411018077271665
芹菜,volume,humidity,相对湿度,4,-0.013004903043260756,0.09907871943762946,-0.2071991931410145,0.18118938705449297,0.8955709879735245,1408,0.9997788117577607,0.8955709879735245
芹菜,volume,humidity,相对湿度,5,-0.04964094464674092,0.09941157169827931,-0.24448762517536837,0.1452057358818865,0.6175344215696098,1407,0.9997788117577607,0.7411018077271665
芹菜,volume,humidity,相对湿度,6,-0.0707676932369594,0.09667616874044845,-0.26025298396823837,0.11871759749431955,0.46416391022228864,1406,0.9997788117577607,0.7411018077271665
芹菜,volume,humidity,相对湿度,7,-0.07614576133855304,0.09724827902523248,-0.2667523882280087,0.11446086555090261,0.43362494507134053,1405,0.9997788117577607,0.7411018077271665
芹菜,volume,humidity,相对湿度,8,-0.09157731413203034,0.09942233626132949,-0.2864450932042361,0.10329046494017545,0.3570013696585511,1404,0.9997788117577607,0.7411018077271665
芹菜,volume,humidity,相对湿度,9,-0.09508451515713827,0.09840467122025866,-0.2879576707488452,0.09778864043456868,0.3339140070281701,1404,0.9997788117577607,0.7411018077271665
芹菜,volume,humidity,相对湿度,10,-0.04726772205315847,0.09509962679853032,-0.23366299057827788,0.13912754647196096,0.6191652669600369,1404,0.9997788117577607,0.7411018077271665
芹菜,volume,humidity,相对湿度,11,-0.039038093025343036,0.09844286433763953,-0.2319861071271165,0.15390992107643045,0.6916950205453554,1403,0.9997788117577607,0.7411018077271665
芹菜,volume,humidity,相对湿度,12,-0.07041050037150556,0.10161713829890967,-0.2695800914373685,0.1287590906943574,0.4883724008235226,1402,0.9997788117577607,0.7411018077271665
芹菜,volume,humidity,相对湿度,13,-0.07142525599352656,0.09978486627244106,-0.26700359388751105,0.1241530819004579,0.4741195020880947,1401,0.9997788117577607,0.7411018077271665
芹菜,volume,humidity,相对湿度,14,-0.04532266278361269,0.09390624790083692,-0.22937890866925303,0.13873358310202766,0.6293532531687083,1400,0.9997788117577607,0.7411018077271665
芹菜,volume,wind_speed,日最大风速,0,0.16464766008050086,0.06001673073312405,0.04701486784357772,0.282280452317424,0.006081347494995687,1410,0.19993471216424175,0.008292746584085027
芹菜,volume,wind_speed,日最大风速,1,0.16283276997464832,0.06554598872694771,0.03436263206983081,0.29130290787946583,0.012982380943280258,1409,0.3994578751778541,0.013909693867800277
芹菜,volume,wind_speed,日最大风速,2,0.17490654701341582,0.06724822523616913,0.04310002555052431,0.3067130684763073,0.009297698166792294,1409,0.28979838441950007,0.010728113269375724
芹菜,volume,wind_speed,日最大风速,3,0.14479988510871086,0.06596970162257156,0.015499269928470616,0.2741005002889511,0.028167523307769688,1409,0.7348049558548615,0.028167523307769688
芹菜,volume,wind_speed,日最大风速,4,0.17335096138674416,0.061655749735540215,0.05250569190508535,0.29419623086840296,0.004929662104683964,1408,0.16432207015613215,0.007394493157025947
芹菜,volume,wind_speed,日最大风速,5,0.2060106327426333,0.061857931733945735,0.08476908654409965,0.3272521789411669,0.0008672645892411273,1407,0.03202207714121086,0.0027402329227048275
芹菜,volume,wind_speed,日最大风速,6,0.19979039354294825,0.0660775526008272,0.07027839044532694,0.3293023966405696,0.0024980763233062517,1406,0.08688961124543484,0.004683893106199222
芹菜,volume,wind_speed,日最大风速,7,0.19822055668326533,0.06218678682750222,0.07633445450136098,0.32010665886516965,0.0014350707211826092,1405,0.05064955486526856,0.0030751515453913054
芹菜,volume,wind_speed,日最大风速,8,0.20274645439542238,0.06318600317225342,0.07890188817780568,0.3265910206130391,0.0013332533905000897,1404,0.04775833040597336,0.0030751515453913054
芹菜,volume,wind_speed,日最大风速,9,0.18785307414450594,0.06414953848995084,0.0621199787042023,0.31358616958480956,0.0034075300255212103,1404,0.11518411353874514,0.005679216709202017
芹菜,volume,wind_speed,日最大风速,10,0.16911112011365462,0.0644003720821299,0.04288639083268003,0.2953358493946292,0.008641159653733825,1404,0.2751510860089909,0.010728113269375724
芹菜,volume,wind_speed,日最大风速,11,0.21012723503994898,0.06336916010157348,0.08592368124086497,0.334330788839033,0.0009134109742349425,1403,0.03321494451763428,0.0027402329227048275
芹菜,volume,wind_speed,日最大风速,12,0.22680562918499828,0.0661236386405386,0.09720329744954262,0.3564079609204539,0.0006035291533825654,1402,0.022991586795526302,0.0027402329227048275
芹菜,volume,wind_speed,日最大风速,13,0.2256367695742306,0.06401876755833491,0.10015998515989416,0.35111355398856703,0.00042421719614638533,1401,0.016421310818569755,0.0027402329227048275
芹菜,volume,wind_speed,日最大风速,14,0.21979187500796804,0.05922034206052613,0.10372000456933683,0.33586374544659925,0.00020609550170765697,1400,0.00824382006830628,0.0027402329227048275
芹菜,volume,radiation,短波辐射,0,-0.07633678173917961,0.1189049978064894,-0.30939057743989884,0.1567170139615396,0.520874421749873,1410,0.9997788117577607,0.7854190260745624
芹菜,volume,radiation,短波辐射,1,-0.0693484795583339,0.11678470121922956,-0.2982464939480238,0.15954953483135603,0.5526360145130229,1409,0.9997788117577607,0.7854190260745624
芹菜,volume,radiation,短波辐射,2,-0.04820842578556617,0.11714924757874098,-0.27782095103989846,0.18140409946876615,0.6806964892646208,1409,0.9997788117577607,0.7854190260745624
芹菜,volume,radiation,短波辐射,3,-0.06625188908866697,0.11855070081003947,-0.2986112626763443,0.1661074844990104,0.5762650745508429,1409,0.9997788117577607,0.7854190260745624
芹菜,volume,radiation,短波辐射,4,-0.08955772521501539,0.11714308624311603,-0.3191581742515228,0.14004272382149202,0.4445600013911549,1408,0.9997788117577607,0.7854190260745624
芹菜,volume,radiation,短波辐射,5,-0.09373489438513372,0.117770530993524,-0.3245651351324408,0.13709534636217333,0.4260836028756526,1407,0.9997788117577607,0.7854190260745624
芹菜,volume,radiation,短波辐射,6,-0.07901360419814724,0.12082640809786784,-0.3158333640699682,0.1578061556736737,0.5131484204304098,1406,0.9997788117577607,0.7854190260745624
芹菜,volume,radiation,短波辐射,7,-0.07831875024945223,0.11415472951136914,-0.3020620200917358,0.1454245195928313,0.49266557074632933,1405,0.9997788117577607,0.7854190260745624
芹菜,volume,radiation,短波辐射,8,-0.06323396711947768,0.11327321429170764,-0.2852494671312247,0.1587815328922693,0.5766785331624791,1404,0.9997788117577607,0.7854190260745624
芹菜,volume,radiation,短波辐射,9,-0.033301433361757414,0.11336674468731954,-0.2555002529489037,0.18889738622538887,0.7689492672395655,1404,0.9997788117577607,0.8010651248769995
芹菜,volume,radiation,短波辐射,10,-0.02854026318291496,0.11326900442887558,-0.2505475118635111,0.19346698549768115,0.8010651248769995,1404,0.9997788117577607,0.8010651248769995
芹菜,volume,radiation,短波辐射,11,-0.06734536758259327,0.11354907640218216,-0.2899015573308703,0.15521082216568377,0.5531177054426698,1403,0.9997788117577607,0.7854190260745624
芹菜,volume,radiation,短波辐射,12,-0.05830314025020368,0.11547405260997165,-0.2846322833657481,0.16802600286534075,0.6136273035162157,1402,0.9997788117577607,0.7854190260745624
芹菜,volume,radiation,短波辐射,13,-0.05117438321336357,0.11571133669541947,-0.2779686031363857,0.17561983670965858,0.6583017764194472,1401,0.9997788117577607,0.7854190260745624
芹菜,volume,radiation,短波辐射,14,-0.06227747970478762,0.11110599066676402,-0.2800452214116451,0.15549026200206986,0.5751226547993814,1400,0.9997788117577607,0.7854190260745624
芹菜,volume,et0,参考蒸散ET0,0,-0.017037653547513402,0.12328385314436482,-0.25867400571046845,0.22459869861544166,0.8900834766458713,1410,0.9997788117577607,0.9852236606912926
芹菜,volume,et0,参考蒸散ET0,1,-0.011691042218334672,0.12362718866982936,-0.2540003320112002,0.23061824757453087,0.9246588276188167,1409,0.9997788117577607,0.9852236606912926
芹菜,volume,et0,参考蒸散ET0,2,-0.00259619546058156,0.12293404489726405,-0.2435469234592191,0.23835453253805597,0.9831510440449442,1409,0.9997788117577607,0.9852236606912926
芹菜,volume,et0,参考蒸散ET0,3,-0.030058997052844316,0.12461982551991137,-0.27431385507187056,0.21419586096618196,0.8093957878489438,1409,0.9997788117577607,0.9852236606912926
芹菜,volume,et0,参考蒸散ET0,4,-0.04493945475861308,0.1225482941819629,-0.28513411135526034,0.19525520183803421,0.7138367478691225,1408,0.9997788117577607,0.9852236606912926
芹菜,volume,et0,参考蒸散ET0,5,-0.03724264462738518,0.11952802314251618,-0.2715175699867169,0.1970322807319465,0.7553590796769757,1407,0.9997788117577607,0.9852236606912926
芹菜,volume,et0,参考蒸散ET0,6,-0.017813536523073086,0.11875011308690117,-0.2505637581733994,0.21493668512725322,0.8807578414537117,1406,0.9997788117577607,0.9852236606912926
芹菜,volume,et0,参考蒸散ET0,7,-0.018094420703748504,0.11722959077943491,-0.24786441863144093,0.21167557722394392,0.8773335509237271,1405,0.9997788117577607,0.9852236606912926
芹菜,volume,et0,参考蒸散ET0,8,-0.002193345907168777,0.11842830342102631,-0.23431282061238035,0.2299261287980428,0.9852236606912926,1404,0.9997788117577607,0.9852236606912926
芹菜,volume,et0,参考蒸散ET0,9,0.014223447893173927,0.11904030778697144,-0.2190955553692901,0.24754245115563794,0.9048916774092105,1404,0.9997788117577607,0.9852236606912926
芹菜,volume,et0,参考蒸散ET0,10,-0.009660945187464168,0.12017635210318212,-0.2452065953097011,0.22588470493477278,0.9359272901791612,1404,0.9997788117577607,0.9852236606912926
芹菜,volume,et0,参考蒸散ET0,11,-0.02700472147440156,0.11734685352046946,-0.2570045543745217,0.20299511142571858,0.8179928060290848,1403,0.9997788117577607,0.9852236606912926
芹菜,volume,et0,参考蒸散ET0,12,-0.014149595535041028,0.11440846403673946,-0.23839018504705037,0.21009099397696832,0.9015717157467493,1402,0.9997788117577607,0.9852236606912926
芹菜,volume,et0,参考蒸散ET0,13,-0.004833403065952438,0.1116902442244059,-0.22374628174578803,0.21407947561388313,0.9654822643664479,1401,0.9997788117577607,0.9852236606912926
芹菜,volume,et0,参考蒸散ET0,14,-0.01621391694718723,0.10904437408129705,-0.22994089014652946,0.19751305625215498,0.8817974638235353,1400,0.9997788117577607,0.9852236606912926
芹菜,volume,dew_point,露点温度,0,-0.04217079131889018,0.11921835877778726,-0.2758387745233532,0.19149719188557285,0.723543241376668,1410,0.9997788117577607,0.7752249014750016
芹菜,volume,dew_point,露点温度,1,-0.054083537211347635,0.11855609441030757,-0.28645348225555045,0.1782864078328552,0.6482567975878788,1409,0.9997788117577607,0.7752249014750016
芹菜,volume,dew_point,露点温度,2,-0.05203674128913733,0.11669515018932484,-0.28075923566021405,0.17668575308193937,0.6556547876393692,1409,0.9997788117577607,0.7752249014750016
芹菜,volume,dew_point,露点温度,3,-0.044805549937329936,0.11667342805602725,-0.2734854689271433,0.18387436905248347,0.7009596849127413,1409,0.9997788117577607,0.7752249014750016
芹菜,volume,dew_point,露点温度,4,-0.029044609228084762,0.11541076534899011,-0.2552497093121054,0.19716049085593584,0.8013016267714469,1408,0.9997788117577607,0.8013016267714469
芹菜,volume,dew_point,露点温度,5,-0.04447791398470184,0.11790465786699375,-0.27557104340400956,0.1866152154346059,0.7059980244136161,1407,0.9997788117577607,0.7752249014750016
芹菜,volume,dew_point,露点温度,6,-0.05142367877642079,0.11718368378343245,-0.2811036989919484,0.17825634143910682,0.6607849508132089,1406,0.9997788117577607,0.7752249014750016
芹菜,volume,dew_point,露点温度,7,-0.05468842583030057,0.11774791683597714,-0.2854743428288158,0.17609749116821463,0.6423229054176387,1405,0.9997788117577607,0.7752249014750016
芹菜,volume,dew_point,露点温度,8,-0.055028073390866204,0.1185774746465881,-0.2874399236981789,0.17738377691644647,0.6425986535241308,1404,0.9997788117577607,0.7752249014750016
芹菜,volume,dew_point,露点温度,9,-0.059635864584297746,0.11794035876397146,-0.2907989677616818,0.17152723859308633,0.6131064097883578,1404,0.9997788117577607,0.7752249014750016
芹菜,volume,dew_point,露点温度,10,-0.047951225101415654,0.11463154023129414,-0.2726290439547522,0.17672659375192085,0.6757223572788675,1404,0.9997788117577607,0.7752249014750016
芹菜,volume,dew_point,露点温度,11,-0.043585889158403,0.11465861523362755,-0.268316775016313,0.181144996699507,0.703844322791257,1403,0.9997788117577607,0.7752249014750016
芹菜,volume,dew_point,露点温度,12,-0.055782414197367715,0.11619147829814976,-0.2835177116617412,0.1719528832670058,0.6311631086101723,1402,0.9997788117577607,0.7752249014750016
芹菜,volume,dew_point,露点温度,13,-0.05721157670450637,0.11489073404068956,-0.2823974154242579,0.16797426201524518,0.618508635949383,1401,0.9997788117577607,0.7752249014750016
芹菜,volume,dew_point,露点温度,14,-0.04402775639052349,0.11093780854417895,-0.26146586113711423,0.17341034835606722,0.6914642032405869,1400,0.9997788117577607,0.7752249014750016
芹菜,volume,pressure_msl,海平面气压,0,0.10010699093137797,0.11427965551965656,-0.1238811338871489,0.32409511574990485,0.38103948754989225,1410,0.9997788117577607,0.6695047594028668
芹菜,volume,pressure_msl,海平面气压,1,0.11023914784660868,0.11578694857118162,-0.11670327135290728,0.3371815670461247,0.34105330228199726,1409,0.9997788117577607,0.6695047594028668
芹菜,volume,pressure_msl,海平面气压,2,0.09142741602874016,0.11404591343842164,-0.13210257431056627,0.3149574063680466,0.42274271407095887,1409,0.9997788117577607,0.6695047594028668
芹菜,volume,pressure_msl,海平面气压,3,0.0822839043386436,0.11563930958668425,-0.14436914245125754,0.30893695112854475,0.4767394416166939,1409,0.9997788117577607,0.6695047594028668
芹菜,volume,pressure_msl,海平面气压,4,0.07636703900556602,0.1158598305269543,-0.1507182288272644,0.3034523068383964,0.5098103589487812,1408,0.9997788117577607,0.6695047594028668
芹菜,volume,pressure_msl,海平面气压,5,0.08490696318358808,0.1182885303695698,-0.1469385563407687,0.31675248270794487,0.4728834489936782,1407,0.9997788117577607,0.6695047594028668
芹菜,volume,pressure_msl,海平面气压,6,0.06968334011615074,0.11760611608691657,-0.16082464741420574,0.30019132764650724,0.5535060510868381,1406,0.9997788117577607,0.6695047594028668
芹菜,volume,pressure_msl,海平面气压,7,0.07036689241989663,0.11735224508102429,-0.15964350793891097,0.30037729277870423,0.548758724222741,1405,0.9997788117577607,0.6695047594028668
芹菜,volume,pressure_msl,海平面气压,8,0.07520052208323508,0.11682375104288849,-0.15377402996082634,0.3041750741272965,0.5197640298814277,1404,0.9997788117577607,0.6695047594028668
芹菜,volume,pressure_msl,海平面气压,9,0.07962316963209042,0.11608384845287956,-0.14790117333555353,0.30714751259973433,0.4927693361061485,1404,0.9997788117577607,0.6695047594028668
芹菜,volume,pressure_msl,海平面气压,10,0.06026121835122811,0.11660122928389666,-0.16827719104520933,0.28879962774766554,0.6052855831417348,1404,0.9997788117577607,0.6695047594028668
芹菜,volume,pressure_msl,海平面气压,11,0.05021481531751104,0.1182953447892092,-0.18164406046933898,0.2820736911043611,0.6712108117791539,1403,0.9997788117577607,0.6712108117791539
芹菜,volume,pressure_msl,海平面气压,12,0.06564900031903703,0.12111028117616376,-0.17172715078624395,0.303025151424318,0.5877773932386987,1402,0.9997788117577607,0.6695047594028668
芹菜,volume,pressure_msl,海平面气压,13,0.06438431220926828,0.11841212593494384,-0.16770345462322162,0.2964720790417582,0.586626779443562,1401,0.9997788117577607,0.6695047594028668
芹菜,volume,pressure_msl,海平面气压,14,0.05637276375493315,0.11529152018743531,-0.16959861581244007,0.28234414332230634,0.624871108776009,1400,0.9997788117577607,0.6695047594028668
芹菜,volume,cloud_cover,云量,0,-0.04031443874146768,0.05579154091498442,-0.14966585893483714,0.06903698145190179,0.4699314922040949,1410,0.9997788117577607,0.9489921802856605
芹菜,volume,cloud_cover,云量,1,-0.06712213181119804,0.058900821149627275,-0.1825677412644675,0.048323477642071413,0.2544617882917293,1409,0.9997788117577607,0.9489921802856605
芹菜,volume,cloud_cover,云量,2,-0.09261946804222337,0.06067116862028502,-0.21153495853798202,0.026296022453535267,0.12686517398329789,1409,0.9997788117577607,0.9489921802856605
芹菜,volume,cloud_cover,云量,3,-0.0550730887470821,0.06073178331784418,-0.17410738405005668,0.06396120655589249,0.3644994401072531,1409,0.9997788117577607,0.9489921802856605
芹菜,volume,cloud_cover,云量,4,-0.010254458708866552,0.05885696365003313,-0.12561410746293147,0.10510519004519837,0.8616872473167229,1408,0.9997788117577607,0.9489921802856605
芹菜,volume,cloud_cover,云量,5,0.016215411619046723,0.06271266575853682,-0.10670141326768542,0.13913223650577888,0.795969522770237,1407,0.9997788117577607,0.9489921802856605
芹菜,volume,cloud_cover,云量,6,-0.003882891002729741,0.06069631968874471,-0.12284767759266937,0.11508189558720988,0.9489921802856605,1406,0.9997788117577607,0.9489921802856605
芹菜,volume,cloud_cover,云量,7,-0.010695243115102223,0.06091615409078895,-0.13009090513304858,0.10870041890284413,0.860629271328198,1405,0.9997788117577607,0.9489921802856605
芹菜,volume,cloud_cover,云量,8,-0.03345954922008763,0.06020346492806329,-0.15145834047909168,0.08453924203891641,0.5783650356599841,1404,0.9997788117577607,0.9489921802856605
芹菜,volume,cloud_cover,云量,9,-0.07256042088780573,0.058975996678317565,-0.18815337437730817,0.04303253260169669,0.21857048965221038,1404,0.9997788117577607,0.9489921802856605
芹菜,volume,cloud_cover,云量,10,-0.10036398808419508,0.06020195001808506,-0.21835981011964178,0.017631833951251633,0.09549017228791064,1404,0.9997788117577607,0.9489921802856605
芹菜,volume,cloud_cover,云量,11,-0.028780652294743303,0.062133701424664095,-0.1505627070870849,0.09300140249759832,0.6432173042964838,1403,0.9997788117577607,0.9489921802856605
芹菜,volume,cloud_cover,云量,12,-0.016788811366225502,0.06058457304058453,-0.1355345745257712,0.10195695179332018,0.7816928511017905,1402,0.9997788117577607,0.9489921802856605
芹菜,volume,cloud_cover,云量,13,-0.02789319850721866,0.0640437438066224,-0.15341893636819856,0.09763253935376123,0.6631751986773962,1401,0.9997788117577607,0.9489921802856605
芹菜,volume,cloud_cover,云量,14,0.00841595225031423,0.06121034000451863,-0.11155631415854228,0.12838821865917074,0.8906416551637292,1400,0.9997788117577607,0.9489921802856605
芹菜,volume,temp_mean,日平均气温,0,-0.028442927388370086,0.13062446932018623,-0.28446688725593505,0.2275810324791949,0.8276271895374335,1410,0.9997788117577607,0.8276271895374335
芹菜,volume,temp_mean,日平均气温,1,-0.03429272021965922,0.13022235811285696,-0.2895285421208589,0.2209431016815404,0.7922887422995899,1409,0.9997788117577607,0.8276271895374335
芹菜,volume,temp_mean,日平均气温,2,-0.03399586223391961,0.12848699332145624,-0.2858303691439738,0.21783864467613462,0.7913283905604124,1409,0.9997788117577607,0.8276271895374335
芹菜,volume,temp_mean,日平均气温,3,-0.04214819338713165,0.12818024215862928,-0.29338146801804504,0.20908508124378172,0.7422919446828964,1409,0.9997788117577607,0.8276271895374335
芹菜,volume,temp_mean,日平均气温,4,-0.03496032382369878,0.12554464685666658,-0.2810278316627653,0.2111071840153677,0.7806521657594766,1408,0.9997788117577607,0.8276271895374335
芹菜,volume,temp_mean,日平均气温,5,-0.03769248346024627,0.12493919498429625,-0.2825733056294669,0.20718833870897435,0.7628909688994847,1407,0.9997788117577607,0.8276271895374335
芹菜,volume,temp_mean,日平均气温,6,-0.035683616004757564,0.12395711514372326,-0.27863956168645515,0.20727232967694004,0.7734457499445075,1406,0.9997788117577607,0.8276271895374335
芹菜,volume,temp_mean,日平均气温,7,-0.03666452468449546,0.12435622887943903,-0.2804027332881959,0.20707368391920503,0.7681201987594712,1405,0.9997788117577607,0.8276271895374335
芹菜,volume,temp_mean,日平均气温,8,-0.03037026828567843,0.1250645479105393,-0.27549678219033547,0.2147562456189786,0.8081318655550809,1404,0.9997788117577607,0.8276271895374335
芹菜,volume,temp_mean,日平均气温,9,-0.0361278860893051,0.12448771618658037,-0.2801238098150026,0.20786803763639244,0.7716537061475999,1404,0.9997788117577607,0.8276271895374335
芹菜,volume,temp_mean,日平均气温,10,-0.04251972303862636,0.12151648658626994,-0.2806920367477155,0.19565259067046273,0.7264069261863382,1404,0.9997788117577607,0.8276271895374335
芹菜,volume,temp_mean,日平均气温,11,-0.04029215623110072,0.11929962848702641,-0.27411942806567247,0.19353511560347103,0.7355597620935477,1403,0.9997788117577607,0.8276271895374335
芹菜,volume,temp_mean,日平均气温,12,-0.04288294552418546,0.11791735438621061,-0.27400096012115827,0.18823506907278734,0.7161048201603741,1402,0.9997788117577607,0.8276271895374335
芹菜,volume,temp_mean,日平均气温,13,-0.04222071397511819,0.11578729822059129,-0.2691638184874771,0.18472239053724077,0.715379935687007,1401,0.9997788117577607,0.8276271895374335
芹菜,volume,temp_mean,日平均气温,14,-0.03574262234465533,0.11355629234141768,-0.25831295533383397,0.1868277106445233,0.7529462664959996,1400,0.9997788117577607,0.8276271895374335
茄子,price,humidity,相对湿度,0,0.025730002804071686,0.07917635358529618,-0.12945565022310884,0.1809156558312522,0.7452031730614497,1410,0.9997788117577607,0.7452031730614497
茄子,price,humidity,相对湿度,1,0.027673342058667713,0.08189472722953374,-0.13284032331121842,0.18818700742855382,0.7354282988514708,1409,0.9997788117577607,0.7452031730614497
茄子,price,humidity,相对湿度,2,0.02819426042248685,0.07962055305894176,-0.127862023573039,0.1842505444180127,0.7232580822559328,1409,0.9997788117577607,0.7452031730614497
茄子,price,humidity,相对湿度,3,0.03107341941035223,0.07758161484510041,-0.12098654568604457,0.18313338450674904,0.6887694644215054,1409,0.9997788117577607,0.7452031730614497
茄子,price,humidity,相对湿度,4,0.03541724659814718,0.0775116029922249,-0.1165054952666136,0.18733998846290797,0.6477225670991946,1408,0.9997788117577607,0.7452031730614497
茄子,price,humidity,相对湿度,5,0.04268618764567415,0.0779186637396162,-0.11003439328397359,0.1954067685753219,0.583808583615615,1407,0.9997788117577607,0.7452031730614497
茄子,price,humidity,相对湿度,6,0.055377000957440595,0.07774815187083979,-0.09700937670940539,0.20776337862428657,0.4763029740013742,1406,0.9997788117577607,0.7452031730614497
茄子,price,humidity,相对湿度,7,0.05965526378572777,0.08023861643866285,-0.09761242443405141,0.21692295200550696,0.4571952196255933,1405,0.9997788117577607,0.7452031730614497
茄子,price,humidity,相对湿度,8,0.047535881351941194,0.08054099099858171,-0.11032446100527896,0.20539622370916136,0.5550516743249286,1404,0.9997788117577607,0.7452031730614497
茄子,price,humidity,相对湿度,9,0.04360786588263942,0.07776041983933824,-0.1088025570024635,0.19601828876774235,0.574935443542679,1404,0.9997788117577607,0.7452031730614497
茄子,price,humidity,相对湿度,10,0.051547582647650185,0.07612246176250367,-0.097652442406857,0.20074760770215738,0.4983003063646977,1404,0.9997788117577607,0.7452031730614497
茄子,price,humidity,相对湿度,11,0.06403770558226508,0.07545118293878524,-0.08384661297775396,0.21192202414228412,0.3960313786111411,1403,0.9997788117577607,0.7452031730614497
茄子,price,humidity,相对湿度,12,0.07066473448917228,0.07530171645762064,-0.07692662976776417,0.21825609874610874,0.3480279450523619,1402,0.9997788117577607,0.7452031730614497
茄子,price,humidity,相对湿度,13,0.056768652517384006,0.07783740325834658,-0.09579265786897528,0.20932996290374328,0.4658037601780475,1401,0.9997788117577607,0.7452031730614497
茄子,price,humidity,相对湿度,14,0.05332925641500564,0.07879602040709681,-0.10111094358290412,0.2077694564129154,0.49853197388095993,1400,0.9997788117577607,0.7452031730614497
茄子,price,wind_speed,日最大风速,0,0.09692179246286559,0.0656410196615701,-0.031734606073811816,0.225578190999543,0.13979816279571755,1410,0.9997788117577607,0.2816852648719233
茄子,price,wind_speed,日最大风速,1,0.1207880332719527,0.07035454854500876,-0.017106881876264468,0.25868294842016987,0.0860070329828008,1409,0.9997788117577607,0.2816852648719233
茄子,price,wind_speed,日最大风速,2,0.11178426667128197,0.0712200174551656,-0.02780696754084261,0.25137550088340654,0.11651693490776177,1409,0.9997788117577607,0.2816852648719233
茄子,price,wind_speed,日最大风速,3,0.1089379813301882,0.06886942309381852,-0.026046087933696088,0.2439220505940725,0.11369414784497382,1409,0.9997788117577607,0.2816852648719233
茄子,price,wind_speed,日最大风速,4,0.09617864012079852,0.0647819270627919,-0.030793936922273613,0.22315121716387065,0.13763594081037103,1408,0.9997788117577607,0.2816852648719233
茄子,price,wind_speed,日最大风速,5,0.075872375080512,0.06107522769870807,-0.043835071208955814,0.1955798213699798,0.21413423075728644,1407,0.9997788117577607,0.29200122375993603
茄子,price,wind_speed,日最大风速,6,0.07790866444304911,0.05664485894972925,-0.033115259098420224,0.18893258798451845,0.169011158923154,1406,0.9997788117577607,0.2816852648719233
茄子,price,wind_speed,日最大风速,7,0.07190557397604647,0.0623735677916147,-0.05034661889551835,0.19415776684761127,0.248983763104203,1405,0.9997788117577607,0.3112297038802538
茄子,price,wind_speed,日最大风速,8,0.09094991570365098,0.06560479139503707,-0.037635475430621665,0.2195353068379236,0.16564604283489637,1404,0.9997788117577607,0.2816852648719233
茄子,price,wind_speed,日最大风速,9,0.0951986478122551,0.0642252515521277,-0.030682845229915212,0.2210801408544254,0.1382706034938736,1404,0.9997788117577607,0.2816852648719233
茄子,price,wind_speed,日最大风速,10,0.09172454149229375,0.06322941803776995,-0.03220511786173534,0.21565420084632286,0.14687388073309532,1404,0.9997788117577607,0.2816852648719233
茄子,price,wind_speed,日最大风速,11,0.07458433681103113,0.05920470098197577,-0.04145687711364138,0.19062555073570364,0.20775215816159986,1403,0.9997788117577607,0.29200122375993603
茄子,price,wind_speed,日最大风速,12,0.05796911662177207,0.05913629473342588,-0.05793802105574266,0.1738762542992868,0.3269563558400522,1402,0.9997788117577607,0.35031038125719877
茄子,price,wind_speed,日最大风速,13,0.05035299581578771,0.056462691496549235,-0.06031387951744878,0.16101987114902422,0.37250424780275737,1401,0.9997788117577607,0.37250424780275737
茄子,price,wind_speed,日最大风速,14,0.059476583551120864,0.05850811661883631,-0.0551993250217983,0.17415249212404002,0.30936626824214464,1400,0.9997788117577607,0.35031038125719877
茄子,price,radiation,短波辐射,0,-0.003252530658477624,0.08318387988470528,-0.1662929352325,0.15978787391554472,0.9688102684380282,1410,0.9997788117577607,0.996929394968554
茄子,price,radiation,短波辐射,1,-0.008439742869855552,0.0842137855164421,-0.17349876248208204,0.15661927674237094,0.9201712021666207,1409,0.9997788117577607,0.996929394968554
茄子,price,radiation,短波辐射,2,-0.00528473907674021,0.08352933450338307,-0.16900223470337103,0.1584327565498906,0.9495530479824006,1409,0.9997788117577607,0.996929394968554
茄子,price,radiation,短波辐射,3,0.0003155929123165053,0.08200536639997592,-0.1604149252316363,0.16104611105626931,0.996929394968554,1409,0.9997788117577607,0.996929394968554
茄子,price,radiation,短波辐射,4,-0.00453265413717178,0.08056018261020438,-0.16243061205317236,0.15336530377882882,0.9551313387808843,1408,0.9997788117577607,0.996929394968554
茄子,price,radiation,短波辐射,5,-0.008791643859202905,0.0825043028513826,-0.1705000774479128,0.152916789729507,0.9151381941148228,1407,0.9997788117577607,0.996929394968554
茄子,price,radiation,短波辐射,6,-0.03269525600502691,0.08261287833166858,-0.19461649753509733,0.12922598552504352,0.6922786650512736,1406,0.9997788117577607,0.996929394968554
茄子,price,radiation,短波辐射,7,-0.04189218730319942,0.0803279118503179,-0.1993348945298225,0.11555051992342368,0.602008264010055,1405,0.9997788117577607,0.996929394968554
茄子,price,radiation,短波辐射,8,-0.04041095617484902,0.07894279648159082,-0.19513883727876702,0.11431692492906897,0.6087197688530125,1404,0.9997788117577607,0.996929394968554
茄子,price,radiation,短波辐射,9,-0.0333463645368786,0.07831953001575163,-0.18685264336775181,0.1201599142939946,0.6702730462713478,1404,0.9997788117577607,0.996929394968554
茄子,price,radiation,短波辐射,10,-0.02632831258673715,0.07696470169166185,-0.17717912790239437,0.12452250272892007,0.7322884644413876,1404,0.9997788117577607,0.996929394968554
茄子,price,radiation,短波辐射,11,-0.03427598403866532,0.07615550311266438,-0.1835407701394875,0.11498880206215684,0.652653560194687,1403,0.9997788117577607,0.996929394968554
茄子,price,radiation,短波辐射,12,-0.03856653636050597,0.079580582021501,-0.19454447712264794,0.117411404401636,0.6279441881735393,1402,0.9997788117577607,0.996929394968554
茄子,price,radiation,短波辐射,13,-0.048968489496656525,0.07947649098220344,-0.20474241182177527,0.10680543282846222,0.5378034166544166,1401,0.9997788117577607,0.996929394968554
茄子,price,radiation,短波辐射,14,-0.05335760374057915,0.07716905649459826,-0.20460895446999175,0.09789374698883344,0.4892904474760932,1400,0.9997788117577607,0.996929394968554
茄子,price,et0,参考蒸散ET0,0,-0.021929066255287254,0.08211388533936548,-0.1828722815204436,0.13901414900986908,0.7894254772790654,1410,0.9997788117577607,0.9129253715468747
茄子,price,et0,参考蒸散ET0,1,-0.018705890210042132,0.08315523229378356,-0.1816901455058579,0.14427836508577366,0.8220170423117488,1409,0.9997788117577607,0.9129253715468747
茄子,price,et0,参考蒸散ET0,2,-0.012136041787242566,0.08274425185035413,-0.17431477541393664,0.15004269183945151,0.8833930487904548,1409,0.9997788117577607,0.9129253715468747
茄子,price,et0,参考蒸散ET0,3,-0.009009467214382004,0.0823915613316674,-0.1704969274244501,0.1524779929956861,0.9129253715468747,1409,0.9997788117577607,0.9129253715468747
茄子,price,et0,参考蒸散ET0,4,-0.02392022880396079,0.081704376989928,-0.18406080770421968,0.13622035009629807,0.7697013440221453,1408,0.9997788117577607,0.9129253715468747
茄子,price,et0,参考蒸散ET0,5,-0.03417074493465991,0.08145847304089943,-0.19382935209482277,0.12548786222550296,0.6748604827042313,1407,0.9997788117577607,0.9129253715468747
茄子,price,et0,参考蒸散ET0,6,-0.04712900934930633,0.0799934254206008,-0.2039161231736839,0.10965810447507124,0.5557532526585454,1406,0.9997788117577607,0.9129253715468747
茄子,price,et0,参考蒸散ET0,7,-0.05722288816882283,0.0791778091222549,-0.21241139404844245,0.09796561771079677,0.4698557908467419,1405,0.9997788117577607,0.9129253715468747
茄子,price,et0,参考蒸散ET0,8,-0.0496381402887405,0.07983669537859782,-0.20611806323079224,0.10684178265331123,0.5341089461766135,1404,0.9997788117577607,0.9129253715468747
茄子,price,et0,参考蒸散ET0,9,-0.040122720121522105,0.08019169762435133,-0.1972984474652507,0.11705300722220649,0.6168391511920048,1404,0.9997788117577607,0.9129253715468747
茄子,price,et0,参考蒸散ET0,10,-0.035830358294255044,0.08105034540253903,-0.19468903528323153,0.12302831869472144,0.658434694766422,1404,0.9997788117577607,0.9129253715468747
茄子,price,et0,参考蒸散ET0,11,-0.045288054554662296,0.07987961925773265,-0.2018521082998183,0.1112759991904937,0.5707455631675009,1403,0.9997788117577607,0.9129253715468747
茄子,price,et0,参考蒸散ET0,12,-0.05404776946401948,0.08026603166449638,-0.21136919152643238,0.10327365259839341,0.5007196021468607,1402,0.9997788117577607,0.9129253715468747
茄子,price,et0,参考蒸散ET0,13,-0.06160142299489321,0.07902423697134456,-0.21648892745872855,0.09328608146894213,0.4356701093822235,1401,0.9997788117577607,0.9129253715468747
茄子,price,et0,参考蒸散ET0,14,-0.06401895721431475,0.07796791401563871,-0.21683606868496663,0.08879815425633714,0.4115929405322325,1400,0.9997788117577607,0.9129253715468747
茄子,price,dew_point,露点温度,0,-0.0018272087191816035,0.09336472628630095,-0.18482207224033145,0.18116765480196825,0.9843858743610755,1410,0.9997788117577607,0.9997788117577608
茄子,price,dew_point,露点温度,1,-0.0005686513177408977,0.09355367473153148,-0.1839338537915426,0.1827965511560608,0.9951502138813982,1409,0.9997788117577607,0.9997788117577608
茄子,price,dew_point,露点温度,2,0.0005515902589327028,0.09262713077833347,-0.1809975860666009,0.1821007665844663,0.9952486626037447,1409,0.9997788117577607,0.9997788117577608
茄子,price,dew_point,露点温度,3,0.0006526212461155229,0.09234046961330987,-0.18033469919597184,0.18163994168820286,0.9943609548061779,1409,0.9997788117577607,0.9997788117577608
茄子,price,dew_point,露点温度,4,-0.0033880331321758817,0.09333200038679244,-0.18631875389028907,0.17954268762593728,0.9710424535109122,1408,0.9997788117577607,0.9997788117577608
茄子,price,dew_point,露点温度,5,-0.004806120494224506,0.09447167939070861,-0.18997061210001337,0.1803583711115644,0.9594261912469438,1407,0.9997788117577607,0.9997788117577608
茄子,price,dew_point,露点温度,6,-0.0019342763644142405,0.09438153399439361,-0.18692208299342572,0.18305353026459725,0.983649119138756,1406,0.9997788117577607,0.9997788117577608
茄子,price,dew_point,露点温度,7,-0.0040721536854525925,0.09511311586069293,-0.19049386077241076,0.18234955340150555,0.9658499652320983,1405,0.9997788117577607,0.9997788117577608
茄子,price,dew_point,露点温度,8,-0.004967951088823501,0.09629178189091168,-0.1936998435950104,0.1837639414173634,0.9588532520949693,1404,0.9997788117577607,0.9997788117577608
茄子,price,dew_point,露点温度,9,-0.004121745581166528,0.09568558916001577,-0.1916655003347974,0.18342200917246437,0.9656410078914053,1404,0.9997788117577607,0.9997788117577608
茄子,price,dew_point,露点温度,10,-0.0010184990638483458,0.094906796256438,-0.18703581972646682,0.18499882159877012,0.9914376091881455,1404,0.9997788117577607,0.9997788117577608
茄子,price,dew_point,露点温度,11,0.0018953803774749353,0.0954922210851501,-0.18526937294941925,0.18906013370436914,0.9841642027969867,1403,0.9997788117577607,0.9997788117577608
茄子,price,dew_point,露点温度,12,-2.6537629830722387e-05,0.09572825678565218,-0.187653920929709,0.18760084567004753,0.9997788117577608,1402,0.9997788117577607,0.9997788117577608
茄子,price,dew_point,露点温度,13,-0.009900548456993837,0.09676269889390222,-0.1995554382890422,0.17975434137505453,0.9185044108232817,1401,0.9997788117577607,0.9997788117577608
茄子,price,dew_point,露点温度,14,-0.011458519342508335,0.09730300294377145,-0.20217240511230036,0.1792553664272837,0.9062568657294106,1400,0.9997788117577607,0.9997788117577608
茄子,price,pressure_msl,海平面气压,0,0.005311336918653438,0.08010083646888135,-0.151686302560354,0.16230897639766087,0.9471325082730897,1410,0.9997788117577607,0.9965770592318568
茄子,price,pressure_msl,海平面气压,1,0.005759095133469341,0.08015294621425074,-0.15134067944646212,0.1628588697134008,0.9427202294222061,1409,0.9997788117577607,0.9965770592318568
茄子,price,pressure_msl,海平面气压,2,0.0032094735343323293,0.07896284543209897,-0.15155770351258166,0.1579766505812463,0.9675786193884757,1409,0.9997788117577607,0.9965770592318568
茄子,price,pressure_msl,海平面气压,3,-0.0003369637954710432,0.0785457311342833,-0.1542865968186663,0.1536126692277242,0.9965770592318568,1409,0.9997788117577607,0.9965770592318568
茄子,price,pressure_msl,海平面气压,4,0.0005286506989830662,0.07901962008486685,-0.15434980466735596,0.15540710606532207,0.9946620967822739,1408,0.9997788117577607,0.9965770592318568
茄子,price,pressure_msl,海平面气压,5,0.005017917512365678,0.08020310853480636,-0.15218017521585478,0.16221601024058616,0.9501128011898905,1407,0.9997788117577607,0.9965770592318568
茄子,price,pressure_msl,海平面气压,6,0.01225122288296731,0.08186769923340222,-0.14820946761450102,0.17271191338043565,0.8810434402218763,1406,0.9997788117577607,0.9965770592318568
茄子,price,pressure_msl,海平面气压,7,0.03234446599018245,0.08472895272707212,-0.1337242813548789,0.1984132133352438,0.7026539157418692,1405,0.9997788117577607,0.9965770592318568
茄子,price,pressure_msl,海平面气压,8,0.03884231166594037,0.08488999891757835,-0.1275420862125132,0.20522670954439395,0.6472682161926882,1404,0.9997788117577607,0.9965770592318568
茄子,price,pressure_msl,海平面气压,9,0.02964040160377336,0.08273405953780347,-0.13251835509032145,0.19179915829786814,0.7201478681975594,1404,0.9997788117577607,0.9965770592318568
茄子,price,pressure_msl,海平面气压,10,0.015697029793122003,0.08237946671382186,-0.14576672496596882,0.17716078455221285,0.8488817578408391,1404,0.9997788117577607,0.9965770592318568
茄子,price,pressure_msl,海平面气压,11,0.00292389827637658,0.08317960567943544,-0.1601081288553169,0.16595592540807003,0.9719588363150209,1403,0.9997788117577607,0.9965770592318568
茄子,price,pressure_msl,海平面气压,12,0.002086799280666228,0.08409595637130879,-0.162741275207099,0.16691487376843148,0.9802029236679792,1402,0.9997788117577607,0.9965770592318568
茄子,price,pressure_msl,海平面气压,13,0.013554341714798548,0.08610041230437303,-0.15520246640177257,0.18231114983136967,0.8749100555767637,1401,0.9997788117577607,0.9965770592318568
茄子,price,pressure_msl,海平面气压,14,0.026238041758067734,0.08850076159560501,-0.14722345096931808,0.19969953448545355,0.7668692677408997,1400,0.9997788117577607,0.9965770592318568
茄子,price,cloud_cover,云量,0,0.025742508655093345,0.04452834856871033,-0.061533054539578906,0.11301807184976559,0.5631864438449361,1410,0.9997788117577607,0.5631864438449361
茄子,price,cloud_cover,云量,1,0.05236948652403017,0.04369538076474718,-0.033273459774874295,0.13801243282293463,0.2307173238255099,1409,0.9997788117577607,0.3146145324893317
茄子,price,cloud_cover,云量,2,0.06392527680405387,0.04506393033155902,-0.024400026645801806,0.15225058025390953,0.1560312977049882,1409,0.9997788117577607,0.260052162841647
茄子,price,cloud_cover,云量,3,0.041983108618654764,0.04641433599476425,-0.04898898993108317,0.1329552071683927,0.365715013306537,1409,0.9997788117577607,0.4121420552177647
茄子,price,cloud_cover,云量,4,0.04179368542061588,0.048075667856204284,-0.05243462357754452,0.13602199441877627,0.384665918203247,1408,0.9997788117577607,0.4121420552177647
茄子,price,cloud_cover,云量,5,0.05282183827684809,0.04965922105841794,-0.044510234997651076,0.15015391155134725,0.28747078557938666,1407,0.9997788117577607,0.35933848197423335
茄子,price,cloud_cover,云量,6,0.07944145637706747,0.048964352794841945,-0.016528675100822746,0.1754115878549577,0.10471034218913765,1406,0.9997788117577607,0.25268293256249197
茄子,price,cloud_cover,云量,7,0.0721245891914655,0.04612816322977978,-0.018286610738902864,0.16253578912183386,0.11791870186249626,1405,0.9997788117577607,0.25268293256249197
茄子,price,cloud_cover,云量,8,0.09032563916022224,0.0448352443316935,0.00244856027010297,0.1782027180503415,0.04394527726342923,1404,0.9414022362884967,0.25268293256249197
茄子,price,cloud_cover,云量,9,0.08620325984047839,0.045136340465079305,-0.002263967471077058,0.17467048715203382,0.056153613678693315,1404,0.9997788117577607,0.25268293256249197
茄子,price,cloud_cover,云量,10,0.06132679707905786,0.04712622173133125,-0.031040597514351384,0.15369419167246712,0.19314529797033797,1404,0.9997788117577607,0.28971794695550696
茄子,price,cloud_cover,云量,11,0.07226525286626814,0.04857389849538667,-0.022939588184689733,0.167470093917226,0.1368199028049485,1403,0.9997788117577607,0.2565373177592784
茄子,price,cloud_cover,云量,12,0.08463827874905933,0.0485979546847972,-0.010613712433143171,0.17989026993126184,0.08157816998433261,1402,0.9997788117577607,0.25268293256249197
茄子,price,cloud_cover,云量,13,0.0852144342528417,0.05128685591323348,-0.01530780333709593,0.1857366718427793,0.09660789187473849,1401,0.9997788117577607,0.25268293256249197
茄子,price,cloud_cover,云量,14,0.08241719748529094,0.04756143269134158,-0.010803210589738557,0.17563760556032043,0.08312095444851307,1400,0.9997788117577607,0.25268293256249197
茄子,price,temp_mean,日平均气温,0,-0.01122225884271719,0.09560005799339481,-0.19859837250977103,0.17615385482433665,0.9065529308302093,1410,0.9997788117577607,0.9231289454866933
茄子,price,temp_mean,日平均气温,1,-0.009588588493931289,0.09576769333807393,-0.1972932674365562,0.17811609044869361,0.9202463463343241,1409,0.9997788117577607,0.9231289454866933
茄子,price,temp_mean,日平均气温,2,-0.009176567032281521,0.09510074856933531,-0.1955740342281787,0.1772209001636157,0.9231289454866933,1409,0.9997788117577607,0.9231289454866933
茄子,price,temp_mean,日平均气温,3,-0.010674687273966785,0.09471416847134843,-0.1963144574778097,0.17496508292987614,0.9102650488519516,1409,0.9997788117577607,0.9231289454866933
茄子,price,temp_mean,日平均气温,4,-0.01726364419093524,0.0951751241853807,-0.2038068875942814,0.16927959921241093,0.8560628825127168,1408,0.9997788117577607,0.9231289454866933
茄子,price,temp_mean,日平均气温,5,-0.021540487683434927,0.09546506832468113,-0.20865202159980992,0.16557104623294008,0.821483467197993,1407,0.9997788117577607,0.9231289454866933
茄子,price,temp_mean,日平均气温,6,-0.022089151791020962,0.09466771683013528,-0.20763787677808612,0.16345957319604418,0.815502430074725,1406,0.9997788117577607,0.9231289454866933
茄子,price,temp_mean,日平均气温,7,-0.02594390792365806,0.09509833825111007,-0.21233665089583378,0.16044883504851767,0.7849982191482527,1405,0.9997788117577607,0.9231289454866933
茄子,price,temp_mean,日平均气温,8,-0.023664995022341387,0.09657874583770928,-0.21295933686425156,0.1656293468195688,0.8064307579571853,1404,0.9997788117577607,0.9231289454866933
茄子,price,temp_mean,日平均气温,9,-0.0222977176190363,0.09648264649398255,-0.2114037047472421,0.16680826950916952,0.8172324610599604,1404,0.9997788117577607,0.9231289454866933
茄子,price,temp_mean,日平均气温,10,-0.020417781997561234,0.09564949408502073,-0.20789079040420186,0.1670552264090794,0.8309645897035454,1404,0.9997788117577607,0.9231289454866933
茄子,price,temp_mean,日平均气温,11,-0.020596714035631132,0.09587111834944322,-0.2085041060005398,0.16731067792927756,0.8298939931697331,1403,0.9997788117577607,0.9231289454866933
茄子,price,temp_mean,日平均气温,12,-0.025323108484110214,0.09586400822327178,-0.2132165646017229,0.16257034763350248,0.791659267741944,1402,0.9997788117577607,0.9231289454866933
茄子,price,temp_mean,日平均气温,13,-0.03248010539485951,0.09582967715816627,-0.2203062726248654,0.15534606183514638,0.7346581172479285,1401,0.9997788117577607,0.9231289454866933
茄子,price,temp_mean,日平均气温,14,-0.03366948070968189,0.0964903003427372,-0.2227904693814468,0.155451507962083,0.7271331462205435,1400,0.9997788117577607,0.9231289454866933
茄子,volume,humidity,相对湿度,0,-0.09395426836120226,0.10343222371468126,-0.2966814268419775,0.10877289011957302,0.3636851227337019,1410,0.9997788117577607,0.466809094927754
茄子,volume,humidity,相对湿度,1,-0.09577623083258567,0.10640481986545551,-0.3043296777688785,0.11277721610370713,0.3680607725535784,1409,0.9997788117577607,0.466809094927754
茄子,volume,humidity,相对湿度,2,-0.0754678386294837,0.10371010703579926,-0.27873964841965027,0.12780397116068284,0.466809094927754,1409,0.9997788117577607,0.466809094927754
茄子,volume,humidity,相对湿度,3,-0.075360424719272,0.09948367757224423,-0.27034843276087067,0.11962758332232669,0.44874110159972624,1409,0.9997788117577607,0.466809094927754
茄子,volume,humidity,相对湿度,4,-0.07905818769999111,0.10227551441051182,-0.27951819594459426,0.12140182054461206,0.43952692271178306,1408,0.9997788117577607,0.466809094927754
茄子,volume,humidity,相对湿度,5,-0.09521703842278433,0.10430599024745305,-0.2996567793077923,0.10922270246222364,0.361314804780529,1407,0.9997788117577607,0.466809094927754
茄子,volume,humidity,相对湿度,6,-0.0899461427701036,0.10129800440422343,-0.2884902314023815,0.10859794586217433,0.3745751895378009,1406,0.9997788117577607,0.466809094927754
茄子,volume,humidity,相对湿度,7,-0.12007268032247988,0.10129089038607005,-0.3186028254791772,0.07845746483421741,0.23584973845041834,1405,0.9997788117577607,0.466809094927754
茄子,volume,humidity,相对湿度,8,-0.11955565360565329,0.10363906883439608,-0.3226882285210696,0.08357692130976302,0.24867360269930405,1404,0.9997788117577607,0.466809094927754
茄子,volume,humidity,相对湿度,9,-0.1062671354078064,0.1005747927046905,-0.30339372910899975,0.09085945829338697,0.2906950456174596,1404,0.9997788117577607,0.466809094927754
茄子,volume,humidity,相对湿度,10,-0.08820078715760224,0.09608550497018509,-0.276528376899165,0.10012680258396053,0.35864995877358563,1404,0.9997788117577607,0.466809094927754
茄子,volume,humidity,相对湿度,11,-0.09987626248657323,0.09876339448119065,-0.2934525156697069,0.09369999069656045,0.3118881674032753,1403,0.9997788117577607,0.466809094927754
茄子,volume,humidity,相对湿度,12,-0.12437353898231025,0.1026793504297292,-0.3256250658245795,0.07687798785995899,0.22578775524399008,1402,0.9997788117577607,0.466809094927754
茄子,volume,humidity,相对湿度,13,-0.13105912002945094,0.10089110818141178,-0.32880569206501803,0.06668745200611614,0.19393858713868783,1401,0.9997788117577607,0.466809094927754
茄子,volume,humidity,相对湿度,14,-0.11648985845883558,0.09960460991459696,-0.31171489389144563,0.07873517697377447,0.24219307610766116,1400,0.9997788117577607,0.466809094927754
茄子,volume,wind_speed,日最大风速,0,-0.12478453837531214,0.061518299978523726,-0.24536040633321865,-0.0042086704174056355,0.042518082976577574,1410,0.9276672649435107,0.06667959836918787
茄子,volume,wind_speed,日最大风速,1,-0.11677415854251354,0.06727303333503687,-0.2486293038791858,0.015080986794158716,0.08259492566820033,1409,0.9997788117577607,0.08849456321592893
茄子,volume,wind_speed,日最大风速,2,-0.12118433626761183,0.06682577222090025,-0.2521628498205763,0.009794177285352645,0.06976442788517569,1409,0.9997788117577607,0.08049741679058733
茄子,volume,wind_speed,日最大风速,3,-0.1327488861430151,0.06408111992640313,-0.25834788119876523,-0.007149891087264992,0.03830503492758636,1409,0.9102186517446264,0.06667959836918787
茄子,volume,wind_speed,日最大风速,4,-0.12197482515633157,0.05963321687017467,-0.2388559302218739,-0.005093720090789219,0.04081371545415637,1408,0.924084123490333,0.06667959836918787
茄子,volume,wind_speed,日最大风速,5,-0.11203067138075584,0.0579830410166782,-0.22567743177344513,0.0016160890119334276,0.0533436786953503,1407,0.9997788117577607,0.06667959836918787
茄子,volume,wind_speed,日最大风速,6,-0.11055083333023995,0.054426016478150104,-0.21722582562741416,-0.0038758410330657495,0.042233390121227836,1406,0.9276672649435107,0.06667959836918787
茄子,volume,wind_speed,日最大风速,7,-0.13167015789101197,0.05331311366113679,-0.2361638606668401,-0.02717645511518385,0.013520682971768757,1405,0.41075492572462047,0.06667959836918787
茄子,volume,wind_speed,日最大风速,8,-0.1241461600907481,0.05746684043799034,-0.23678116734920915,-0.011511152832287042,0.030748719703767892,1404,0.7850736945642866,0.06667959836918787
茄子,volume,wind_speed,日最大风速,9,-0.11980215627566486,0.06076758454269002,-0.2389066219793373,-0.0006976905719924265,0.048668850439461696,1404,0.9997788117577607,0.06667959836918787
茄子,volume,wind_speed,日最大风速,10,-0.11956872432949685,0.06122101861653207,-0.2395619208178997,0.00042447215890600853,0.05081170857197336,1404,0.9997788117577607,0.06667959836918787
茄子,volume,wind_speed,日最大风速,11,-0.13136815618933687,0.059293261623749566,-0.247582948971886,-0.015153363406787718,0.026721214463405463,1403,0.7047353265073968,0.06667959836918787
茄子,volume,wind_speed,日最大风速,12,-0.12473236927477657,0.06057596465807124,-0.2434612600045962,-0.006003478544956947,0.03948402670754638,1402,0.9200161562923428,0.06667959836918787
茄子,volume,wind_speed,日最大风速,13,-0.113953938977401,0.05666501645474342,-0.2250173712286981,-0.0028905067261038864,0.04432435529191672,1401,0.9414022362884967,0.06667959836918787
茄子,volume,wind_speed,日最大风速,14,-0.09178372674323254,0.05556066886809324,-0.2006826377246953,0.017115184238230205,0.09854371734040265,1400,0.9997788117577607,0.09854371734040265
茄子,volume,radiation,短波辐射,0,0.09916768761039177,0.110448775809106,-0.11731191297545598,0.31564728819623955,0.36925946912184116,1410,0.9997788117577607,0.4940407177126538
茄子,volume,radiation,短波辐射,1,0.10400916445890859,0.1135094818135797,-0.11846941989570761,0.3264877488135248,0.35950759887883377,1409,0.9997788117577607,0.4940407177126538
茄子,volume,radiation,短波辐射,2,0.09770227162041707,0.11460787379236433,-0.12692916101261698,0.32233370425345115,0.39394119314113574,1409,0.9997788117577607,0.4940407177126538
茄子,volume,radiation,短波辐射,3,0.10024052543239954,0.11289451995078054,-0.12103273367113031,0.3215137845359294,0.3745874868043272,1409,0.9997788117577607,0.4940407177126538
茄子,volume,radiation,短波辐射,4,0.08376631603929949,0.11080569069823241,-0.13341283772923604,0.300945469807835,0.4496642713467681,1408,0.9997788117577607,0.4940407177126538
茄子,volume,radiation,短波辐射,5,0.0829008128237568,0.11208150172557696,-0.13677893055837403,0.30258055620588764,0.4595138560221781,1407,0.9997788117577607,0.4940407177126538
茄子,volume,radiation,短波辐射,6,0.0867484784149522,0.1107706552490659,-0.13036200587321697,0.3038589627031214,0.4335473029058772,1406,0.9997788117577607,0.4940407177126538
茄子,volume,radiation,短波辐射,7,0.09840923579507127,0.10682459064424418,-0.11096696186764732,0.30778543345778986,0.3569341789970898,1405,0.9997788117577607,0.4940407177126538
茄子,volume,radiation,短波辐射,8,0.09205977092921253,0.10954766335304401,-0.12265364924275374,0.3067731911011788,0.4007050521344765,1404,0.9997788117577607,0.4940407177126538
茄子,volume,radiation,短波辐射,9,0.08565701533241776,0.10901893502596587,-0.12802009731847533,0.2993341279833108,0.432038758458125,1404,0.9997788117577607,0.4940407177126538
茄子,volume,radiation,短波辐射,10,0.0770730680607005,0.10552993386753419,-0.12976560231966652,0.28391173844106754,0.46518043712261703,1404,0.9997788117577607,0.4940407177126538
茄子,volume,radiation,短波辐射,11,0.0733686532078517,0.1036232666591664,-0.12973294944411445,0.2764702558598178,0.4789249993449689,1403,0.9997788117577607,0.4940407177126538
茄子,volume,radiation,短波辐射,12,0.07387961582191335,0.10743490417147851,-0.13669279635418452,0.2844520279980112,0.4916614645439866,1402,0.9997788117577607,0.4940407177126538
茄子,volume,radiation,短波辐射,13,0.08782124451960274,0.10751671753374718,-0.12291152184654172,0.2985540108857472,0.4140342816403302,1401,0.9997788117577607,0.4940407177126538
茄子,volume,radiation,短波辐射,14,0.07146023380689608,0.10448988378841784,-0.13333993841840286,0.27626040603219504,0.4940407177126538,1400,0.9997788117577607,0.4940407177126538
茄子,volume,et0,参考蒸散ET0,0,0.11052403363857488,0.11375203613847601,-0.1124299571928381,0.33347802446998787,0.3312384027391094,1410,0.9997788117577607,0.6589198176872183
茄子,volume,et0,参考蒸散ET0,1,0.09923512457237328,0.11588952854694551,-0.1279083513796399,0.3263786005243865,0.3918370086314259,1409,0.9997788117577607,0.6589198176872183
茄子,volume,et0,参考蒸散ET0,2,0.09112080874281145,0.11524454048966455,-0.13475849061693107,0.31700010810255397,0.4291345208003532,1409,0.9997788117577607,0.6589198176872183
茄子,volume,et0,参考蒸散ET0,3,0.08524795679222191,0.11456794434606031,-0.1393052141260563,0.3098011277105001,0.45682680683739263,1409,0.9997788117577607,0.6589198176872183
茄子,volume,et0,参考蒸散ET0,4,0.06444709373337151,0.11361558684743718,-0.15823945648760535,0.28713364395434837,0.5705524012486654,1408,0.9997788117577607,0.6589198176872183
茄子,volume,et0,参考蒸散ET0,5,0.06859394052461898,0.11093610249404683,-0.1488408203637128,0.2860287014129508,0.5363648388142602,1407,0.9997788117577607,0.6589198176872183
茄子,volume,et0,参考蒸散ET0,6,0.07545900352922852,0.10922450222878977,-0.13862102083919942,0.28953902789765645,0.48965258218507757,1406,0.9997788117577607,0.6589198176872183
茄子,volume,et0,参考蒸散ET0,7,0.07599851242012626,0.10914513499216996,-0.13792595216452685,0.28992297700477937,0.4862366424842369,1405,0.9997788117577607,0.6589198176872183
茄子,volume,et0,参考蒸散ET0,8,0.062060423825190156,0.11133799816402973,-0.1561620525763081,0.2802829002266884,0.5772503392732711,1404,0.9997788117577607,0.6589198176872183
茄子,volume,et0,参考蒸散ET0,9,0.06286705593338154,0.1110225284938578,-0.15473709991457973,0.2804712117813428,0.571220482589847,1404,0.9997788117577607,0.6589198176872183
茄子,volume,et0,参考蒸散ET0,10,0.05878056853992795,0.11101836224810181,-0.1588154214663516,0.2763765585462075,0.5964814724459853,1404,0.9997788117577607,0.6589198176872183
茄子,volume,et0,参考蒸散ET0,11,0.0480642917233908,0.10888932138831753,-0.16535877819771155,0.26148736164449315,0.6589198176872183,1403,0.9997788117577607,0.6589198176872183
茄子,volume,et0,参考蒸散ET0,12,0.05001088749586523,0.10740580126215862,-0.16050448297796566,0.26052625796969614,0.6414835365269027,1402,0.9997788117577607,0.6589198176872183
茄子,volume,et0,参考蒸散ET0,13,0.06014508925389358,0.10591780898036265,-0.1474538163476172,0.26774399485540434,0.5701389961503227,1401,0.9997788117577607,0.6589198176872183
茄子,volume,et0,参考蒸散ET0,14,0.05026515123441603,0.10531795434861767,-0.1561580392888746,0.25668834175770666,0.6331695247792142,1400,0.9997788117577607,0.6589198176872183
茄子,volume,dew_point,露点温度,0,0.05240865253400381,0.11617908433210969,-0.17530235275693118,0.2801196578249388,0.6519158177348046,1410,0.9997788117577607,0.9991816550794682
茄子,volume,dew_point,露点温度,1,0.0443838518620802,0.11634384907876415,-0.1836500923322975,0.27241779605645794,0.7028407302429653,1409,0.9997788117577607,0.9991816550794682
茄子,volume,dew_point,露点温度,2,0.04433042384375844,0.11607105331625267,-0.1831688406560968,0.27182968834361365,0.7025170804243563,1409,0.9997788117577607,0.9991816550794682
茄子,volume,dew_point,露点温度,3,0.03373173136957619,0.11402452602816736,-0.18975633964563182,0.2572198023847842,0.7673608767841895,1409,0.9997788117577607,0.9991816550794682
茄子,volume,dew_point,露点温度,4,0.021597716482257213,0.11227692771103417,-0.19846506183136975,0.2416604947958842,0.847459338968323,1408,0.9997788117577607,0.9991816550794682
茄子,volume,dew_point,露点温度,5,0.010821744932496434,0.11299785100637517,-0.2106540430399989,0.23229753290499178,0.9237036608556187,1407,0.9997788117577607,0.9991816550794682
茄子,volume,dew_point,露点温度,6,0.017228766708417644,0.11208320853276275,-0.20245432201579736,0.23691185543263263,0.8778351865382401,1406,0.9997788117577607,0.9991816550794682
茄子,volume,dew_point,露点温度,7,-0.00011547091248052636,0.11258387487409255,-0.2207798656657019,0.22054892384074087,0.9991816550794682,1405,0.9997788117577607,0.9991816550794682
茄子,volume,dew_point,露点温度,8,-0.00971272714762699,0.11464315627763219,-0.2344133134517861,0.2149878591565321,0.9324828931600468,1404,0.9997788117577607,0.9991816550794682
茄子,volume,dew_point,露点温度,9,-0.0075329131166571115,0.11541495555355406,-0.23374622600162306,0.21868039976830886,0.947960552712214,1404,0.9997788117577607,0.9991816550794682
茄子,volume,dew_point,露点温度,10,-0.004756474983090913,0.1141562847349076,-0.22850279306350982,0.21898984309732797,0.9667646845709184,1404,0.9997788117577607,0.9991816550794682
茄子,volume,dew_point,露点温度,11,-0.020115193482738238,0.11454162706496467,-0.244616782530069,0.2043863955645925,0.8605966528533074,1403,0.9997788117577607,0.9991816550794682
茄子,volume,dew_point,露点温度,12,-0.03197939533304165,0.11594248237085579,-0.259226660779919,0.1952678701138357,0.7826853951237319,1402,0.9997788117577607,0.9991816550794682
茄子,volume,dew_point,露点温度,13,-0.031297750390090306,0.1152047526455086,-0.25709906557528717,0.19450356479510655,0.7858752683105893,1401,0.9997788117577607,0.9991816550794682
茄子,volume,dew_point,露点温度,14,-0.02577739479466382,0.11494708103579938,-0.25107367362483063,0.19951888403550297,0.8225593147777858,1400,0.9997788117577607,0.9991816550794682
茄子,volume,pressure_msl,海平面气压,0,-0.00692690884818261,0.10081223158852472,-0.20451888276169106,0.19066506506532582,0.9452196652966717,1410,0.9997788117577607,0.9945709329215936
茄子,volume,pressure_msl,海平面气压,1,-0.014094019465393473,0.10097517719461932,-0.21200536676684734,0.18381732783606042,0.8889925929954459,1409,0.9997788117577607,0.9945709329215936
茄子,volume,pressure_msl,海平面气压,2,-0.04360538186172401,0.10353094620702945,-0.2465260364275017,0.1593152727040537,0.6736221105306205,1409,0.9997788117577607,0.9945709329215936
茄子,volume,pressure_msl,海平面气压,3,-0.04085097528665466,0.1048699725939706,-0.24639612157083704,0.16469417099752773,0.6968772476331064,1409,0.9997788117577607,0.9945709329215936
茄子,volume,pressure_msl,海平面气压,4,-0.020178130067536403,0.10273342027568717,-0.22153563380788327,0.18117937367281045,0.8442872967890905,1408,0.9997788117577607,0.9945709329215936
茄子,volume,pressure_msl,海平面气压,5,-0.0006963479222606775,0.10233820299945554,-0.2012792258011935,0.19988652995667217,0.9945709329215936,1407,0.9997788117577607,0.9945709329215936
茄子,volume,pressure_msl,海平面气压,6,0.002629466593227707,0.10156890833724445,-0.1964455937477714,0.20170452693422683,0.9793462733532636,1406,0.9997788117577607,0.9945709329215936
茄子,volume,pressure_msl,海平面气压,7,0.025689052785872038,0.10106502084193046,-0.17239838806431168,0.22377649363605573,0.7993538578619586,1405,0.9997788117577607,0.9945709329215936
茄子,volume,pressure_msl,海平面气压,8,0.021448294372168317,0.10313371171674926,-0.18069378059266022,0.22359036933699689,0.8352555991683516,1404,0.9997788117577607,0.9945709329215936
茄子,volume,pressure_msl,海平面气压,9,-0.0012199106586429122,0.10550170334166835,-0.20800324920831287,0.20556342789102705,0.9907743082815177,1404,0.9997788117577607,0.9945709329215936
茄子,volume,pressure_msl,海平面气压,10,-0.012530909444598354,0.10623381267954397,-0.22074918229650456,0.19568736340730783,0.9061025673023404,1404,0.9997788117577607,0.9945709329215936
茄子,volume,pressure_msl,海平面气压,11,0.013841502003551427,0.10558838153085023,-0.19311172579691505,0.22079472980401788,0.8957047030868154,1403,0.9997788117577607,0.9945709329215936
茄子,volume,pressure_msl,海平面气压,12,0.032772225514426497,0.1071496970094527,-0.1772411806241008,0.24278563165295378,0.7597153700354952,1402,0.9997788117577607,0.9945709329215936
茄子,volume,pressure_msl,海平面气压,13,0.032917865514283814,0.10659771387585178,-0.17601365368238564,0.2418493847109533,0.7574701617709751,1401,0.9997788117577607,0.9945709329215936
茄子,volume,pressure_msl,海平面气压,14,0.025784172964828222,0.10580697725607546,-0.1815975024570797,0.23316584838673612,0.8074704013958323,1400,0.9997788117577607,0.9945709329215936
茄子,volume,cloud_cover,云量,0,-0.05122726452948849,0.06272914072818976,-0.17417638035674043,0.07172185129776344,0.4141329219308426,1410,0.9997788117577607,0.530197842409336
茄子,volume,cloud_cover,云量,1,-0.08572595849124454,0.06272670997563011,-0.20867031004347955,0.03721839306099048,0.17173253583203152,1409,0.9997788117577607,0.530197842409336
茄子,volume,cloud_cover,云量,2,-0.08205480203539073,0.06330078024581307,-0.20612433131718433,0.04201472724640287,0.1948830265178082,1409,0.9997788117577607,0.530197842409336
茄子,volume,cloud_cover,云量,3,-0.06730103016259269,0.05978829692878127,-0.184486092143004,0.0498840318178186,0.26031133177874166,1409,0.9997788117577607,0.530197842409336
茄子,volume,cloud_cover,云量,4,-0.06550046473646641,0.057125186543476245,-0.17746583036167984,0.046464900888747024,0.2515417227033522,1408,0.9997788117577607,0.530197842409336
茄子,volume,cloud_cover,云量,5,-0.025370419752146774,0.05900791106089619,-0.1410259254315033,0.09028508592720974,0.6672324026078047,1407,0.9997788117577607,0.6672324026078047
茄子,volume,cloud_cover,云量,6,-0.026535969325358892,0.05977224534855738,-0.14368957020853135,0.09061763155781358,0.6570777540201674,1406,0.9997788117577607,0.6672324026078047
茄子,volume,cloud_cover,云量,7,-0.06613024550877221,0.06290213833238059,-0.18941843664023816,0.057157945622693745,0.29311186753643304,1405,0.9997788117577607,0.530197842409336
茄子,volume,cloud_cover,云量,8,-0.09956755221440229,0.06589787064440783,-0.22872737867744164,0.029592274248637043,0.13080442070999493,1404,0.9997788117577607,0.530197842409336
茄子,volume,cloud_cover,云量,9,-0.0785033188203035,0.06347696867750534,-0.20291817742821394,0.04591153978760697,0.21619057058064384,1404,0.9997788117577607,0.530197842409336
茄子,volume,cloud_cover,云量,10,-0.07071050969545689,0.0615981337424569,-0.19144285183067242,0.050021832439758634,0.2509963630239793,1404,0.9997788117577607,0.530197842409336
茄子,volume,cloud_cover,云量,11,-0.051200727151422404,0.05950730078131339,-0.16783503668279665,0.06543358237995184,0.3895626078820116,1403,0.9997788117577607,0.530197842409336
茄子,volume,cloud_cover,云量,12,-0.029902622026103748,0.060120645169623635,-0.14773908655856607,0.08793384250635858,0.6189232698505882,1402,0.9997788117577607,0.6672324026078047
茄子,volume,cloud_cover,云量,13,-0.05068808435120534,0.06342131451453754,-0.17499386079969892,0.07361769209728825,0.42415827392746874,1401,0.9997788117577607,0.530197842409336
茄子,volume,cloud_cover,云量,14,-0.053889845643852366,0.06231068945956943,-0.17601879698460843,0.06823910569690371,0.38711719588683224,1400,0.9997788117577607,0.530197842409336
茄子,volume,temp_mean,日平均气温,0,0.09131402619222512,0.12322901915786981,-0.1502148513571997,0.33284290374164993,0.45868693074243183,1410,0.9997788117577607,0.9832905703880415
茄子,volume,temp_mean,日平均气温,1,0.08129136320744665,0.12377439629893093,-0.16130645353845796,0.32388917995335126,0.5113285417393674,1409,0.9997788117577607,0.9832905703880415
茄子,volume,temp_mean,日平均气温,2,0.07738370757302192,0.12321943119171906,-0.16412637756274745,0.31889379270879126,0.5299938133509232,1409,0.9997788117577607,0.9832905703880415
茄子,volume,temp_mean,日平均气温,3,0.06466908868937084,0.12174335285676613,-0.17394788290989077,0.3032860602886324,0.5952857725764563,1409,0.9997788117577607,0.9832905703880415
茄子,volume,temp_mean,日平均气温,4,0.05053874547320377,0.11950548388454497,-0.18369200294050436,0.2847694938869119,0.6723689778271196,1408,0.9997788117577607,0.9832905703880415
茄子,volume,temp_mean,日平均气温,5,0.04222601376178496,0.1177844862796583,-0.18863157934634533,0.27308360686991523,0.7199674182135916,1407,0.9997788117577607,0.9832905703880415
茄子,volume,temp_mean,日平均气温,6,0.04694985893434206,0.11685011610408996,-0.18207636862967427,0.27597608649835836,0.6878344831185994,1406,0.9997788117577607,0.9832905703880415
茄子,volume,temp_mean,日平均气温,7,0.035786060622917094,0.11809574273000588,-0.19568159512789443,0.26725371637372863,0.76187017594323,1405,0.9997788117577607,0.9832905703880415
茄子,volume,temp_mean,日平均气温,8,0.025256217982379123,0.12036725489978643,-0.2106636016212023,0.26117603758596053,0.8338032309739045,1404,0.9997788117577607,0.9832905703880415
茄子,volume,temp_mean,日平均气温,9,0.025905813074920084,0.12104407242220608,-0.21134056887260383,0.26315219502244397,0.830531713989003,1404,0.9997788117577607,0.9832905703880415
茄子,volume,temp_mean,日平均气温,10,0.024016684734314724,0.12020065433028282,-0.21157659775303958,0.259609967221669,0.8416331363196483,1404,0.9997788117577607,0.9832905703880415
茄子,volume,temp_mean,日平均气温,11,0.009891820828865567,0.11939169957196885,-0.22411591033219339,0.2438995519899245,0.9339693561609282,1403,0.9997788117577607,0.9832905703880415
茄子,volume,temp_mean,日平均气温,12,0.002488353030409512,0.11881155572964511,-0.23038229619969489,0.2353590022605139,0.9832905703880415,1402,0.9997788117577607,0.9832905703880415
茄子,volume,temp_mean,日平均气温,13,0.0034730298627715928,0.11798242399827565,-0.22777252117384866,0.23471858089939185,0.9765161906122248,1401,0.9997788117577607,0.9832905703880415
茄子,volume,temp_mean,日平均气温,14,0.004677779559656349,0.11852449298548721,-0.22763022669189859,0.23698578581121127,0.9685182421534413,1400,0.9997788117577607,0.9832905703880415
西红柿,price,humidity,相对湿度,0,-0.05102139286054002,0.08166212436388907,-0.21107915661376261,0.10903637089268256,0.5321111922061093,1410,0.9997788117577607,0.7421658965915143
西红柿,price,humidity,相对湿度,1,-0.05004232645238159,0.08606494931618096,-0.21872962711209626,0.1186449742073331,0.5609382903115043,1409,0.9997788117577607,0.7421658965915143
西红柿,price,humidity,相对湿度,2,-0.056704653676531325,0.083792385861057,-0.22093772996420305,0.1075284226111404,0.4985785478908866,1409,0.9997788117577607,0.7421658965915143
西红柿,price,humidity,相对湿度,3,-0.06252891065852435,0.07842577453056448,-0.21624342873843072,0.09118560742138203,0.4252765195723448,1409,0.9997788117577607,0.7421658965915143
西红柿,price,humidity,相对湿度,4,-0.070786685438572,0.07700158545292234,-0.22170979292629978,0.08013642204915578,0.35794459998247574,1408,0.9997788117577607,0.7421658965915143
西红柿,price,humidity,相对湿度,5,-0.07264935332129163,0.07817667777746339,-0.22587564176511987,0.08057693512253661,0.3527351816158213,1407,0.9997788117577607,0.7421658965915143
西红柿,price,humidity,相对湿度,6,-0.04904813024428723,0.08132406142497735,-0.20844329063724282,0.11034703014866837,0.5464291706050437,1406,0.9997788117577607,0.7421658965915143
西红柿,price,humidity,相对湿度,7,-0.027962521960089456,0.08499595719679422,-0.1945545980658061,0.13862955414562722,0.7421658965915143,1405,0.9997788117577607,0.7421658965915143
西红柿,price,humidity,相对湿度,8,-0.03345089224826108,0.08682856424989727,-0.20363487817805973,0.13673309368153755,0.7000505991753627,1404,0.9997788117577607,0.7421658965915143
西红柿,price,humidity,相对湿度,9,-0.04375926336124112,0.08427313995794564,-0.20893461767881455,0.12141609095633232,0.6035828130510215,1404,0.9997788117577607,0.7421658965915143
西红柿,price,humidity,相对湿度,10,-0.04109740286526101,0.0802416353762398,-0.198371008202691,0.11617620247216898,0.6085316492893913,1404,0.9997788117577607,0.7421658965915143
西红柿,price,humidity,相对湿度,11,-0.04174753827795352,0.07941391135118671,-0.19739880452627948,0.11390372797037243,0.5990997695352756,1403,0.9997788117577607,0.7421658965915143
西红柿,price,humidity,相对湿度,12,-0.04560380632674668,0.0794763270327258,-0.20137740731088924,0.11016979465739588,0.5661006803402207,1402,0.9997788117577607,0.7421658965915143
西红柿,price,humidity,相对湿度,13,-0.044930876038866654,0.08194933273849338,-0.20555156820631365,0.11568981612858036,0.5835022057883563,1401,0.9997788117577607,0.7421658965915143
西红柿,price,humidity,相对湿度,14,-0.0336169195340037,0.08514187461953779,-0.20049499378829777,0.13326115472029038,0.6929652916057132,1400,0.9997788117577607,0.7421658965915143
西红柿,price,wind_speed,日最大风速,0,-0.016630286157052324,0.07569759522145117,-0.16499757279109661,0.13173700047699194,0.8261096972631508,1410,0.9997788117577607,0.9303045560094206
西红柿,price,wind_speed,日最大风速,1,-0.023160089924776053,0.07800197755662792,-0.1760439659357668,0.12972378608621468,0.7665301045387033,1409,0.9997788117577607,0.9303045560094206
西红柿,price,wind_speed,日最大风速,2,-0.014286036499627182,0.07758302777928883,-0.16634877094703326,0.13777669794777891,0.8539046612498559,1409,0.9997788117577607,0.9303045560094206
西红柿,price,wind_speed,日最大风速,3,0.00686175489573132,0.07845442850736327,-0.14690892497870067,0.1606324347701633,0.9303045560094206,1409,0.9997788117577607,0.9303045560094206
西红柿,price,wind_speed,日最大风速,4,-0.015774448811058918,0.07643419926053586,-0.1655854793617092,0.13403658173959138,0.8364945135910408,1408,0.9997788117577607,0.9303045560094206
西红柿,price,wind_speed,日最大风速,5,-0.024688874347040826,0.07223361915126296,-0.16626676788351624,0.11688901918943458,0.7325074180930964,1407,0.9997788117577607,0.9303045560094206
西红柿,price,wind_speed,日最大风速,6,-0.006682132833928402,0.06652503837845497,-0.13707120805570014,0.12370694238784333,0.9199907429914899,1406,0.9997788117577607,0.9303045560094206
西红柿,price,wind_speed,日最大风速,7,-0.014167831147777789,0.07057173739107657,-0.15248843643428786,0.1241527741387323,0.8408879129501696,1405,0.9997788117577607,0.9303045560094206
西红柿,price,wind_speed,日最大风速,8,-0.03352110645406439,0.07375731196557885,-0.17808543790659892,0.11104322499847014,0.649484522196401,1404,0.9997788117577607,0.9303045560094206
西红柿,price,wind_speed,日最大风速,9,-0.010418607935675188,0.07142908658324677,-0.15041961763883888,0.12958240176748848,0.8840323361573479,1404,0.9997788117577607,0.9303045560094206
西红柿,price,wind_speed,日最大风速,10,0.017252437354504203,0.073660092926811,-0.12712134478204534,0.16162621949105377,0.8148166089000366,1404,0.9997788117577607,0.9303045560094206
西红柿,price,wind_speed,日最大风速,11,-0.013469602524432727,0.07067695462561656,-0.15199643359064116,0.12505722854177573,0.848854788028459,1403,0.9997788117577607,0.9303045560094206
西红柿,price,wind_speed,日最大风速,12,-0.05169957107420654,0.07088539699091002,-0.19063494917639018,0.0872358070279771,0.4657935750859361,1402,0.9997788117577607,0.9303045560094206
西红柿,price,wind_speed,日最大风速,13,-0.036228796385711894,0.06769950695595782,-0.1689198300193892,0.09646223724796543,0.5925522121666444,1401,0.9997788117577607,0.9303045560094206
西红柿,price,wind_speed,日最大风速,14,-0.03186875435281096,0.06684274189736748,-0.16288052847165124,0.09914301976602931,0.6335244157370389,1400,0.9997788117577607,0.9303045560094206
西红柿,price,radiation,短波辐射,0,-0.04632215342783766,0.09052652717901061,-0.22375414669869845,0.13110983984302313,0.6088630779372912,1410,0.9997788117577607,0.6570722598259274
西红柿,price,radiation,短波辐射,1,-0.050364728126526426,0.09079210206183037,-0.22831724816771395,0.1275877919146611,0.5790821759898382,1409,0.9997788117577607,0.6570722598259274
西红柿,price,radiation,短波辐射,2,-0.0453523217158666,0.08997103123117199,-0.2216955429289637,0.13099089949723047,0.6142073139860971,1409,0.9997788117577607,0.6570722598259274
西红柿,price,radiation,短波辐射,3,-0.041289603831778286,0.08905246871545022,-0.21583244251406072,0.13325323485050414,0.6428950917752206,1409,0.9997788117577607,0.6570722598259274
西红柿,price,radiation,短波辐射,4,-0.03939395553502331,0.08873332805460346,-0.2133112785220461,0.13452336745199947,0.6570722598259274,1408,0.9997788117577607,0.6570722598259274
西红柿,price,radiation,短波辐射,5,-0.041828909557923066,0.09114268701901077,-0.22046857611518417,0.13681075699933803,0.6462781611604109,1407,0.9997788117577607,0.6570722598259274
西红柿,price,radiation,短波辐射,6,-0.0612982531004085,0.09225509003381353,-0.242118229566683,0.11952172336586601,0.50640678934018,1406,0.9997788117577607,0.6570722598259274
西红柿,price,radiation,短波辐射,7,-0.06925898009462463,0.09060770084474556,-0.24685007375032592,0.10833211356107668,0.44463907657567536,1405,0.9997788117577607,0.6570722598259274
西红柿,price,radiation,短波辐射,8,-0.07504007015048271,0.09024353178245825,-0.2519173924441009,0.10183725214313545,0.4056751253223939,1404,0.9997788117577607,0.6570722598259274
西红柿,price,radiation,短波辐射,9,-0.0712781161930948,0.08847930723841582,-0.2446975583803898,0.10214132599420021,0.42047883015229237,1404,0.9997788117577607,0.6570722598259274
西红柿,price,radiation,短波辐射,10,-0.07083439598220109,0.08806229326839446,-0.24343649078825422,0.10176769882385203,0.4211850974293686,1404,0.9997788117577607,0.6570722598259274
西红柿,price,radiation,短波辐射,11,-0.0662123722806725,0.0877170042914129,-0.23813770069184179,0.10571295613049678,0.45034451970145606,1403,0.9997788117577607,0.6570722598259274
西红柿,price,radiation,短波辐射,12,-0.06971306493766044,0.09211900645708666,-0.25026631759355034,0.11084018771822943,0.44918659943681816,1402,0.9997788117577607,0.6570722598259274
西红柿,price,radiation,短波辐射,13,-0.08018068202390782,0.09361650395491924,-0.2636690297755495,0.1033076657277339,0.39173222028952503,1401,0.9997788117577607,0.6570722598259274
西红柿,price,radiation,短波辐射,14,-0.0871346641483769,0.09163877972814083,-0.2667466724155329,0.09247734411877911,0.34168091196884953,1400,0.9997788117577607,0.6570722598259274
西红柿,price,et0,参考蒸散ET0,0,-0.06423362785813089,0.10010824890300465,-0.26044579570802,0.13197853999175824,0.5211058454339699,1410,0.9997788117577607,0.5493502970222853
西红柿,price,et0,参考蒸散ET0,1,-0.07351888707333641,0.10221516697891922,-0.2738606143520181,0.12682284020534523,0.47198311090962797,1409,0.9997788117577607,0.5493502970222853
西红柿,price,et0,参考蒸散ET0,2,-0.06869365966420696,0.10212693157316392,-0.26886244554760824,0.13147512621919433,0.501182575947728,1409,0.9997788117577607,0.5493502970222853
西红柿,price,et0,参考蒸散ET0,3,-0.06096464120506795,0.10182258520136613,-0.2605369081997455,0.13860762578960964,0.5493502970222854,1409,0.9997788117577607,0.5493502970222853
西红柿,price,et0,参考蒸散ET0,4,-0.06837744672938825,0.10134675770872341,-0.2670170918384861,0.13026219837970962,0.49987397587497406,1408,0.9997788117577607,0.5493502970222853
西红柿,price,et0,参考蒸散ET0,5,-0.07031089340638029,0.10128763497589843,-0.2688346579591412,0.12821287114638064,0.4875752582910906,1407,0.9997788117577607,0.5493502970222853
西红柿,price,et0,参考蒸散ET0,6,-0.07440791437861907,0.10069461692847603,-0.27176936355843206,0.12295353480119395,0.4599396075108727,1406,0.9997788117577607,0.5493502970222853
西红柿,price,et0,参考蒸散ET0,7,-0.08366177202431153,0.10063496139784357,-0.28090629636408493,0.11358275231546187,0.4057821269774742,1405,0.9997788117577607,0.5493502970222853
西红柿,price,et0,参考蒸散ET0,8,-0.09860320593735844,0.1021120656345478,-0.29874285458107214,0.10153644270635526,0.3342257697266924,1404,0.9997788117577607,0.5493502970222853
西红柿,price,et0,参考蒸散ET0,9,-0.09376498348350677,0.10208484613322447,-0.2938512819046267,0.10632131493761317,0.358356890804598,1404,0.9997788117577607,0.5493502970222853
西红柿,price,et0,参考蒸散ET0,10,-0.08454659006129464,0.10335232386817891,-0.2871171448429253,0.11802396472033602,0.4133329383221718,1404,0.9997788117577607,0.5493502970222853
西红柿,price,et0,参考蒸散ET0,11,-0.08576551575801572,0.1019941719030929,-0.2856740926880778,0.11414306117204637,0.4004115575924494,1403,0.9997788117577607,0.5493502970222853
西红柿,price,et0,参考蒸散ET0,12,-0.09325800880565838,0.10219161947231174,-0.2935535829713894,0.10703756536007264,0.36146357631536286,1402,0.9997788117577607,0.5493502970222853
西红柿,price,et0,参考蒸散ET0,13,-0.09543440030659264,0.10153762973386006,-0.2944481545849583,0.10357935397177306,0.3472729894765273,1401,0.9997788117577607,0.5493502970222853
西红柿,price,et0,参考蒸散ET0,14,-0.10155306174067463,0.10110425180393387,-0.299717395276385,0.09661127179503576,0.3151670208214503,1400,0.9997788117577607,0.5493502970222853
西红柿,price,dew_point,露点温度,0,-0.08869648768315892,0.11466375223654213,-0.3134374420667815,0.13604446670046366,0.43920550303048755,1410,0.9997788117577607,0.4461582445732113
西红柿,price,dew_point,露点温度,1,-0.09023693261203472,0.11632815842819778,-0.31824012313130234,0.13776625790723293,0.43792014860338346,1409,0.9997788117577607,0.4461582445732113
西红柿,price,dew_point,露点温度,2,-0.09158726559224904,0.11537589006292807,-0.31772401011558804,0.13454947893108998,0.4273023646780585,1409,0.9997788117577607,0.4461582445732113
西红柿,price,dew_point,露点温度,3,-0.09290205016671091,0.11339611496040326,-0.3151584354891013,0.12935433515567948,0.4126323090259427,1409,0.9997788117577607,0.4461582445732113
西红柿,price,dew_point,露点温度,4,-0.10107946158981825,0.11346133927977556,-0.3234636865781783,0.12130476339854183,0.37299816785450823,1408,0.9997788117577607,0.4461582445732113
西红柿,price,dew_point,露点温度,5,-0.10413377220035253,0.11524731336706871,-0.33001850639980723,0.12175096199910215,0.3662245721539986,1407,0.9997788117577607,0.4461582445732113
西红柿,price,dew_point,露点温度,6,-0.09519177118732582,0.11737484713280599,-0.32524647156762554,0.13486292919297393,0.41736190263718953,1406,0.9997788117577607,0.4461582445732113
西红柿,price,dew_point,露点温度,7,-0.09072848368000437,0.1190919753800517,-0.3241487554249057,0.14269178806489696,0.4461582445732113,1405,0.9997788117577607,0.4461582445732113
西红柿,price,dew_point,露点温度,8,-0.09914569934935769,0.1203824021982393,-0.3350952076579067,0.13680380895919134,0.4101727642191333,1404,0.9997788117577607,0.4461582445732113
西红柿,price,dew_point,露点温度,9,-0.10078239115958898,0.11937698509115889,-0.3347612819382604,0.13319649961908245,0.3985373411860148,1404,0.9997788117577607,0.4461582445732113
西红柿,price,dew_point,露点温度,10,-0.09597526005307866,0.11761840743888884,-0.3265073386333008,0.13455681852714346,0.4145067510212186,1404,0.9997788117577607,0.4461582445732113
西红柿,price,dew_point,露点温度,11,-0.0987810522036337,0.1182345691079012,-0.33052080765512004,0.13295870324785264,0.4034549556545026,1403,0.9997788117577607,0.4461582445732113
西红柿,price,dew_point,露点温度,12,-0.10680221912695052,0.11883174050077887,-0.3397124305084771,0.12610799225457603,0.36877600887925444,1402,0.9997788117577607,0.4461582445732113
西红柿,price,dew_point,露点温度,13,-0.10670703264602195,0.12024178179278386,-0.3423809249598783,0.1289668596678344,0.3748435517670339,1401,0.9997788117577607,0.4461582445732113
西红柿,price,dew_point,露点温度,14,-0.10248069423481353,0.12160572074227427,-0.3408279068896711,0.13586651842004405,0.39937990106631904,1400,0.9997788117577607,0.4461582445732113
西红柿,price,pressure_msl,海平面气压,0,0.09872919575278749,0.09676349841440221,-0.09092726113944083,0.2883856526450158,0.3075793519457396,1410,0.9997788117577607,0.3564649431770647
西红柿,price,pressure_msl,海平面气压,1,0.10049305284267916,0.09876888717261964,-0.09309396601565532,0.29408007170101363,0.3089362840867894,1409,0.9997788117577607,0.3564649431770647
西红柿,price,pressure_msl,海平面气压,2,0.08667140545512785,0.09504772043691391,-0.09962212660122342,0.2729649375114791,0.3618358228892934,1409,0.9997788117577607,0.3618358228892934
西红柿,price,pressure_msl,海平面气压,3,0.08471374340029994,0.09162712657066616,-0.09487542467820573,0.2643029114788056,0.35520069314632374,1409,0.9997788117577607,0.3618358228892934
西红柿,price,pressure_msl,海平面气压,4,0.09767610130084356,0.09134692219298648,-0.08136386619740996,0.27671606879909705,0.2849402437667845,1408,0.9997788117577607,0.3564649431770647
西红柿,price,pressure_msl,海平面气压,5,0.10604118495930742,0.09351654647228311,-0.07725124612636747,0.2893336160449823,0.2568240580522848,1407,0.9997788117577607,0.3564649431770647
西红柿,price,pressure_msl,海平面气压,6,0.11105770171859163,0.09589854894741352,-0.07690345421833887,0.2990188576555221,0.24683347522649357,1406,0.9997788117577607,0.3564649431770647
西红柿,price,pressure_msl,海平面气压,7,0.12091371743877224,0.09828935116199326,-0.07173341083873455,0.31356084571627907,0.2186292374271417,1405,0.9997788117577607,0.3564649431770647
西红柿,price,pressure_msl,海平面气压,8,0.12247017621992987,0.09836943734075698,-0.07033392096795382,0.31527427340781355,0.21313090299629478,1404,0.9997788117577607,0.3564649431770647
西红柿,price,pressure_msl,海平面气压,9,0.10491453074778462,0.09459019895590065,-0.08048225920578064,0.2903113207013499,0.26736633736117743,1404,0.9997788117577607,0.3564649431770647
西红柿,price,pressure_msl,海平面气压,10,0.09637226529340957,0.09189213470969797,-0.08373631873759844,0.2764808493244176,0.2942912463503361,1404,0.9997788117577607,0.3564649431770647
西红柿,price,pressure_msl,海平面气压,11,0.10550681575635971,0.09185173139062358,-0.07452257776926251,0.2855362092819819,0.2506943825292446,1403,0.9997788117577607,0.3564649431770647
西红柿,price,pressure_msl,海平面气压,12,0.11573612220163998,0.09395886611534705,-0.06842325538444025,0.29989549978772023,0.2180333835598004,1402,0.9997788117577607,0.3564649431770647
西红柿,price,pressure_msl,海平面气压,13,0.11658695092004888,0.0969697153321959,-0.07347369113105508,0.30664759297115285,0.22924626979659057,1401,0.9997788117577607,0.3564649431770647
西红柿,price,pressure_msl,海平面气压,14,0.1265532029125221,0.09947861608605828,-0.06842488461615212,0.3215312904411963,0.20331453865109883,1400,0.9997788117577607,0.3564649431770647
西红柿,price,cloud_cover,云量,0,-0.012953956263352518,0.05585184738822893,-0.12242357714428123,0.09651566461757619,0.8165890830993542,1410,0.9997788117577607,0.9444730263112948
西红柿,price,cloud_cover,云量,1,-0.00955960658963908,0.054632531762612985,-0.11663936884436053,0.09752015566508236,0.8610952599013735,1409,0.9997788117577607,0.9444730263112948
西红柿,price,cloud_cover,云量,2,-0.003733454479472453,0.050761675292804655,-0.10322633805336957,0.09575942909442466,0.9413695037112033,1409,0.9997788117577607,0.9444730263112948
西红柿,price,cloud_cover,云量,3,-0.014065219986316279,0.05317496903648287,-0.1182881592978227,0.09015771932519014,0.7913882798197138,1409,0.9997788117577607,0.9444730263112948
西红柿,price,cloud_cover,云量,4,-0.02608299001263546,0.05395939503060398,-0.13184340427261926,0.07967742424734833,0.628824661673624,1408,0.9997788117577607,0.9444730263112948
西红柿,price,cloud_cover,云量,5,-0.03160554032161864,0.05721264435680924,-0.14374232326096475,0.08053124261772746,0.5806590587875502,1407,0.9997788117577607,0.9444730263112948
西红柿,price,cloud_cover,云量,6,-0.006341013194865205,0.0602239802607496,-0.12438001450593442,0.11169798811620402,0.916145298325437,1406,0.9997788117577607,0.9444730263112948
西红柿,price,cloud_cover,云量,7,-0.006919514721335462,0.05875004939570056,-0.12206961153690857,0.10823058209423764,0.9062428683721943,1405,0.9997788117577607,0.9444730263112948
西红柿,price,cloud_cover,云量,8,-0.006004969787094891,0.05660037354858675,-0.11694170194232491,0.10493176236813513,0.9155076348309769,1404,0.9997788117577607,0.9444730263112948
西红柿,price,cloud_cover,云量,9,0.0037335286633932243,0.05360490547923099,-0.10133208607589951,0.10879914340268597,0.9444730263112948,1404,0.9997788117577607,0.9444730263112948
西红柿,price,cloud_cover,云量,10,-0.0057135053863228875,0.05317461495088997,-0.10993575069006722,0.09850873991742146,0.9144335859543218,1404,0.9997788117577607,0.9444730263112948
西红柿,price,cloud_cover,云量,11,-0.0177890172383341,0.05466659055009785,-0.12493553471652588,0.0893575002398577,0.7448713140367491,1403,0.9997788117577607,0.9444730263112948
西红柿,price,cloud_cover,云量,12,-0.021565387333314378,0.05831977070365951,-0.135872137912487,0.09274136324585826,0.7115476638093815,1402,0.9997788117577607,0.9444730263112948
西红柿,price,cloud_cover,云量,13,-0.022756566151291662,0.0616053348250558,-0.14350302240840102,0.0979898901058177,0.7118349756664721,1401,0.9997788117577607,0.9444730263112948
西红柿,price,cloud_cover,云量,14,-0.021585743107701727,0.056565041902569786,-0.13245322523673853,0.08928173902133506,0.702751223506138,1400,0.9997788117577607,0.9444730263112948
西红柿,price,temp_mean,日平均气温,0,-0.09356659830478511,0.11971800064553952,-0.32821387957004255,0.14108068296047233,0.43447419560254474,1410,0.9997788117577607,0.43739221427292185
西红柿,price,temp_mean,日平均气温,1,-0.09672954776536669,0.12146624852354525,-0.33480339487151534,0.141344299340782,0.42582910611355984,1409,0.9997788117577607,0.43739221427292185
西红柿,price,temp_mean,日平均气温,2,-0.09577536911957485,0.12136552133237014,-0.3336517909310203,0.14210105269187062,0.4300254587183697,1409,0.9997788117577607,0.43739221427292185
西红柿,price,temp_mean,日平均气温,3,-0.09365595193049506,0.12059673350439974,-0.33002554959911856,0.14271364573812842,0.43739221427292185,1409,0.9997788117577607,0.43739221427292185
西红柿,price,temp_mean,日平均气温,4,-0.1011684538798755,0.12100428137436534,-0.3383368453736315,0.13599993761388054,0.4031136445071608,1408,0.9997788117577607,0.43739221427292185
西红柿,price,temp_mean,日平均气温,5,-0.10563708349483526,0.12185123106800008,-0.3444654963881154,0.1331913293984449,0.3859776859045472,1407,0.9997788117577607,0.43739221427292185
西红柿,price,temp_mean,日平均气温,6,-0.1030171709491982,0.12282162722229197,-0.34374756030489045,0.13771321840649403,0.4016071868279275,1406,0.9997788117577607,0.43739221427292185
西红柿,price,temp_mean,日平均气温,7,-0.10511483582646851,0.12413980761180253,-0.3484288587456015,0.13819918709266443,0.39713693616739354,1405,0.9997788117577607,0.43739221427292185
西红柿,price,temp_mean,日平均气温,8,-0.11425018471063922,0.1257200302508551,-0.3606614440023152,0.13216107458103676,0.36347325534164854,1404,0.9997788117577607,0.43739221427292185
西红柿,price,temp_mean,日平均气温,9,-0.11244352003128869,0.12562983424557664,-0.3586779951526189,0.13379095509004152,0.3707665857688237,1404,0.9997788117577607,0.43739221427292185
西红柿,price,temp_mean,日平均气温,10,-0.1053580523499205,0.12477232455940825,-0.34991180848636066,0.13919570378651963,0.3984445725777933,1404,0.9997788117577607,0.43739221427292185
西红柿,price,temp_mean,日平均气温,11,-0.10831766367135054,0.125026822334063,-0.353370235446114,0.13673490810341296,0.38629528975571115,1403,0.9997788117577607,0.43739221427292185
西红柿,price,temp_mean,日平均气温,12,-0.11781061989813509,0.12515059449630572,-0.3631057851108943,0.1274845453146241,0.34652508643869606,1402,0.9997788117577607,0.43739221427292185
西红柿,price,temp_mean,日平均气温,13,-0.11910866398666016,0.1256371156030059,-0.3653574105685517,0.12714008259523135,0.34311049760985723,1401,0.9997788117577607,0.43739221427292185
西红柿,price,temp_mean,日平均气温,14,-0.11886530487302514,0.12667190604295814,-0.36714224071722307,0.1294116309711728,0.34805353351787816,1400,0.9997788117577607,0.43739221427292185
西红柿,volume,humidity,相对湿度,0,0.003565328116767237,0.0735208683037981,-0.14053557375867703,0.14766622999221152,0.9613224688451015,1410,0.9997788117577607,0.9794008278682759
西红柿,volume,humidity,相对湿度,1,-0.022714691825551418,0.07249838074938249,-0.16481151809434108,0.11938213444323825,0.7540428046677535,1409,0.9997788117577607,0.9794008278682759
西红柿,volume,humidity,相对湿度,2,-0.017228068599758915,0.07066187902433085,-0.1557253514874474,0.12126921428792956,0.8073780203457648,1409,0.9997788117577607,0.9794008278682759
西红柿,volume,humidity,相对湿度,3,0.008984563780451876,0.07071401448481099,-0.12961490460977768,0.14758403217068142,0.8988969271828098,1409,0.9997788117577607,0.9794008278682759
西红柿,volume,humidity,相对湿度,4,0.024460137594682733,0.07260573386349962,-0.11784710077777652,0.166767375967142,0.7361999079437126,1408,0.9997788117577607,0.9794008278682759
西红柿,volume,humidity,相对湿度,5,0.017830978697107293,0.07352171206990354,-0.12627157695990365,0.16193353435411822,0.8083720655070252,1407,0.9997788117577607,0.9794008278682759
西红柿,volume,humidity,相对湿度,6,0.014104155623641323,0.07334068545898108,-0.12964358787596159,0.1578518991232442,0.8474992959879006,1406,0.9997788117577607,0.9794008278682759
西红柿,volume,humidity,相对湿度,7,0.010568499149230925,0.07290017319665268,-0.13231584031620833,0.15345283861467016,0.8847328139129087,1405,0.9997788117577607,0.9794008278682759
西红柿,volume,humidity,相对湿度,8,-0.009675562050265521,0.0728559695411852,-0.15247326235098851,0.1331221382504575,0.8943484139490363,1404,0.9997788117577607,0.9794008278682759
西红柿,volume,humidity,相对湿度,9,-0.00652951842358428,0.07225750530865023,-0.14815422882853874,0.13509519198137016,0.927997510217515,1404,0.9997788117577607,0.9794008278682759
西红柿,volume,humidity,相对湿度,10,0.018025419839460148,0.07157155935371412,-0.12225483649381952,0.15830567617273983,0.8011556839470347,1404,0.9997788117577607,0.9794008278682759
西红柿,volume,humidity,相对湿度,11,0.034970866316495604,0.07160949710617526,-0.10538374801160791,0.1753254806445991,0.6252983078434036,1403,0.9997788117577607,0.9794008278682759
西红柿,volume,humidity,相对湿度,12,0.015922731586530653,0.07226268281537965,-0.12571212673161344,0.15755758990467475,0.8256023605537683,1402,0.9997788117577607,0.9794008278682759
西红柿,volume,humidity,相对湿度,13,0.0018838072457338512,0.07295893808173207,-0.141115711394461,0.14488332588592873,0.9794008278682759,1401,0.9997788117577607,0.9794008278682759
西红柿,volume,humidity,相对湿度,14,0.006946249385438128,0.07098550559458074,-0.1321853415799401,0.1460778403508164,0.9220478500769852,1400,0.9997788117577607,0.9794008278682759
西红柿,volume,wind_speed,日最大风速,0,0.22577271506192953,0.04723875168515416,0.13318476175902738,0.3183606683648317,1.758223277381398e-06,1410,0.0002482197568067856,3.767621308674424e-06
西红柿,volume,wind_speed,日最大风速,1,0.22825908115017435,0.04941134371192927,0.13141284747479298,0.3251053148255557,3.845391319185035e-06,1409,0.00038453913191850356,5.53282927068713e-06
西红柿,volume,wind_speed,日最大风速,2,0.21896459737698817,0.04828368764219298,0.12432856959828995,0.31360062515568643,5.761437358012517e-06,1409,0.0005051742907003818,6.800423144043601e-06
西红柿,volume,wind_speed,日最大风速,3,0.21683410984051532,0.047864481821117855,0.12301972547112433,0.3106484942099063,5.893700058171121e-06,1409,0.0005051742907003818,6.800423144043601e-06
西红柿,volume,wind_speed,日最大风速,4,0.23218338256715274,0.04812039243390231,0.13786741339670422,0.32649935173760125,1.3996693706733952e-06,1408,0.000232348813563312,3.767621308674424e-06
西红柿,volume,wind_speed,日最大风速,5,0.2376052978260544,0.04929596303840056,0.1409852102707893,0.3342253853813195,1.4357638200576515e-06,1407,0.000232348813563312,3.767621308674424e-06
西红柿,volume,wind_speed,日最大风速,6,0.22367811759633466,0.04786868777741565,0.12985548955259998,0.31750074564006936,2.972022971052902e-06,1406,0.00032732576745763027,4.953371618421503e-06
西红柿,volume,wind_speed,日最大风速,7,0.22714508184090137,0.047108733996826885,0.1348119632071207,0.31947820047468206,1.4232628605542263e-06,1405,0.000232348813563312,3.767621308674424e-06
西红柿,volume,wind_speed,日最大风速,8,0.23303971814494406,0.04850134775049803,0.1379770765539679,0.3281023597359202,1.54899209042208e-06,1404,0.000232348813563312,3.767621308674424e-06
西红柿,volume,wind_speed,日最大风速,9,0.2180405270256813,0.04959526403062875,0.12083380952564896,0.3152472445257136,1.1006196843199107e-05,1404,0.0008520926588283179,1.1792353760570472e-05
西红柿,volume,wind_speed,日最大风速,10,0.20589606538040173,0.04950911045736771,0.10885820888396103,0.3029339218768424,3.1999240555154135e-05,1404,0.0018285280317230934,3.1999240555154135e-05
西红柿,volume,wind_speed,日最大风速,11,0.22496795325177488,0.0478841483329376,0.1311150225192172,0.31882088398433256,2.6250064406354894e-06,1403,0.00032732576745763027,4.9218870761915425e-06
西红柿,volume,wind_speed,日最大风速,12,0.2272720626509225,0.049316701242665864,0.13061132821529742,0.3239327970865476,4.057408131837229e-06,1402,0.00038951118065637397,5.53282927068713e-06
西红柿,volume,wind_speed,日最大风速,13,0.2277552725851253,0.044537920338456875,0.1404609487217498,0.3150495964485008,3.1584472754375714e-07,1401,0.00012633789101750286,2.3688354565781787e-06
西红柿,volume,wind_speed,日最大风速,14,0.25267089460347836,0.044556501281531255,0.1653401520916771,0.34000163711527964,1.421343474289261e-08,1400,3.26674769974865e-05,2.1320152114338914e-07
西红柿,volume,radiation,短波辐射,0,-0.034775221864736236,0.08192292414097292,-0.19534415318104315,0.1257937094515707,0.6712106346228268,1410,0.9997788117577607,0.9243203660597185
西红柿,volume,radiation,短波辐射,1,-0.013924851960965053,0.08031127603116323,-0.17133495298204496,0.14348524906011487,0.8623480184999764,1409,0.9997788117577607,0.9243203660597185
西红柿,volume,radiation,短波辐射,2,-0.01236614196091785,0.08091566436997795,-0.17096084412607462,0.14622856020423894,0.8785342787970778,1409,0.9997788117577607,0.9243203660597185
西红柿,volume,radiation,短波辐射,3,-0.03260423577204613,0.07982212081416484,-0.1890555925678092,0.12384712102371695,0.6829351425268999,1409,0.9997788117577607,0.9243203660597185
西红柿,volume,radiation,短波辐射,4,-0.03420017255777239,0.07839840264407406,-0.18786104174015755,0.11946069662461278,0.6626658165240382,1408,0.9997788117577607,0.9243203660597185
西红柿,volume,radiation,短波辐射,5,-0.04090375073356527,0.08047717180037862,-0.1986390074623074,0.11683150599517685,0.6112673288874657,1407,0.9997788117577607,0.9243203660597185
西红柿,volume,radiation,短波辐射,6,-0.032606614539987186,0.0830447563144098,-0.1953743369162304,0.130161107836256,0.6945860906213666,1406,0.9997788117577607,0.9243203660597185
西红柿,volume,radiation,短波辐射,7,-0.02357871202277764,0.08079651480070696,-0.18193988103216327,0.13478245698660798,0.7704178830329643,1405,0.9997788117577607,0.9243203660597185
西红柿,volume,radiation,短波辐射,8,-0.013962108475137541,0.08012141156121129,-0.17100007513511167,0.1430758581848366,0.8616596496231494,1404,0.9997788117577607,0.9243203660597185
西红柿,volume,radiation,短波辐射,9,-0.007492971662927096,0.07887917621799219,-0.16209615705019179,0.1471102137243376,0.9243203660597183,1404,0.9997788117577607,0.9243203660597185
西红柿,volume,radiation,短波辐射,10,-0.021668888068550704,0.07808565420154895,-0.17471677030358662,0.13137899416648524,0.781395035524403,1404,0.9997788117577607,0.9243203660597185
西红柿,volume,radiation,短波辐射,11,-0.04454966784012493,0.07681304466099426,-0.19510323537567367,0.10600389969542381,0.561931281462773,1403,0.9997788117577607,0.9243203660597185
西红柿,volume,radiation,短波辐射,12,-0.024313627962822427,0.07878627006958516,-0.17873471729920934,0.13010746137356446,0.7576240342628411,1402,0.9997788117577607,0.9243203660597185
西红柿,volume,radiation,短波辐射,13,-0.01324402869000238,0.07970329415387399,-0.1694624852315954,0.14297442785159065,0.8680258108347625,1401,0.9997788117577607,0.9243203660597185
西红柿,volume,radiation,短波辐射,14,-0.013824071351519876,0.08016577483897454,-0.17094899003590996,0.14330084733287024,0.8630888316094125,1400,0.9997788117577607,0.9243203660597185
西红柿,volume,et0,参考蒸散ET0,0,0.00022404319564852532,0.0848901764626835,-0.16616070267121114,0.1666087890625082,0.9978942157186437,1410,0.9997788117577607,0.9978942157186437
西红柿,volume,et0,参考蒸散ET0,1,0.017083521129543762,0.08449276520344555,-0.14852229866920952,0.18268934092829703,0.8397688480551903,1409,0.9997788117577607,0.9978942157186437
西红柿,volume,et0,参考蒸散ET0,2,0.012774860496239944,0.08431620762081787,-0.1524849064405631,0.17803462743304296,0.8795723764055626,1409,0.9997788117577607,0.9978942157186437
西红柿,volume,et0,参考蒸散ET0,3,-0.007216862696989394,0.08492077411370587,-0.1736615799598529,0.1592278545658741,0.932274526222151,1409,0.9997788117577607,0.9978942157186437
西红柿,volume,et0,参考蒸散ET0,4,-0.0081725063218216,0.08352729579567615,-0.17188600608134685,0.15554099343770367,0.92205748384717,1408,0.9997788117577607,0.9978942157186437
西红柿,volume,et0,参考蒸散ET0,5,-0.01164536306084122,0.08187235022342725,-0.1721151694987586,0.14882444337707618,0.8868919814678274,1407,0.9997788117577607,0.9978942157186437
西红柿,volume,et0,参考蒸散ET0,6,-0.006059194893837695,0.08196201575454522,-0.1667047457727463,0.15458635598507092,0.9410685789598018,1406,0.9997788117577607,0.9978942157186437
西红柿,volume,et0,参考蒸散ET0,7,-0.0006894638244759402,0.08150486218832376,-0.1604389937135905,0.15906006606463863,0.993250636032125,1405,0.9997788117577607,0.9978942157186437
西红柿,volume,et0,参考蒸散ET0,8,0.007499281077928258,0.08187366689713917,-0.1529731060404645,0.16797166819632103,0.9270192170734518,1404,0.9997788117577607,0.9978942157186437
西红柿,volume,et0,参考蒸散ET0,9,0.012583077836927394,0.08222691540885005,-0.1485816763644187,0.1737478320382735,0.8783756437919438,1404,0.9997788117577607,0.9978942157186437
西红柿,volume,et0,参考蒸散ET0,10,-0.016001163535008446,0.08319185526415189,-0.17905719985274615,0.14705487278272927,0.847475491503093,1404,0.9997788117577607,0.9978942157186437
西红柿,volume,et0,参考蒸散ET0,11,-0.03098511236130142,0.08088244713611659,-0.18951470874808993,0.1275444840254871,0.7016543568268572,1403,0.9997788117577607,0.9978942157186437
西红柿,volume,et0,参考蒸散ET0,12,-0.014001061433439939,0.0793658769624739,-0.16955818027988875,0.1415560574130089,0.8599705911778428,1402,0.9997788117577607,0.9978942157186437
西红柿,volume,et0,参考蒸散ET0,13,0.0015426542826048467,0.07849921525185376,-0.15231580761102853,0.1554011161762382,0.9843211067771039,1401,0.9997788117577607,0.9978942157186437
西红柿,volume,et0,参考蒸散ET0,14,0.009219771691724568,0.0791732491941659,-0.14595979672884063,0.16439934011228974,0.907295441950768,1400,0.9997788117577607,0.9978942157186437
西红柿,volume,dew_point,露点温度,0,-0.00671314671412146,0.08685237463773406,-0.17694380100408022,0.1635175075758373,0.9383898538178945,1410,0.9997788117577607,0.9897333851549025
西红柿,volume,dew_point,露点温度,1,-0.013999272942170016,0.08671386130110156,-0.1839584410923291,0.15595989520798906,0.8717451644410569,1409,0.9997788117577607,0.9897333851549025
西红柿,volume,dew_point,露点温度,2,-0.014975697508503305,0.0855304226646829,-0.1826153259312818,0.1526639309142752,0.8610073006694066,1409,0.9997788117577607,0.9897333851549025
西红柿,volume,dew_point,露点温度,3,-0.009509457111881718,0.08533554990701747,-0.17676713492963597,0.15774822070587252,0.9112705696079935,1409,0.9997788117577607,0.9897333851549025
西红柿,volume,dew_point,露点温度,4,0.001096752673853417,0.08523334034347162,-0.16596059439935093,0.16815409974705778,0.9897333851549025,1408,0.9997788117577607,0.9897333851549025
西红柿,volume,dew_point,露点温度,5,-0.0031053518852228873,0.08617315793677281,-0.17200474144129757,0.16579403767085182,0.9712535060040794,1407,0.9997788117577607,0.9897333851549025
西红柿,volume,dew_point,露点温度,6,-0.005698947016299229,0.0863532137964685,-0.17495124605737747,0.16355335202477903,0.9473811915075092,1406,0.9997788117577607,0.9897333851549025
西红柿,volume,dew_point,露点温度,7,-0.006310174816655214,0.08634195231711014,-0.1755404013581911,0.16292005172488067,0.941739646341473,1405,0.9997788117577607,0.9897333851549025
西红柿,volume,dew_point,露点温度,8,-0.012404173023246111,0.08680955717174908,-0.18255090507987431,0.15774255903338208,0.8863774621466376,1404,0.9997788117577607,0.9897333851549025
西红柿,volume,dew_point,露点温度,9,-0.0137780571250006,0.0868549526372699,-0.18401376429404961,0.1564576500440484,0.8739580692714024,1404,0.9997788117577607,0.9897333851549025
西红柿,volume,dew_point,露点温度,10,-0.011356711083584808,0.08568728343507395,-0.17930378661632973,0.15659036444916014,0.8945597846048088,1404,0.9997788117577607,0.9897333851549025
西红柿,volume,dew_point,露点温度,11,-0.0053070755263308275,0.08499694771585428,-0.17190109304940523,0.16128694199674357,0.9502136960914238,1403,0.9997788117577607,0.9897333851549025
西红柿,volume,dew_point,露点温度,12,-0.009857112531312728,0.08548093805002147,-0.1773997511093548,0.15768552604672936,0.9081965791205017,1402,0.9997788117577607,0.9897333851549025
西红柿,volume,dew_point,露点温度,13,-0.013978452335425346,0.08573941825555557,-0.18202771211631427,0.15407080744546356,0.8704915542934849,1401,0.9997788117577607,0.9897333851549025
西红柿,volume,dew_point,露点温度,14,-0.008520787233601834,0.08433230883381096,-0.17381211254787132,0.15677053808066765,0.9195201121320717,1400,0.9997788117577607,0.9897333851549025
西红柿,volume,pressure_msl,海平面气压,0,0.037910619753720426,0.08397627748662827,-0.12668288412007098,0.20250412362751183,0.6516692929146003,1410,0.9997788117577607,0.8715525882035526
西红柿,volume,pressure_msl,海平面气压,1,0.03237959047611189,0.08410003569852252,-0.13245647949299225,0.19721566044521602,0.7002279299513552,1409,0.9997788117577607,0.8715525882035526
西红柿,volume,pressure_msl,海平面气压,2,0.026232770855742722,0.08194718310948916,-0.13438370803885605,0.18684924975034148,0.7488788579764065,1409,0.9997788117577607,0.8715525882035526
西红柿,volume,pressure_msl,海平面气压,3,0.02419622208454593,0.08187178500839216,-0.13627247653190272,0.18466492070099455,0.7675829422822685,1409,0.9997788117577607,0.8715525882035526
西红柿,volume,pressure_msl,海平面气压,4,0.022456386620572637,0.0816149134818485,-0.13750884380385042,0.1824216170449957,0.7832005925912047,1408,0.9997788117577607,0.8715525882035526
西红柿,volume,pressure_msl,海平面气压,5,0.019636783518717588,0.08201784805873522,-0.14111819867640343,0.1803917657138386,0.8107792582354314,1407,0.9997788117577607,0.8715525882035526
西红柿,volume,pressure_msl,海平面气压,6,0.013399814472306714,0.082875186916417,-0.1490355518838706,0.175835180828484,0.8715525882035526,1406,0.9997788117577607,0.8715525882035526
西红柿,volume,pressure_msl,海平面气压,7,0.014029338958321314,0.08410868540112952,-0.15082368442789254,0.17888236234453517,0.8675273229499737,1405,0.9997788117577607,0.8715525882035526
西红柿,volume,pressure_msl,海平面气压,8,0.027526690794401124,0.08460068571498332,-0.13829065320696618,0.19334403479576842,0.7448995758324249,1404,0.9997788117577607,0.8715525882035526
西红柿,volume,pressure_msl,海平面气压,9,0.02842622997665399,0.08301258105966756,-0.13427842890029446,0.1911308888536024,0.7320252133700229,1404,0.9997788117577607,0.8715525882035526
西红柿,volume,pressure_msl,海平面气压,10,0.019581922620060827,0.08254547855775546,-0.14220721535313985,0.18137106059326152,0.8124815709347958,1404,0.9997788117577607,0.8715525882035526
西红柿,volume,pressure_msl,海平面气压,11,0.018691948060070965,0.08312032943367842,-0.14422389762993873,0.18160779375008065,0.8220740476233259,1403,0.9997788117577607,0.8715525882035526
西红柿,volume,pressure_msl,海平面气压,12,0.025881758358079397,0.08539090153106521,-0.1414844086428084,0.1932479253589672,0.761815652290264,1402,0.9997788117577607,0.8715525882035526
西红柿,volume,pressure_msl,海平面气压,13,0.02210588233801917,0.08639228360076719,-0.1472229935194845,0.19143475819552283,0.7980450641939537,1401,0.9997788117577607,0.8715525882035526
西红柿,volume,pressure_msl,海平面气压,14,0.015182904350868207,0.0856649405336418,-0.15272037909506975,0.18308618779680613,0.859323083986717,1400,0.9997788117577607,0.8715525882035526
西红柿,volume,cloud_cover,云量,0,-0.02776453834294646,0.045209202394944366,-0.11637457503703741,0.06084549835114449,0.5391263433060727,1410,0.9997788117577607,0.943540485243557
西红柿,volume,cloud_cover,云量,1,-0.045516940475900616,0.044416809717636486,-0.13257388752246813,0.04154000657066689,0.30547250714768226,1409,0.9997788117577607,0.943540485243557
西红柿,volume,cloud_cover,云量,2,-0.04943761388669288,0.04216219397792671,-0.1320755140834292,0.03320028631004347,0.24097313806064724,1409,0.9997788117577607,0.943540485243557
西红柿,volume,cloud_cover,云量,3,-0.028371347943892143,0.042326158301783996,-0.11133061821538878,0.05458792232760449,0.5026646994271282,1409,0.9997788117577607,0.943540485243557
西红柿,volume,cloud_cover,云量,4,-0.002091298191022677,0.0411260295424906,-0.08269831609430425,0.0785157197122589,0.9594442810762353,1408,0.9997788117577607,0.9913694721214968
西红柿,volume,cloud_cover,云量,5,-0.0005082928905357567,0.04396609220455392,-0.08668183361146145,0.08566524783038992,0.9907758457653103,1407,0.9997788117577607,0.9913694721214968
西红柿,volume,cloud_cover,云量,6,-0.01578727325606495,0.047042228841777854,-0.10799004178594955,0.07641549527381965,0.7371741070834377,1406,0.9997788117577607,0.943540485243557
西红柿,volume,cloud_cover,云量,7,-0.03097322859171116,0.04408413892460583,-0.11737814088393858,0.055431683700516265,0.48230912672426174,1405,0.9997788117577607,0.943540485243557
西红柿,volume,cloud_cover,云量,8,-0.04351161318952881,0.04000028708566603,-0.12191217587743422,0.03488894949837661,0.27669112691243003,1404,0.9997788117577607,0.943540485243557
西红柿,volume,cloud_cover,云量,9,-0.044371545263794554,0.0412560536917061,-0.1252334104995385,0.0364903199719494,0.2821437789937612,1404,0.9997788117577607,0.943540485243557
西红柿,volume,cloud_cover,云量,10,-0.03734851208759343,0.042169894748143345,-0.12000150579395438,0.04530448161876752,0.37579663904887595,1404,0.9997788117577607,0.943540485243557
西红柿,volume,cloud_cover,云量,11,0.02137239643890713,0.041344323261373536,-0.05966247715338499,0.10240727003119926,0.6052003742529211,1403,0.9997788117577607,0.943540485243557
西红柿,volume,cloud_cover,云量,12,0.0004484980700190065,0.0414624357045934,-0.08081787591098406,0.08171487205102208,0.9913694721214968,1402,0.9997788117577607,0.9913694721214968
西红柿,volume,cloud_cover,云量,13,-0.017369708796917287,0.048272572968225666,-0.1119839518146396,0.07724453422080502,0.7189775380773239,1401,0.9997788117577607,0.943540485243557
西红柿,volume,cloud_cover,云量,14,-0.013600485711029935,0.04355306844094863,-0.09896449985528925,0.07176352843322938,0.7548323881948457,1400,0.9997788117577607,0.943540485243557
西红柿,volume,temp_mean,日平均气温,0,-0.008908705699335065,0.09090839139107382,-0.18708915282583977,0.1692717414271696,0.9219350592896819,1410,0.9997788117577607,0.9352421823055291
西红柿,volume,temp_mean,日平均气温,1,-0.007394069335238,0.0910025861541442,-0.18575913819736062,0.1709709995268846,0.9352421823055291,1409,0.9997788117577607,0.9352421823055291
西红柿,volume,temp_mean,日平均气温,2,-0.009960987368251517,0.09032874249421737,-0.18700532265691755,0.16708334792041452,0.9121914125855994,1409,0.9997788117577607,0.9352421823055291
西红柿,volume,temp_mean,日平均气温,3,-0.012955283918186858,0.08983350248686192,-0.1890289487924362,0.16311838095606251,0.8853311767852309,1409,0.9997788117577607,0.9352421823055291
西红柿,volume,temp_mean,日平均气温,4,-0.007377332828328406,0.08901018816222091,-0.18183730162628137,0.16708263596962458,0.9339454523518017,1408,0.9997788117577607,0.9352421823055291
西红柿,volume,temp_mean,日平均气温,5,-0.008603946336538007,0.08851608772207617,-0.18209547827180728,0.1648875855987313,0.922565929756805,1407,0.9997788117577607,0.9352421823055291
西红柿,volume,temp_mean,日平均气温,6,-0.009667381185710425,0.08832022504732934,-0.18277502227847592,0.16344025990705507,0.9128389992819581,1406,0.9997788117577607,0.9352421823055291
西红柿,volume,temp_mean,日平均气温,7,-0.009092905111351454,0.08835693801937194,-0.18227250362932046,0.16408669340661758,0.9180335690284089,1405,0.9997788117577607,0.9352421823055291
西红柿,volume,temp_mean,日平均气温,8,-0.008856154757984316,0.08900570565188984,-0.1833073378356884,0.16559502831971976,0.9207405114404601,1404,0.9997788117577607,0.9352421823055291
西红柿,volume,temp_mean,日平均气温,9,-0.011606065233841365,0.08933054340281651,-0.18669393030336173,0.163481799835679,0.8966275858992792,1404,0.9997788117577607,0.9352421823055291
西红柿,volume,temp_mean,日平均气温,10,-0.019225248262243914,0.08819879412286667,-0.1920948847430626,0.15364438821857476,0.8274475644453733,1404,0.9997788117577607,0.9352421823055291
西红柿,volume,temp_mean,日平均气温,11,-0.018548364143521387,0.0867909747463941,-0.1886586746464538,0.15156194635941106,0.8307708320650083,1403,0.9997788117577607,0.9352421823055291
西红柿,volume,temp_mean,日平均气温,12,-0.016941105909117498,0.08629917351761841,-0.18608748600364958,0.1522052741854146,0.8443701180939508,1402,0.9997788117577607,0.9352421823055291
西红柿,volume,temp_mean,日平均气温,13,-0.01539937497826116,0.08584604133163225,-0.18365761598826036,0.15285886603173804,0.857636480036801,1401,0.9997788117577607,0.9352421823055291
西红柿,volume,temp_mean,日平均气温,14,-0.010767930446117381,0.0850282706829231,-0.17742334098464663,0.15588748009241188,0.8992257995228631,1400,0.9997788117577607,0.9352421823055291
青椒,price,humidity,相对湿度,0,0.07439599991277675,0.08877823215196871,-0.09960933510508192,0.24840133493063543,0.40203170702883795,1410,0.9997788117577607,0.43872050178635136
青椒,price,humidity,相对湿度,1,0.08355927102986957,0.09280857994104438,-0.09834554565457743,0.26546408771431657,0.36793937385149766,1409,0.9997788117577607,0.43872050178635136
青椒,price,humidity,相对湿度,2,0.07082369815755375,0.08899119551396543,-0.1035990450498185,0.24524644136492602,0.4261188653008422,1409,0.9997788117577607,0.43872050178635136
青椒,price,humidity,相对湿度,3,0.06767752586394976,0.08739850443532536,-0.10362354282928796,0.23897859455718748,0.43872050178635136,1409,0.9997788117577607,0.43872050178635136
青椒,price,humidity,相对湿度,4,0.0837696742252454,0.08766356665925919,-0.0880509164269026,0.2555902648773934,0.33928375960952684,1408,0.9997788117577607,0.43872050178635136
青椒,price,humidity,相对湿度,5,0.08977191145810898,0.08768676853040175,-0.08209415486147845,0.2616379777776964,0.3059394599269186,1407,0.9997788117577607,0.43872050178635136
青椒,price,humidity,相对湿度,6,0.09260209036985438,0.0876589325767059,-0.07920941748048917,0.26441359822019794,0.29078970504975965,1406,0.9997788117577607,0.43872050178635136
青椒,price,humidity,相对湿度,7,0.10569879933124252,0.08948298533926402,-0.06968785193371496,0.2810854505962,0.23751663682104396,1405,0.9997788117577607,0.43872050178635136
青椒,price,humidity,相对湿度,8,0.10258642621267926,0.08893244647049071,-0.07172116886948253,0.27689402129484103,0.24869207536310067,1404,0.9997788117577607,0.43872050178635136
青椒,price,humidity,相对湿度,9,0.10818679895808156,0.0863795951212189,-0.06111720747950747,0.2774908053956706,0.21040309073016816,1404,0.9997788117577607,0.43872050178635136
青椒,price,humidity,相对湿度,10,0.11566877069866971,0.08612993753830846,-0.05314590687641485,0.28448344827375427,0.17928601749793904,1404,0.9997788117577607,0.43872050178635136
青椒,price,humidity,相对湿度,11,0.12127614332858432,0.08662366578641358,-0.048506241612786286,0.29105852826995493,0.161502909014128,1403,0.9997788117577607,0.43872050178635136
青椒,price,humidity,相对湿度,12,0.12722872332551333,0.08666077426692984,-0.042626394237669146,0.29708384088869577,0.14207066643457783,1402,0.9997788117577607,0.43872050178635136
青椒,price,humidity,相对湿度,13,0.11578025068946392,0.08802734720377609,-0.0567533498299372,0.28831385120886505,0.18841718556950005,1401,0.9997788117577607,0.43872050178635136
青椒,price,humidity,相对湿度,14,0.12253411657075564,0.08767400443325633,-0.049306932118426766,0.294375165259938,0.162230038187421,1400,0.9997788117577607,0.43872050178635136
青椒,price,wind_speed,日最大风速,0,0.16652181233449156,0.0688416055806587,0.031592265396400504,0.3014513592725826,0.015566989204365342,1410,0.4556191962253271,0.06223261918620121
青椒,price,wind_speed,日最大风速,1,0.17917274643043435,0.07658551882042011,0.029065129542410945,0.3292803633184578,0.019308947125978037,1409,0.538854338399387,0.06223261918620121
青椒,price,wind_speed,日最大风速,2,0.1581948470229352,0.07454169002193328,0.012093134579945986,0.30429655946592443,0.03381816248207539,1409,0.8367380407936179,0.06908003936106752
青椒,price,wind_speed,日最大风速,3,0.16945833882178066,0.07327586241216144,0.025837648493944237,0.31307902914961705,0.020744206395400405,1409,0.5657510835109201,0.06223261918620121
青椒,price,wind_speed,日最大风速,4,0.17562015221467664,0.07194089219382073,0.034616003514788024,0.3166243009145653,0.014639646208580518,1408,0.43918938625741555,0.06223261918620121
青椒,price,wind_speed,日最大风速,5,0.162148829583142,0.06815990249261532,0.02855542069761599,0.295742238468668,0.0173621485867213,1407,0.5020380314232665,0.06223261918620121
青椒,price,wind_speed,日最大风速,6,0.13079122664043785,0.062398101815613,0.008490947081836384,0.2530915061990393,0.0360753601140059,1406,0.8658086427361417,0.06908003936106752
青椒,price,wind_speed,日最大风速,7,0.14017909104534765,0.06834352336328084,0.006225785253317212,0.2741323968373781,0.04025765057524402,1405,0.9201748702912919,0.06908003936106752
青椒,price,wind_speed,日最大风速,8,0.13774967726854273,0.07298270825237746,-0.005296430906117089,0.28079578544320255,0.05910265275191085,1404,0.9997788117577607,0.08270194048295054
青椒,price,wind_speed,日最大风速,9,0.12908304936327025,0.06880567500936646,-0.005776073655088004,0.26394217238162854,0.06064808968749706,1404,0.9997788117577607,0.08270194048295054
青椒,price,wind_speed,日最大风速,10,0.14266719390363947,0.06996850857805044,0.005528917090660612,0.2798054707166183,0.04144802361664051,1404,0.9276672649435107,0.06908003936106752
青椒,price,wind_speed,日最大风速,11,0.12166446917993065,0.07039810481732356,-0.016315816262023525,0.25964475462188485,0.08394609988291304,1403,0.9997788117577607,0.1049326248536413
青椒,price,wind_speed,日最大风速,12,0.0843852401962827,0.0707897186957298,-0.05436260844734771,0.22313308883991312,0.23323966865214163,1402,0.9997788117577607,0.24989964498443745
青椒,price,wind_speed,日最大风速,13,0.07264592837422268,0.06494006499552839,-0.054636599017012955,0.1999284557654583,0.2632847212990782,1401,0.9997788117577607,0.2632847212990782
青椒,price,wind_speed,日最大风速,14,0.0841231248071502,0.065527533933414,-0.04431084170234123,0.21255709131664163,0.19921794303884244,1400,0.9997788117577607,0.2298668573525105
青椒,price,radiation,短波辐射,0,0.043086107553385274,0.08209337584233076,-0.11781690909758302,0.20398912420435356,0.5996925576454558,1410,0.9997788117577607,0.813535996677405
青椒,price,radiation,短波辐射,1,0.02624229920011215,0.08331885232498215,-0.13706265135685286,0.18954724975707715,0.7527902615879639,1409,0.9997788117577607,0.813535996677405
青椒,price,radiation,短波辐射,2,0.035501949508926406,0.08333009515792271,-0.1278250370006021,0.19882893601845492,0.6700787363201047,1409,0.9997788117577607,0.813535996677405
青椒,price,radiation,短波辐射,3,0.04511983739741291,0.08145829517570391,-0.11453842114696675,0.20477809594179255,0.5796465482722967,1409,0.9997788117577607,0.813535996677405
青椒,price,radiation,短波辐射,4,0.03808483884123241,0.07956104896650948,-0.11785481713312616,0.19402449481559098,0.6321613244419837,1408,0.9997788117577607,0.813535996677405
青椒,price,radiation,短波辐射,5,0.03703693719618164,0.08098451027448447,-0.12169270294180792,0.19576657733417122,0.6474312864226,1407,0.9997788117577607,0.813535996677405
青椒,price,radiation,短波辐射,6,0.03837176338621952,0.08053780212271068,-0.11948232877429342,0.19622585554673244,0.6337579987897959,1406,0.9997788117577607,0.813535996677405
青椒,price,radiation,短波辐射,7,0.026613108477170345,0.08011014036913341,-0.13040276664633113,0.18362898360067184,0.7397333441260944,1405,0.9997788117577607,0.813535996677405
青椒,price,radiation,短波辐射,8,0.019195906031786596,0.08138450349697972,-0.14031772082229366,0.17870953288586683,0.813535996677405,1404,0.9997788117577607,0.813535996677405
青椒,price,radiation,短波辐射,9,0.019319003177946215,0.08087901298755691,-0.13920386227766532,0.17784186863355775,0.8112118216782092,1404,0.9997788117577607,0.813535996677405
青椒,price,radiation,短波辐射,10,0.03519601994162064,0.07929078736064858,-0.12021392328525057,0.19060596316849185,0.6571254673652239,1404,0.9997788117577607,0.813535996677405
青椒,price,radiation,短波辐射,11,0.03878403484177394,0.07756451613805353,-0.11324241678881096,0.19081048647235882,0.6170589480018951,1403,0.9997788117577607,0.813535996677405
青椒,price,radiation,短波辐射,12,0.026499357482482395,0.08075390558291252,-0.13177829746002614,0.18477701242499092,0.7427985936008921,1402,0.9997788117577607,0.813535996677405
青椒,price,radiation,短波辐射,13,0.03620667415890762,0.08120582295106696,-0.12295673882518361,0.19537008714299886,0.6556961898748894,1401,0.9997788117577607,0.813535996677405
青椒,price,radiation,短波辐射,14,0.028780512366769064,0.08087069880735584,-0.12972605729564837,0.1872870820291865,0.7219281368773136,1400,0.9997788117577607,0.813535996677405
青椒,price,et0,参考蒸散ET0,0,0.027902750804862885,0.09303305963864188,-0.1544420460868752,0.21024754769660095,0.7642359190583622,1410,0.9997788117577607,0.8746625887677923
青椒,price,et0,参考蒸散ET0,1,0.024901532938640374,0.09469523216799319,-0.1607011221106263,0.21050418798790702,0.7925775460417743,1409,0.9997788117577607,0.8746625887677923
青椒,price,et0,参考蒸散ET0,2,0.03166710565381922,0.09533539474255506,-0.1551902680415887,0.21852447934922714,0.7397644785701292,1409,0.9997788117577607,0.8746625887677923
青椒,price,et0,参考蒸散ET0,3,0.04144052095902216,0.0943670550214253,-0.14351890688297142,0.22639994880101572,0.6605587732999787,1409,0.9997788117577607,0.8746625887677923
青椒,price,et0,参考蒸散ET0,4,0.03155160254427669,0.09323222878105551,-0.15118356586659212,0.2142867709551455,0.7350470950248752,1408,0.9997788117577607,0.8746625887677923
青椒,price,et0,参考蒸散ET0,5,0.029433721719107853,0.09307584389056867,-0.15299493230640673,0.21186237574462244,0.7518251040298967,1407,0.9997788117577607,0.8746625887677923
青椒,price,et0,参考蒸散ET0,6,0.027494916946482702,0.09188629883511694,-0.1526022287703465,0.2075920626633119,0.7647663894589173,1406,0.9997788117577607,0.8746625887677923
青椒,price,et0,参考蒸散ET0,7,0.017476195022866584,0.09180672351769519,-0.16246498307181595,0.19741737311754914,0.8490281738785037,1405,0.9997788117577607,0.8746625887677923
青椒,price,et0,参考蒸散ET0,8,0.014694365305528298,0.09315628744934294,-0.16789195809518387,0.19728068870624044,0.8746625887677923,1404,0.9997788117577607,0.8746625887677923
青椒,price,et0,参考蒸散ET0,9,0.016907035236471413,0.09390102876887936,-0.16713898115053213,0.20095305162347496,0.8571120192997922,1404,0.9997788117577607,0.8746625887677923
青椒,price,et0,参考蒸散ET0,10,0.03115581559440793,0.09533340123341419,-0.1556976508230839,0.21800928201189973,0.7438123354503785,1404,0.9997788117577607,0.8746625887677923
青椒,price,et0,参考蒸散ET0,11,0.02798389564795615,0.09496899998486315,-0.15815534432237563,0.2141231356182879,0.7682509668820819,1403,0.9997788117577607,0.8746625887677923
青椒,price,et0,参考蒸散ET0,12,0.015293850397832345,0.09494199150734911,-0.17079245295657192,0.2013801537522366,0.872025461276007,1402,0.9997788117577607,0.8746625887677923
青椒,price,et0,参考蒸散ET0,13,0.021324787466333497,0.09286811635211129,-0.16069672058380463,0.2033462955164716,0.8183836285057097,1401,0.9997788117577607,0.8746625887677923
青椒,price,et0,参考蒸散ET0,14,0.01533855994270333,0.0923060684633967,-0.16558133424555418,0.19625845413096085,0.8680226515437677,1400,0.9997788117577607,0.8746625887677923
青椒,price,dew_point,露点温度,0,0.06665562792064184,0.11405099807467907,-0.15688432830572913,0.2901955841470128,0.5589263114778453,1410,0.9997788117577607,0.5711262764156368
青椒,price,dew_point,露点温度,1,0.0728183368465395,0.11501900350277577,-0.152618910018901,0.29825558371198,0.526669445207063,1409,0.9997788117577607,0.5711262764156368
青椒,price,dew_point,露点温度,2,0.06691898288581002,0.1132376822825794,-0.15502687438804558,0.2888648401596656,0.5545469730064425,1409,0.9997788117577607,0.5711262764156368
青椒,price,dew_point,露点温度,3,0.06400330725042519,0.11300147559194959,-0.157479584909796,0.28548619941064635,0.5711262764156368,1409,0.9997788117577607,0.5711262764156368
青椒,price,dew_point,露点温度,4,0.0711153285480941,0.1141727597229387,-0.15266328050886574,0.29489393760505395,0.533366835604183,1408,0.9997788117577607,0.5711262764156368
青椒,price,dew_point,露点温度,5,0.07618263488640535,0.11565144380695684,-0.15049419497523003,0.30285946474804076,0.5100716122142839,1407,0.9997788117577607,0.5711262764156368
青椒,price,dew_point,露点温度,6,0.0777424716000208,0.11662037002879423,-0.15083345365641587,0.3063183968564575,0.5050094092130655,1406,0.9997788117577607,0.5711262764156368
青椒,price,dew_point,露点温度,7,0.08097539257352607,0.11719883791748853,-0.14873432974475145,0.3106851148918036,0.48961382476539106,1405,0.9997788117577607,0.5711262764156368
青椒,price,dew_point,露点温度,8,0.08331992478577906,0.116516526527584,-0.14505246720828557,0.3116923167798437,0.4745527866318727,1404,0.9997788117577607,0.5711262764156368
青椒,price,dew_point,露点温度,9,0.08657398415284634,0.11519883087941685,-0.13921572437081067,0.3123636926765033,0.45234102866834114,1404,0.9997788117577607,0.5711262764156368
青椒,price,dew_point,露点温度,10,0.08961656595606497,0.11638269280247994,-0.1384935119367957,0.3177266438489256,0.44129024689520513,1404,0.9997788117577607,0.5711262764156368
青椒,price,dew_point,露点温度,11,0.09176830583075625,0.11910942532135789,-0.1416861677991052,0.32522277946061773,0.4410307678639307,1403,0.9997788117577607,0.5711262764156368
青椒,price,dew_point,露点温度,12,0.09209932619590225,0.11927927964868457,-0.1416880619155195,0.32588671430732397,0.440036363112004,1402,0.9997788117577607,0.5711262764156368
青椒,price,dew_point,露点温度,13,0.08697086925373344,0.1189950854859343,-0.14625949829869778,0.32020123680616464,0.4648537818545445,1401,0.9997788117577607,0.5711262764156368
青椒,price,dew_point,露点温度,14,0.08871004504606556,0.11841245480057383,-0.14337836636305915,0.32079845645519023,0.4537599076948886,1400,0.9997788117577607,0.5711262764156368
青椒,price,pressure_msl,海平面气压,0,-0.03910744090323694,0.09656494380992817,-0.22837473077069614,0.15015984896422224,0.6854878735939041,1410,0.9997788117577607,0.8247124509747666
青椒,price,pressure_msl,海平面气压,1,-0.03722617280886299,0.09763002107027692,-0.22858101410660575,0.1541286684888798,0.7029818256896998,1409,0.9997788117577607,0.8247124509747666
青椒,price,pressure_msl,海平面气压,2,-0.03394033492927238,0.09525294806487958,-0.22063611313643633,0.1527554432778916,0.7216024701938165,1409,0.9997788117577607,0.8247124509747666
青椒,price,pressure_msl,海平面气压,3,-0.040827494706320445,0.0938114769600738,-0.22469798954806508,0.1430430001354242,0.6634115379426133,1409,0.9997788117577607,0.8247124509747666
青椒,price,pressure_msl,海平面气压,4,-0.053318428088765954,0.09511619482118094,-0.23974616993828057,0.1331093137607487,0.5750968530209605,1408,0.9997788117577607,0.8247124509747666
青椒,price,pressure_msl,海平面气压,5,-0.05551923635837114,0.09845929935032209,-0.24849946308500243,0.13746099036826015,0.572835756196391,1407,0.9997788117577607,0.8247124509747666
青椒,price,pressure_msl,海平面气压,6,-0.04517486249000227,0.10142113157270405,-0.2439602803725022,0.15361055539249766,0.6560172441422294,1406,0.9997788117577607,0.8247124509747666
青椒,price,pressure_msl,海平面气压,7,-0.03195615250833707,0.10284266645124143,-0.23352777875277025,0.16961547373609615,0.7560069920014363,1405,0.9997788117577607,0.8247124509747666
青椒,price,pressure_msl,海平面气压,8,-0.020199736736407792,0.1008070415702871,-0.21778153821417048,0.1773820647413549,0.841183231272371,1404,0.9997788117577607,0.841183231272371
青椒,price,pressure_msl,海平面气压,9,-0.02999403197794662,0.09706457158903242,-0.22024059229245016,0.16025252833655693,0.7573130679924612,1404,0.9997788117577607,0.8247124509747666
青椒,price,pressure_msl,海平面气压,10,-0.05071189945363634,0.0967238398448208,-0.2402906255494851,0.13886682664221245,0.6000728430988758,1404,0.9997788117577607,0.8247124509747666
青椒,price,pressure_msl,海平面气压,11,-0.056869198933738714,0.09944826596986663,-0.2517878002346773,0.13804940236719987,0.5674255892968383,1403,0.9997788117577607,0.8247124509747666
青椒,price,pressure_msl,海平面气压,12,-0.053130662904920564,0.10180920511158875,-0.25267670492363453,0.14641537911379338,0.6017643146595532,1402,0.9997788117577607,0.8247124509747666
青椒,price,pressure_msl,海平面气压,13,-0.04646389556464861,0.10370171654827434,-0.2497192599992663,0.1567914688699691,0.6541147355870768,1401,0.9997788117577607,0.8247124509747666
青椒,price,pressure_msl,海平面气压,14,-0.030730225932390033,0.10497950134644117,-0.23649004857141473,0.17502959670663468,0.7697316209097822,1400,0.9997788117577607,0.8247124509747666
青椒,price,cloud_cover,云量,0,0.04361026730262877,0.05294871000990199,-0.06016920431677913,0.14738973892203666,0.41014852268332935,1410,0.9997788117577607,0.41014852268332935
青椒,price,cloud_cover,云量,1,0.0905556487314518,0.05290465304252459,-0.013137471231896389,0.1942487686948,0.0869563108116341,1409,0.9997788117577607,0.16049425357649397
青椒,price,cloud_cover,云量,2,0.09379950710734059,0.0530364454303365,-0.010151925936118952,0.19775094015080014,0.07696301326033776,1409,0.9997788117577607,0.16049425357649397
青椒,price,cloud_cover,云量,3,0.06087604904623923,0.0547954817058244,-0.046523095097176594,0.16827519318965506,0.26658194817778336,1409,0.9997788117577607,0.28562351590476787
青椒,price,cloud_cover,云量,4,0.08157770516844914,0.058742921053363484,-0.03355842009614328,0.19671383043304158,0.16491668876083332,1408,0.9997788117577607,0.20614586095104168
青椒,price,cloud_cover,云量,5,0.11021186736976203,0.059758062304493154,-0.006913934747044548,0.2273376694865686,0.06513925342647019,1407,0.9997788117577607,0.16049425357649397
青椒,price,cloud_cover,云量,6,0.1163306218489248,0.059844054626291464,-0.0009637252186064649,0.23362496891645607,0.05190798679451026,1406,0.9997788117577607,0.16049425357649397
青椒,price,cloud_cover,云量,7,0.102516745267906,0.055577026708917815,-0.0064142270815729235,0.2114477176173849,0.06509741868681498,1405,0.9997788117577607,0.16049425357649397
青椒,price,cloud_cover,云量,8,0.12320172785040195,0.05471560799853317,0.015959136173276933,0.23044431952752698,0.02434286246931944,1404,0.6532436936292217,0.16049425357649397
青椒,price,cloud_cover,云量,9,0.13313130099512008,0.056343606662277716,0.022697831937055754,0.2435647700531844,0.018135173131476286,1404,0.5181478037564653,0.16049425357649397
青椒,price,cloud_cover,云量,10,0.08072391525673851,0.05652681704757518,-0.030068646156508838,0.19151647666998586,0.15327342396972937,1404,0.9997788117577607,0.20614586095104168
青椒,price,cloud_cover,云量,11,0.07288578971905724,0.06118953495886728,-0.04704569880032264,0.1928172782384371,0.23359550497572934,1403,0.9997788117577607,0.26953327497199536
青椒,price,cloud_cover,云量,12,0.11557438770244971,0.06002209917175541,-0.0020689266741908963,0.23321770207909032,0.054163013486947964,1402,0.9997788117577607,0.16049425357649397
青椒,price,cloud_cover,云量,13,0.10435060003286709,0.06274541248474924,-0.018630408437241425,0.2273316085029756,0.09629655214589637,1401,0.9997788117577607,0.16049425357649397
青椒,price,cloud_cover,云量,14,0.08646932235613289,0.055879708552554704,-0.023054906406874326,0.1959935511191401,0.12176224417983356,1400,0.9997788117577607,0.18264336626975033
青椒,price,temp_mean,日平均气温,0,0.0529794392937925,0.11804453645276068,-0.17838785215361844,0.2843467307412034,0.6535695134059191,1410,0.9997788117577607,0.6627534997354009
青椒,price,temp_mean,日平均气温,1,0.0576450083431664,0.1190727813377983,-0.17573764307891826,0.2910276597652511,0.6283037271474127,1409,0.9997788117577607,0.6627534997354009
青椒,price,temp_mean,日平均气温,2,0.05395352031512308,0.11854809283789217,-0.17840074164714556,0.28630778227739173,0.6490234424398909,1409,0.9997788117577607,0.6627534997354009
青椒,price,temp_mean,日平均气温,3,0.05156882030915774,0.11824599875126314,-0.180193337243318,0.2833309778616335,0.662753499735401,1409,0.9997788117577607,0.6627534997354009
青椒,price,temp_mean,日平均气温,4,0.055126686500047116,0.11913509316216438,-0.17837809609779506,0.2886314690978893,0.643562094841533,1408,0.9997788117577607,0.6627534997354009
青椒,price,temp_mean,日平均气温,5,0.05919511003560976,0.12003496792536662,-0.1760734270981088,0.2944636471693283,0.6219073950066947,1407,0.9997788117577607,0.6627534997354009
青椒,price,temp_mean,日平均气温,6,0.060564205274336265,0.12063102434833275,-0.17587260244839595,0.2970010129970685,0.6156241895884518,1406,0.9997788117577607,0.6627534997354009
青椒,price,temp_mean,日平均气温,7,0.06071749117081884,0.12129458024851907,-0.17701988611627853,0.2984548684579162,0.6166676103216877,1405,0.9997788117577607,0.6627534997354009
青椒,price,temp_mean,日平均气温,8,0.06341251151483074,0.12177865845993217,-0.1752736590666363,0.30209868209629775,0.6025622490231684,1404,0.9997788117577607,0.6627534997354009
青椒,price,temp_mean,日平均气温,9,0.06414360758902773,0.12160090588017666,-0.17419416793611853,0.302481383114174,0.5978513850087879,1404,0.9997788117577607,0.6627534997354009
青椒,price,temp_mean,日平均气温,10,0.06596822357440574,0.12220526214526653,-0.17355409023031665,0.3054905373791281,0.589324677961893,1404,0.9997788117577607,0.6627534997354009
青椒,price,temp_mean,日平均气温,11,0.06667705825171213,0.12415615325570782,-0.1766690021294752,0.31002311863289944,0.5912386618389479,1403,0.9997788117577607,0.6627534997354009
青椒,price,temp_mean,日平均气温,12,0.06468921145227285,0.12400205120749686,-0.178354808914421,0.3077332318189667,0.6018941552275796,1402,0.9997788117577607,0.6627534997354009
青椒,price,temp_mean,日平均气温,13,0.0625548041603553,0.12343668404307691,-0.17938109656407544,0.304490704884786,0.6123116842097998,1401,0.9997788117577607,0.6627534997354009
青椒,price,temp_mean,日平均气温,14,0.062199583718336185,0.12356176986389453,-0.1799814852148971,0.30438065265156944,0.6146910999978974,1400,0.9997788117577607,0.6627534997354009
青椒,volume,humidity,相对湿度,0,-0.026228041083524514,0.10670148476516435,-0.23536295122324663,0.18290686905619763,0.8058311358845711,1410,0.9997788117577607,0.9627718246545159
青椒,volume,humidity,相对湿度,1,-0.05262543968101699,0.10781501742749182,-0.2639428738389009,0.15869199447686697,0.6254729036719456,1409,0.9997788117577607,0.9627718246545159
青椒,volume,humidity,相对湿度,2,-0.041538262621461194,0.1047349071820169,-0.24681868069821433,0.16374215545529192,0.6916596468117931,1409,0.9997788117577607,0.9627718246545159
青椒,volume,humidity,相对湿度,3,-0.02185990650217888,0.10383699380419929,-0.2253804143584095,0.1816606013540517,0.8332607721851147,1409,0.9997788117577607,0.9627718246545159
青椒,volume,humidity,相对湿度,4,-0.013164951469790579,0.10865321483581404,-0.2261252525479861,0.19979534960840495,0.9035604573540749,1408,0.9997788117577607,0.9627718246545159
青椒,volume,humidity,相对湿度,5,-0.012140832510850828,0.10771064555094055,-0.2232536977906943,0.19897203276899264,0.91025483714703,1407,0.9997788117577607,0.9627718246545159
青椒,volume,humidity,相对湿度,6,0.008386547722997847,0.10622827745795489,-0.19982087609459373,0.21659397154058943,0.9370737017869133,1406,0.9997788117577607,0.9627718246545159
青椒,volume,humidity,相对湿度,7,-0.021600737718475704,0.09923248939190826,-0.2160964169266159,0.1728949414896645,0.8276799441365766,1405,0.9997788117577607,0.9627718246545159
青椒,volume,humidity,相对湿度,8,-0.021160546764174157,0.10056303029543713,-0.21826408614323095,0.1759429926148826,0.8333393105975019,1404,0.9997788117577607,0.9627718246545159
青椒,volume,humidity,相对湿度,9,-0.018762435295567217,0.10037962110058245,-0.21550649265270883,0.17798162206157436,0.8517274467479035,1404,0.9997788117577607,0.9627718246545159
青椒,volume,humidity,相对湿度,10,0.016517393682795478,0.09616549990110262,-0.17196698612336567,0.20500177348895662,0.8636261528177147,1404,0.9997788117577607,0.9627718246545159
青椒,volume,humidity,相对湿度,11,0.02759220279683063,0.09785650731951497,-0.16420655154941868,0.21939095714307996,0.7779696213217042,1403,0.9997788117577607,0.9627718246545159
青椒,volume,humidity,相对湿度,12,0.00851166625603813,0.09997377251649163,-0.18743692787628546,0.20446026038836174,0.9321508913963269,1402,0.9997788117577607,0.9627718246545159
青椒,volume,humidity,相对湿度,13,0.004611086684973311,0.09879021430452617,-0.18901773335189798,0.1982399067218446,0.9627718246545159,1401,0.9997788117577607,0.9627718246545159
青椒,volume,humidity,相对湿度,14,-0.007918960969311294,0.08851736079984561,-0.18141298813700868,0.16557506619838608,0.9287145649824603,1400,0.9997788117577607,0.9627718246545159
青椒,volume,wind_speed,日最大风速,0,-0.13729977790932024,0.0792998991865282,-0.2927275803149155,0.01812802449627504,0.08338059843433371,1410,0.9997788117577607,0.3126772441287514
青椒,volume,wind_speed,日最大风速,1,-0.17733057593646845,0.08718988239764251,-0.34822274543584775,-0.0064384064370891225,0.04196737665784227,1409,0.9276672649435107,0.3126772441287514
青椒,volume,wind_speed,日最大风速,2,-0.16077543334985372,0.09229381116613786,-0.3416713032354839,0.02012043653577647,0.08150917552354169,1409,0.9997788117577607,0.3126772441287514
青椒,volume,wind_speed,日最大风速,3,-0.1680284276024017,0.08584762814956472,-0.33628977877554855,0.00023292357074514158,0.050313760999754854,1409,0.9997788117577607,0.3126772441287514
青椒,volume,wind_speed,日最大风速,4,-0.09357876185486741,0.08318366152054174,-0.2566187384351292,0.0694612147253944,0.26060359046498904,1408,0.9997788117577607,0.42622118355057126
青椒,volume,wind_speed,日最大风速,5,-0.047521270779523825,0.07567047410312112,-0.19583540002164124,0.10079285846259357,0.5300020956492741,1407,0.9997788117577607,0.5300020956492741
青椒,volume,wind_speed,日最大风速,6,-0.0655789682766978,0.08054622378328283,-0.22344956689193213,0.09229163033853653,0.4155429519980177,1406,0.9997788117577607,0.5194286899975221
青椒,volume,wind_speed,日最大风速,7,-0.09817720423590715,0.08018786120846151,-0.2553454122044917,0.058991003732677405,0.22082400160254667,1405,0.9997788117577607,0.42622118355057126
青椒,volume,wind_speed,日最大风速,8,-0.11142260258287803,0.08294105609836532,-0.27398707253567406,0.05114186736991799,0.17914409520153018,1404,0.9997788117577607,0.42622118355057126
青椒,volume,wind_speed,日最大风速,9,-0.11131072816243717,0.08463791730485178,-0.27720104607994667,0.054579589755072294,0.1884627856377563,1404,0.9997788117577607,0.42622118355057126
青椒,volume,wind_speed,日最大风速,10,-0.09008230118895491,0.08410662069848208,-0.2549312777579798,0.07476667538006998,0.2841474557003808,1404,0.9997788117577607,0.42622118355057126
青椒,volume,wind_speed,日最大风速,11,-0.06922978764595634,0.07918449327304114,-0.22443139446111698,0.08597181916920428,0.38196325206551385,1403,0.9997788117577607,0.5194286899975221
青椒,volume,wind_speed,日最大风速,12,-0.050890126703850166,0.07235854771929223,-0.19271288023366295,0.0909326268259626,0.4818657100248609,1402,0.9997788117577607,0.5283422779120132
青椒,volume,wind_speed,日最大风速,13,-0.09258090794206675,0.0801221030543172,-0.24962022992852848,0.06445841404439498,0.24788666298399997,1401,0.9997788117577607,0.42622118355057126
青椒,volume,wind_speed,日最大风速,14,-0.05506674299451361,0.08034767773567561,-0.2125481913564378,0.10241470536741057,0.4931194593845456,1400,0.9997788117577607,0.5283422779120132
青椒,volume,radiation,短波辐射,0,-0.1353972340976067,0.13157998198274312,-0.39329399878378324,0.1224995305885698,0.30347455852107763,1410,0.9997788117577607,0.5514139894550795
青椒,volume,radiation,短波辐射,1,-0.08913746502768095,0.1301987890055805,-0.3443270914786187,0.1660521614232568,0.49358000973665606,1409,0.9997788117577607,0.5514139894550795
青椒,volume,radiation,短波辐射,2,-0.10523602379456996,0.13299973762699344,-0.3659155095434771,0.15544346195433717,0.4287982009969259,1409,0.9997788117577607,0.5514139894550795
青椒,volume,radiation,短波辐射,3,-0.13272778740736013,0.1334575650088837,-0.3943046148247722,0.12884904001005193,0.31996404970405024,1409,0.9997788117577607,0.5514139894550795
青椒,volume,radiation,短波辐射,4,-0.1521041142333915,0.13302803299789195,-0.41283905890925976,0.1086308304424767,0.2528729851796271,1408,0.9997788117577607,0.5514139894550795
青椒,volume,radiation,短波辐射,5,-0.14124817347184887,0.13370529327937955,-0.4033105482994328,0.12081420135573506,0.29077901088275415,1407,0.9997788117577607,0.5514139894550795
青椒,volume,radiation,短波辐射,6,-0.12912038436527012,0.1357336870167695,-0.3951584109181383,0.13691764218759805,0.3414635932614477,1406,0.9997788117577607,0.5514139894550795
青椒,volume,radiation,短波辐射,7,-0.0872448407029941,0.12349734166552556,-0.32929963036742416,0.154809948961436,0.4799076129544597,1405,0.9997788117577607,0.5514139894550795
青椒,volume,radiation,短波辐射,8,-0.0752424918658534,0.12235143857857667,-0.31505131147986365,0.16456632774815688,0.5385743832962525,1404,0.9997788117577607,0.5514139894550795
青椒,volume,radiation,短波辐射,9,-0.07284962659873569,0.12230425184482863,-0.3125659602145998,0.1668667070171284,0.5514139894550795,1404,0.9997788117577607,0.5514139894550795
青椒,volume,radiation,短波辐射,10,-0.10436394486861385,0.1215326137605659,-0.342567867839323,0.1338399781020953,0.39048838966945765,1404,0.9997788117577607,0.5514139894550795
青椒,volume,radiation,短波辐射,11,-0.11526762595695797,0.12372444529291522,-0.3577675387310718,0.12723228681715587,0.35151849342303687,1403,0.9997788117577607,0.5514139894550795
青椒,volume,radiation,短波辐射,12,-0.11392749839360733,0.12297339375842477,-0.35495535016011986,0.1271003533729052,0.35421724864886106,1402,0.9997788117577607,0.5514139894550795
青椒,volume,radiation,短波辐射,13,-0.11301135053162911,0.12250018110648603,-0.3531117055003417,0.12708900443708349,0.35624683351724085,1401,0.9997788117577607,0.5514139894550795
青椒,volume,radiation,短波辐射,14,-0.10050567235442656,0.1176404463685772,-0.3310809472368379,0.13006960252798475,0.39291317686148086,1400,0.9997788117577607,0.5514139894550795
青椒,volume,et0,参考蒸散ET0,0,-0.08382545954130803,0.12966546647714952,-0.3379697738365211,0.170318854753905,0.5179718968917235,1410,0.9997788117577607,0.6330993001017001
青椒,volume,et0,参考蒸散ET0,1,-0.07929581514601407,0.13150106471468212,-0.337037901986791,0.17844627169476285,0.546505283970096,1409,0.9997788117577607,0.6330993001017001
青椒,volume,et0,参考蒸散ET0,2,-0.09101019167712693,0.13073907901821508,-0.3472587865528285,0.16523840319857463,0.48635318432907904,1409,0.9997788117577607,0.6330993001017001
青椒,volume,et0,参考蒸散ET0,3,-0.11647126069612773,0.13193649669192295,-0.3750667942122967,0.14212427282004125,0.37735367331738345,1409,0.9997788117577607,0.6330993001017001
青椒,volume,et0,参考蒸散ET0,4,-0.10809939891525658,0.12920275444891868,-0.36133679763513715,0.14513799980462402,0.4027810007293514,1408,0.9997788117577607,0.6330993001017001
青椒,volume,et0,参考蒸散ET0,5,-0.08903139072741295,0.12595184190501513,-0.33589700086124263,0.1578342194064167,0.47964819518794877,1407,0.9997788117577607,0.6330993001017001
青椒,volume,et0,参考蒸散ET0,6,-0.07139454428286321,0.12310293221986202,-0.3126762914337927,0.16988720286806633,0.5619428650097724,1406,0.9997788117577607,0.6330993001017001
青椒,volume,et0,参考蒸散ET0,7,-0.056644645279677955,0.12003199179210794,-0.2919073491922095,0.17861805863285363,0.6369889602822113,1405,0.9997788117577607,0.6369889602822113
青椒,volume,et0,参考蒸散ET0,8,-0.068753144522781,0.12084906747533965,-0.3056173167744467,0.1681110277288847,0.5694121557280061,1404,0.9997788117577607,0.6330993001017001
青椒,volume,et0,参考蒸散ET0,9,-0.06559006062109306,0.12201828760164946,-0.304745904320326,0.17356578307813986,0.59089268009492,1404,0.9997788117577607,0.6330993001017001
青椒,volume,et0,参考蒸散ET0,10,-0.08670384503108884,0.12055560236428521,-0.32299282566508786,0.14958513560291015,0.47201639217806657,1404,0.9997788117577607,0.6330993001017001
青椒,volume,et0,参考蒸散ET0,11,-0.08805264176088329,0.11938318977381514,-0.3220436937175609,0.14593841019579437,0.4607799539058598,1403,0.9997788117577607,0.6330993001017001
青椒,volume,et0,参考蒸散ET0,12,-0.08104783617532997,0.11585417327822438,-0.30812201580064974,0.14602634344998983,0.4841973273761446,1402,0.9997788117577607,0.6330993001017001
青椒,volume,et0,参考蒸散ET0,13,-0.08887981499196831,0.11487155303516335,-0.3140280589408885,0.13626842895695185,0.4390891969695284,1401,0.9997788117577607,0.6330993001017001
青椒,volume,et0,参考蒸散ET0,14,-0.07436336931245409,0.10982339371364323,-0.2896172209911948,0.14089048236628665,0.4983312474299981,1400,0.9997788117577607,0.6330993001017001
青椒,volume,dew_point,露点温度,0,-0.004078927324715535,0.10368283281588034,-0.207297279643841,0.19913942499440992,0.9686189723178907,1410,0.9997788117577607,0.9881687770489432
青椒,volume,dew_point,露点温度,1,-0.026593057127453093,0.10442417300083036,-0.2312644362090806,0.1780783219541744,0.7989827748609424,1409,0.9997788117577607,0.9881687770489432
青椒,volume,dew_point,露点温度,2,-0.03194011047294348,0.10399728253308246,-0.2357747842377851,0.17189456329189814,0.7587486314233169,1409,0.9997788117577607,0.9881687770489432
青椒,volume,dew_point,露点温度,3,-0.03353648941647877,0.1018361627134601,-0.23313536833486057,0.16606238950190302,0.7419152809419964,1409,0.9997788117577607,0.9881687770489432
青椒,volume,dew_point,露点温度,4,-0.019891945207198634,0.10014442487805081,-0.21617501796817823,0.17639112755378095,0.8425501684192592,1408,0.9997788117577607,0.9881687770489432
青椒,volume,dew_point,露点温度,5,-0.008093676805907453,0.10258639282550337,-0.20916300674389404,0.19297565313207915,0.9371151839193071,1407,0.9997788117577607,0.9881687770489432
青椒,volume,dew_point,露点温度,6,0.010773571513369051,0.10223195504030835,-0.18960106036563532,0.21114820339237342,0.9160714284652995,1406,0.9997788117577607,0.9881687770489432
青椒,volume,dew_point,露点温度,7,-0.0021680123885161537,0.10241772162505859,-0.202906746773631,0.19857072199659867,0.983111375598282,1405,0.9997788117577607,0.9881687770489432
青椒,volume,dew_point,露点温度,8,-0.010748320605915622,0.10458279103950938,-0.21573059104335401,0.19423394983152276,0.9181428810043804,1404,0.9997788117577607,0.9881687770489432
青椒,volume,dew_point,露点温度,9,-0.015187417601817854,0.10541859972672589,-0.2218078730662006,0.19143303786256488,0.8854469922729233,1404,0.9997788117577607,0.9881687770489432
青椒,volume,dew_point,露点温度,10,-0.003956057228978925,0.10075076651218734,-0.20142755959286612,0.19351544513490826,0.9686784907809055,1404,0.9997788117577607,0.9881687770489432
青椒,volume,dew_point,露点温度,11,0.003119022894199283,0.09949830829253992,-0.19189766135917896,0.1981357071475775,0.9749924120860299,1403,0.9997788117577607,0.9881687770489432
青椒,volume,dew_point,露点温度,12,-0.001541222321554181,0.10393451581785494,-0.20525287332454986,0.2021704286814415,0.9881687770489432,1402,0.9997788117577607,0.9881687770489432
青椒,volume,dew_point,露点温度,13,-0.003770343372961449,0.10362384231769331,-0.20687307431564034,0.19933238756971744,0.9709754524720842,1401,0.9997788117577607,0.9881687770489432
青椒,volume,dew_point,露点温度,14,-0.00465531968367032,0.09750795233910949,-0.19577090626832488,0.18646026690098427,0.9619210844226321,1400,0.9997788117577607,0.9881687770489432
青椒,volume,pressure_msl,海平面气压,0,0.12162779023031478,0.10728405011743852,-0.08864894799986472,0.3319045284604943,0.25692094700070767,1410,0.9997788117577607,0.467981000110009
青椒,volume,pressure_msl,海平面气压,1,0.13798514987226118,0.10870031129604328,-0.07506746026798364,0.351037760012506,0.20429523967174934,1409,0.9997788117577607,0.467981000110009
青椒,volume,pressure_msl,海平面气压,2,0.11313922147544685,0.10474690931908533,-0.0921647207899604,0.3184431637408541,0.2800887902355399,1409,0.9997788117577607,0.467981000110009
青椒,volume,pressure_msl,海平面气压,3,0.11970041592148939,0.10569310982564818,-0.08745807933678104,0.32685891117975985,0.25741248118872395,1409,0.9997788117577607,0.467981000110009
青椒,volume,pressure_msl,海平面气压,4,0.12203975145266341,0.10559334872274055,-0.08492321204390807,0.3290027149492349,0.24778250524330514,1408,0.9997788117577607,0.467981000110009
青椒,volume,pressure_msl,海平面气压,5,0.11678375898400198,0.10876408775304483,-0.09639385301196587,0.3299613709799698,0.2829416709003315,1407,0.9997788117577607,0.467981000110009
青椒,volume,pressure_msl,海平面气压,6,0.08919874355563925,0.1071576446907383,-0.1208302400382078,0.2992277271494863,0.40517941013774583,1406,0.9997788117577607,0.467981000110009
青椒,volume,pressure_msl,海平面气压,7,0.09181913367487231,0.11180765274313582,-0.12732386570167392,0.3109621330514185,0.4115186585505032,1405,0.9997788117577607,0.467981000110009
青椒,volume,pressure_msl,海平面气压,8,0.09692482261976074,0.11365594998081867,-0.12584083934264384,0.3196904845821653,0.39377496503198295,1404,0.9997788117577607,0.467981000110009
青椒,volume,pressure_msl,海平面气压,9,0.09275726684737429,0.11204773845605778,-0.12685630052649896,0.31237083422124756,0.40776280133954224,1404,0.9997788117577607,0.467981000110009
青椒,volume,pressure_msl,海平面气压,10,0.07928436280547789,0.10924201885665566,-0.13482999415356722,0.293398719764523,0.467981000110009,1404,0.9997788117577607,0.467981000110009
青椒,volume,pressure_msl,海平面气压,11,0.08489293498932654,0.11025821221450985,-0.13121316095111277,0.3009990309297659,0.44133157303144877,1403,0.9997788117577607,0.467981000110009
青椒,volume,pressure_msl,海平面气压,12,0.10023517588573862,0.11706168886950417,-0.12920573429848958,0.3296760860699668,0.3918542922021566,1402,0.9997788117577607,0.467981000110009
青椒,volume,pressure_msl,海平面气压,13,0.10490201640540436,0.11733206129900974,-0.1250688237406547,0.3348728565514634,0.3712892711143502,1401,0.9997788117577607,0.467981000110009
青椒,volume,pressure_msl,海平面气压,14,0.09725370593676375,0.11611476395207017,-0.13033123140929379,0.3248386432828213,0.40227484545828296,1400,0.9997788117577607,0.467981000110009
青椒,volume,cloud_cover,云量,0,-0.09753572581910633,0.049346351223491736,-0.19425457421715014,-0.0008168774210625257,0.0480920708951507,1410,0.9997788117577607,0.12023017723787675
青椒,volume,cloud_cover,云量,1,-0.1808470869223259,0.05327935254236191,-0.28527461790535524,-0.07641955593929656,0.0006879965120971335,1409,0.02579986920364251,0.010319947681457003
青椒,volume,cloud_cover,云量,2,-0.14234697547994363,0.05426649442925604,-0.24870930456128545,-0.0359846463986018,0.008713117723618045,1409,0.2751510860089909,0.04356558861809023
青椒,volume,cloud_cover,云量,3,-0.062439157847366505,0.0553809101619647,-0.1709857417648173,0.04610742607008429,0.2595526454932181,1409,0.9997788117577607,0.4325877424886968
青椒,volume,cloud_cover,云量,4,-0.004944727076575633,0.05395364327628098,-0.11069386789808634,0.10080441374493508,0.9269779552548629,1408,0.9997788117577607,0.9269779552548629
青椒,volume,cloud_cover,云量,5,0.007317887366308742,0.05426165064016785,-0.09903494788842024,0.11367072262103772,0.8927202176164333,1407,0.9997788117577607,0.9269779552548629
青椒,volume,cloud_cover,云量,6,-0.03938211869095044,0.05435018595117761,-0.14590848315525856,0.06714424577335767,0.46869775304623507,1406,0.9997788117577607,0.662423470147604
青椒,volume,cloud_cover,云量,7,-0.10836156879322716,0.05281376955517372,-0.21187655712136766,-0.004846580465086667,0.04019227634886293,1405,0.9201748702912919,0.12023017723787675
青椒,volume,cloud_cover,云量,8,-0.15809837339783905,0.05348069921012606,-0.2629205438496861,-0.053276202945991974,0.0031147903227070613,1404,0.1067928110642421,0.02336092742030296
青椒,volume,cloud_cover,云量,9,-0.12821662598664896,0.052959186360584484,-0.23201663125339456,-0.024416620719903373,0.015475919044266328,1404,0.4556191962253271,0.05803469641599873
青椒,volume,cloud_cover,云量,10,-0.09434370823687666,0.05622599208911407,-0.20454665273154024,0.01585923625778693,0.093359274325931,1404,0.9997788117577607,0.2000555878412807
青椒,volume,cloud_cover,云量,11,-0.025922473680008044,0.06129152319658129,-0.14605385914530739,0.09420891178529128,0.6723409797901713,1403,0.9997788117577607,0.8348754464280215
青椒,volume,cloud_cover,云量,12,-0.01940519545453334,0.054862395504770387,-0.1269354906438833,0.08812509973481661,0.7235587202376187,1402,0.9997788117577607,0.8348754464280215
青椒,volume,cloud_cover,云量,13,-0.04457263610316823,0.06394551231349554,-0.16990584023761948,0.08076056803128304,0.48577721144157626,1401,0.9997788117577607,0.662423470147604
青椒,volume,cloud_cover,云量,14,-0.07156288053762241,0.057294271434028265,-0.18385965254831782,0.04073389147307298,0.21165016477040588,1400,0.9997788117577607,0.396844058944511
青椒,volume,temp_mean,日平均气温,0,-0.003686056579973278,0.1162550728695609,-0.23154599940431264,0.22417388624436607,0.9747060075788336,1410,0.9997788117577607,0.9814552568242416
青椒,volume,temp_mean,日平均气温,1,-0.021191235217412112,0.11752038161969199,-0.2515311831920084,0.20914871275718416,0.8569016224569771,1409,0.9997788117577607,0.9814552568242416
青椒,volume,temp_mean,日平均气温,2,-0.029300440780270554,0.1157009483730218,-0.2560742995913933,0.1974734180308522,0.800080536760503,1409,0.9997788117577607,0.9814552568242416
青椒,volume,temp_mean,日平均气温,3,-0.035846131162919875,0.1132509202740986,-0.25781793490015315,0.18612567257431337,0.7516081829714033,1409,0.9997788117577607,0.9814552568242416
青椒,volume,temp_mean,日平均气温,4,-0.02276150880579212,0.10943040391966377,-0.2372451004883331,0.19172208287674888,0.8352290758766215,1408,0.9997788117577607,0.9814552568242416
青椒,volume,temp_mean,日平均气温,5,-0.007768294623498359,0.1086822485121918,-0.2207855017073943,0.20524891246039756,0.9430180298733086,1407,0.9997788117577607,0.9814552568242416
青椒,volume,temp_mean,日平均气温,6,0.007693384124418216,0.10746442894753229,-0.20293689661274505,0.2183236648615815,0.9429281566128764,1406,0.9997788117577607,0.9814552568242416
青椒,volume,temp_mean,日平均气温,7,0.0025266370893714044,0.10869836159774711,-0.21052215164221294,0.21557542582095574,0.9814552568242416,1405,0.9997788117577607,0.9814552568242416
青椒,volume,temp_mean,日平均气温,8,-0.009577357261080763,0.11080386262259748,-0.2267529280013718,0.20759821347921031,0.9311204428666022,1404,0.9997788117577607,0.9814552568242416
青椒,volume,temp_mean,日平均气温,9,-0.014243517106815005,0.11150245664598671,-0.23278833213294894,0.20430129791931892,0.8983533620283621,1404,0.9997788117577607,0.9814552568242416
青椒,volume,temp_mean,日平均气温,10,-0.011853683573191227,0.10736555236190011,-0.22229016620251543,0.198582799056133,0.9120882635475442,1404,0.9997788117577607,0.9814552568242416
青椒,volume,temp_mean,日平均气温,11,-0.007412919844790533,0.10523720559223515,-0.21367784280557142,0.19885200311599036,0.9438433710838351,1403,0.9997788117577607,0.9814552568242416
青椒,volume,temp_mean,日平均气温,12,-0.007945324217680294,0.1064926196834092,-0.21667085879716233,0.20078021036180174,0.9405256909172074,1402,0.9997788117577607,0.9814552568242416
青椒,volume,temp_mean,日平均气温,13,-0.009428476876416361,0.10558219167533033,-0.21636957256006378,0.1975126188072311,0.9288435907182376,1401,0.9997788117577607,0.9814552568242416
青椒,volume,temp_mean,日平均气温,14,-0.007047806564120379,0.10152569397513359,-0.2060381667553822,0.19194255362714144,0.9446561493818469,1400,0.9997788117577607,0.9814552568242416
韭菜,price,humidity,相对湿度,0,0.021315922872538442,0.08884972067993804,-0.15282952966014013,0.19546137540521702,0.8104001471518406,1410,0.9997788117577607,0.9965151849685341
韭菜,price,humidity,相对湿度,1,0.022595842693510552,0.08931060231634298,-0.1524529378465217,0.19764462323354282,0.8002659609080323,1409,0.9997788117577607,0.9965151849685341
韭菜,price,humidity,相对湿度,2,0.013775810344829251,0.08656832719116814,-0.1558981109498603,0.1834497316395188,0.8735647014221946,1409,0.9997788117577607,0.9965151849685341
韭菜,price,humidity,相对湿度,3,-0.009415699515814061,0.08802542864496177,-0.18194553965993912,0.163114140628311,0.9148162097477445,1409,0.9997788117577607,0.9965151849685341
韭菜,price,humidity,相对湿度,4,-0.02090036996019473,0.08796901199700312,-0.19331963347432085,0.1515188935539314,0.8122007614921267,1408,0.9997788117577607,0.9965151849685341
韭菜,price,humidity,相对湿度,5,-0.0019065708558191133,0.08372541449958579,-0.16600838327500725,0.16219524156336904,0.981832374347519,1407,0.9997788117577607,0.9965151849685341
韭菜,price,humidity,相对湿度,6,0.015877454002860253,0.08385681585718045,-0.14848190507721343,0.18023681308293393,0.8498263048552839,1406,0.9997788117577607,0.9965151849685341
韭菜,price,humidity,相对湿度,7,0.022460980229179528,0.0882131065187222,-0.15043670854751598,0.19535866900587504,0.7990152177462724,1405,0.9997788117577607,0.9965151849685341
韭菜,price,humidity,相对湿度,8,0.02431302602352493,0.08831713096476294,-0.14878855066741045,0.1974146027144603,0.7830916805015302,1404,0.9997788117577607,0.9965151849685341
韭菜,price,humidity,相对湿度,9,0.017271075727773536,0.08548414196023896,-0.15027784251429482,0.1848199939698419,0.8398867366557389,1404,0.9997788117577607,0.9965151849685341
韭菜,price,humidity,相对湿度,10,-0.006434703394222023,0.08872268410969747,-0.18033116424922907,0.167461757460785,0.9421832969434678,1404,0.9997788117577607,0.9965151849685341
韭菜,price,humidity,相对湿度,11,-0.00037854245415748847,0.08667094718187857,-0.1702535989306395,0.1694965140223245,0.9965151849685341,1403,0.9997788117577607,0.9965151849685341
韭菜,price,humidity,相对湿度,12,0.017891993790762586,0.08029265795233496,-0.13948161579581395,0.17526560337733912,0.8236641268572585,1402,0.9997788117577607,0.9965151849685341
韭菜,price,humidity,相对湿度,13,0.021135791476315766,0.08123950940485283,-0.13809364695719578,0.18036522990982734,0.7947354135740283,1401,0.9997788117577607,0.9965151849685341
韭菜,price,humidity,相对湿度,14,0.015094260035314642,0.08479093251929937,-0.15109596770251213,0.1812844877731414,0.8587093229574567,1400,0.9997788117577607,0.9965151849685341
韭菜,price,wind_speed,日最大风速,0,-0.048501352941351876,0.06750147857261202,-0.18080425094367145,0.08380154506096768,0.4724349806536565,1410,0.9997788117577607,0.7086524709804848
韭菜,price,wind_speed,日最大风速,1,-0.03858625595095643,0.07055323860028584,-0.1768706036075167,0.09969809170560381,0.5844407187864555,1409,0.9997788117577607,0.7280805453911701
韭菜,price,wind_speed,日最大风速,2,-0.01182946806010323,0.06952942622238607,-0.14810714345597994,0.12444820733577347,0.8649030737291207,1409,0.9997788117577607,0.8649030737291207
韭菜,price,wind_speed,日最大风速,3,-0.03273613091182803,0.06815548874672804,-0.166320888855415,0.10084862703175893,0.6310031393390141,1409,0.9997788117577607,0.7280805453911701
韭菜,price,wind_speed,日最大风速,4,-0.05980626535533711,0.06471906280721777,-0.18665562845748396,0.06704309774680972,0.3554392453258639,1408,0.9997788117577607,0.7086524709804848
韭菜,price,wind_speed,日最大风速,5,-0.050194691337850914,0.05891223220104418,-0.1656626664518975,0.06527328377619568,0.3942002477142077,1407,0.9997788117577607,0.7086524709804848
韭菜,price,wind_speed,日最大风速,6,-0.044938820552984406,0.06149419343520192,-0.16546743968598016,0.07558979858001136,0.4649126090201099,1406,0.9997788117577607,0.7086524709804848
韭菜,price,wind_speed,日最大风速,7,-0.05642527993340493,0.06487433409488212,-0.18357897475937388,0.07072841489256401,0.3844300661167026,1405,0.9997788117577607,0.7086524709804848
韭菜,price,wind_speed,日最大风速,8,-0.052201341457436316,0.06425364424445162,-0.1781384841765615,0.07373580126168885,0.4165471405203993,1404,0.9997788117577607,0.7086524709804848
韭菜,price,wind_speed,日最大风速,9,-0.023955657789860935,0.06252810246640692,-0.14651073862401848,0.09859942304429661,0.7016320814943598,1404,0.9997788117577607,0.751748658743957
韭菜,price,wind_speed,日最大风速,10,-0.03413611735990514,0.06393048241276546,-0.15943986288892542,0.09116762816911515,0.5933714060778766,1404,0.9997788117577607,0.7280805453911701
韭菜,price,wind_speed,日最大风速,11,-0.06011309068607483,0.06149268945497998,-0.18063876201783557,0.06041258064568593,0.32828959767243704,1403,0.9997788117577607,0.7086524709804848
韭菜,price,wind_speed,日最大风速,12,-0.07689123406135773,0.05698033859195635,-0.18857269770159218,0.034790229578876716,0.17719744936362847,1402,0.9997788117577607,0.7086524709804848
韭菜,price,wind_speed,日最大风速,13,-0.0788719288711385,0.05890445368610487,-0.19432465809590405,0.03658080035362704,0.18057694363521237,1401,0.9997788117577607,0.7086524709804848
韭菜,price,wind_speed,日最大风速,14,-0.08417577917258083,0.0627458678026185,-0.20715768006571308,0.03880612172055142,0.1797468067044461,1400,0.9997788117577607,0.7086524709804848
韭菜,price,radiation,短波辐射,0,0.0016304258766454277,0.08560848326520201,-0.16616220132315052,0.16942305307644134,0.9848050923637625,1410,0.9997788117577607,0.9848050923637625
韭菜,price,radiation,短波辐射,1,-0.023098605920078202,0.08742101167061342,-0.1944437887944805,0.14824657695432408,0.7916084069131255,1409,0.9997788117577607,0.9653098030627619
韭菜,price,radiation,短波辐射,2,-0.025109414019866307,0.08680197178418972,-0.19524127871687816,0.14502245067714556,0.7723729375064283,1409,0.9997788117577607,0.9653098030627619
韭菜,price,radiation,短波辐射,3,-0.010487036461374232,0.08426435530288108,-0.17564517285502113,0.15467109993227268,0.9009558161919111,1409,0.9997788117577607,0.9653098030627619
韭菜,price,radiation,短波辐射,4,-0.017110096585101944,0.08370204586141923,-0.18116610647348363,0.14694591330327972,0.838027875516771,1408,0.9997788117577607,0.9653098030627619
韭菜,price,radiation,短波辐射,5,-0.02694739492234731,0.08612240951731813,-0.19574731757629082,0.14185252773159623,0.7543593460514961,1407,0.9997788117577607,0.9653098030627619
韭菜,price,radiation,短波辐射,6,-0.026104629757926587,0.08533842576719787,-0.1933679442616344,0.14115868474578125,0.7596843074452618,1406,0.9997788117577607,0.9653098030627619
韭菜,price,radiation,短波辐射,7,-0.04244328867485289,0.08066244158544501,-0.2005416741823251,0.11565509683261932,0.5987603480866094,1405,0.9997788117577607,0.9653098030627619
韭菜,price,radiation,短波辐射,8,-0.06096008963587965,0.07993915827849354,-0.217640839861727,0.0957206605899677,0.4457132717769975,1404,0.9997788117577607,0.9653098030627619
韭菜,price,radiation,短波辐射,9,-0.059090862233228854,0.07852851666020294,-0.21300675488722662,0.09482503042076892,0.4517645655629766,1404,0.9997788117577607,0.9653098030627619
韭菜,price,radiation,短波辐射,10,-0.04326666224578771,0.07615837980642352,-0.1925370866663778,0.1060037621748024,0.5699573796484041,1404,0.9997788117577607,0.9653098030627619
韭菜,price,radiation,短波辐射,11,-0.039609894022748296,0.0769611565100688,-0.1904537607824831,0.11123397273698653,0.6067809561100748,1403,0.9997788117577607,0.9653098030627619
韭菜,price,radiation,短波辐射,12,-0.04162632798461334,0.08136713191828204,-0.20110590654444616,0.11785325057521946,0.6089404205965232,1402,0.9997788117577607,0.9653098030627619
韭菜,price,radiation,短波辐射,13,-0.04346574520379218,0.08024094231473436,-0.2007379921406715,0.11380650173308715,0.5880318293900428,1401,0.9997788117577607,0.9653098030627619
韭菜,price,radiation,短波辐射,14,-0.03802071117626172,0.07577435335777626,-0.18653844375750317,0.11049702140497975,0.6158347597494538,1400,0.9997788117577607,0.9653098030627619
韭菜,price,et0,参考蒸散ET0,0,-0.034393257776342445,0.08428514122332063,-0.1995921345740509,0.130805619021366,0.6832308185053766,1410,0.9997788117577607,0.6832308185053766
韭菜,price,et0,参考蒸散ET0,1,-0.04890586665495922,0.08474751356206202,-0.21501099323660078,0.11719925992668234,0.5638872353559408,1409,0.9997788117577607,0.6804522365539479
韭菜,price,et0,参考蒸散ET0,2,-0.04338918238300711,0.08339720739288425,-0.20684770887306025,0.12006934410704602,0.6028744222235797,1409,0.9997788117577607,0.6804522365539479
韭菜,price,et0,参考蒸散ET0,3,-0.03905515851714854,0.08229473299065813,-0.2003528351788385,0.12224251814454141,0.635088754117018,1409,0.9997788117577607,0.6804522365539479
韭菜,price,et0,参考蒸散ET0,4,-0.051614490605044645,0.0815183511574375,-0.21139045887362212,0.10816147766353285,0.526626509459365,1408,0.9997788117577607,0.6804522365539479
韭菜,price,et0,参考蒸散ET0,5,-0.05240154897435601,0.08004984563976221,-0.20929924642828993,0.10449614847957792,0.512717922477854,1407,0.9997788117577607,0.6804522365539479
韭菜,price,et0,参考蒸散ET0,6,-0.050581135548214994,0.07879967771301587,-0.2050285038657261,0.1038662327692961,0.5209412255881021,1406,0.9997788117577607,0.6804522365539479
韭菜,price,et0,参考蒸散ET0,7,-0.06686165466534658,0.07818649419089387,-0.22010718327949855,0.0863838739488054,0.392464755455021,1405,0.9997788117577607,0.6804522365539479
韭菜,price,et0,参考蒸散ET0,8,-0.08085741567704546,0.07852970934949277,-0.23477564600205128,0.07306081464796035,0.3031785180855462,1404,0.9997788117577607,0.6804522365539479
韭菜,price,et0,参考蒸散ET0,9,-0.07492740073154744,0.07813209758807603,-0.22806631200417646,0.07821151054108158,0.3375670038159161,1404,0.9997788117577607,0.6804522365539479
韭菜,price,et0,参考蒸散ET0,10,-0.058921776673420814,0.07867282381778407,-0.21312051135627758,0.09527695800943596,0.4538891406518364,1404,0.9997788117577607,0.6804522365539479
韭菜,price,et0,参考蒸散ET0,11,-0.06214772143928838,0.07787746828278255,-0.21478755927354218,0.09049211639496543,0.4248592997999401,1403,0.9997788117577607,0.6804522365539479
韭菜,price,et0,参考蒸散ET0,12,-0.06519488612009391,0.07707895398011362,-0.21626963592111662,0.08587986368092879,0.3976534179409087,1402,0.9997788117577607,0.6804522365539479
韭菜,price,et0,参考蒸散ET0,13,-0.06493724696217126,0.07578916573588633,-0.21348401180450846,0.08360951788016593,0.3915474778113832,1401,0.9997788117577607,0.6804522365539479
韭菜,price,et0,参考蒸散ET0,14,-0.06684259095555783,0.07519121518006976,-0.21421737270849456,0.08053219079737889,0.37402022943602264,1400,0.9997788117577607,0.6804522365539479
韭菜,price,dew_point,露点温度,0,-0.001068096150366682,0.0968070214896132,-0.19080985827000857,0.1886736659692752,0.9911969181099765,1410,0.9997788117577607,0.9911969181099765
韭菜,price,dew_point,露点温度,1,-0.0037725625096065307,0.09595323276030572,-0.19184089871980575,0.1842957737005927,0.9686379084952862,1409,0.9997788117577607,0.9911969181099765
韭菜,price,dew_point,露点温度,2,-0.005524331570145355,0.095457308451463,-0.19262065613501284,0.1815719929947221,0.9538503677369117,1409,0.9997788117577607,0.9911969181099765
韭菜,price,dew_point,露点温度,3,-0.01981726519242874,0.0962749696656042,-0.20851620573701296,0.16888167535215548,0.8369156883192347,1409,0.9997788117577607,0.9911969181099765
韭菜,price,dew_point,露点温度,4,-0.030666740600067993,0.0949853481160728,-0.21683802290757068,0.1555045417074347,0.7468030957702849,1408,0.9997788117577607,0.9911969181099765
韭菜,price,dew_point,露点温度,5,-0.01950207588465007,0.09232621271076637,-0.20046145279775213,0.16145730102845202,0.8327077179392497,1407,0.9997788117577607,0.9911969181099765
韭菜,price,dew_point,露点温度,6,-0.011542831209414753,0.09235760347768644,-0.19256373402568017,0.1694780716068507,0.9005395730758695,1406,0.9997788117577607,0.9911969181099765
韭菜,price,dew_point,露点温度,7,-0.01646201421506105,0.09392962673485328,-0.20056408261537348,0.16764005418525138,0.86087611160535,1405,0.9997788117577607,0.9911969181099765
韭菜,price,dew_point,露点温度,8,-0.018525540034759827,0.09515215278945705,-0.20502375950209561,0.167972679432576,0.8456326179490663,1404,0.9997788117577607,0.9911969181099765
韭菜,price,dew_point,露点温度,9,-0.018151615745016975,0.09578464839382403,-0.20588952659691206,0.16958629510687812,0.8496974788809977,1404,0.9997788117577607,0.9911969181099765
韭菜,price,dew_point,露点温度,10,-0.027731702970314007,0.09702623322231618,-0.21790312008605373,0.16243971414542568,0.7750186337274367,1404,0.9997788117577607,0.9911969181099765
韭菜,price,dew_point,露点温度,11,-0.028689434515683468,0.09524710405069123,-0.21537375845503826,0.15799488942367135,0.763253930096703,1403,0.9997788117577607,0.9911969181099765
韭菜,price,dew_point,露点温度,12,-0.022354416358997695,0.0920943434865974,-0.20285932959272857,0.1581504968747332,0.8082115678569783,1402,0.9997788117577607,0.9911969181099765
韭菜,price,dew_point,露点温度,13,-0.02098055587047183,0.09278008505067228,-0.20282952256978948,0.16086841082884584,0.8210986755996084,1401,0.9997788117577607,0.9911969181099765
韭菜,price,dew_point,露点温度,14,-0.025842035968059437,0.09461727735681148,-0.21129189958740996,0.15960782765129106,0.7847596313118701,1400,0.9997788117577607,0.9911969181099765
韭菜,price,pressure_msl,海平面气压,0,0.0015686784356118214,0.08328026615478606,-0.16166064322776888,0.1647980000989925,0.9849718264164897,1410,0.9997788117577607,0.997634229238538
韭菜,price,pressure_msl,海平面气压,1,0.0026323764228017715,0.08341026177978869,-0.16085173666558406,0.16611648951118763,0.9748234346719856,1409,0.9997788117577607,0.997634229238538
韭菜,price,pressure_msl,海平面气压,2,-0.0002442381171968433,0.08237211335290512,-0.16169358028889086,0.16120510405449717,0.9976342292385381,1409,0.9997788117577607,0.997634229238538
韭菜,price,pressure_msl,海平面气压,3,0.005661326388143997,0.08254877888961655,-0.15613428023550446,0.16745693301179243,0.9453226745736605,1409,0.9997788117577607,0.997634229238538
韭菜,price,pressure_msl,海平面气压,4,0.010593039018455784,0.08204401654173434,-0.1502132334033435,0.17139931144025508,0.897267368466601,1408,0.9997788117577607,0.997634229238538
韭菜,price,pressure_msl,海平面气压,5,0.00722323163075049,0.08139570172433387,-0.15231234374894387,0.16675880701044488,0.929286813700123,1407,0.9997788117577607,0.997634229238538
韭菜,price,pressure_msl,海平面气压,6,0.019470201368386286,0.08415033017848529,-0.14546444578144488,0.18440484851821745,0.8170242356577045,1406,0.9997788117577607,0.997634229238538
韭菜,price,pressure_msl,海平面气压,7,0.035664145783043166,0.09007989719648439,-0.14089245272206624,0.21222074428815257,0.6921663976784813,1405,0.9997788117577607,0.997634229238538
韭菜,price,pressure_msl,海平面气压,8,0.037812097491885355,0.0914678544575704,-0.14146489724495262,0.21708909222872333,0.6793192891644138,1404,0.9997788117577607,0.997634229238538
韭菜,price,pressure_msl,海平面气压,9,0.026387415197267963,0.08912666616433987,-0.14830085048483815,0.2010756808793741,0.7671793388933532,1404,0.9997788117577607,0.997634229238538
韭菜,price,pressure_msl,海平面气压,10,0.022339071980207112,0.08967618209468094,-0.1534262449253675,0.19810438888578175,0.803277089478577,1404,0.9997788117577607,0.997634229238538
韭菜,price,pressure_msl,海平面气压,11,0.017414911184193214,0.08889012468611353,-0.1568097332005893,0.19163955556897574,0.8446766752909944,1403,0.9997788117577607,0.997634229238538
韭菜,price,pressure_msl,海平面气压,12,0.014990085374376044,0.08852120546703604,-0.1585114773410146,0.18849164808976668,0.8655300638931431,1402,0.9997788117577607,0.997634229238538
韭菜,price,pressure_msl,海平面气压,13,0.026036039036991657,0.09203495637298503,-0.154352475454059,0.20642455352804234,0.7772589096390075,1401,0.9997788117577607,0.997634229238538
韭菜,price,pressure_msl,海平面气压,14,0.04912121196638268,0.09698048606976621,-0.14096054073035907,0.23920296466312446,0.612501378190193,1400,0.9997788117577607,0.997634229238538
韭菜,price,cloud_cover,云量,0,-0.040958896675568256,0.05616307136599368,-0.15103851655291586,0.06912072320177937,0.46582722415807154,1410,0.9997788117577607,0.9929432505705111
韭菜,price,cloud_cover,云量,1,-0.0004994842983570775,0.056474389275077724,-0.11118928727750942,0.11019031868079525,0.9929432505705111,1409,0.9997788117577607,0.9929432505705111
韭菜,price,cloud_cover,云量,2,0.018751697193088904,0.054615986325494116,-0.08829563600487957,0.1257990303910574,0.7313448343756974,1409,0.9997788117577607,0.9929432505705111
韭菜,price,cloud_cover,云量,3,-0.0033601663914182706,0.05610252956987015,-0.11332112434836376,0.10660079156552722,0.9522406053938663,1409,0.9997788117577607,0.9929432505705111
韭菜,price,cloud_cover,云量,4,0.005123753405514207,0.05502391321735702,-0.10272311650050556,0.11297062331153396,0.9258092884176264,1408,0.9997788117577607,0.9929432505705111
韭菜,price,cloud_cover,云量,5,0.016508192945320247,0.05201233875531567,-0.08543599101509847,0.11845237690573895,0.7509477415597537,1407,0.9997788117577607,0.9929432505705111
韭菜,price,cloud_cover,云量,6,0.012648824652447549,0.055785002591907364,-0.09668978042769089,0.12198742973258597,0.8206240652398018,1406,0.9997788117577607,0.9929432505705111
韭菜,price,cloud_cover,云量,7,0.004603473613059938,0.05869518305788528,-0.1104390851803952,0.11964603240651507,0.9374858694551672,1405,0.9997788117577607,0.9929432505705111
韭菜,price,cloud_cover,云量,8,0.036162784477270414,0.05865284923129626,-0.07879680001607026,0.15112236897061107,0.5375274174799967,1404,0.9997788117577607,0.9929432505705111
韭菜,price,cloud_cover,云量,9,0.04933393707161879,0.055198043956931016,-0.058854229083965995,0.15752210322720356,0.37144902268363345,1404,0.9997788117577607,0.9929432505705111
韭菜,price,cloud_cover,云量,10,0.024074399519744348,0.05798220643440938,-0.08957072509169803,0.13771952413118674,0.6779931329025082,1404,0.9997788117577607,0.9929432505705111
韭菜,price,cloud_cover,云量,11,0.02462097002079275,0.055081015639693115,-0.08333782063300575,0.13257976067459126,0.6548782579589589,1403,0.9997788117577607,0.9929432505705111
韭菜,price,cloud_cover,云量,12,0.03496800607397735,0.049433347146140304,-0.06192135433245764,0.13185736648041235,0.47933231070282767,1402,0.9997788117577607,0.9929432505705111
韭菜,price,cloud_cover,云量,13,0.026774925521217022,0.05504573150797527,-0.0811147082344145,0.13466455927684853,0.62667481157238,1401,0.9997788117577607,0.9929432505705111
韭菜,price,cloud_cover,云量,14,-0.002634437001859377,0.058292718167899674,-0.11688816461094273,0.11161929060722398,0.9639532797182132,1400,0.9997788117577607,0.9929432505705111
韭菜,price,temp_mean,日平均气温,0,-0.013005810707323026,0.09453148549032916,-0.1982875222683682,0.17227590085372213,0.890570950447455,1410,0.9997788117577607,0.890570950447455
韭菜,price,temp_mean,日平均气温,1,-0.01636914802206372,0.09408858924093239,-0.2007827829342912,0.16804448689016377,0.8618843937953218,1409,0.9997788117577607,0.890570950447455
韭菜,price,temp_mean,日平均气温,2,-0.015038413575862969,0.09390237645201012,-0.1990870714218028,0.16901024427007685,0.8727633514472919,1409,0.9997788117577607,0.890570950447455
韭菜,price,temp_mean,日平均气温,3,-0.022284641925171586,0.09372194200997387,-0.20597964826472037,0.16141036441437717,0.8120563780620716,1409,0.9997788117577607,0.890570950447455
韭菜,price,temp_mean,日平均气温,4,-0.030698088714428085,0.09205744951933106,-0.21113068977231697,0.1497345123434608,0.7387820644422416,1408,0.9997788117577607,0.890570950447455
韭菜,price,temp_mean,日平均气温,5,-0.025310523137330385,0.08975371721967482,-0.20122780888789304,0.15060676261323225,0.7779437248938771,1407,0.9997788117577607,0.890570950447455
韭菜,price,temp_mean,日平均气温,6,-0.023755668022742343,0.08938772586091763,-0.1989556107101409,0.1514442746646562,0.7904241716837106,1406,0.9997788117577607,0.890570950447455
韭菜,price,temp_mean,日平均气温,7,-0.03202673876151831,0.09050003784434041,-0.20940681293642552,0.14535333541338888,0.7234239685137764,1405,0.9997788117577607,0.890570950447455
韭菜,price,temp_mean,日平均气温,8,-0.03509915739967841,0.09170758401424131,-0.21484602206759135,0.14464770726823456,0.7019206655130603,1404,0.9997788117577607,0.890570950447455
韭菜,price,temp_mean,日平均气温,9,-0.03260336073110044,0.09263894054137355,-0.21417568419219257,0.14896896272999172,0.724883163069829,1404,0.9997788117577607,0.890570950447455
韭菜,price,temp_mean,日平均气温,10,-0.03336113626886498,0.09272187338761406,-0.21509600810858853,0.1483737355708586,0.7189982661464633,1404,0.9997788117577607,0.890570950447455
韭菜,price,temp_mean,日平均气温,11,-0.03599515311705112,0.091022630382074,-0.21439950866591617,0.14240920243181393,0.6925087564723926,1403,0.9997788117577607,0.890570950447455
韭菜,price,temp_mean,日平均气温,12,-0.03582774371526038,0.08900985546168357,-0.21028706042016015,0.1386315729896394,0.6873055329399367,1402,0.9997788117577607,0.890570950447455
韭菜,price,temp_mean,日平均气温,13,-0.036575077696565844,0.0894017327876459,-0.21180247396035182,0.13865231856722013,0.6824594731600566,1401,0.9997788117577607,0.890570950447455
韭菜,price,temp_mean,日平均气温,14,-0.040270168369699794,0.09085229551468886,-0.21834066757848997,0.13780033083909038,0.6575858054751956,1400,0.9997788117577607,0.890570950447455
韭菜,volume,humidity,相对湿度,0,-0.21519064259997225,0.11563489092216886,-0.4418350288074232,0.011453743607478695,0.06275136940548683,1410,0.9997788117577607,0.22024370322746498
韭菜,volume,humidity,相对湿度,1,-0.23759276584687783,0.11269136324613371,-0.4584678378092999,-0.016717693884455764,0.03500077955464675,1409,0.8531977075943656,0.22024370322746498
韭菜,volume,humidity,相对湿度,2,-0.20104213541625002,0.11188398816317878,-0.4203347522160804,0.018250481383580375,0.07235462302237716,1409,0.9997788117577607,0.22024370322746498
韭菜,volume,humidity,相对湿度,3,-0.1569115814977603,0.11224199475530745,-0.37690589121816287,0.0630827282226423,0.1621203636243077,1409,0.9997788117577607,0.22024370322746498
韭菜,volume,humidity,相对湿度,4,-0.11733598982032696,0.11379872566370804,-0.34038149212119473,0.1057095124805408,0.30250165861149625,1408,0.9997788117577607,0.30250165861149625
韭菜,volume,humidity,相对湿度,5,-0.15125289923523774,0.1162914132218937,-0.37918406915014935,0.0766782706796739,0.19338278186157132,1407,0.9997788117577607,0.22313397907104385
韭菜,volume,humidity,相对湿度,6,-0.16338516573532064,0.11674929489657085,-0.3922137837325995,0.06544345226195822,0.16167714519497434,1406,0.9997788117577607,0.22024370322746498
韭菜,volume,humidity,相对湿度,7,-0.17165498005320431,0.11497647537118093,-0.3970088717807189,0.05369891167431029,0.1354483376257669,1405,0.9997788117577607,0.22024370322746498
韭菜,volume,humidity,相对湿度,8,-0.1839714405179233,0.11109052657458325,-0.4017088726041065,0.03376599156825988,0.09771174109447663,1404,0.9997788117577607,0.22024370322746498
韭菜,volume,humidity,相对湿度,9,-0.1793774137334631,0.10928324429400882,-0.3935725725497204,0.03481774508279417,0.10071460626696035,1404,0.9997788117577607,0.22024370322746498
韭菜,volume,humidity,相对湿度,10,-0.16017656104097894,0.10351974132006217,-0.36307525402830076,0.04272213194634292,0.121789838413332,1404,0.9997788117577607,0.22024370322746498
韭菜,volume,humidity,相对湿度,11,-0.14232802869297898,0.10522831422146584,-0.348575524567052,0.06391946718109406,0.17619496258197198,1403,0.9997788117577607,0.22024370322746498
韭菜,volume,humidity,相对湿度,12,-0.158241687088236,0.10937859169142501,-0.37262372680342903,0.05614035262695702,0.14797154145388702,1402,0.9997788117577607,0.22024370322746498
韭菜,volume,humidity,相对湿度,13,-0.15649097832764275,0.10877592835130198,-0.36969179789619466,0.05670984124090914,0.1502484380031732,1401,0.9997788117577607,0.22024370322746498
韭菜,volume,humidity,相对湿度,14,-0.12483042353302329,0.10136566181488928,-0.32350712069020626,0.07384627362415969,0.21814103853554034,1400,0.9997788117577607,0.23372254128807896
韭菜,volume,wind_speed,日最大风速,0,0.028035730936869643,0.06598344159161136,-0.10129181458268863,0.15736327645642792,0.6709165727146539,1410,0.9997788117577607,0.6987747923307062
韭菜,volume,wind_speed,日最大风速,1,0.02672962454899073,0.0690732777883798,-0.10865399991623367,0.16211324901421512,0.6987747923307062,1409,0.9997788117577607,0.6987747923307062
韭菜,volume,wind_speed,日最大风速,2,0.03827948989313414,0.0699178813765229,-0.09875955760485072,0.17531853739111902,0.5840406749164015,1409,0.9997788117577607,0.6987747923307062
韭菜,volume,wind_speed,日最大风速,3,0.03391769431331602,0.06873028064275782,-0.10079365574648932,0.16862904437312135,0.621666526046754,1409,0.9997788117577607,0.6987747923307062
韭菜,volume,wind_speed,日最大风速,4,0.05624489222705669,0.06779585482636458,-0.07663498323261786,0.18912476768673125,0.40675287161484563,1408,0.9997788117577607,0.6779214526914095
韭菜,volume,wind_speed,日最大风速,5,0.06814191443779469,0.0692892392793313,-0.06766499454969466,0.20394882342528403,0.325390186495206,1407,0.9997788117577607,0.6779214526914095
韭菜,volume,wind_speed,日最大风速,6,0.04123167260787784,0.06858477271730842,-0.09319448191804668,0.17565782713380235,0.5477212794146027,1406,0.9997788117577607,0.6987747923307062
韭菜,volume,wind_speed,日最大风速,7,0.039451415942119414,0.06422249826683535,-0.08642468066087787,0.16532751254511668,0.5390218835993952,1405,0.9997788117577607,0.6987747923307062
韭菜,volume,wind_speed,日最大风速,8,0.06137930531391972,0.06465386182089321,-0.06534226385503097,0.1881008744828704,0.3424413606005968,1404,0.9997788117577607,0.6779214526914095
韭菜,volume,wind_speed,日最大风速,9,0.05832868152979827,0.06578755307207339,-0.07061492249146557,0.18727228555106212,0.3752825299810285,1404,0.9997788117577607,0.6779214526914095
韭菜,volume,wind_speed,日最大风速,10,0.06801958332588168,0.0694977725099701,-0.0681960507936597,0.20423521744542306,0.3277132026410289,1404,0.9997788117577607,0.6779214526914095
韭菜,volume,wind_speed,日最大风速,11,0.0877869954365257,0.07222233942485884,-0.053768789836197636,0.22934278070924902,0.22417153344681695,1403,0.9997788117577607,0.6779214526914095
韭菜,volume,wind_speed,日最大风速,12,0.09645752925637417,0.07185113915667651,-0.0443707034907118,0.23728576200346013,0.17944576871398643,1402,0.9997788117577607,0.6779214526914095
韭菜,volume,wind_speed,日最大风速,13,0.0832393327316619,0.06187178868036574,-0.038029373081854945,0.20450803854517874,0.17851159829463326,1401,0.9997788117577607,0.6779214526914095
韭菜,volume,wind_speed,日最大风速,14,0.1011781303354172,0.06134142525403687,-0.019051063162495066,0.22140732383332945,0.09906042970548587,1400,0.9997788117577607,0.6779214526914095
韭菜,volume,radiation,短波辐射,0,-0.10441620505725557,0.12022018681678588,-0.3400477712181559,0.13121536110364476,0.3850980381622525,1410,0.9997788117577607,0.4126050408881277
韭菜,volume,radiation,短波辐射,1,-0.09349961614540092,0.12237900728922678,-0.3333624704322854,0.14636323814148355,0.44485723788495146,1409,0.9997788117577607,0.44485723788495146
韭菜,volume,radiation,短波辐射,2,-0.1150260061156143,0.12380461498393401,-0.35768305148412494,0.12763103925289637,0.35284087106644746,1409,0.9997788117577607,0.4126050408881277
韭菜,volume,radiation,短波辐射,3,-0.11993963772914568,0.12173741112398531,-0.3585449635321569,0.11866568807386554,0.32450994528934585,1409,0.9997788117577607,0.4126050408881277
韭菜,volume,radiation,短波辐射,4,-0.14052085602899547,0.11911958362733052,-0.3739952399385633,0.09295352788057235,0.2381346405611896,1408,0.9997788117577607,0.4126050408881277
韭菜,volume,radiation,短波辐射,5,-0.15316119371565717,0.12201199861232685,-0.39230471099581776,0.08598232356450344,0.20937126749969615,1407,0.9997788117577607,0.4126050408881277
韭菜,volume,radiation,短波辐射,6,-0.12663988778952848,0.1194966505612955,-0.36085332288966765,0.10757354731061072,0.2892457354835346,1406,0.9997788117577607,0.4126050408881277
韭菜,volume,radiation,短波辐射,7,-0.11572406238498818,0.11681812877859792,-0.3446875947910401,0.11323947002106373,0.32186411103296264,1405,0.9997788117577607,0.4126050408881277
韭菜,volume,radiation,短波辐射,8,-0.11247327962479002,0.11925227956420101,-0.346207747570624,0.12126118832104395,0.34560207333634874,1404,0.9997788117577607,0.4126050408881277
韭菜,volume,radiation,短波辐射,9,-0.1298602575396108,0.11967952808326461,-0.36443213258280943,0.10471161750358782,0.2778921629983726,1404,0.9997788117577607,0.4126050408881277
韭菜,volume,radiation,短波辐射,10,-0.11318796057806778,0.11849071522366585,-0.34542976241645285,0.11905384126031728,0.33945254538396874,1404,0.9997788117577607,0.4126050408881277
韭菜,volume,radiation,短波辐射,11,-0.12991181607540397,0.11817318389055595,-0.3615312565008936,0.10170762435008568,0.2716223440620119,1403,0.9997788117577607,0.4126050408881277
韭菜,volume,radiation,短波辐射,12,-0.12855597406071176,0.11595471558329237,-0.35582721660396477,0.09871526848254128,0.2675708580194073,1402,0.9997788117577607,0.4126050408881277
韭菜,volume,radiation,短波辐射,13,-0.10584263019948402,0.11529673428629449,-0.33182422940062123,0.12013896900165318,0.3586178300028331,1401,0.9997788117577607,0.4126050408881277
韭菜,volume,radiation,短波辐射,14,-0.11013267024347799,0.11648861292042155,-0.33845035156750425,0.11818501108054826,0.34443570827652026,1400,0.9997788117577607,0.4126050408881277
韭菜,volume,et0,参考蒸散ET0,0,-0.08101886058414409,0.12182220136124663,-0.31979037525218745,0.1577526540838993,0.5060132339696257,1410,0.9997788117577607,0.5060132339696257
韭菜,volume,et0,参考蒸散ET0,1,-0.08569292100333471,0.1240366946276052,-0.32880484247344094,0.15741900046677149,0.48964881235217783,1409,0.9997788117577607,0.5060132339696257
韭菜,volume,et0,参考蒸散ET0,2,-0.10381011341498571,0.12414553541561665,-0.34713536282959434,0.13951513599962295,0.4030441350708601,1409,0.9997788117577607,0.4650509250817617
韭菜,volume,et0,参考蒸散ET0,3,-0.11530105108472759,0.12379746047972386,-0.3579440736249863,0.12734197145553117,0.3516629960051272,1409,0.9997788117577607,0.439578745006409
韭菜,volume,et0,参考蒸散ET0,4,-0.13207304013471946,0.1225058333579657,-0.3721844735163322,0.1080383932468933,0.28099094852558115,1408,0.9997788117577607,0.439578745006409
韭菜,volume,et0,参考蒸散ET0,5,-0.13724803731047758,0.12021388023735888,-0.372867242575701,0.09837116795474582,0.25357925882168353,1407,0.9997788117577607,0.439578745006409
韭菜,volume,et0,参考蒸散ET0,6,-0.11946012167203608,0.11626060360351492,-0.34733090473492534,0.10841066139085316,0.30417556651724564,1406,0.9997788117577607,0.439578745006409
韭菜,volume,et0,参考蒸散ET0,7,-0.11486704726684985,0.11579185942274572,-0.34181909173543146,0.11208499720173176,0.3211911104802049,1405,0.9997788117577607,0.439578745006409
韭菜,volume,et0,参考蒸散ET0,8,-0.11488402168270981,0.11838138498336317,-0.3469115362501016,0.11714349288468201,0.3318188413200289,1404,0.9997788117577607,0.439578745006409
韭菜,volume,et0,参考蒸散ET0,9,-0.1262365978859128,0.1194454255836303,-0.36034963202982817,0.10787643625800261,0.29057737630685443,1404,0.9997788117577607,0.439578745006409
韭菜,volume,et0,参考蒸散ET0,10,-0.12650749927384247,0.11833141966402248,-0.3584370818153265,0.1054220832676416,0.28502697802265564,1404,0.9997788117577607,0.439578745006409
韭菜,volume,et0,参考蒸散ET0,11,-0.13082934190583026,0.11724961970119807,-0.3606385965201785,0.09897991270851794,0.2644996611552194,1403,0.9997788117577607,0.439578745006409
韭菜,volume,et0,参考蒸散ET0,12,-0.11691094742269223,0.11290066922082836,-0.3381962590955158,0.10437436425013136,0.30042593920491256,1402,0.9997788117577607,0.439578745006409
韭菜,volume,et0,参考蒸散ET0,13,-0.10459436914624774,0.10945726881794748,-0.31913061602942483,0.10994187773692933,0.33928819992400594,1401,0.9997788117577607,0.439578745006409
韭菜,volume,et0,参考蒸散ET0,14,-0.10814090599684915,0.11010669876076234,-0.32395003556794333,0.10766822357424503,0.32602769257077757,1400,0.9997788117577607,0.439578745006409
韭菜,volume,dew_point,露点温度,0,-0.16808336186542794,0.13270659653280534,-0.4281882910697264,0.09202156733887051,0.20530593659203944,1410,0.9997788117577607,0.24369289796658347
韭菜,volume,dew_point,露点温度,1,-0.18268857110065115,0.13293681206196414,-0.4432447227421009,0.07786758054079859,0.16936371620178592,1409,0.9997788117577607,0.24369289796658347
韭菜,volume,dew_point,露点温度,2,-0.17397401623307351,0.13199415377831417,-0.4326825576385693,0.08473452517242225,0.1874891376507456,1409,0.9997788117577607,0.24369289796658347
韭菜,volume,dew_point,露点温度,3,-0.16205078358450173,0.131816885802666,-0.4204118797577271,0.09631031258872366,0.21893578910199263,1409,0.9997788117577607,0.24369289796658347
韭菜,volume,dew_point,露点温度,4,-0.14629301308685946,0.13087316462974258,-0.4028044157611549,0.11021838958743599,0.2636426629664994,1408,0.9997788117577607,0.2636426629664994
韭菜,volume,dew_point,露点温度,5,-0.16093624256885192,0.13333992038946405,-0.42228248653220146,0.10041000139449763,0.22744670476881124,1407,0.9997788117577607,0.24369289796658347
韭菜,volume,dew_point,露点温度,6,-0.16452179789200178,0.13361973735830113,-0.426416483114272,0.09737288733026844,0.21822239109606545,1406,0.9997788117577607,0.24369289796658347
韭菜,volume,dew_point,露点温度,7,-0.1722441534064315,0.13292752859824514,-0.432782109458992,0.08829380264612896,0.1950530522785736,1405,0.9997788117577607,0.24369289796658347
韭菜,volume,dew_point,露点温度,8,-0.1830565122212377,0.13374472528442816,-0.4451961737787169,0.0790831493362415,0.1710928207859913,1404,0.9997788117577607,0.24369289796658347
韭菜,volume,dew_point,露点温度,9,-0.18201386524717117,0.13340537111757308,-0.4434883926376144,0.07946066214327208,0.17245213745365962,1404,0.9997788117577607,0.24369289796658347
韭菜,volume,dew_point,露点温度,10,-0.17396696374590517,0.1288180992097688,-0.426450438197052,0.07851651070524165,0.1768603299989795,1404,0.9997788117577607,0.24369289796658347
韭菜,volume,dew_point,露点温度,11,-0.1656466609932906,0.12851177751351206,-0.41752974491977424,0.08623642293319303,0.1974116677197124,1403,0.9997788117577607,0.24369289796658347
韭菜,volume,dew_point,露点温度,12,-0.16421470524391102,0.1308947224451634,-0.4207683612364313,0.09233895074860926,0.20964013501797762,1402,0.9997788117577607,0.24369289796658347
韭菜,volume,dew_point,露点温度,13,-0.1603758868823332,0.12972779810588464,-0.41464237116986713,0.0938905974052007,0.21636594688541477,1401,0.9997788117577607,0.24369289796658347
韭菜,volume,dew_point,露点温度,14,-0.15106392296532098,0.1240161225801607,-0.39413552322243595,0.09200767729179399,0.223186329144635,1400,0.9997788117577607,0.24369289796658347
韭菜,volume,pressure_msl,海平面气压,0,0.21681563274847734,0.11782198431991378,-0.01411545651855367,0.44774672201550836,0.06573935681073093,1410,0.9997788117577607,0.1712186284729136
韭菜,volume,pressure_msl,海平面气压,1,0.21756762324872686,0.1186043157667819,-0.014896835654165663,0.4500320821516194,0.06659480670263851,1409,0.9997788117577607,0.1712186284729136
韭菜,volume,pressure_msl,海平面气压,2,0.1887739252917448,0.11779109246311972,-0.04209661593596986,0.41964446651945947,0.10901939184897393,1409,0.9997788117577607,0.1712186284729136
韭菜,volume,pressure_msl,海平面气压,3,0.1812829161979936,0.1199283421620225,-0.05377663443957048,0.4163424668355577,0.1306372771582485,1409,0.9997788117577607,0.1712186284729136
韭菜,volume,pressure_msl,海平面气压,4,0.18143748245015007,0.12112633742742583,-0.05597013890760455,0.4188451038079047,0.13415421030743255,1408,0.9997788117577607,0.1712186284729136
韭菜,volume,pressure_msl,海平面气压,5,0.19627968078097627,0.1231886875071857,-0.04517014673310771,0.43772950829506024,0.11108718233995152,1407,0.9997788117577607,0.1712186284729136
韭菜,volume,pressure_msl,海平面气压,6,0.19867462250586776,0.12425062104153807,-0.044856594735546845,0.44220583974728234,0.1098243948019247,1406,0.9997788117577607,0.1712186284729136
韭菜,volume,pressure_msl,海平面气压,7,0.200468161926818,0.12355746849065692,-0.041704476314869565,0.44264080016850554,0.1047029662415171,1405,0.9997788117577607,0.1712186284729136
韭菜,volume,pressure_msl,海平面气压,8,0.20352896990434013,0.12453951048484178,-0.04056847064594976,0.44762641045463003,0.10220590441732588,1404,0.9997788117577607,0.1712186284729136
韭菜,volume,pressure_msl,海平面气压,9,0.18663043805908708,0.12372520727678948,-0.0558709682034203,0.42913184432159446,0.13144528773616787,1404,0.9997788117577607,0.1712186284729136
韭菜,volume,pressure_msl,海平面气压,10,0.1666811010646215,0.11936388257254611,-0.06727210877756887,0.4006343109068119,0.16259060707782935,1404,0.9997788117577607,0.1712186284729136
韭菜,volume,pressure_msl,海平面气压,11,0.1700155085454547,0.12046107892088789,-0.06608820613948557,0.40611922323039495,0.15813467405233528,1403,0.9997788117577607,0.1712186284729136
韭菜,volume,pressure_msl,海平面气压,12,0.18006199680833102,0.12518361833494085,-0.06529789512815304,0.42542188874481507,0.1503253945881784,1402,0.9997788117577607,0.1712186284729136
韭菜,volume,pressure_msl,海平面气压,13,0.17354334707644403,0.12495195035584028,-0.07136247562100292,0.418449169773891,0.1648690429122972,1401,0.9997788117577607,0.1712186284729136
韭菜,volume,pressure_msl,海平面气压,14,0.1653757746925491,0.12086234287627427,-0.07151441734494846,0.40226596673004666,0.17121862847291358,1400,0.9997788117577607,0.1712186284729136
韭菜,volume,cloud_cover,云量,0,-0.12501607385572905,0.0662883245061514,-0.2549411898877858,0.004909042176327677,0.05930248922992306,1410,0.9997788117577607,0.22238433461221147
韭菜,volume,cloud_cover,云量,1,-0.1756128297800802,0.06512840370392327,-0.30326450103976976,-0.047961158520390595,0.007009149471388842,1409,0.22732376663963813,0.10513724207083264
韭菜,volume,cloud_cover,云量,2,-0.15124624826610186,0.06511084579319004,-0.2788635060207544,-0.02362899051144937,0.020184306798180195,1409,0.5568084633980743,0.15138230098635147
韭菜,volume,cloud_cover,云量,3,-0.11200263045150977,0.06723302504251068,-0.24377935953483068,0.01977409863181115,0.0957358994862046,1409,0.9997788117577607,0.24785511483759545
韭菜,volume,cloud_cover,云量,4,-0.09804533951140058,0.06683723388414588,-0.2290463179243265,0.03295563890152532,0.1423959289007995,1408,0.9997788117577607,0.24785511483759545
韭菜,volume,cloud_cover,云量,5,-0.0773652405281967,0.06871381593557639,-0.21204431976192645,0.05731383870553304,0.2602056613080155,1407,0.9997788117577607,0.30023730150924866
韭菜,volume,cloud_cover,云量,6,-0.08892798454985484,0.07287500235022357,-0.23176298915629304,0.05390702005658335,0.222358350102964,1406,0.9997788117577607,0.277947937628705
韭菜,volume,cloud_cover,云量,7,-0.10621206540917003,0.07432701765044074,-0.2518930200040339,0.03946888918569383,0.15300903940397226,1405,0.9997788117577607,0.24785511483759545
韭菜,volume,cloud_cover,云量,8,-0.1296257792067147,0.068578569178156,-0.26403977479590046,0.004788216382471039,0.05873400888576047,1404,0.9997788117577607,0.22238433461221147
韭菜,volume,cloud_cover,云量,9,-0.08882809272851314,0.06401228109780706,-0.21429216368021498,0.0366359782231887,0.16523674322506365,1404,0.9997788117577607,0.24785511483759545
韭菜,volume,cloud_cover,云量,10,-0.09015511473422325,0.06142407411362856,-0.21054629999693522,0.03023607052848873,0.1421724534968526,1404,0.9997788117577607,0.24785511483759545
韭菜,volume,cloud_cover,云量,11,-0.04835053318138548,0.06696220863409853,-0.1795964621042186,0.08289539574144765,0.4702594181475671,1403,0.9997788117577607,0.4702594181475671
韭菜,volume,cloud_cover,云量,12,-0.06392480611964303,0.06714390624760146,-0.19552686236494188,0.06767725012565583,0.3410682247452582,1402,0.9997788117577607,0.36543024079849096
韭菜,volume,cloud_cover,云量,13,-0.10309594779406484,0.07730976174148625,-0.2546230808073779,0.04843118521924822,0.1823534358209341,1401,0.9997788117577607,0.24866377611945562
韭菜,volume,cloud_cover,云量,14,-0.10097550951326434,0.07125431545157777,-0.24063396779835677,0.038682948771828096,0.1564495116956577,1400,0.9997788117577607,0.24785511483759545
韭菜,volume,temp_mean,日平均气温,0,-0.12997016507451092,0.14057956573686353,-0.40550611391876346,0.1455657837697416,0.3552099242956521,1410,0.9997788117577607,0.3552099242956521
韭菜,volume,temp_mean,日平均气温,1,-0.13848958951063398,0.14183241925668785,-0.4164811312537422,0.13950195223247422,0.32885086080629633,1409,0.9997788117577607,0.35234020800674604
韭菜,volume,temp_mean,日平均气温,2,-0.1394469001681678,0.1402557127427259,-0.4143480971439106,0.13545429680757498,0.32010929951437916,1409,0.9997788117577607,0.35234020800674604
韭菜,volume,temp_mean,日平均气温,3,-0.14032764630824549,0.13903097784025226,-0.4128283628751399,0.1321730702586489,0.31281808872923966,1409,0.9997788117577607,0.35234020800674604
韭菜,volume,temp_mean,日平均气温,4,-0.13704024292225137,0.1367268354910122,-0.4050248404846353,0.13094435464013254,0.31620248093567815,1408,0.9997788117577607,0.35234020800674604
韭菜,volume,temp_mean,日平均气温,5,-0.14267611878869912,0.1360665172533637,-0.40936649260529195,0.1240142550278937,0.2943731901805743,1407,0.9997788117577607,0.35234020800674604
韭菜,volume,temp_mean,日平均气温,6,-0.14135070753035628,0.1352178642680349,-0.40637772149570467,0.12367630643499211,0.2958588000307424,1406,0.9997788117577607,0.35234020800674604
韭菜,volume,temp_mean,日平均气温,7,-0.14700274398834778,0.1350233948902457,-0.41164859797322934,0.11764310999653377,0.27627713925898467,1405,0.9997788117577607,0.35234020800674604
韭菜,volume,temp_mean,日平均气温,8,-0.15247843173947323,0.13674149546220138,-0.4204917628453879,0.11553489936644146,0.2648138694141212,1404,0.9997788117577607,0.35234020800674604
韭菜,volume,temp_mean,日平均气温,9,-0.1527334731240424,0.13651350780163973,-0.42029994841525625,0.11483300216717146,0.26321871822161536,1404,0.9997788117577607,0.35234020800674604
韭菜,volume,temp_mean,日平均气温,10,-0.1511450166912989,0.1323242621129552,-0.41050057043269106,0.10821053705009329,0.253357566145785,1404,0.9997788117577607,0.35234020800674604
韭菜,volume,temp_mean,日平均气温,11,-0.1475481536656409,0.1307359547539512,-0.40379062498338525,0.10869431765210347,0.25906804682195483,1403,0.9997788117577607,0.35234020800674604
韭菜,volume,temp_mean,日平均气温,12,-0.14157974177050708,0.1301928408271114,-0.39675770979164543,0.11359822625063126,0.27683276944070634,1402,0.9997788117577607,0.35234020800674604
韭菜,volume,temp_mean,日平均气温,13,-0.13752007982819903,0.12839861434384184,-0.38918136394212904,0.11414120428573099,0.28415134672531095,1401,0.9997788117577607,0.35234020800674604
韭菜,volume,temp_mean,日平均气温,14,-0.13842679603096048,0.12553771989000034,-0.3844807270153612,0.1076271349534402,0.27017008946381316,1400,0.9997788117577607,0.35234020800674604
黄瓜,price,humidity,相对湿度,0,-0.03523171302405202,0.0985346685124001,-0.22835966330835622,0.15789623726025215,0.7206752229696707,1410,0.9997788117577607,0.957488241990821
黄瓜,price,humidity,相对湿度,1,-0.025565636184564526,0.09914038443669361,-0.219880789680484,0.16874951731135493,0.7965048622188573,1409,0.9997788117577607,0.957488241990821
黄瓜,price,humidity,相对湿度,2,-0.028084135308987207,0.09677634127541206,-0.21776576420879484,0.16159749359082043,0.771666073428934,1409,0.9997788117577607,0.957488241990821
黄瓜,price,humidity,相对湿度,3,-0.04393873721440467,0.09758024651340376,-0.23519602038067602,0.1473185459518667,0.652506313494392,1409,0.9997788117577607,0.957488241990821
黄瓜,price,humidity,相对湿度,4,-0.045353694932320054,0.09738625067542432,-0.23623074625615173,0.14552335639151162,0.6414235041890441,1408,0.9997788117577607,0.957488241990821
黄瓜,price,humidity,相对湿度,5,-0.027018953811228746,0.09435926618493304,-0.21196311553369748,0.15792520791124,0.77461673811902,1407,0.9997788117577607,0.957488241990821
黄瓜,price,humidity,相对湿度,6,-0.010776909461809172,0.09428144653183947,-0.19556854466421453,0.17401472574059618,0.9089954413107353,1406,0.9997788117577607,0.957488241990821
黄瓜,price,humidity,相对湿度,7,-0.011225819089101492,0.0962842876418699,-0.1999430228671665,0.1774913846889635,0.9071846827380352,1405,0.9997788117577607,0.957488241990821
黄瓜,price,humidity,相对湿度,8,-0.016381618705836286,0.09466543772454428,-0.20192587664594308,0.1691626392342705,0.8626140797988845,1404,0.9997788117577607,0.957488241990821
黄瓜,price,humidity,相对湿度,9,-0.02588465253207836,0.09314712627549701,-0.2084530200320525,0.15668371496789577,0.7810968202183677,1404,0.9997788117577607,0.957488241990821
黄瓜,price,humidity,相对湿度,10,-0.03810266795417909,0.09563309400235628,-0.22554353219879741,0.1493381962904392,0.6903165283218886,1404,0.9997788117577607,0.957488241990821
黄瓜,price,humidity,相对湿度,11,-0.025425657736476703,0.09374653898092211,-0.20916887413908403,0.15831755866613062,0.7862241167905998,1403,0.9997788117577607,0.957488241990821
黄瓜,price,humidity,相对湿度,12,-0.013561552510616387,0.09056902295159058,-0.19107683749573393,0.16395373247450115,0.8809719523913271,1402,0.9997788117577607,0.957488241990821
黄瓜,price,humidity,相对湿度,13,-0.004947036989679743,0.09280481680284948,-0.18684447792326472,0.17695040394390524,0.957488241990821,1401,0.9997788117577607,0.957488241990821
黄瓜,price,humidity,相对湿度,14,-0.02210102121110872,0.09323162450350807,-0.20483500523798454,0.1606329628157671,0.8126141349672021,1400,0.9997788117577607,0.957488241990821
黄瓜,price,wind_speed,日最大风速,0,-0.11023727074317423,0.07062223502466927,-0.248656851391526,0.028182309905177547,0.11853724270505714,1410,0.9997788117577607,0.36173270243232636
黄瓜,price,wind_speed,日最大风速,1,-0.08062186442665573,0.06975881471324483,-0.21734914126461558,0.05610541241130412,0.24779449012474608,1409,0.9997788117577607,0.36173270243232636
黄瓜,price,wind_speed,日最大风速,2,-0.06621940806606519,0.072051187806712,-0.20743973616722072,0.07500092003509035,0.35806387482013347,1409,0.9997788117577607,0.36173270243232636
黄瓜,price,wind_speed,日最大风速,3,-0.08875371060275265,0.07219155691028223,-0.23024916214690583,0.05274174094140051,0.21891454824023804,1409,0.9997788117577607,0.36173270243232636
黄瓜,price,wind_speed,日最大风速,4,-0.08488317985203216,0.06807384107558422,-0.21830790836017722,0.04854154865611289,0.21242389166316789,1408,0.9997788117577607,0.36173270243232636
黄瓜,price,wind_speed,日最大风速,5,-0.07533435686836672,0.06774348608499427,-0.20811158959495546,0.05744287585822204,0.26611530007023443,1407,0.9997788117577607,0.36173270243232636
黄瓜,price,wind_speed,日最大风速,6,-0.07251365404184354,0.06759455712306187,-0.20499898600304478,0.0599716779193577,0.2833727241125086,1406,0.9997788117577607,0.36173270243232636
黄瓜,price,wind_speed,日最大风速,7,-0.09237608639333322,0.06582492442162494,-0.2213929382597181,0.036640765473051645,0.1605094219601525,1405,0.9997788117577607,0.36173270243232636
黄瓜,price,wind_speed,日最大风速,8,-0.08604778624398433,0.06212599983125747,-0.20781474591324897,0.035719173425280304,0.16603634158390035,1404,0.9997788117577607,0.36173270243232636
黄瓜,price,wind_speed,日最大风速,9,-0.06708535879832074,0.06759823826860924,-0.19957790580479484,0.06540718820815337,0.3209961838985076,1404,0.9997788117577607,0.36173270243232636
黄瓜,price,wind_speed,日最大风速,10,-0.06475283611621585,0.07099559073601748,-0.2039041939588101,0.0743985217263784,0.36173270243232636,1404,0.9997788117577607,0.36173270243232636
黄瓜,price,wind_speed,日最大风速,11,-0.06700085519492902,0.06366710372410639,-0.19178837849417754,0.05778666810431951,0.29263339099612806,1403,0.9997788117577607,0.36173270243232636
黄瓜,price,wind_speed,日最大风速,12,-0.07031611234091316,0.06282183691607922,-0.19344691269642844,0.05281468801460211,0.2630146857144128,1402,0.9997788117577607,0.36173270243232636
黄瓜,price,wind_speed,日最大风速,13,-0.09531782471828937,0.06272211528190662,-0.21825317067082634,0.0276175212342476,0.12859029578502743,1401,0.9997788117577607,0.36173270243232636
黄瓜,price,wind_speed,日最大风速,14,-0.11016870975612762,0.06317354539734152,-0.23398885873491698,0.013651439222661751,0.08117552392697289,1400,0.9997788117577607,0.36173270243232636
黄瓜,price,radiation,短波辐射,0,-0.02956916255873733,0.0987262586260083,-0.2230726294657136,0.1639343043482389,0.7645535639503682,1410,0.9997788117577607,0.7645535639503682
黄瓜,price,radiation,短波辐射,1,-0.05510967636507762,0.09582972791370604,-0.24293594307594146,0.1327165903457862,0.5652377831609464,1409,0.9997788117577607,0.6056119105295855
黄瓜,price,radiation,短波辐射,2,-0.0763144416172914,0.09345817732946643,-0.2594924691830456,0.10686358594846279,0.41417850071484363,1409,0.9997788117577607,0.5177231258935545
黄瓜,price,radiation,短波辐射,3,-0.06748401616976331,0.09257498251895302,-0.2489309819069112,0.1139629495673846,0.46602245090412453,1409,0.9997788117577607,0.5377182125816822
黄瓜,price,radiation,短波辐射,4,-0.09149597227569492,0.09326444451767564,-0.27429428353033913,0.09130233897894932,0.326573959643786,1408,0.9997788117577607,0.46013678345526493
黄瓜,price,radiation,短波辐射,5,-0.09542030194561583,0.09947403144607805,-0.2903894035799288,0.09954879968869713,0.33743364120052766,1407,0.9997788117577607,0.46013678345526493
黄瓜,price,radiation,短波辐射,6,-0.1028154614521726,0.09938412755749088,-0.2976083514648547,0.0919774285605095,0.30089034012642635,1406,0.9997788117577607,0.46013678345526493
黄瓜,price,radiation,短波辐射,7,-0.1085337983800743,0.09578330504284524,-0.29626907626405097,0.07920147950390237,0.25716465363441254,1405,0.9997788117577607,0.46013678345526493
黄瓜,price,radiation,短波辐射,8,-0.11113284173740981,0.09276276589949804,-0.29294786290042596,0.07068217942560634,0.2309042246659181,1404,0.9997788117577607,0.46013678345526493
黄瓜,price,radiation,短波辐射,9,-0.1110107443227884,0.08791208218723627,-0.2833184254097715,0.061296936764194676,0.2066800098482039,1404,0.9997788117577607,0.46013678345526493
黄瓜,price,radiation,短波辐射,10,-0.0956364402193869,0.08681438955645479,-0.2657926437500383,0.07451976331126449,0.2706270479696855,1404,0.9997788117577607,0.46013678345526493
黄瓜,price,radiation,短波辐射,11,-0.10748251457125674,0.08940089399057094,-0.2827082667927758,0.0677432376502623,0.22926542713788778,1403,0.9997788117577607,0.46013678345526493
黄瓜,price,radiation,短波辐射,12,-0.11382692558912408,0.09603844677489401,-0.30206228126791634,0.07440843008966819,0.2359294959455458,1402,0.9997788117577607,0.46013678345526493
黄瓜,price,radiation,短波辐射,13,-0.12042719293682697,0.09572646360774849,-0.308051061608014,0.06719667573436006,0.2083792827225024,1401,0.9997788117577607,0.46013678345526493
黄瓜,price,radiation,短波辐射,14,-0.1068065016484386,0.09372991558526103,-0.2905171361955502,0.07690413289867301,0.2544890519970803,1400,0.9997788117577607,0.46013678345526493
黄瓜,price,et0,参考蒸散ET0,0,-0.06829044514833413,0.09813839434001012,-0.26064169805475396,0.1240608077580857,0.4865173898785974,1410,0.9997788117577607,0.4865173898785974
黄瓜,price,et0,参考蒸散ET0,1,-0.08292765625324991,0.09612484372239884,-0.2713323499491516,0.1054770374426518,0.3882981210145884,1409,0.9997788117577607,0.44200150110341246
黄瓜,price,et0,参考蒸散ET0,2,-0.08517432663167121,0.0950477371844739,-0.27146789151324,0.10111923824989763,0.37018784270749394,1409,0.9997788117577607,0.44200150110341246
黄瓜,price,et0,参考蒸散ET0,3,-0.07996321993212932,0.09457573064956243,-0.26533165200527165,0.10540521214101303,0.39783503922182284,1409,0.9997788117577607,0.44200150110341246
黄瓜,price,et0,参考蒸散ET0,4,-0.09751779076661304,0.09445601350965571,-0.28265157724553824,0.08761599571231216,0.30187781949024073,1408,0.9997788117577607,0.44200150110341246
黄瓜,price,et0,参考蒸散ET0,5,-0.09654342002953456,0.09502536677090223,-0.28279313890050295,0.0897062988414338,0.30964117629158217,1407,0.9997788117577607,0.44200150110341246
黄瓜,price,et0,参考蒸散ET0,6,-0.09375780450347536,0.093632589023326,-0.2772776789891943,0.08976206998224358,0.3166637625022327,1406,0.9997788117577607,0.44200150110341246
黄瓜,price,et0,参考蒸散ET0,7,-0.09786297466381949,0.0930020002809403,-0.28014689521446245,0.0844209458868235,0.2926768760121221,1405,0.9997788117577607,0.44200150110341246
黄瓜,price,et0,参考蒸散ET0,8,-0.09495243496525405,0.09185953828785981,-0.27499713000945925,0.08509226007895118,0.30129053363850355,1404,0.9997788117577607,0.44200150110341246
黄瓜,price,et0,参考蒸散ET0,9,-0.09050254424002482,0.08995344811157359,-0.26681130253870905,0.0858062140586594,0.3143654362998757,1404,0.9997788117577607,0.44200150110341246
黄瓜,price,et0,参考蒸散ET0,10,-0.07466289027331544,0.09111439586699499,-0.2532471061726256,0.10392132562599474,0.412534734363185,1404,0.9997788117577607,0.44200150110341246
黄瓜,price,et0,参考蒸散ET0,11,-0.08151044636909832,0.09111692789588365,-0.26009962504503026,0.09707873230683361,0.3710171345118797,1403,0.9997788117577607,0.44200150110341246
黄瓜,price,et0,参考蒸散ET0,12,-0.08210456056053407,0.09204714637835829,-0.2625169674621163,0.09830784634104815,0.372401632206219,1402,0.9997788117577607,0.44200150110341246
黄瓜,price,et0,参考蒸散ET0,13,-0.08536699378359805,0.09181101691603992,-0.26531658693903626,0.09458259937184019,0.35246838401297786,1401,0.9997788117577607,0.44200150110341246
黄瓜,price,et0,参考蒸散ET0,14,-0.07692555631346384,0.09209217204145362,-0.25742621351471295,0.10357510088778524,0.40354291897820693,1400,0.9997788117577607,0.44200150110341246
黄瓜,price,dew_point,露点温度,0,-0.06368274788397235,0.11395212479085752,-0.2870289124740531,0.1596634167061084,0.5762604840647383,1410,0.9997788117577607,0.8737937966035019
黄瓜,price,dew_point,露点温度,1,-0.06017238086656246,0.114442007337499,-0.28447871524806045,0.16413395351493557,0.5990346222427407,1409,0.9997788117577607,0.8737937966035019
黄瓜,price,dew_point,露点温度,2,-0.05629799596275049,0.1139255649653736,-0.2795921032948827,0.16699611136938175,0.6211898469223411,1409,0.9997788117577607,0.8737937966035019
黄瓜,price,dew_point,露点温度,3,-0.06422769955868951,0.11403390123113939,-0.28773414597172275,0.1592787468543437,0.5732759761694134,1409,0.9997788117577607,0.8737937966035019
黄瓜,price,dew_point,露点温度,4,-0.06861063871622572,0.11339800606880038,-0.2908707306110745,0.15364945317862302,0.5451506079997256,1408,0.9997788117577607,0.8737937966035019
黄瓜,price,dew_point,露点温度,5,-0.05428183378631585,0.1113066727941363,-0.272442912462823,0.1638792448901913,0.625777821196657,1407,0.9997788117577607,0.8737937966035019
黄瓜,price,dew_point,露点温度,6,-0.04231682972157941,0.11083680960704363,-0.25955697655138493,0.17492331710822612,0.7026141639818033,1406,0.9997788117577607,0.8737937966035019
黄瓜,price,dew_point,露点温度,7,-0.040267304508853755,0.11182329567714477,-0.2594409640360575,0.17890635501835,0.7187741200019053,1405,0.9997788117577607,0.8737937966035019
黄瓜,price,dew_point,露点温度,8,-0.034636994072613655,0.11279402339012139,-0.25571327991725157,0.18643929177202428,0.7587810945779786,1404,0.9997788117577607,0.8737937966035019
黄瓜,price,dew_point,露点温度,9,-0.03240303305272199,0.11302250766015236,-0.25392714806662064,0.18912108196117663,0.7743455600061552,1404,0.9997788117577607,0.8737937966035019
黄瓜,price,dew_point,露点温度,10,-0.034765506685169534,0.11341586032452469,-0.25706059292123795,0.18752957955089886,0.7592001817563956,1404,0.9997788117577607,0.8737937966035019
黄瓜,price,dew_point,露点温度,11,-0.02982272818929943,0.1124069832691016,-0.2501404153967386,0.1904949590181397,0.7907704460091256,1403,0.9997788117577607,0.8737937966035019
黄瓜,price,dew_point,露点温度,12,-0.021037342825314234,0.110249544847087,-0.23712645072560473,0.1950517650749763,0.8486699967479323,1402,0.9997788117577607,0.8737937966035019
黄瓜,price,dew_point,露点温度,13,-0.01761540519017033,0.11089930229788113,-0.23497803769401734,0.1997472273136767,0.8737937966035019,1401,0.9997788117577607,0.8737937966035019
黄瓜,price,dew_point,露点温度,14,-0.020939206559168352,0.11186619884235474,-0.24019695629018362,0.19831854317184694,0.8515188643769375,1400,0.9997788117577607,0.8737937966035019
黄瓜,price,pressure_msl,海平面气压,0,0.0774677626635367,0.11333262461570061,-0.1446641815832365,0.2995997069103099,0.49426356312760933,1410,0.9997788117577607,0.9704896379081606
黄瓜,price,pressure_msl,海平面气压,1,0.07533695167450624,0.11459483968132377,-0.14926893410088835,0.2999428374499008,0.5109108268836717,1409,0.9997788117577607,0.9704896379081606
黄瓜,price,pressure_msl,海平面气压,2,0.06363896330114686,0.11131791395214087,-0.15454414804504923,0.281822074647343,0.5675342925546241,1409,0.9997788117577607,0.9704896379081606
黄瓜,price,pressure_msl,海平面气压,3,0.053611764819147215,0.10921374022668442,-0.16044716602515424,0.2676706956634487,0.6235053390270566,1409,0.9997788117577607,0.9704896379081606
黄瓜,price,pressure_msl,海平面气压,4,0.04338183833970166,0.10902893859023918,-0.17031488129716713,0.2570785579765704,0.6907091488769241,1408,0.9997788117577607,0.9704896379081606
黄瓜,price,pressure_msl,海平面气压,5,0.04057369367059494,0.10978203296167444,-0.17459909093428697,0.25574647827547686,0.7116924011326511,1407,0.9997788117577607,0.9704896379081606
黄瓜,price,pressure_msl,海平面气压,6,0.054409943783921624,0.11283565621343658,-0.1667479423944141,0.2755678299622573,0.6296601604879033,1406,0.9997788117577607,0.9704896379081606
黄瓜,price,pressure_msl,海平面气压,7,0.07080486854070589,0.11816949293682821,-0.1608073376154774,0.30241707469688917,0.5490524533207903,1405,0.9997788117577607,0.9704896379081606
黄瓜,price,pressure_msl,海平面气压,8,0.06668969862961846,0.11868078910405025,-0.16592464801432003,0.2993040452735569,0.5741671414343607,1404,0.9997788117577607,0.9704896379081606
黄瓜,price,pressure_msl,海平面气压,9,0.04358504683414211,0.11403146826092378,-0.1799166309572685,0.2670867246255527,0.7022985847024503,1404,0.9997788117577607,0.9704896379081606
黄瓜,price,pressure_msl,海平面气压,10,0.022137367344571834,0.11108202114100779,-0.19558339409180342,0.2398581287809471,0.8420370886853334,1404,0.9997788117577607,0.991527952676347
黄瓜,price,pressure_msl,海平面气压,11,0.0018810368574313369,0.10936962160505723,-0.21248342148848082,0.21624549520334352,0.9862779421225851,1403,0.9997788117577607,0.991527952676347
黄瓜,price,pressure_msl,海平面气压,12,0.0011491889357001517,0.10822683634664465,-0.21097541030372335,0.21327378817512366,0.991527952676347,1402,0.9997788117577607,0.991527952676347
黄瓜,price,pressure_msl,海平面气压,13,0.019508336520580857,0.11047053060694488,-0.19701390346903108,0.23603057651019282,0.8598279925333221,1401,0.9997788117577607,0.991527952676347
黄瓜,price,pressure_msl,海平面气压,14,0.045292930280853065,0.11332360739852695,-0.17682134022025975,0.2674072007819659,0.6893938441263792,1400,0.9997788117577607,0.9704896379081606
黄瓜,price,cloud_cover,云量,0,-0.007253043195199354,0.06346213738730727,-0.1316388324743216,0.11713274608392289,0.9090084650743426,1410,0.9997788117577607,0.9090084650743425
黄瓜,price,cloud_cover,云量,1,0.018610552571190122,0.06707376284592725,-0.11285402260682728,0.15007512774920753,0.7814238673334906,1409,0.9997788117577607,0.8372398578573114
黄瓜,price,cloud_cover,云量,2,0.06585299009413674,0.06818277911259202,-0.06778525696654362,0.1994912371548171,0.33412913272710487,1409,0.9997788117577607,0.4274059679666637
黄瓜,price,cloud_cover,云量,3,0.05394225343486587,0.0682962018119649,-0.07991830211658535,0.18780280898631707,0.42962821632605275,1409,0.9997788117577607,0.4957248649915993
黄瓜,price,cloud_cover,云量,4,0.06915551948533219,0.06512926140224481,-0.058497832863067645,0.19680887183373202,0.2883176375552168,1408,0.9997788117577607,0.4274059679666637
黄瓜,price,cloud_cover,云量,5,0.1020451189704569,0.06404983303955294,-0.023492553787066883,0.22758279172798068,0.11111209259199169,1407,0.9997788117577607,0.38697696988103275
黄瓜,price,cloud_cover,云量,6,0.1098485584677658,0.062432004149541816,-0.012518169665336157,0.23221528660086777,0.07849412296240807,1406,0.9997788117577607,0.38697696988103275
黄瓜,price,cloud_cover,云量,7,0.08116961373335235,0.06286883410013161,-0.0420533011029056,0.20439252856961032,0.19667086795801125,1405,0.9997788117577607,0.4214375741957384
黄瓜,price,cloud_cover,云量,8,0.09287539235759881,0.06527596110301155,-0.03506549140430382,0.22081627611950144,0.15479078795241308,1404,0.9997788117577607,0.38697696988103275
黄瓜,price,cloud_cover,云量,9,0.09603727485908642,0.0668606151454573,-0.03500953082600988,0.22708408054418272,0.15089413690029937,1404,0.9997788117577607,0.38697696988103275
黄瓜,price,cloud_cover,云量,10,0.06453444427806183,0.06790461620987327,-0.06855860349328978,0.19762749204941343,0.3419247743733309,1404,0.9997788117577607,0.4274059679666637
黄瓜,price,cloud_cover,云量,11,0.07192921927411006,0.06471545857381457,-0.05491307953056648,0.1987715180787866,0.26636657133029884,1403,0.9997788117577607,0.4274059679666637
黄瓜,price,cloud_cover,云量,12,0.10469913627436434,0.06525030844879585,-0.023191468285275546,0.23258974083400422,0.10858695310260222,1402,0.9997788117577607,0.38697696988103275
黄瓜,price,cloud_cover,云量,13,0.1017009226568016,0.06576506489224652,-0.027198604532001583,0.2306004498456048,0.1220012917145974,1401,0.9997788117577607,0.38697696988103275
黄瓜,price,cloud_cover,云量,14,0.06693772638725634,0.06108191155874376,-0.05278282026788143,0.18665827304239413,0.2731364435222009,1400,0.9997788117577607,0.4274059679666637
黄瓜,price,temp_mean,日平均气温,0,-0.06780216881128037,0.11244502430475982,-0.2881944164486096,0.15259007882604886,0.546521591607414,1410,0.9997788117577607,0.8459803618875242
黄瓜,price,temp_mean,日平均气温,1,-0.06591865577919609,0.112859185146628,-0.287122658666587,0.1552853471081948,0.5591673071015657,1409,0.9997788117577607,0.8459803618875242
黄瓜,price,temp_mean,日平均气温,2,-0.061054922630378906,0.11303281272442786,-0.2825992355702575,0.1604893903094997,0.5890920731382061,1409,0.9997788117577607,0.8459803618875242
黄瓜,price,temp_mean,日平均气温,3,-0.06408729552910332,0.11250413743930072,-0.28459540491013274,0.15642081385192608,0.5689192474673719,1409,0.9997788117577607,0.8459803618875242
黄瓜,price,temp_mean,日平均气温,4,-0.06782502555433288,0.11141770838949888,-0.2862037339977507,0.15055368288908494,0.5426931611638137,1408,0.9997788117577607,0.8459803618875242
黄瓜,price,temp_mean,日平均气温,5,-0.05819750050488087,0.10950219534991981,-0.2728218033907237,0.15642680238096196,0.5950907920395903,1407,0.9997788117577607,0.8459803618875242
黄瓜,price,temp_mean,日平均气温,6,-0.05052931763485728,0.10861360872277585,-0.26341199073149796,0.16235335546178337,0.641773294111883,1406,0.9997788117577607,0.8459803618875242
黄瓜,price,temp_mean,日平均气温,7,-0.04844047985118004,0.10939596384215595,-0.2628565689818057,0.16597560927944566,0.6579107533853945,1405,0.9997788117577607,0.8459803618875242
黄瓜,price,temp_mean,日平均气温,8,-0.040879521484024336,0.1106396907046968,-0.2577333152652301,0.17597427229718138,0.7117674953702795,1404,0.9997788117577607,0.8459803618875242
黄瓜,price,temp_mean,日平均气温,9,-0.035495950133823465,0.11128435425515447,-0.2536132844739262,0.18262138420627927,0.7497521262797444,1404,0.9997788117577607,0.8459803618875242
黄瓜,price,temp_mean,日平均气温,10,-0.03254735409210384,0.11105196395254803,-0.25020920343909797,0.18511449525489032,0.7694593207661412,1404,0.9997788117577607,0.8459803618875242
黄瓜,price,temp_mean,日平均气温,11,-0.02975334196550726,0.11028107979106719,-0.24590425835599894,0.18639757442498445,0.787317564724056,1403,0.9997788117577607,0.8459803618875242
黄瓜,price,temp_mean,日平均气温,12,-0.02455315016882597,0.10903090761003478,-0.23825372908449416,0.1891474287468422,0.8218280432446874,1402,0.9997788117577607,0.8459803618875242
黄瓜,price,temp_mean,日平均气温,13,-0.02342208014203409,0.10936847699215711,-0.23778429504666201,0.19094013476259383,0.8304242334731569,1401,0.9997788117577607,0.8459803618875242
黄瓜,price,temp_mean,日平均气温,14,-0.02148327916418282,0.11059619739970426,-0.23825182606760317,0.19528526773923752,0.8459803618875242,1400,0.9997788117577607,0.8459803618875242
黄瓜,volume,humidity,相对湿度,0,-0.10655169511032633,0.13487262522720922,-0.37090204055565645,0.15779865033500376,0.4295177175261301,1410,0.9997788117577607,0.4638606573028449
黄瓜,volume,humidity,相对湿度,1,-0.09916999328672937,0.1339649597984494,-0.3617413144916902,0.16340132791823148,0.45913730129767283,1409,0.9997788117577607,0.4638606573028449
黄瓜,volume,humidity,相对湿度,2,-0.09832761124106412,0.13174412187265103,-0.3565460901114601,0.15989086762933188,0.4554542458941081,1409,0.9997788117577607,0.4638606573028449
黄瓜,volume,humidity,相对湿度,3,-0.09445276231829072,0.12894494696974312,-0.34718485837898727,0.1582793337424058,0.463860657302845,1409,0.9997788117577607,0.4638606573028449
黄瓜,volume,humidity,相对湿度,4,-0.09635981840227195,0.13108297472868277,-0.3532824488704902,0.16056281206594628,0.4622752323324505,1408,0.9997788117577607,0.4638606573028449
黄瓜,volume,humidity,相对湿度,5,-0.11781790568500836,0.13134833730181214,-0.3752606467965601,0.13962483542654344,0.3697252256624799,1407,0.9997788117577607,0.4638606573028449
黄瓜,volume,humidity,相对湿度,6,-0.1043832196496369,0.13395444672334603,-0.36693393522739515,0.15816749592812132,0.4358359042536539,1406,0.9997788117577607,0.4638606573028449
黄瓜,volume,humidity,相对湿度,7,-0.12075161979572871,0.13343988784998198,-0.38229379998169344,0.140790560390236,0.3655109609985615,1405,0.9997788117577607,0.4638606573028449
黄瓜,volume,humidity,相对湿度,8,-0.11122897771230691,0.13162013120504204,-0.3692044348741893,0.1467464794495755,0.3980685611876711,1404,0.9997788117577607,0.4638606573028449
黄瓜,volume,humidity,相对湿度,9,-0.10565393016642523,0.12886237608639745,-0.3582241872957642,0.1469163269629138,0.41227458557503915,1404,0.9997788117577607,0.4638606573028449
黄瓜,volume,humidity,相对湿度,10,-0.11240784865113204,0.12706227443909995,-0.36144990655176795,0.13663420924950387,0.37633605726402475,1404,0.9997788117577607,0.4638606573028449
黄瓜,volume,humidity,相对湿度,11,-0.1133431202229385,0.1291123180234973,-0.3664032635489932,0.13971702310311618,0.3800172575744616,1403,0.9997788117577607,0.4638606573028449
黄瓜,volume,humidity,相对湿度,12,-0.14501612005437733,0.1284354038858094,-0.3967495116705637,0.10671727156180907,0.25885661841953356,1402,0.9997788117577607,0.4638606573028449
黄瓜,volume,humidity,相对湿度,13,-0.14796586788437574,0.12679052338200839,-0.3964752937131122,0.10054355794436068,0.24320614263222096,1401,0.9997788117577607,0.4638606573028449
黄瓜,volume,humidity,相对湿度,14,-0.12481576161517566,0.1268026224668726,-0.3733489016502459,0.12371737841989464,0.3249527554603482,1400,0.9997788117577607,0.4638606573028449
黄瓜,volume,wind_speed,日最大风速,0,-0.02299351267607603,0.07808232277452233,-0.17603486531413978,0.13004783996198774,0.7683928047699272,1410,0.9997788117577607,0.8232780051106363
黄瓜,volume,wind_speed,日最大风速,1,-0.009445306388539326,0.07985602275102859,-0.16596311098055536,0.1470724982034767,0.9058464386637677,1409,0.9997788117577607,0.9058464386637677
黄瓜,volume,wind_speed,日最大风速,2,-0.04226274042522715,0.08444930788039623,-0.20778338387080375,0.12325790302034945,0.6167575516144783,1409,0.9997788117577607,0.7709469395180979
黄瓜,volume,wind_speed,日最大风速,3,-0.05340822284599131,0.08123538512611707,-0.21262957769318075,0.10581313200119813,0.5108914612615818,1409,0.9997788117577607,0.7709469395180979
黄瓜,volume,wind_speed,日最大风速,4,-0.0486221891411689,0.07974752622376081,-0.2049273405397401,0.10768296225740231,0.5420595376236367,1408,0.9997788117577607,0.7709469395180979
黄瓜,volume,wind_speed,日最大风速,5,-0.03924959060473337,0.0764458507897028,-0.18908345815255087,0.11058427694308412,0.6076505882512824,1407,0.9997788117577607,0.7709469395180979
黄瓜,volume,wind_speed,日最大风速,6,-0.04775246568507093,0.07130007854729782,-0.18750061963777467,0.0919956882676328,0.5030239854050085,1406,0.9997788117577607,0.7709469395180979
黄瓜,volume,wind_speed,日最大风速,7,-0.04838335071603939,0.06724090966817725,-0.1801755336656668,0.08340883223358803,0.4718006944860418,1405,0.9997788117577607,0.7709469395180979
黄瓜,volume,wind_speed,日最大风速,8,-0.04714025456921702,0.07297509764570217,-0.1901714459547933,0.09589093681635924,0.5182940740488046,1404,0.9997788117577607,0.7709469395180979
黄瓜,volume,wind_speed,日最大风速,9,-0.1026948468469725,0.08160818007180759,-0.2626468797877154,0.05725718609377037,0.2082510605628578,1404,0.9997788117577607,0.7709469395180979
黄瓜,volume,wind_speed,日最大风速,10,-0.0993184665617653,0.07808749158829925,-0.2523699500748318,0.05373301695130123,0.20341326620895817,1404,0.9997788117577607,0.7709469395180979
黄瓜,volume,wind_speed,日最大风速,11,-0.0867631979594386,0.07515401158528254,-0.23406506066659236,0.06053866474771516,0.24830673391279323,1403,0.9997788117577607,0.7709469395180979
黄瓜,volume,wind_speed,日最大风速,12,-0.06830065255816684,0.07648309973664087,-0.21820752804198293,0.08160622292564926,0.3718484590154858,1402,0.9997788117577607,0.7709469395180979
黄瓜,volume,wind_speed,日最大风速,13,-0.0526632634267468,0.06876127168810346,-0.18743535593542957,0.08210882908193598,0.4437444128874122,1401,0.9997788117577607,0.7709469395180979
黄瓜,volume,wind_speed,日最大风速,14,-0.02713815540542085,0.06711981461136315,-0.15869299204369264,0.10441668123285093,0.6859744409966254,1400,0.9997788117577607,0.7915089703807217
黄瓜,volume,radiation,短波辐射,0,0.05274843301201973,0.12062510571109776,-0.18367677418173187,0.2891736402057713,0.6618993602249517,1410,0.9997788117577607,0.6983853264171791
黄瓜,volume,radiation,短波辐射,1,0.050097608265655263,0.12928380846310533,-0.20329865632203117,0.30349387285334173,0.6983853264171791,1409,0.9997788117577607,0.6983853264171791
黄瓜,volume,radiation,短波辐射,2,0.09489331326346784,0.13124495544071443,-0.16234679940033242,0.3521334259272681,0.4696648557456943,1409,0.9997788117577607,0.6472630175902812
黄瓜,volume,radiation,短波辐射,3,0.08731101638522443,0.12337498780289731,-0.1545039597084543,0.3291259924789032,0.4791389403339952,1409,0.9997788117577607,0.6472630175902812
黄瓜,volume,radiation,短波辐射,4,0.07109487020054812,0.122279197148818,-0.16857235621113514,0.3107620966122314,0.560961281911577,1408,0.9997788117577607,0.6472630175902812
黄瓜,volume,radiation,短波辐射,5,0.07384229340849958,0.12370286845669502,-0.16861532876662266,0.3162999155836218,0.5505522809900836,1407,0.9997788117577607,0.6472630175902812
黄瓜,volume,radiation,短波辐射,6,0.07687064519905033,0.11481726777990839,-0.1481711996495701,0.3019124900476708,0.5031738902740099,1406,0.9997788117577607,0.6472630175902812
黄瓜,volume,radiation,短波辐射,7,0.09548116538903846,0.11285525839273634,-0.1257151410607248,0.3166774718388017,0.3975249803087342,1405,0.9997788117577607,0.6472630175902812
黄瓜,volume,radiation,短波辐射,8,0.0843499690139591,0.11971717096180994,-0.15029568607118837,0.3189956240991066,0.4810734959646459,1404,0.9997788117577607,0.6472630175902812
黄瓜,volume,radiation,短波辐射,9,0.08273204608473053,0.12196740629021381,-0.15632407024408854,0.32178816241354957,0.4975734198394245,1404,0.9997788117577607,0.6472630175902812
黄瓜,volume,radiation,短波辐射,10,0.09661995379505502,0.11578635250354977,-0.13032129711190255,0.32356120470201255,0.4040175663908524,1404,0.9997788117577607,0.6472630175902812
黄瓜,volume,radiation,短波辐射,11,0.07222847412125126,0.11622671264126823,-0.1555758826556345,0.300032830898137,0.5343070715176861,1403,0.9997788117577607,0.6472630175902812
黄瓜,volume,radiation,短波辐射,12,0.09512105038115497,0.11609686647990662,-0.132428807919462,0.32267090868177195,0.41260108519414185,1402,0.9997788117577607,0.6472630175902812
黄瓜,volume,radiation,短波辐射,13,0.14001413747412855,0.10975105663396252,-0.075097933528438,0.35512620847669507,0.2020463981713354,1401,0.9997788117577607,0.6472630175902812
黄瓜,volume,radiation,短波辐射,14,0.11696260207481728,0.10719479287407205,-0.09313919195836394,0.3270643961079985,0.2752191818593247,1400,0.9997788117577607,0.6472630175902812
黄瓜,volume,et0,参考蒸散ET0,0,0.10159807127748324,0.12124412072811144,-0.13604040534961517,0.3392365479045817,0.4020515575731103,1410,0.9997788117577607,0.5327114872629488
黄瓜,volume,et0,参考蒸散ET0,1,0.08424123195092968,0.1261169109190983,-0.16294791345050297,0.33143037735236236,0.5041582141928961,1409,0.9997788117577607,0.5327114872629488
黄瓜,volume,et0,参考蒸散ET0,2,0.11207513087998279,0.12545591735548442,-0.13381846713676665,0.35796872889673226,0.3716736652866395,1409,0.9997788117577607,0.5327114872629488
黄瓜,volume,et0,参考蒸散ET0,3,0.10249810005587938,0.12121221745636818,-0.13507784615860224,0.340074046270361,0.3977710962097024,1409,0.9997788117577607,0.5327114872629488
黄瓜,volume,et0,参考蒸散ET0,4,0.07732368902664706,0.12114892262629658,-0.16012819932089423,0.3147755773741883,0.5233088633924818,1408,0.9997788117577607,0.5327114872629488
黄瓜,volume,et0,参考蒸散ET0,5,0.07615372032100315,0.11744426155865866,-0.15403703233396782,0.3063444729759741,0.5167105178778804,1407,0.9997788117577607,0.5327114872629488
黄瓜,volume,et0,参考蒸散ET0,6,0.09284408982083946,0.11174119673969941,-0.1261686557889714,0.3118568354306503,0.4060385700651332,1406,0.9997788117577607,0.5327114872629488
黄瓜,volume,et0,参考蒸散ET0,7,0.10360889656002543,0.11208998304725938,-0.11608747021260295,0.3233052633326538,0.3553109870562998,1405,0.9997788117577607,0.5327114872629488
黄瓜,volume,et0,参考蒸散ET0,8,0.08878096155260198,0.11681558670605213,-0.14017758839126018,0.3177395114964642,0.44724887608936437,1404,0.9997788117577607,0.5327114872629488
黄瓜,volume,et0,参考蒸散ET0,9,0.08270211148160916,0.11828262650051603,-0.14913183645940226,0.3145360594226206,0.4844328667568357,1404,0.9997788117577607,0.5327114872629488
黄瓜,volume,et0,参考蒸散ET0,10,0.09028490076404629,0.11575298666326711,-0.13659095309595726,0.3171607546240498,0.4354032260183427,1404,0.9997788117577607,0.5327114872629488
黄瓜,volume,et0,参考蒸散ET0,11,0.07141286444855316,0.11446712797863566,-0.15294270638957272,0.29576843528667907,0.5327114872629488,1403,0.9997788117577607,0.5327114872629488
黄瓜,volume,et0,参考蒸散ET0,12,0.09126223710241368,0.11064081365391082,-0.12559375765925151,0.3081182318640789,0.4094559247593398,1402,0.9997788117577607,0.5327114872629488
黄瓜,volume,et0,参考蒸散ET0,13,0.12267619083516171,0.10601924982148943,-0.08512153881495757,0.330473920485281,0.24722643257581334,1401,0.9997788117577607,0.5327114872629488
黄瓜,volume,et0,参考蒸散ET0,14,0.10553025504520225,0.10483516628302561,-0.09994667086952794,0.3110071809599324,0.3141124673111517,1400,0.9997788117577607,0.5327114872629488
黄瓜,volume,dew_point,露点温度,0,0.03415848863347529,0.13154790420286763,-0.22367540360414526,0.2919923808710958,0.7951215940265881,1410,0.9997788117577607,0.9886663706126003
黄瓜,volume,dew_point,露点温度,1,0.027607775695373878,0.13006591483790386,-0.2273214173869177,0.28253696877766543,0.8319042920502855,1409,0.9997788117577607,0.9886663706126003
黄瓜,volume,dew_point,露点温度,2,0.028320396126758938,0.12971642246487505,-0.22592379190439618,0.2825645841579141,0.827175547560345,1409,0.9997788117577607,0.9886663706126003
黄瓜,volume,dew_point,露点温度,3,0.017934565639636663,0.12870626243975353,-0.23432970874228023,0.2701988400215536,0.8891775840454496,1409,0.9997788117577607,0.9886663706126003
黄瓜,volume,dew_point,露点温度,4,0.0018034406310741581,0.12695748163920018,-0.24703322338175818,0.2506401046439065,0.9886663706126003,1408,0.9997788117577607,0.9886663706126003
黄瓜,volume,dew_point,露点温度,5,-0.012146360622185746,0.1251532328978256,-0.2574466971019239,0.23315397585755243,0.9226851686874475,1407,0.9997788117577607,0.9886663706126003
黄瓜,volume,dew_point,露点温度,6,0.004255592872778748,0.12769471378841446,-0.24602604615251358,0.2545372318980711,0.973414377711395,1406,0.9997788117577607,0.9886663706126003
黄瓜,volume,dew_point,露点温度,7,-0.002256437204192878,0.12963582566101534,-0.2563426554997829,0.25182978109139714,0.986112747049195,1405,0.9997788117577607,0.9886663706126003
黄瓜,volume,dew_point,露点温度,8,-0.0035143252129254884,0.13100912196208137,-0.26029220425860494,0.25326355383275395,0.9785992796900473,1404,0.9997788117577607,0.9886663706126003
黄瓜,volume,dew_point,露点温度,9,-0.0042027260733696475,0.13125929189976274,-0.2614709381969046,0.2530654860501653,0.9744572949472561,1404,0.9997788117577607,0.9886663706126003
黄瓜,volume,dew_point,露点温度,10,-0.011265933251128665,0.13026455287807187,-0.26658445689214955,0.2440525903898922,0.9310808589380367,1404,0.9997788117577607,0.9886663706126003
黄瓜,volume,dew_point,露点温度,11,-0.02009806419690726,0.12887482748630794,-0.2726927260700708,0.23249659767625627,0.8760722199548592,1403,0.9997788117577607,0.9886663706126003
黄瓜,volume,dew_point,露点温度,12,-0.028138594576885466,0.12775723533102207,-0.2785427758256887,0.2222655866719178,0.8256760711350906,1402,0.9997788117577607,0.9886663706126003
黄瓜,volume,dew_point,露点温度,13,-0.02118607541207292,0.12816533941268307,-0.2723901406609317,0.23001798983678587,0.8687057413739177,1401,0.9997788117577607,0.9886663706126003
黄瓜,volume,dew_point,露点温度,14,-0.016135528738166267,0.1300871436906268,-0.27110633037179477,0.23883527289546225,0.9012865291252715,1400,0.9997788117577607,0.9886663706126003
黄瓜,volume,pressure_msl,海平面气压,0,0.02377581542979653,0.1194564472228561,-0.2103588211270014,0.25791045198659446,0.8422366663580113,1410,0.9997788117577607,0.9718115381053976
黄瓜,volume,pressure_msl,海平面气压,1,0.03034280574632003,0.11834269547325174,-0.20160887738125338,0.26229448887389345,0.7976436930906993,1409,0.9997788117577607,0.9718115381053976
黄瓜,volume,pressure_msl,海平面气压,2,0.0011262501362695118,0.11872301640853675,-0.2315708620244625,0.23382336229700154,0.9924310875451414,1409,0.9997788117577607,0.9924310875451414
黄瓜,volume,pressure_msl,海平面气压,3,0.004058290787151692,0.12006774427757944,-0.231274487996904,0.2393910695712074,0.9730366291023415,1409,0.9997788117577607,0.9924310875451414
黄瓜,volume,pressure_msl,海平面气压,4,0.028372158200948426,0.11753190708213339,-0.201990379680033,0.25873469608192984,0.8092454039866881,1408,0.9997788117577607,0.9718115381053976
黄瓜,volume,pressure_msl,海平面气压,5,0.05365843485378371,0.11564589204288803,-0.17300751355027683,0.28032438325784426,0.6426555458075793,1407,0.9997788117577607,0.9718115381053976
黄瓜,volume,pressure_msl,海平面气压,6,0.049651338580587526,0.11883109623987813,-0.18325761004957358,0.28256028721074866,0.6760705435352969,1406,0.9997788117577607,0.9718115381053976
黄瓜,volume,pressure_msl,海平面气压,7,0.06849278581091259,0.11888244307150148,-0.1645168026092303,0.30150237423105547,0.5645213805049525,1405,0.9997788117577607,0.9718115381053976
黄瓜,volume,pressure_msl,海平面气压,8,0.061422916053777504,0.12036298490743136,-0.17448853436478795,0.29733436647234296,0.6098314974288557,1404,0.9997788117577607,0.9718115381053976
黄瓜,volume,pressure_msl,海平面气压,9,0.04426970334223569,0.12166032750121034,-0.19418453856013657,0.2827239452446079,0.7159479676334783,1404,0.9997788117577607,0.9718115381053976
黄瓜,volume,pressure_msl,海平面气压,10,0.02802826059196184,0.12341967339789481,-0.213874299267912,0.2699308204518357,0.8203481717204886,1404,0.9997788117577607,0.9718115381053976
黄瓜,volume,pressure_msl,海平面气压,11,0.040214718811295964,0.12065738160187216,-0.19627374912837348,0.2767031867509654,0.7389102569991511,1403,0.9997788117577607,0.9718115381053976
黄瓜,volume,pressure_msl,海平面气压,12,0.05934413243971086,0.12055100397188909,-0.17693583534519175,0.29562410022461344,0.6225256136894162,1402,0.9997788117577607,0.9718115381053976
黄瓜,volume,pressure_msl,海平面气压,13,0.06030834707523365,0.12216317756643894,-0.17913148095498665,0.299748175105454,0.6215389594616146,1401,0.9997788117577607,0.9718115381053976
黄瓜,volume,pressure_msl,海平面气压,14,0.04681602093880157,0.12175280094180703,-0.1918194689071402,0.28545151078474335,0.7005953033923915,1400,0.9997788117577607,0.9718115381053976
黄瓜,volume,cloud_cover,云量,0,-0.05262673472808294,0.08301797417082703,-0.2153419641029039,0.11008849464673803,0.5261331855334521,1410,0.9997788117577607,0.5261331855334521
黄瓜,volume,cloud_cover,云量,1,-0.09833144408507585,0.07571607008945318,-0.2467349414604041,0.05007205329025238,0.19405151158092515,1409,0.9997788117577607,0.3208882519438719
黄瓜,volume,cloud_cover,云量,2,-0.11006349083153888,0.07434631539492033,-0.2557822690055827,0.03565528734250495,0.13876220534046776,1409,0.9997788117577607,0.3208882519438719
黄瓜,volume,cloud_cover,云量,3,-0.08502151968289151,0.07098979917639153,-0.22416152606861892,0.054118486702835894,0.23105008337845623,1409,0.9997788117577607,0.3208882519438719
黄瓜,volume,cloud_cover,云量,4,-0.08088372857045138,0.06737159696844641,-0.21293205862860637,0.05116460148770359,0.22992144057320862,1408,0.9997788117577607,0.3208882519438719
黄瓜,volume,cloud_cover,云量,5,-0.07051799543481402,0.06673854909686072,-0.20132555166466104,0.060289560795033004,0.2906801939592901,1407,0.9997788117577607,0.3354002237991809
黄瓜,volume,cloud_cover,云量,6,-0.07038462621728613,0.07838260508359884,-0.22401453218113987,0.0832452797465676,0.36920563597481637,1406,0.9997788117577607,0.39557746711587466
黄瓜,volume,cloud_cover,云量,7,-0.09493552443796015,0.08370262032120634,-0.2589926602675246,0.06912161139160429,0.2567106015550975,1405,0.9997788117577607,0.3208882519438719
黄瓜,volume,cloud_cover,云量,8,-0.13299258443935408,0.07662145741977787,-0.2831706409821187,0.017185472103410537,0.08261522929818828,1404,0.9997788117577607,0.3208882519438719
黄瓜,volume,cloud_cover,云量,9,-0.10208612222212038,0.07109445292810475,-0.24143124996120569,0.03725900551696493,0.1510244047261461,1404,0.9997788117577607,0.3208882519438719
黄瓜,volume,cloud_cover,云量,10,-0.11401935587931361,0.06898769587529123,-0.2492352397948844,0.021196528036257184,0.09838192642306849,1404,0.9997788117577607,0.3208882519438719
黄瓜,volume,cloud_cover,云量,11,-0.07962079274151261,0.06899927297172798,-0.21485936776609943,0.05561778228307422,0.24852612519264627,1403,0.9997788117577607,0.3208882519438719
黄瓜,volume,cloud_cover,云量,12,-0.08505713322756771,0.07097501881818585,-0.22416817011121198,0.054053903656076555,0.23075765553981564,1402,0.9997788117577607,0.3208882519438719
黄瓜,volume,cloud_cover,云量,13,-0.130677305367854,0.08233633806206693,-0.2920565279695052,0.0307019172337972,0.1124864136853841,1401,0.9997788117577607,0.3208882519438719
黄瓜,volume,cloud_cover,云量,14,-0.11437276871180961,0.0860910566428162,-0.28311123973172936,0.05436570230811015,0.18400991594404392,1400,0.9997788117577607,0.3208882519438719
黄瓜,volume,temp_mean,日平均气温,0,0.0737956438106677,0.13352043148232023,-0.18790440189467997,0.3354956895160154,0.5804744887878455,1410,0.9997788117577607,0.8991288610106057
黄瓜,volume,temp_mean,日平均气温,1,0.06275338420958795,0.13435880638209022,-0.20058987629930888,0.32609664471848476,0.6404582287610258,1409,0.9997788117577607,0.8991288610106057
黄瓜,volume,temp_mean,日平均气温,2,0.06818852411792985,0.1331888095177488,-0.19286154253685778,0.3292385907727175,0.6086727976203683,1409,0.9997788117577607,0.8991288610106057
黄瓜,volume,temp_mean,日平均气温,3,0.05572522383363497,0.13140571868283998,-0.20182998478473135,0.3132804324520013,0.6715147595683184,1409,0.9997788117577607,0.8991288610106057
黄瓜,volume,temp_mean,日平均气温,4,0.03527095188300142,0.1288369407618224,-0.21724945201017046,0.2877913557761733,0.7842657783115833,1408,0.9997788117577607,0.8991288610106057
黄瓜,volume,temp_mean,日平均气温,5,0.022861695596464466,0.12500424351599257,-0.22214662169488095,0.26787001288780987,0.8548864039531534,1407,0.9997788117577607,0.8991288610106057
黄瓜,volume,temp_mean,日平均气温,6,0.03630886192332943,0.12522618916360742,-0.2091344688373411,0.281752192684,0.7718573706191876,1406,0.9997788117577607,0.8991288610106057
黄瓜,volume,temp_mean,日平均气温,7,0.03509413135992387,0.12846217452675876,-0.21669173071252332,0.286879993432371,0.7847098597485119,1405,0.9997788117577607,0.8991288610106057
黄瓜,volume,temp_mean,日平均气温,8,0.03298228553401362,0.1315905315417748,-0.22493515628786498,0.2908997273558922,0.8020898987706969,1404,0.9997788117577607,0.8991288610106057
黄瓜,volume,temp_mean,日平均气温,9,0.03378150734255085,0.1319382819891961,-0.22481752535627347,0.2923805400413752,0.7979197775850893,1404,0.9997788117577607,0.8991288610106057
黄瓜,volume,temp_mean,日平均气温,10,0.028161958952943593,0.1301397660101585,-0.22691198242696708,0.2832359003328543,0.8286776816159948,1404,0.9997788117577607,0.8991288610106057
黄瓜,volume,temp_mean,日平均气温,11,0.017188236524145063,0.1277605724318581,-0.23322248544229682,0.26759895849058696,0.892979735238919,1403,0.9997788117577607,0.8991288610106057
黄瓜,volume,temp_mean,日平均气温,12,0.01592220800866565,0.12560721690851814,-0.23026793713202992,0.2621123531493612,0.8991288610106057,1402,0.9997788117577607,0.8991288610106057
黄瓜,volume,temp_mean,日平均气温,13,0.024454165570185767,0.1252282478296151,-0.22099320017585986,0.2699015313162314,0.8451762954599761,1401,0.9997788117577607,0.8991288610106057
黄瓜,volume,temp_mean,日平均气温,14,0.02286135628120817,0.12738700207259324,-0.22681716778107458,0.2725398803434909,0.8575735342097253,1400,0.9997788117577607,0.8991288610106057
