n,MAE,RMSE,sMAPE,WAPE,bias,direction_accuracy,model,route,crop,fold,target,city
248,0.14925848987997356,0.17635029526566678,7.214280446659932,7.198108594283062,0.12286835248852891,0.4475806451612903,catboost,per_crop,土豆,fold1_test2024,target_mean_price_next_7d,沈阳
250,0.11611222688179205,0.16786250566736163,6.566820025802173,6.00544451204266,0.10736558301101048,0.516,catboost,per_crop,土豆,fold2_test2025,target_mean_price_next_7d,沈阳
170,0.05960577290692845,0.07469972507565231,2.735439774164381,2.7194895933446688,0.011526476935142036,0.4176470588235294,catboost,per_crop,土豆,fold3_test2026,target_mean_price_next_7d,沈阳
248,0.5030551144305524,0.7208098873519683,7.894926092819887,8.340172674668379,-0.341378694948291,0.5241935483870968,catboost,per_crop,尖椒,fold1_test2024,target_mean_price_next_7d,沈阳
250,0.3475808206375375,0.46460528389330297,6.613221531552094,6.922885514812874,0.0950868509520782,0.536,catboost,per_crop,尖椒,fold2_test2025,target_mean_price_next_7d,沈阳
170,0.4283718842030567,0.7443767442820568,6.010956485033846,7.249994306837776,-0.3201564094069012,0.5882352941176471,catboost,per_crop,尖椒,fold3_test2026,target_mean_price_next_7d,沈阳
248,0.20669848047440822,0.28252485367958297,8.728298259176977,8.791029081100408,-0.08336799387911308,0.5645161290322581,catboost,per_crop,甘蓝,fold1_test2024,target_mean_price_next_7d,沈阳
250,0.19215248881825528,0.2329328908241145,12.623989958509474,10.289767422580358,0.13217029175727724,0.528,catboost,per_crop,甘蓝,fold2_test2025,target_mean_price_next_7d,沈阳
170,0.1145864108524479,0.15120180763517366,6.632459835915094,6.398181408930494,0.04708322771174997,0.5411764705882353,catboost,per_crop,甘蓝,fold3_test2026,target_mean_price_next_7d,沈阳
248,0.5811140483797381,0.7639525345368833,6.604427842532466,6.63441727218807,0.09165133392370496,0.5887096774193549,catboost,per_crop,芸豆,fold1_test2024,target_mean_price_next_7d,沈阳
250,0.5511346121152683,0.7447900032572584,6.2031739097568375,6.482293415291925,0.13213298164587556,0.552,catboost,per_crop,芸豆,fold2_test2025,target_mean_price_next_7d,沈阳
170,0.4172981766968047,0.5253991761095264,4.880158096861476,4.915007141156709,0.16320204200983413,0.4764705882352941,catboost,per_crop,芸豆,fold3_test2026,target_mean_price_next_7d,沈阳
248,0.7950340890175264,1.1402886007026607,16.254854986073486,17.15418213803379,-0.6811575493827878,0.4959677419354839,catboost,per_crop,芹菜,fold1_test2024,target_mean_price_next_7d,沈阳
250,0.2587814243593043,0.3188202640491418,7.948103596928356,7.649646588134047,0.17307136952760918,0.552,catboost,per_crop,芹菜,fold2_test2025,target_mean_price_next_7d,沈阳
170,0.16397426901120649,0.2155155592322496,4.540005362446459,4.569874598117736,0.06585109413339929,0.4823529411764706,catboost,per_crop,芹菜,fold3_test2026,target_mean_price_next_7d,沈阳
248,0.32993950404595973,0.41754367982716084,8.097174504896278,7.74292848811707,-0.0668558378667443,0.5161290322580645,catboost,per_crop,茄子,fold1_test2024,target_mean_price_next_7d,沈阳
250,0.40201046076159425,0.5590691138312188,10.650681700043998,10.8615779452373,0.08359452945056972,0.484,catboost,per_crop,茄子,fold2_test2025,target_mean_price_next_7d,沈阳
170,0.2872310892719132,0.40685066347643833,6.943400579074687,7.175669843262332,-0.04893396350264477,0.4764705882352941,catboost,per_crop,茄子,fold3_test2026,target_mean_price_next_7d,沈阳
248,0.36341596084211986,0.5436690817849893,6.263247579768374,6.586981023286893,-0.20396912352637359,0.5766129032258065,catboost,per_crop,西红柿,fold1_test2024,target_mean_price_next_7d,沈阳
250,0.33599233601340917,0.5142556448953823,5.795402170378802,6.316805869601029,-0.10563655018760278,0.456,catboost,per_crop,西红柿,fold2_test2025,target_mean_price_next_7d,沈阳
170,0.20873301880496997,0.2960805806335107,3.920529179205439,3.9894572544055658,-0.10221207915354828,0.6647058823529411,catboost,per_crop,西红柿,fold3_test2026,target_mean_price_next_7d,沈阳
248,0.7115084353788953,1.154403520898479,9.638132155878667,10.524582156279475,-0.6043419936347403,0.5241935483870968,catboost,per_crop,青椒,fold1_test2024,target_mean_price_next_7d,沈阳
250,0.43022606461707624,0.5793289542689712,7.507303747088659,8.214913153854543,0.17771048932277372,0.424,catboost,per_crop,青椒,fold2_test2025,target_mean_price_next_7d,沈阳
170,0.29606398388390354,0.4491443336427653,4.7364835583129725,5.03694098588056,-0.03810841992445015,0.6764705882352942,catboost,per_crop,青椒,fold3_test2026,target_mean_price_next_7d,沈阳
248,0.38111376863428065,0.5134880127945701,6.614249484044736,7.008342670763636,-0.009350902674784344,0.5483870967741935,catboost,per_crop,韭菜,fold1_test2024,target_mean_price_next_7d,沈阳
250,0.5765261554989473,0.939314127619403,8.36264112399624,10.224645073989148,-0.370511203439371,0.612,catboost,per_crop,韭菜,fold2_test2025,target_mean_price_next_7d,沈阳
170,0.34687916016437176,0.4664669905569896,6.368325776749968,6.422433514579562,-0.036965478535736875,0.5823529411764706,catboost,per_crop,韭菜,fold3_test2026,target_mean_price_next_7d,沈阳
248,0.4484113975036218,0.6570348282510144,8.985913678421555,9.413881611692632,-0.11006707233451062,0.5725806451612904,catboost,per_crop,黄瓜,fold1_test2024,target_mean_price_next_7d,沈阳
250,0.6515499527220266,0.9249677477191967,11.027042475760563,12.598081926603255,-0.3520367514408838,0.58,catboost,per_crop,黄瓜,fold2_test2025,target_mean_price_next_7d,沈阳
170,0.48438162734113466,0.674312091053946,10.012558454821622,9.78305376772895,-0.10432341927726883,0.5588235294117647,catboost,per_crop,黄瓜,fold3_test2026,target_mean_price_next_7d,沈阳
248,0.07912086069286449,0.09992812281902312,3.779635958162743,3.8156660153694544,0.05671532608414717,0.45161290322580644,elasticnet,per_crop,土豆,fold1_test2024,target_mean_price_next_7d,沈阳
250,0.0440632214745091,0.059396772928131315,2.3726441846518944,2.278995405508899,0.006442057470382885,0.516,elasticnet,per_crop,土豆,fold2_test2025,target_mean_price_next_7d,沈阳
170,0.04547927874587762,0.059299579503561545,2.0714057335041796,2.07497393675872,0.0034790050068552476,0.4647058823529412,elasticnet,per_crop,土豆,fold3_test2026,target_mean_price_next_7d,沈阳
248,0.8794903883352203,1.0598736419430401,15.984493160247604,14.581109492803911,-0.7694907463306727,0.5362903225806451,elasticnet,per_crop,尖椒,fold1_test2024,target_mean_price_next_7d,沈阳
250,0.2627807817451136,0.363144255310969,5.060984333211088,5.23389427580511,0.032065887982026316,0.624,elasticnet,per_crop,尖椒,fold2_test2025,target_mean_price_next_7d,沈阳
170,0.275191418962992,0.4117504330779081,4.417167258484751,4.657486390555379,-0.09380936752577161,0.6529411764705882,elasticnet,per_crop,尖椒,fold3_test2026,target_mean_price_next_7d,沈阳
248,0.17552967846419357,0.24433605782075124,7.468167539721408,7.465398412379633,-0.09388889204008279,0.6088709677419355,elasticnet,per_crop,甘蓝,fold1_test2024,target_mean_price_next_7d,沈阳
250,0.10770473522281038,0.14416300650070626,6.0067973664339736,5.767589493995814,0.013449224149002948,0.52,elasticnet,per_crop,甘蓝,fold2_test2025,target_mean_price_next_7d,沈阳
170,0.09485320779590868,0.12963532119421964,5.476755398403283,5.296335107997137,0.021747927968845344,0.5411764705882353,elasticnet,per_crop,甘蓝,fold3_test2026,target_mean_price_next_7d,沈阳
248,0.581021668850627,0.7911223794984199,6.717191989027508,6.633362600828395,-0.08722663081022707,0.6693548387096774,elasticnet,per_crop,芸豆,fold1_test2024,target_mean_price_next_7d,沈阳
250,0.5999759759796564,0.749330485422042,6.915157713170117,7.056752076410786,0.27193608162245353,0.532,elasticnet,per_crop,芸豆,fold2_test2025,target_mean_price_next_7d,沈阳
170,0.38105795332142545,0.4961887158470568,4.538549960698788,4.488163779182184,0.1152324991613967,0.4823529411764706,elasticnet,per_crop,芸豆,fold3_test2026,target_mean_price_next_7d,沈阳
248,0.37610908011987665,0.5198949644767638,8.091241210601979,8.115178648650973,-0.298594646404844,0.5282258064516129,elasticnet,per_crop,芹菜,fold1_test2024,target_mean_price_next_7d,沈阳
250,0.1922846011233418,0.2621282936861433,5.498083101318016,5.6839831010884625,0.02995689079560727,0.524,elasticnet,per_crop,芹菜,fold2_test2025,target_mean_price_next_7d,沈阳
170,0.15620614736967595,0.2190337864887738,4.415391434712973,4.353381230110753,-0.010337405155257664,0.5294117647058824,elasticnet,per_crop,芹菜,fold3_test2026,target_mean_price_next_7d,沈阳
248,0.4844640038860451,0.6364642196190157,13.16070975955747,11.369266459932575,-0.2880844262015551,0.45161290322580644,elasticnet,per_crop,茄子,fold1_test2024,target_mean_price_next_7d,沈阳
250,0.2753581608650549,0.3811723381105299,7.366160677415258,7.439667419168589,-0.10248513302324797,0.516,elasticnet,per_crop,茄子,fold2_test2025,target_mean_price_next_7d,沈阳
170,0.2819826314424241,0.396725994090887,6.65699210874961,7.044551722775568,0.057437200959636996,0.5235294117647059,elasticnet,per_crop,茄子,fold3_test2026,target_mean_price_next_7d,沈阳
248,0.2865590414684129,0.4073629245921039,4.96408466218278,5.193935246624286,0.044495215446637884,0.45564516129032256,elasticnet,per_crop,西红柿,fold1_test2024,target_mean_price_next_7d,沈阳
250,0.2144645963736562,0.2754723956675447,4.094881181767318,4.032030126843908,-0.025728117546024075,0.592,elasticnet,per_crop,西红柿,fold2_test2025,target_mean_price_next_7d,沈阳
170,0.22696528065907398,0.29400397319247823,4.3943346735026685,4.337925502191696,0.05301257920536915,0.5647058823529412,elasticnet,per_crop,西红柿,fold3_test2026,target_mean_price_next_7d,沈阳
248,0.7549517815873071,0.9445356688426328,11.93584918508936,11.167193042643232,-0.6405567252509735,0.532258064516129,elasticnet,per_crop,青椒,fold1_test2024,target_mean_price_next_7d,沈阳
250,0.38184926543891184,0.4889169616941085,6.912178044860556,7.291186683995495,0.27909063714778565,0.528,elasticnet,per_crop,青椒,fold2_test2025,target_mean_price_next_7d,沈阳
170,0.30400200818814227,0.45245899398622663,5.187157958349863,5.17199071209317,-0.09835910206368359,0.6764705882352942,elasticnet,per_crop,青椒,fold3_test2026,target_mean_price_next_7d,沈阳
248,0.4343682228844655,0.5785921095374337,7.743670062593525,7.987644640008284,-0.05415625353818766,0.4717741935483871,elasticnet,per_crop,韭菜,fold1_test2024,target_mean_price_next_7d,沈阳
250,0.33873055774905797,0.4730974411686223,5.865671977058513,6.007359242359346,0.02757929885767946,0.564,elasticnet,per_crop,韭菜,fold2_test2025,target_mean_price_next_7d,沈阳
170,0.3076133790173666,0.40547538231726415,5.802978796863221,5.695431440730058,0.10556497726366591,0.5176470588235295,elasticnet,per_crop,韭菜,fold3_test2026,target_mean_price_next_7d,沈阳
248,0.47985855293963714,0.709951244794998,10.025472906806929,10.074078475437055,-0.17200115136291586,0.6491935483870968,elasticnet,per_crop,黄瓜,fold1_test2024,target_mean_price_next_7d,沈阳
250,0.4342760700073326,0.614273242239782,8.509745438166297,8.396970156868079,-0.036740278425842265,0.56,elasticnet,per_crop,黄瓜,fold2_test2025,target_mean_price_next_7d,沈阳
170,0.43359312858770704,0.5991479739250978,9.389629916067882,8.757278663882804,0.011561224639346277,0.5176470588235295,elasticnet,per_crop,黄瓜,fold3_test2026,target_mean_price_next_7d,沈阳
248,0.10094011516245421,0.12032633633675022,4.926358543532564,4.867916800197177,0.0761776260659435,0.45161290322580644,elasticnet_tuned,per_crop,土豆,fold1_test2024,target_mean_price_next_7d,沈阳
250,0.09253130875676828,0.12014396825689995,5.20416669670354,4.785815028172531,0.08351533560456992,0.508,elasticnet_tuned,per_crop,土豆,fold2_test2025,target_mean_price_next_7d,沈阳
170,0.041350641389108427,0.053299053410718604,1.893699228779032,1.8866065055711483,0.01254718903060916,0.5823529411764706,elasticnet_tuned,per_crop,土豆,fold3_test2026,target_mean_price_next_7d,沈阳
248,0.36823087458647413,0.4855251048144973,5.950678605650183,6.104915724138457,-0.0553390774069722,0.6008064516129032,elasticnet_tuned,per_crop,尖椒,fold1_test2024,target_mean_price_next_7d,沈阳
250,0.2650398692244147,0.36218405066237036,5.083511499654544,5.278889290082546,0.040994824645294005,0.56,elasticnet_tuned,per_crop,尖椒,fold2_test2025,target_mean_price_next_7d,沈阳
170,0.2850429900849718,0.43104681385837434,4.373996162089861,4.824219636087208,-0.04712537594345019,0.6176470588235294,elasticnet_tuned,per_crop,尖椒,fold3_test2026,target_mean_price_next_7d,沈阳
248,0.1646588133901857,0.2163938255425426,7.23099385905506,7.0030530154372785,-0.03731953291117589,0.5564516129032258,elasticnet_tuned,per_crop,甘蓝,fold1_test2024,target_mean_price_next_7d,沈阳
250,0.12730561282693584,0.16518522074632636,7.6580741485872235,6.817216657637079,0.016907515097200097,0.496,elasticnet_tuned,per_crop,甘蓝,fold2_test2025,target_mean_price_next_7d,沈阳
170,0.11567885123254593,0.15164572099093443,6.640694015721094,6.459180192977483,0.05475901488401402,0.5,elasticnet_tuned,per_crop,甘蓝,fold3_test2026,target_mean_price_next_7d,沈阳
248,0.5157201971914772,0.6928685515726344,5.885122424733528,5.887833882872402,0.06941284888404839,0.6169354838709677,elasticnet_tuned,per_crop,芸豆,fold1_test2024,target_mean_price_next_7d,沈阳
250,0.5246262561830026,0.6892258231228282,6.0319545892328765,6.170509438505502,0.15955721019164348,0.576,elasticnet_tuned,per_crop,芸豆,fold2_test2025,target_mean_price_next_7d,沈阳
170,0.399532072174085,0.5058047937794873,4.751218214377078,4.70575501527659,0.16945309703873507,0.4588235294117647,elasticnet_tuned,per_crop,芸豆,fold3_test2026,target_mean_price_next_7d,沈阳
248,0.33267735271724425,0.46271107980678255,7.083567091211555,7.17806692888198,-0.19170526708148936,0.5201612903225806,elasticnet_tuned,per_crop,芹菜,fold1_test2024,target_mean_price_next_7d,沈阳
250,0.1771745200922985,0.2506760958663333,5.196871019528597,5.237325153781304,0.04973835795637499,0.576,elasticnet_tuned,per_crop,芹菜,fold2_test2025,target_mean_price_next_7d,沈阳
170,0.1726455644428003,0.2261964077993447,4.657187512771986,4.81153893340992,0.03599243637418032,0.3764705882352941,elasticnet_tuned,per_crop,芹菜,fold3_test2026,target_mean_price_next_7d,沈阳
248,0.26944147339912766,0.3627777769339728,6.468456820094589,6.323177536121081,0.02079012567199196,0.5,elasticnet_tuned,per_crop,茄子,fold1_test2024,target_mean_price_next_7d,沈阳
250,0.26609853000583644,0.3670235015443904,7.233815919204918,7.189489346361748,0.02297611553289643,0.452,elasticnet_tuned,per_crop,茄子,fold2_test2025,target_mean_price_next_7d,沈阳
170,0.29211097594116914,0.3913610877910691,7.113853209017776,7.297580238477136,0.08135162812696711,0.5117647058823529,elasticnet_tuned,per_crop,茄子,fold3_test2026,target_mean_price_next_7d,沈阳
248,0.2516479283476833,0.3857694060064366,4.323122242919611,4.561164910684171,-0.022056469568174624,0.5564516129032258,elasticnet_tuned,per_crop,西红柿,fold1_test2024,target_mean_price_next_7d,沈阳
250,0.26101755008627614,0.35003286619413115,4.740707958757666,4.907246433109318,-0.10996420708624792,0.496,elasticnet_tuned,per_crop,西红柿,fold2_test2025,target_mean_price_next_7d,沈阳
170,0.2270270316160407,0.31991106102146555,4.22058520732484,4.339105731389011,-0.014417045856354059,0.6235294117647059,elasticnet_tuned,per_crop,西红柿,fold3_test2026,target_mean_price_next_7d,沈阳
248,0.42505245613454373,0.5791089327257567,5.9886271887061975,6.287345691037573,-0.11465712296100063,0.49193548387096775,elasticnet_tuned,per_crop,青椒,fold1_test2024,target_mean_price_next_7d,沈阳
250,0.27496676410658244,0.375772116029133,4.958488119485204,5.250328311331994,0.09279836172075247,0.58,elasticnet_tuned,per_crop,青椒,fold2_test2025,target_mean_price_next_7d,沈阳
170,0.2890468571244251,0.4618506939422846,4.443138804265509,4.917558503370306,-0.027342797302181688,0.5823529411764706,elasticnet_tuned,per_crop,青椒,fold3_test2026,target_mean_price_next_7d,沈阳
248,0.31189104348518687,0.4622109491084943,5.625865635141584,5.735398425827481,-0.04235520007149858,0.5362903225806451,elasticnet_tuned,per_crop,韭菜,fold1_test2024,target_mean_price_next_7d,沈阳
250,0.34951533133172313,0.5255445460902326,5.694372029122373,6.198626335854269,-0.12354405878644273,0.576,elasticnet_tuned,per_crop,韭菜,fold2_test2025,target_mean_price_next_7d,沈阳
170,0.2656232044686283,0.3862772724361549,4.897151136730458,4.917987491150981,-0.06743971681303472,0.6941176470588235,elasticnet_tuned,per_crop,韭菜,fold3_test2026,target_mean_price_next_7d,沈阳
248,0.37615025237534555,0.5822953954972343,7.559245342141114,7.896841970974227,-0.013690182385069328,0.5725806451612904,elasticnet_tuned,per_crop,黄瓜,fold1_test2024,target_mean_price_next_7d,沈阳
250,0.4820085226097254,0.680419499034593,8.955957528294105,9.319903764537608,-0.11235385464378801,0.508,elasticnet_tuned,per_crop,黄瓜,fold2_test2025,target_mean_price_next_7d,沈阳
170,0.40376388443290884,0.5993794922692863,8.571562256810275,8.154817540369578,-0.13183817878912824,0.5941176470588235,elasticnet_tuned,per_crop,黄瓜,fold3_test2026,target_mean_price_next_7d,沈阳
248,0.08323855161130303,0.10779277135290911,3.9732985235143783,4.014244913041865,0.04051154645897356,0.45161290322580644,extra_trees,per_crop,土豆,fold1_test2024,target_mean_price_next_7d,沈阳
250,0.10028752630952349,0.14663807936471615,5.7183542763922715,5.186974625118535,0.07746490759523829,0.496,extra_trees,per_crop,土豆,fold2_test2025,target_mean_price_next_7d,沈阳
170,0.051618411017740326,0.06632953185366433,2.375035836286906,2.3550693958271887,0.008919824556489707,0.45294117647058824,extra_trees,per_crop,土豆,fold3_test2026,target_mean_price_next_7d,沈阳
248,0.5115954625896046,0.6599061200224332,8.148201063526434,8.481763479144963,0.15239902230542685,0.5766129032258065,extra_trees,per_crop,尖椒,fold1_test2024,target_mean_price_next_7d,沈阳
250,0.32715966920634904,0.4532223867173021,6.095995728300188,6.516150490770219,0.13695213465079367,0.576,extra_trees,per_crop,尖椒,fold2_test2025,target_mean_price_next_7d,沈阳
170,0.34369618455882484,0.6098071824162908,4.787037966882897,5.8168975911411245,-0.24388848521241974,0.6352941176470588,extra_trees,per_crop,尖椒,fold3_test2026,target_mean_price_next_7d,沈阳
248,0.18445379189068126,0.24076306140758083,7.8608752307452985,7.844947117697789,0.026917321124551953,0.5282258064516129,extra_trees,per_crop,甘蓝,fold1_test2024,target_mean_price_next_7d,沈阳
250,0.1430000299841272,0.18148227924062865,9.058742101828846,7.657652830874465,0.06130377579365072,0.524,extra_trees,per_crop,甘蓝,fold2_test2025,target_mean_price_next_7d,沈阳
170,0.11870430563725445,0.15347216013061302,6.782172827450268,6.628113018272966,0.05069286200980382,0.4764705882352941,extra_trees,per_crop,甘蓝,fold3_test2026,target_mean_price_next_7d,沈阳
248,0.5482745274977595,0.7137616568088768,6.111421899131506,6.259497606836238,0.15678094618055785,0.5685483870967742,extra_trees,per_crop,芸豆,fold1_test2024,target_mean_price_next_7d,沈阳
250,0.5876961518888881,0.7794138746639958,6.590150621308102,6.912320169768199,0.16746549625396806,0.544,extra_trees,per_crop,芸豆,fold2_test2025,target_mean_price_next_7d,沈阳
170,0.48718928888888946,0.6134823099546732,5.604962804695565,5.738196253188388,0.253954976960783,0.48823529411764705,extra_trees,per_crop,芸豆,fold3_test2026,target_mean_price_next_7d,沈阳
248,0.5464867521761392,0.8530752262251836,10.764135934914638,11.791360159709283,-0.40782273257488405,0.5846774193548387,extra_trees,per_crop,芹菜,fold1_test2024,target_mean_price_next_7d,沈阳
250,0.2434670118333337,0.31374850338594784,7.389764055751392,7.1969485483941,0.1371500416111114,0.596,extra_trees,per_crop,芹菜,fold2_test2025,target_mean_price_next_7d,沈阳
170,0.17571096928104604,0.22299006477794697,4.806175771319182,4.896970115922397,0.0015577558823531741,0.4117647058823529,extra_trees,per_crop,芹菜,fold3_test2026,target_mean_price_next_7d,沈阳
248,0.3034011762432793,0.39333463155391735,7.275061923601897,7.120134394501229,-0.004613946740590905,0.5080645161290323,extra_trees,per_crop,茄子,fold1_test2024,target_mean_price_next_7d,沈阳
250,0.3710936042777785,0.47525198137908803,10.542326023515944,10.026261754995614,0.13969105330952447,0.54,extra_trees,per_crop,茄子,fold2_test2025,target_mean_price_next_7d,沈阳
170,0.29487938766339883,0.41348083497219873,6.9516214217601275,7.366741305126616,-0.02002716070261439,0.5411764705882353,extra_trees,per_crop,茄子,fold3_test2026,target_mean_price_next_7d,沈阳
248,0.2974969134744632,0.44587143324868017,5.1467812792040535,5.3921861852238,-0.07704413928091482,0.532258064516129,extra_trees,per_crop,西红柿,fold1_test2024,target_mean_price_next_7d,沈阳
250,0.2626993716031747,0.35042731747285183,4.792127956864157,4.938865428219796,-0.07447485734920649,0.528,extra_trees,per_crop,西红柿,fold2_test2025,target_mean_price_next_7d,沈阳
170,0.22217053357843095,0.2827824899788575,4.29640877750154,4.246284809054479,0.037787928839867764,0.5941176470588235,extra_trees,per_crop,西红柿,fold3_test2026,target_mean_price_next_7d,沈阳
248,0.5769788160282255,0.9383195518508463,7.3783083464507015,8.534629597874252,-0.21114345682123548,0.5766129032258065,extra_trees,per_crop,青椒,fold1_test2024,target_mean_price_next_7d,沈阳
250,0.5007297336666666,0.6693325901372797,8.594880539200956,9.56113916362917,0.38154681155555575,0.476,extra_trees,per_crop,青椒,fold2_test2025,target_mean_price_next_7d,沈阳
170,0.2546882324463115,0.37313033501875004,4.19956641400954,4.333014707838792,0.06348850676937426,0.6176470588235294,extra_trees,per_crop,青椒,fold3_test2026,target_mean_price_next_7d,沈阳
248,0.3707393394937281,0.5171095480754333,6.344908901956396,6.81756616145227,0.048402827620967565,0.5403225806451613,extra_trees,per_crop,韭菜,fold1_test2024,target_mean_price_next_7d,沈阳
250,0.4912501863968251,0.7619779085551908,7.3244070016308145,8.71228260943613,-0.25646814350793556,0.644,extra_trees,per_crop,韭菜,fold2_test2025,target_mean_price_next_7d,沈阳
170,0.3632575726307184,0.4918708402109021,6.432988823568168,6.725678209618686,-0.009319550245097192,0.5470588235294118,extra_trees,per_crop,韭菜,fold3_test2026,target_mean_price_next_7d,沈阳
248,0.4444669450924861,0.6357863469588968,8.867032592402861,9.33107236949203,0.04451260875095915,0.5645161290322581,extra_trees,per_crop,黄瓜,fold1_test2024,target_mean_price_next_7d,沈阳
250,0.5422554963571428,0.7494866624036356,9.67507393420563,10.484812622145482,-0.2812020185476187,0.62,extra_trees,per_crop,黄瓜,fold2_test2025,target_mean_price_next_7d,沈阳
170,0.4163665513071896,0.6044874756633158,8.624373583693044,8.409353552242369,-0.01971198921568734,0.6588235294117647,extra_trees,per_crop,黄瓜,fold3_test2026,target_mean_price_next_7d,沈阳
248,0.08048277933171155,0.1041425390773461,3.8427000248726753,3.881345617694807,0.03915993372976862,0.4717741935483871,extra_trees_tuned,per_crop,土豆,fold1_test2024,target_mean_price_next_7d,沈阳
250,0.09426654808455961,0.1345207829298887,5.384037899688277,4.875563401604159,0.06903502412078828,0.448,extra_trees_tuned,per_crop,土豆,fold2_test2025,target_mean_price_next_7d,沈阳
170,0.0499327346570223,0.0641820577341081,2.288042654401242,2.27816108481715,0.011430681836961535,0.4235294117647059,extra_trees_tuned,per_crop,土豆,fold3_test2026,target_mean_price_next_7d,沈阳
248,0.4467400556365987,0.5754463819578066,7.1850009043485,7.4065228596628385,0.09395961423010261,0.5483870967741935,extra_trees_tuned,per_crop,尖椒,fold1_test2024,target_mean_price_next_7d,沈阳
250,0.3211632459231598,0.4285157416980725,6.120940648365466,6.396717687165767,0.14285895601283427,0.56,extra_trees_tuned,per_crop,尖椒,fold2_test2025,target_mean_price_next_7d,沈阳
170,0.3522193988647823,0.6124356460886841,4.815052121712187,5.961149017233456,-0.24648377056911938,0.6411764705882353,extra_trees_tuned,per_crop,尖椒,fold3_test2026,target_mean_price_next_7d,沈阳
248,0.17645724055447234,0.23009561294926084,7.51323341630011,7.504848268476551,0.021123338082303367,0.5362903225806451,extra_trees_tuned,per_crop,甘蓝,fold1_test2024,target_mean_price_next_7d,沈阳
250,0.1375480374220465,0.1740946944333997,8.837221369779538,7.365698582462363,0.062412915978766914,0.508,extra_trees_tuned,per_crop,甘蓝,fold2_test2025,target_mean_price_next_7d,沈阳
170,0.11260955480533041,0.14778698838133714,6.459362905929095,6.2877993530243526,0.044261689358351675,0.47058823529411764,extra_trees_tuned,per_crop,甘蓝,fold3_test2026,target_mean_price_next_7d,沈阳
248,0.5401785581883508,0.6912561157574653,6.037038081776802,6.1670681796502915,0.14208595492646323,0.5524193548387096,extra_trees_tuned,per_crop,芸豆,fold1_test2024,target_mean_price_next_7d,沈阳
250,0.5685458627317005,0.7692974743185896,6.3737994448697055,6.687079746510931,0.1394114815240293,0.556,extra_trees_tuned,per_crop,芸豆,fold2_test2025,target_mean_price_next_7d,沈阳
170,0.4176494632994014,0.5499881860401115,4.910515068337151,4.919144653028969,0.15424384224184476,0.4764705882352941,extra_trees_tuned,per_crop,芸豆,fold3_test2026,target_mean_price_next_7d,沈阳
248,0.5316875146211736,0.8321317926314472,10.46260856968594,11.472042007156064,-0.39643943097396367,0.5725806451612904,extra_trees_tuned,per_crop,芹菜,fold1_test2024,target_mean_price_next_7d,沈阳
250,0.21856127220565502,0.2854620710942768,6.573485566680333,6.460728370923788,0.10657764755069132,0.616,extra_trees_tuned,per_crop,芹菜,fold2_test2025,target_mean_price_next_7d,沈阳
170,0.17492323911566343,0.22525022490780128,4.770897984370954,4.875016500305382,0.013622737644669508,0.3588235294117647,extra_trees_tuned,per_crop,芹菜,fold3_test2026,target_mean_price_next_7d,沈阳
248,0.2927476181255701,0.38459651052008964,7.021701050902908,6.87011965653299,0.023110010223384318,0.5,extra_trees_tuned,per_crop,茄子,fold1_test2024,target_mean_price_next_7d,沈阳
250,0.3251458005612026,0.4243249566332676,9.054828815555142,8.784837214612782,0.09057366171775952,0.52,extra_trees_tuned,per_crop,茄子,fold2_test2025,target_mean_price_next_7d,沈阳
170,0.3029969537067591,0.4298530709519611,7.15240079461098,7.569536114023115,0.023215695214000954,0.5117647058823529,extra_trees_tuned,per_crop,茄子,fold3_test2026,target_mean_price_next_7d,沈阳
248,0.2906640325102397,0.43920495115875524,4.957481337903967,5.268338963045048,-0.05963873269081647,0.5403225806451613,extra_trees_tuned,per_crop,西红柿,fold1_test2024,target_mean_price_next_7d,沈阳
250,0.25900290291560557,0.34094090585044556,4.761074420182319,4.869370167168659,-0.08338858364991521,0.536,extra_trees_tuned,per_crop,西红柿,fold2_test2025,target_mean_price_next_7d,沈阳
170,0.2176104829474596,0.282842501551417,4.127564037942731,4.159129805144037,0.04075255633535838,0.5941176470588235,extra_trees_tuned,per_crop,西红柿,fold3_test2026,target_mean_price_next_7d,沈阳
248,0.547451029337236,0.932850448143697,6.8969021049521615,8.097856677877987,-0.21876119284443085,0.5725806451612904,extra_trees_tuned,per_crop,青椒,fold1_test2024,target_mean_price_next_7d,沈阳
250,0.43618580819160413,0.5760871628946378,7.602335765345401,8.328710945086845,0.31442011468183517,0.508,extra_trees_tuned,per_crop,青椒,fold2_test2025,target_mean_price_next_7d,沈阳
170,0.25792572408002484,0.3849690948522837,4.236411855690082,4.3880942014245115,0.05163315740774131,0.6352941176470588,extra_trees_tuned,per_crop,青椒,fold3_test2026,target_mean_price_next_7d,沈阳
248,0.3625670178819524,0.5179981925296059,6.237659154552217,6.66728444773656,0.04439870146685652,0.5080645161290323,extra_trees_tuned,per_crop,韭菜,fold1_test2024,target_mean_price_next_7d,沈阳
250,0.4847988305578212,0.7773850984109196,7.178881577060787,8.59786833166111,-0.26457225033838677,0.632,extra_trees_tuned,per_crop,韭菜,fold2_test2025,target_mean_price_next_7d,沈阳
170,0.3271375290364135,0.44833002757642704,5.986007932563445,6.056919156990062,-0.023877175087280336,0.5529411764705883,extra_trees_tuned,per_crop,韭菜,fold3_test2026,target_mean_price_next_7d,沈阳
248,0.41719548776969434,0.6055912283719147,8.270206662661355,8.758539485528,0.01292953241167501,0.5645161290322581,extra_trees_tuned,per_crop,黄瓜,fold1_test2024,target_mean_price_next_7d,沈阳
250,0.5448153837462951,0.7602187433469468,9.665623737417013,10.534309473333463,-0.25832809305865084,0.544,extra_trees_tuned,per_crop,黄瓜,fold2_test2025,target_mean_price_next_7d,沈阳
170,0.4054830686310849,0.5995575124739421,8.363912775066014,8.189539896664776,-0.05683627511531171,0.7058823529411765,extra_trees_tuned,per_crop,黄瓜,fold3_test2026,target_mean_price_next_7d,沈阳
248,0.0761847883566675,0.10085699896817518,3.742405710035943,3.6740716073487696,-0.013778968541027316,0.40725806451612906,catboost,pooled,土豆,fold1_test2024,target_mean_price_next_7d,沈阳
250,0.05694155256819534,0.07229847650727289,3.001858290893299,2.945076014483717,0.014438946778439569,0.452,catboost,pooled,土豆,fold2_test2025,target_mean_price_next_7d,沈阳
170,0.05621941349733105,0.07408547584168879,2.5616634086933145,2.564988297168129,-0.010486450469448384,0.4117647058823529,catboost,pooled,土豆,fold3_test2026,target_mean_price_next_7d,沈阳
248,0.40357625311519957,0.5185475868509564,6.522042616403385,6.690908295777012,-0.0852020888501709,0.5766129032258065,catboost,pooled,尖椒,fold1_test2024,target_mean_price_next_7d,沈阳
250,0.2532727803757201,0.3517958757623206,4.973680826429957,5.044520176180563,0.0596391286783818,0.6,catboost,pooled,尖椒,fold2_test2025,target_mean_price_next_7d,沈阳
170,0.23605721566347931,0.3323993928543341,3.8927222897022364,3.995158255617351,0.06366661451179785,0.6647058823529411,catboost,pooled,尖椒,fold3_test2026,target_mean_price_next_7d,沈阳
248,0.1949665238209291,0.26370560405936233,8.372951787683778,8.292060864777628,-0.047830443688710284,0.5403225806451613,catboost,pooled,甘蓝,fold1_test2024,target_mean_price_next_7d,沈阳
250,0.17426423967373897,0.21762462871721375,11.118480967579876,9.331851527624965,0.08599138179656211,0.488,catboost,pooled,甘蓝,fold2_test2025,target_mean_price_next_7d,沈阳
170,0.11721422147178406,0.16053229793875978,6.54686083176638,6.544910928825108,0.031088994599934888,0.49411764705882355,catboost,pooled,甘蓝,fold3_test2026,target_mean_price_next_7d,沈阳
248,0.540252585308003,0.7314632842087658,6.119852432183241,6.167913326661624,-0.08409013346941364,0.5967741935483871,catboost,pooled,芸豆,fold1_test2024,target_mean_price_next_7d,沈阳
250,0.5279390313170279,0.6889814663128383,6.043067729355587,6.2094733866328315,0.035132796211819625,0.544,catboost,pooled,芸豆,fold2_test2025,target_mean_price_next_7d,沈阳
170,0.4538254475217403,0.5839463909140709,5.20554486276515,5.345231395603825,0.24268073802613768,0.4823529411764706,catboost,pooled,芸豆,fold3_test2026,target_mean_price_next_7d,沈阳
248,0.3004163269616603,0.43127504474802597,6.507221250251279,6.481981667361972,-0.08715967628747122,0.5524193548387096,catboost,pooled,芹菜,fold1_test2024,target_mean_price_next_7d,沈阳
250,0.1870034751093396,0.24447454560840814,5.368068590675244,5.527871634840303,0.06054038317574396,0.524,catboost,pooled,芹菜,fold2_test2025,target_mean_price_next_7d,沈阳
170,0.1644737258027397,0.22401172232416125,4.608728625323896,4.583794190004004,0.030115219791971688,0.4588235294117647,catboost,pooled,芹菜,fold3_test2026,target_mean_price_next_7d,沈阳
248,0.3025131817279181,0.3896179737669256,7.267731009673479,7.099295186264667,-0.008670707779948595,0.5161290322580645,catboost,pooled,茄子,fold1_test2024,target_mean_price_next_7d,沈阳
250,0.2414730956059713,0.31810873336203377,6.83554106518174,6.524155726279453,0.021108527789943203,0.504,catboost,pooled,茄子,fold2_test2025,target_mean_price_next_7d,沈阳
170,0.2756825436460276,0.3998159980302978,6.661223302944087,6.887161552633815,0.0722110435128696,0.48823529411764705,catboost,pooled,茄子,fold3_test2026,target_mean_price_next_7d,沈阳
248,0.30043199862926523,0.4262903602386293,5.204780570817997,5.445385142615797,-0.029835014477343137,0.5483870967741935,catboost,pooled,西红柿,fold1_test2024,target_mean_price_next_7d,沈阳
250,0.23913615354683554,0.3213583733926726,4.466616697717289,4.495866412554653,-0.0047575714548030845,0.532,catboost,pooled,西红柿,fold2_test2025,target_mean_price_next_7d,沈阳
170,0.21759079476487544,0.2832362216323957,4.252004736797329,4.158753510280454,0.06717999431961544,0.6235294117647059,catboost,pooled,西红柿,fold3_test2026,target_mean_price_next_7d,沈阳
248,0.4477803455817379,0.6441665554188324,6.108962593642928,6.6235350147782714,-0.13192594147161954,0.5403225806451613,catboost,pooled,青椒,fold1_test2024,target_mean_price_next_7d,沈阳
250,0.2996719961113631,0.41417450692967034,5.337997780262898,5.722060156648567,0.12031241449148979,0.592,catboost,pooled,青椒,fold2_test2025,target_mean_price_next_7d,沈阳
170,0.28222925993585385,0.45446389666890386,4.58158929653007,4.801570620434148,0.09124872061832039,0.6058823529411764,catboost,pooled,青椒,fold3_test2026,target_mean_price_next_7d,沈阳
248,0.3573154969729746,0.5083932647068804,6.271529403299242,6.5707136568027,-0.027195210681792818,0.532258064516129,catboost,pooled,韭菜,fold1_test2024,target_mean_price_next_7d,沈阳
250,0.3672640084764424,0.5381896053231372,5.960293241983163,6.5133976998360525,-0.09737976981238486,0.588,catboost,pooled,韭菜,fold2_test2025,target_mean_price_next_7d,沈阳
170,0.2909549620900432,0.4035319127188382,5.56365276805194,5.387002490650774,0.04924396044350795,0.5058823529411764,catboost,pooled,韭菜,fold3_test2026,target_mean_price_next_7d,沈阳
248,0.39722002952667224,0.6024783755698498,7.90991350432296,8.339177711750606,-0.0642554811350077,0.6370967741935484,catboost,pooled,黄瓜,fold1_test2024,target_mean_price_next_7d,沈阳
250,0.41369776538343656,0.5956115917983695,7.926737710387631,7.999077153454658,-0.1040069806103156,0.592,catboost,pooled,黄瓜,fold2_test2025,target_mean_price_next_7d,沈阳
170,0.4385449903589126,0.6200057842303819,9.249344089434716,8.857291396041921,0.04809006738855119,0.5588235294117647,catboost,pooled,黄瓜,fold3_test2026,target_mean_price_next_7d,沈阳
248,0.12202300656488202,0.15100048130529709,5.9165961205939945,5.884655894356496,0.005085761139125063,0.45161290322580644,elasticnet,pooled,土豆,fold1_test2024,target_mean_price_next_7d,沈阳
250,0.10212533016272649,0.12145249487431328,5.336889260353418,5.282027741924786,0.04086455869882889,0.58,elasticnet,pooled,土豆,fold2_test2025,target_mean_price_next_7d,沈阳
170,0.08599298527988948,0.10711649800155726,3.9387289299295065,3.9233956236832506,-0.005617931068074617,0.45294117647058824,elasticnet,pooled,土豆,fold3_test2026,target_mean_price_next_7d,沈阳
248,0.3689073409191276,0.4905212078330507,6.0224996873191206,6.116130888960539,-0.10299652630678746,0.592741935483871,elasticnet,pooled,尖椒,fold1_test2024,target_mean_price_next_7d,沈阳
250,0.2462984702893552,0.34303866985412396,4.807583293767017,4.905610468262419,0.0006171434990059126,0.592,elasticnet,pooled,尖椒,fold2_test2025,target_mean_price_next_7d,沈阳
170,0.24954326823330542,0.3740186475265758,4.062952189325913,4.223403404186923,0.042552715880488125,0.6352941176470588,elasticnet,pooled,尖椒,fold3_test2026,target_mean_price_next_7d,沈阳
248,0.19600815521597498,0.24950947726807737,9.4602874673496,8.336362167160784,-0.08196244315185283,0.5564516129032258,elasticnet,pooled,甘蓝,fold1_test2024,target_mean_price_next_7d,沈阳
250,0.13071116924047277,0.16649962132633037,7.77625564854975,6.999584232760794,0.013722772606938641,0.588,elasticnet,pooled,甘蓝,fold2_test2025,target_mean_price_next_7d,沈阳
170,0.12177684730207533,0.16069127147266202,7.494500580903753,6.799675063124301,-0.0007067856743669629,0.49411764705882355,elasticnet,pooled,甘蓝,fold3_test2026,target_mean_price_next_7d,沈阳
248,0.4744224498483681,0.6612357778804272,5.368596379653151,5.416349001308256,-0.04957773631795113,0.6491935483870968,elasticnet,pooled,芸豆,fold1_test2024,target_mean_price_next_7d,沈阳
250,0.4822732411205782,0.6656532415786689,5.557165041763746,5.672364947809837,-0.013198426547895863,0.572,elasticnet,pooled,芸豆,fold2_test2025,target_mean_price_next_7d,沈阳
170,0.36254394436408033,0.4832836026285746,4.3643807865146576,4.270102710818337,0.06242585174933311,0.5176470588235295,elasticnet,pooled,芸豆,fold3_test2026,target_mean_price_next_7d,沈阳
248,0.2789306491422487,0.3991388917340574,6.194910849748765,6.01839245054139,-0.1149369993835916,0.6008064516129032,elasticnet,pooled,芹菜,fold1_test2024,target_mean_price_next_7d,沈阳
250,0.18965565056894343,0.25522251634058685,5.5189996504501995,5.606270635100548,0.04638121782186041,0.504,elasticnet,pooled,芹菜,fold2_test2025,target_mean_price_next_7d,沈阳
170,0.1594462307560038,0.2289405036173001,4.434734782528763,4.443680609716166,0.007706112267693935,0.5941176470588235,elasticnet,pooled,芹菜,fold3_test2026,target_mean_price_next_7d,沈阳
248,0.2698129754454674,0.3718081343654842,6.76061701577725,6.3318958427885885,-0.0492555962138726,0.5685483870967742,elasticnet,pooled,茄子,fold1_test2024,target_mean_price_next_7d,沈阳
250,0.2352573839466358,0.31531661228963825,6.562412127212753,6.356218711543336,0.006884603141825863,0.508,elasticnet,pooled,茄子,fold2_test2025,target_mean_price_next_7d,沈阳
170,0.2776188381573679,0.412013986283071,6.583827767130623,6.93553448527115,0.05048626877674178,0.5588235294117647,elasticnet,pooled,茄子,fold3_test2026,target_mean_price_next_7d,沈阳
248,0.2492843770242371,0.36587676768220484,4.354866548879755,4.518325108934604,-0.012633464498827893,0.5725806451612904,elasticnet,pooled,西红柿,fold1_test2024,target_mean_price_next_7d,沈阳
250,0.2205927033749978,0.28110017480646393,4.203824425045251,4.147241273428135,-0.011107509570007402,0.54,elasticnet,pooled,西红柿,fold2_test2025,target_mean_price_next_7d,沈阳
170,0.23052615065800164,0.29692173625373774,4.445186121007649,4.405983439218374,0.09275076658488937,0.5117647058823529,elasticnet,pooled,西红柿,fold3_test2026,target_mean_price_next_7d,沈阳
248,0.38889153851881125,0.5333383297442904,5.571968799353761,5.7524559703126705,-0.0555702217676497,0.5483870967741935,elasticnet,pooled,青椒,fold1_test2024,target_mean_price_next_7d,沈阳
250,0.24457363238626523,0.3482127119365017,4.438047380402883,4.66998937306173,0.043184334140941666,0.604,elasticnet,pooled,青椒,fold2_test2025,target_mean_price_next_7d,沈阳
170,0.28540931351256305,0.45182191901089797,4.590251000491078,4.855672919496987,0.06424253304650512,0.6411764705882353,elasticnet,pooled,青椒,fold3_test2026,target_mean_price_next_7d,沈阳
248,0.32521096915264164,0.47625494234480514,5.843150138546403,5.9803399921244536,-0.0006821943004884725,0.5120967741935484,elasticnet,pooled,韭菜,fold1_test2024,target_mean_price_next_7d,沈阳
250,0.3042864696403281,0.4675562347463307,5.168092826149627,5.396496105535684,-0.010302707304598088,0.556,elasticnet,pooled,韭菜,fold2_test2025,target_mean_price_next_7d,沈阳
170,0.2783605892325806,0.40259465080456036,5.102802542110774,5.153818916588412,0.0709414829554192,0.5882352941176471,elasticnet,pooled,韭菜,fold3_test2026,target_mean_price_next_7d,沈阳
248,0.3646683924481956,0.5819603579565059,7.320222672834515,7.655793526090855,-0.06678645524619271,0.6330645161290323,elasticnet,pooled,黄瓜,fold1_test2024,target_mean_price_next_7d,沈阳
250,0.38440677428417735,0.5920677961823136,7.4193237018586755,7.432719495015371,-0.04419337422759277,0.68,elasticnet,pooled,黄瓜,fold2_test2025,target_mean_price_next_7d,沈阳
170,0.40728007093964147,0.5980251455486787,8.568806053823145,8.225833945020495,-0.013527139016523335,0.711764705882353,elasticnet,pooled,黄瓜,fold3_test2026,target_mean_price_next_7d,沈阳
248,0.14434901302924974,0.16279416667959057,6.864399202167351,6.961345194485524,0.1299583939171317,0.4475806451612903,elasticnet_tuned,pooled,土豆,fold1_test2024,target_mean_price_next_7d,沈阳
250,0.14389806897950944,0.15673692183642898,7.4029526106837915,7.442557014484792,0.1434065440402568,0.472,elasticnet_tuned,pooled,土豆,fold2_test2025,target_mean_price_next_7d,沈阳
170,0.11882645964375269,0.1348387811440047,5.258712145834727,5.421409783910607,0.11440438913168677,0.3764705882352941,elasticnet_tuned,pooled,土豆,fold3_test2026,target_mean_price_next_7d,沈阳
248,0.38212625800344535,0.5217865138556085,6.082620465983555,6.335287891628393,-0.08107466229852184,0.5846774193548387,elasticnet_tuned,pooled,尖椒,fold1_test2024,target_mean_price_next_7d,沈阳
250,0.2682065303794441,0.36959471365068003,5.125875327904392,5.341960758180996,-0.03253901847505094,0.548,elasticnet_tuned,pooled,尖椒,fold2_test2025,target_mean_price_next_7d,沈阳
170,0.2803922497601328,0.43042268535849204,4.323906068289374,4.745508025635948,0.00458907688724062,0.6294117647058823,elasticnet_tuned,pooled,尖椒,fold3_test2026,target_mean_price_next_7d,沈阳
248,0.18611243347882317,0.23085016581579218,8.277410015067337,7.915490289582807,0.1129882556543793,0.4596774193548387,elasticnet_tuned,pooled,甘蓝,fold1_test2024,target_mean_price_next_7d,沈阳
250,0.1703720188285417,0.19717479326244927,10.253863611720428,9.123423068016098,0.140747438822615,0.52,elasticnet_tuned,pooled,甘蓝,fold2_test2025,target_mean_price_next_7d,沈阳
170,0.1739375762176626,0.20667867145460822,10.01741606432617,9.712182781458548,0.14649115364460574,0.4235294117647059,elasticnet_tuned,pooled,甘蓝,fold3_test2026,target_mean_price_next_7d,沈阳
248,0.5058909091176821,0.7421613184331788,5.727506529662041,5.775615638016815,-0.23653691706854973,0.5887096774193549,elasticnet_tuned,pooled,芸豆,fold1_test2024,target_mean_price_next_7d,沈阳
250,0.5394594190766949,0.7670460141839676,6.231835248551572,6.344973012449255,-0.20634428187017773,0.496,elasticnet_tuned,pooled,芸豆,fold2_test2025,target_mean_price_next_7d,沈阳
170,0.33899766711580076,0.48597709444868714,4.179811129448795,3.992770751836318,-0.13371076571794183,0.6235294117647059,elasticnet_tuned,pooled,芸豆,fold3_test2026,target_mean_price_next_7d,沈阳
248,0.28251505732436627,0.3948900183317635,6.173414267021959,6.095732015803413,-0.03219216936748493,0.5564516129032258,elasticnet_tuned,pooled,芹菜,fold1_test2024,target_mean_price_next_7d,沈阳
250,0.18421868273052208,0.25057820295563055,5.400702099624858,5.445552443762256,0.08038963069188651,0.56,elasticnet_tuned,pooled,芹菜,fold2_test2025,target_mean_price_next_7d,沈阳
170,0.15835334843386042,0.2254567707537564,4.327506447525175,4.413222567775735,0.05990085968796206,0.4176470588235294,elasticnet_tuned,pooled,芹菜,fold3_test2026,target_mean_price_next_7d,沈阳
248,0.26495800161006433,0.3713620262120507,6.388714455902618,6.217960667526977,0.011216894673280211,0.5282258064516129,elasticnet_tuned,pooled,茄子,fold1_test2024,target_mean_price_next_7d,沈阳
250,0.2507308665551617,0.33305783514246834,7.031738031237064,6.774283547762727,0.03138916699063376,0.44,elasticnet_tuned,pooled,茄子,fold2_test2025,target_mean_price_next_7d,沈阳
170,0.30729360448756327,0.4370017817463483,7.202218764223553,7.676875982813078,0.10220943754335259,0.45294117647058824,elasticnet_tuned,pooled,茄子,fold3_test2026,target_mean_price_next_7d,沈阳
248,0.2423570214664828,0.37641703483415656,4.18060613925862,4.39276551740001,-0.041870106926178055,0.6048387096774194,elasticnet_tuned,pooled,西红柿,fold1_test2024,target_mean_price_next_7d,沈阳
250,0.24202106280464997,0.3193711789555337,4.474339605815185,4.550103994129435,-0.0877522934137481,0.496,elasticnet_tuned,pooled,西红柿,fold2_test2025,target_mean_price_next_7d,沈阳
170,0.22806478194453353,0.3001918882961202,4.351929203731919,4.358939970360736,0.03859749517247191,0.5647058823529412,elasticnet_tuned,pooled,西红柿,fold3_test2026,target_mean_price_next_7d,沈阳
248,0.4155032516337613,0.600592926894325,5.796494200884168,6.146094537434483,-0.11423125330632582,0.5161290322580645,elasticnet_tuned,pooled,青椒,fold1_test2024,target_mean_price_next_7d,沈阳
250,0.26201261596169306,0.3762145917700809,4.711665030495396,5.002976486920451,-0.03408546591078707,0.544,elasticnet_tuned,pooled,青椒,fold2_test2025,target_mean_price_next_7d,沈阳
170,0.3198632670879348,0.5061731203688534,4.891301322563548,5.441838546983334,-0.003272280908062457,0.5117647058823529,elasticnet_tuned,pooled,青椒,fold3_test2026,target_mean_price_next_7d,沈阳
248,0.30787219653941983,0.46825532298988154,5.548945243291315,5.6614954108873015,-0.0448711989291645,0.5443548387096774,elasticnet_tuned,pooled,韭菜,fold1_test2024,target_mean_price_next_7d,沈阳
250,0.32714909987607027,0.5026728547219125,5.5095155009959385,5.8019630169475525,-0.07441536680563328,0.612,elasticnet_tuned,pooled,韭菜,fold2_test2025,target_mean_price_next_7d,沈阳
170,0.2662349545451143,0.38924479692023456,4.955544560596912,4.929313983615702,0.008457617072805533,0.6470588235294118,elasticnet_tuned,pooled,韭菜,fold3_test2026,target_mean_price_next_7d,沈阳
248,0.3696190336503092,0.5834009559055122,7.327347287592636,7.759726544827937,-0.02045061710289876,0.5806451612903226,elasticnet_tuned,pooled,黄瓜,fold1_test2024,target_mean_price_next_7d,沈阳
250,0.44505440153607984,0.6699273772576977,8.500927720672825,8.605375211713014,-0.04585823629042168,0.536,elasticnet_tuned,pooled,黄瓜,fold2_test2025,target_mean_price_next_7d,沈阳
170,0.45060329042206737,0.6303895691400806,9.371492071151492,9.100832833632765,-0.0022319460552599514,0.4764705882352941,elasticnet_tuned,pooled,黄瓜,fold3_test2026,target_mean_price_next_7d,沈阳
248,0.07645916047427022,0.10104965191545819,3.6979366121748165,3.6873034194844534,0.013234049539170487,0.3870967741935484,extra_trees,pooled,土豆,fold1_test2024,target_mean_price_next_7d,沈阳
250,0.047832026531746064,0.06187682522296286,2.5483865873474096,2.4739219025347823,0.017089196436508594,0.488,extra_trees,pooled,土豆,fold2_test2025,target_mean_price_next_7d,沈阳
170,0.05384827955182065,0.07086532062689836,2.4791494143472206,2.4568062574970644,-0.009641147549019003,0.38823529411764707,extra_trees,pooled,土豆,fold3_test2026,target_mean_price_next_7d,沈阳
248,0.3698091636984766,0.49391042012498837,5.997921842046443,6.131082248137623,0.00756156670026894,0.6209677419354839,extra_trees,pooled,尖椒,fold1_test2024,target_mean_price_next_7d,沈阳
250,0.26681752483333293,0.38305328553994994,5.227907441740681,5.314295461926934,0.0512091944999999,0.568,extra_trees,pooled,尖椒,fold2_test2025,target_mean_price_next_7d,沈阳
170,0.2393933276143786,0.34572798411065425,4.008150354333859,4.051620394107113,0.0947615816993464,0.611764705882353,extra_trees,pooled,尖椒,fold3_test2026,target_mean_price_next_7d,沈阳
248,0.16386464681339621,0.21941926439696066,7.100477836903776,6.969276562626543,0.03229098507504496,0.5282258064516129,extra_trees,pooled,甘蓝,fold1_test2024,target_mean_price_next_7d,沈阳
250,0.14786650295238107,0.18915176793262106,9.461820596291906,7.918252500020406,0.0910469183650796,0.492,extra_trees,pooled,甘蓝,fold2_test2025,target_mean_price_next_7d,沈阳
170,0.12049788678804882,0.15529274467853357,6.908339971239733,6.728261521826304,0.05939151909430457,0.4294117647058823,extra_trees,pooled,甘蓝,fold3_test2026,target_mean_price_next_7d,沈阳
248,0.5279602424395154,0.7126261402701578,5.913413042325836,6.0275750710821265,-0.16391685657482047,0.6008064516129032,extra_trees,pooled,芸豆,fold1_test2024,target_mean_price_next_7d,沈阳
250,0.5427602475000002,0.7116357703991755,6.1769476170866,6.383796446657604,0.017848341499999955,0.528,extra_trees,pooled,芸豆,fold2_test2025,target_mean_price_next_7d,沈阳
170,0.41744250089869295,0.5479278276742554,4.8584238993227435,4.91670701554518,0.1386164982843151,0.5117647058823529,extra_trees,pooled,芸豆,fold3_test2026,target_mean_price_next_7d,沈阳
248,0.30934528727038557,0.42721816379606375,6.644553127360814,6.674638829557907,0.040738957057251966,0.5443548387096774,extra_trees,pooled,芹菜,fold1_test2024,target_mean_price_next_7d,沈阳
250,0.19060689346031753,0.25238840958495357,5.530967051839517,5.634389623766378,0.07284032231746022,0.532,extra_trees,pooled,芹菜,fold2_test2025,target_mean_price_next_7d,沈阳
170,0.1780939142156866,0.24939229453056114,4.815899607412449,4.96338150833899,0.06982898300653605,0.5117647058823529,extra_trees,pooled,芹菜,fold3_test2026,target_mean_price_next_7d,沈阳
248,0.3194380576356884,0.41883454398988673,7.514275900540988,7.496483465379818,0.04768434302995347,0.5120967741935484,extra_trees,pooled,茄子,fold1_test2024,target_mean_price_next_7d,沈阳
250,0.22690320532539693,0.2982612619997889,6.485389475380092,6.130504280901112,0.05420933915079385,0.588,extra_trees,pooled,茄子,fold2_test2025,target_mean_price_next_7d,沈阳
170,0.27846860996732,0.42335450162229493,6.471553922485521,6.956763670335291,0.05369695833333318,0.5470588235294118,extra_trees,pooled,茄子,fold3_test2026,target_mean_price_next_7d,沈阳
248,0.29949385125448,0.4283366800752594,5.131604644233329,5.4283810491785225,0.020090104614695188,0.5080645161290323,extra_trees,pooled,西红柿,fold1_test2024,target_mean_price_next_7d,沈阳
250,0.22419505388888877,0.3089711515463329,4.240164021933299,4.214967070809414,-0.0024077062222222522,0.552,extra_trees,pooled,西红柿,fold2_test2025,target_mean_price_next_7d,沈阳
170,0.21063980710784275,0.2808454083781553,4.046038275805955,4.025901179142835,0.06450787295751607,0.6941176470588235,extra_trees,pooled,西红柿,fold3_test2026,target_mean_price_next_7d,沈阳
248,0.44311933198924736,0.6447196394809563,6.134484917277444,6.554589633323195,-0.08810285685483873,0.5645161290322581,extra_trees,pooled,青椒,fold1_test2024,target_mean_price_next_7d,沈阳
250,0.26721454100000036,0.3806780882312823,4.761685569530753,5.102304179817418,0.08132815944444403,0.62,extra_trees,pooled,青椒,fold2_test2025,target_mean_price_next_7d,沈阳
170,0.2881629865196073,0.4533159916286973,4.67583167112941,4.902521199550981,0.09215228096405181,0.5882352941176471,extra_trees,pooled,青椒,fold3_test2026,target_mean_price_next_7d,沈阳
248,0.3481027984991041,0.5113036065493022,5.966605925785251,6.401300339465264,0.05301291061827965,0.5725806451612904,extra_trees,pooled,韭菜,fold1_test2024,target_mean_price_next_7d,沈阳
250,0.33411859277777783,0.4847807128813737,5.622623383160544,5.925566413924356,-0.06323446288888887,0.616,extra_trees,pooled,韭菜,fold2_test2025,target_mean_price_next_7d,沈阳
170,0.29657243651960796,0.4171361011439052,5.477994391821689,5.491009476906837,0.022605576062091178,0.5411764705882353,extra_trees,pooled,韭菜,fold3_test2026,target_mean_price_next_7d,沈阳
248,0.3684448892209098,0.5639989699371414,7.2835622414467425,7.735076732813948,0.011539587201580995,0.6612903225806451,extra_trees,pooled,黄瓜,fold1_test2024,target_mean_price_next_7d,沈阳
250,0.4210719141825402,0.6228791790131897,7.987271790286819,8.141660435552915,-0.0853197072619051,0.616,extra_trees,pooled,黄瓜,fold2_test2025,target_mean_price_next_7d,沈阳
170,0.42429207794117674,0.6188691530883964,8.800494280390778,8.569425381604423,0.011427939869280899,0.5941176470588235,extra_trees,pooled,黄瓜,fold3_test2026,target_mean_price_next_7d,沈阳
248,0.0701348305250006,0.09522593390032325,3.3626256497204263,3.382307611222377,0.01659506828465284,0.41935483870967744,extra_trees_tuned,pooled,土豆,fold1_test2024,target_mean_price_next_7d,沈阳
250,0.047001878776419946,0.06116216424109114,2.5133847185283003,2.4309858017012056,0.010654726083393344,0.448,extra_trees_tuned,pooled,土豆,fold2_test2025,target_mean_price_next_7d,沈阳
170,0.04947619315745878,0.06626346759754027,2.278773923192509,2.2573315611578963,-0.009119829903638965,0.43529411764705883,extra_trees_tuned,pooled,土豆,fold3_test2026,target_mean_price_next_7d,沈阳
248,0.3582838961538334,0.47659450416227983,5.810024610672445,5.940004335028867,0.0064979306393846735,0.625,extra_trees_tuned,pooled,尖椒,fold1_test2024,target_mean_price_next_7d,沈阳
250,0.2573750842422629,0.36187757578173957,5.001776603186802,5.1262271586399475,0.029623653164459914,0.584,extra_trees_tuned,pooled,尖椒,fold2_test2025,target_mean_price_next_7d,沈阳
170,0.2403915935362246,0.3478943762625503,4.017701415843126,4.0685155791483965,0.0890528397476394,0.6058823529411764,extra_trees_tuned,pooled,尖椒,fold3_test2026,target_mean_price_next_7d,沈阳
248,0.16454857415876661,0.21882929948365523,7.1504276425257345,6.998364464814849,0.03522572406448615,0.4717741935483871,extra_trees_tuned,pooled,甘蓝,fold1_test2024,target_mean_price_next_7d,沈阳
250,0.13691291293692734,0.17902330515193682,8.765699338334304,7.331687660842484,0.07847659814952296,0.504,extra_trees_tuned,pooled,甘蓝,fold2_test2025,target_mean_price_next_7d,沈阳
170,0.11818396444921563,0.15453465700017352,6.758891593586784,6.599058636598529,0.060941418325255556,0.43529411764705883,extra_trees_tuned,pooled,甘蓝,fold3_test2026,target_mean_price_next_7d,沈阳
248,0.4981563816453515,0.6945209479177171,5.587572144931081,5.687312691636983,-0.18938357394007527,0.6048387096774194,extra_trees_tuned,pooled,芸豆,fold1_test2024,target_mean_price_next_7d,沈阳
250,0.5262834253999503,0.7008018855230803,6.024014413089769,6.1900006061202815,-0.03421172621560693,0.52,extra_trees_tuned,pooled,芸豆,fold2_test2025,target_mean_price_next_7d,沈阳
170,0.38826879365946537,0.5127316738995649,4.574772656203948,4.5730942527245055,0.09587162672203506,0.5058823529411764,extra_trees_tuned,pooled,芸豆,fold3_test2026,target_mean_price_next_7d,沈阳
248,0.2981352104569501,0.41629861567251597,6.44309328278654,6.432762786636706,0.04691253839699211,0.5645161290322581,extra_trees_tuned,pooled,芹菜,fold1_test2024,target_mean_price_next_7d,沈阳
250,0.18568071130177433,0.24461222554995343,5.32911762758948,5.488770390720866,0.0665998869346497,0.556,extra_trees_tuned,pooled,芹菜,fold2_test2025,target_mean_price_next_7d,沈阳
170,0.16882699692538786,0.23901399466868437,4.60415907420672,4.705117512511084,0.06665072796432644,0.4764705882352941,extra_trees_tuned,pooled,芹菜,fold3_test2026,target_mean_price_next_7d,沈阳
248,0.29798729004792823,0.39526165980908345,7.052739452751543,6.993082819471984,0.051378708597469507,0.5,extra_trees_tuned,pooled,茄子,fold1_test2024,target_mean_price_next_7d,沈阳
250,0.22068755284494837,0.29380427400622083,6.254043597217786,5.962568865068895,0.03504566986295677,0.564,extra_trees_tuned,pooled,茄子,fold2_test2025,target_mean_price_next_7d,沈阳
170,0.28257898220237976,0.42922642212556916,6.593595101871694,7.059449887786422,0.058418916778367525,0.4647058823529412,extra_trees_tuned,pooled,茄子,fold3_test2026,target_mean_price_next_7d,沈阳
248,0.27400577415379407,0.3960353060205828,4.711139224722776,4.966404971426592,0.014812714056718138,0.5443548387096774,extra_trees_tuned,pooled,西红柿,fold1_test2024,target_mean_price_next_7d,沈阳
250,0.22674293991406858,0.30729160641184333,4.292250573058637,4.262868465198029,-0.01670808749207625,0.572,extra_trees_tuned,pooled,西红柿,fold2_test2025,target_mean_price_next_7d,沈阳
170,0.20459437317517445,0.2793545027210272,3.8980264793592747,3.910356449340179,0.058847547959862655,0.7,extra_trees_tuned,pooled,西红柿,fold3_test2026,target_mean_price_next_7d,沈阳
248,0.41500695531833837,0.5973371689075455,5.704144276245598,6.138753357645454,-0.05595034790327555,0.5362903225806451,extra_trees_tuned,pooled,青椒,fold1_test2024,target_mean_price_next_7d,沈阳
250,0.24529430587522877,0.3541417929448189,4.419033493865002,4.683750208610804,0.03981652277589808,0.624,extra_trees_tuned,pooled,青椒,fold2_test2025,target_mean_price_next_7d,沈阳
170,0.2854569825682985,0.4562247155690969,4.552993973554466,4.856483913855174,0.08006508548597109,0.5823529411764706,extra_trees_tuned,pooled,青椒,fold3_test2026,target_mean_price_next_7d,沈阳
248,0.32836863366290997,0.488692619617074,5.695651284671862,6.038406629303615,0.03566586238678069,0.5725806451612904,extra_trees_tuned,pooled,韭菜,fold1_test2024,target_mean_price_next_7d,沈阳
250,0.32850042982353306,0.48625601061052315,5.561623841957584,5.825928745056977,-0.057221859851473704,0.624,extra_trees_tuned,pooled,韭菜,fold2_test2025,target_mean_price_next_7d,沈阳
170,0.2833966408693192,0.40269135918269755,5.293311200941015,5.247060917052253,0.021255363028025765,0.5411764705882353,extra_trees_tuned,pooled,韭菜,fold3_test2026,target_mean_price_next_7d,沈阳
248,0.3627684933629968,0.5511870303966889,7.173724022616619,7.61590732970558,0.0025582943105186846,0.6612903225806451,extra_trees_tuned,pooled,黄瓜,fold1_test2024,target_mean_price_next_7d,沈阳
250,0.43902533448073494,0.6477387580938175,8.303668750247073,8.48879983573931,-0.07682873028158058,0.576,extra_trees_tuned,pooled,黄瓜,fold2_test2025,target_mean_price_next_7d,沈阳
170,0.42630451779294876,0.6302557447171085,8.843908457011986,8.610070621148862,0.004800945557336789,0.5882352941176471,extra_trees_tuned,pooled,黄瓜,fold3_test2026,target_mean_price_next_7d,沈阳
248,0.05767069892473115,0.08295437220173212,2.758975860808692,2.7812150176665837,0.001178763440860199,0.13306451612903225,baseline_last_value,baseline,土豆,fold1_test2024,target_mean_price_next_7d,沈阳
250,0.043118666666666666,0.060660735973847926,2.3213890725116655,2.230142053545753,-0.0030493333333333475,0.184,baseline_last_value,baseline,土豆,fold2_test2025,target_mean_price_next_7d,沈阳
170,0.042294117647058795,0.05691066270402901,1.932976527274612,1.929652233190017,0.0009058823529411838,0.12352941176470589,baseline_last_value,baseline,土豆,fold3_test2026,target_mean_price_next_7d,沈阳
248,0.37645833333333334,0.5120947602336714,5.999620806647445,6.241319121408736,0.012805107526881805,0.004032258064516129,baseline_last_value,baseline,尖椒,fold1_test2024,target_mean_price_next_7d,沈阳
250,0.2571853333333333,0.3531931577291194,5.02277780456843,5.122447825199047,-0.04339066666666663,0.004,baseline_last_value,baseline,尖椒,fold2_test2025,target_mean_price_next_7d,沈阳
170,0.27605686274509805,0.4136712573412937,4.399390197313224,4.672133622842414,0.09177058823529419,0.0,baseline_last_value,baseline,尖椒,fold3_test2026,target_mean_price_next_7d,沈阳
248,0.15480779569892472,0.21085876318226068,6.851358470862627,6.584082431795121,0.00045026881720429895,0.004032258064516129,baseline_last_value,baseline,甘蓝,fold1_test2024,target_mean_price_next_7d,沈阳
250,0.09909866666666664,0.1414975178423832,5.564568462548617,5.30673444907751,-0.018213333333333352,0.024,baseline_last_value,baseline,甘蓝,fold2_test2025,target_mean_price_next_7d,沈阳
170,0.09597254901960788,0.13999735291615129,5.375706087533012,5.35883595914033,0.0221372549019608,0.03529411764705882,baseline_last_value,baseline,甘蓝,fold3_test2026,target_mean_price_next_7d,沈阳
248,0.5097271505376345,0.6957252375635052,5.706100331515115,5.819412938061063,-0.004969086021505114,0.004032258064516129,baseline_last_value,baseline,芸豆,fold1_test2024,target_mean_price_next_7d,沈阳
250,0.5143306666666667,0.7301405167652473,5.906244117878955,6.049415552073389,-0.0408746666666665,0.004,baseline_last_value,baseline,芸豆,fold2_test2025,target_mean_price_next_7d,沈阳
170,0.3584666666666667,0.4811799603561708,4.338641415417097,4.222079857812135,0.04453725490196091,0.0,baseline_last_value,baseline,芸豆,fold3_test2026,target_mean_price_next_7d,沈阳
248,0.27479032258064523,0.3942903690952777,6.091737015403257,5.929058022081279,-0.009072580645161258,0.0,baseline_last_value,baseline,芹菜,fold1_test2024,target_mean_price_next_7d,沈阳
250,0.16947733333333326,0.24562449208316153,4.849504272838739,5.009794299993297,-0.006280000000000035,0.012,baseline_last_value,baseline,芹菜,fold2_test2025,target_mean_price_next_7d,沈阳
170,0.15041568627450982,0.22085337755869835,4.124134611417263,4.192004196813047,0.02278431372549018,0.047058823529411764,baseline_last_value,baseline,芹菜,fold3_test2026,target_mean_price_next_7d,沈阳
248,0.2614059139784946,0.36535208996470386,6.404140049551603,6.13460126321952,0.002295698924731188,0.008064516129032258,baseline_last_value,baseline,茄子,fold1_test2024,target_mean_price_next_7d,沈阳
250,0.2099786666666667,0.30388176648163673,5.840200491547781,5.67323459821493,-0.04793599999999999,0.008,baseline_last_value,baseline,茄子,fold2_test2025,target_mean_price_next_7d,沈阳
170,0.2755372549019608,0.4058177462078943,6.380857101086204,6.8835319174783445,0.07727058823529417,0.0,baseline_last_value,baseline,茄子,fold3_test2026,target_mean_price_next_7d,沈阳
248,0.2479704301075269,0.37291403945731616,4.255410967582908,4.494509579792953,0.024911290322580718,0.012096774193548387,baseline_last_value,baseline,西红柿,fold1_test2024,target_mean_price_next_7d,沈阳
250,0.22267333333333333,0.2899820339262416,4.268265314865909,4.18635804522485,-0.060462666666666574,0.012,baseline_last_value,baseline,西红柿,fold2_test2025,target_mean_price_next_7d,沈阳
170,0.23313137254901967,0.3093074987098922,4.327093435336702,4.455776334621133,0.08647254901960788,0.03529411764705882,baseline_last_value,baseline,西红柿,fold3_test2026,target_mean_price_next_7d,沈阳
248,0.3843387096774193,0.5594734059233591,5.464757867136898,5.685110849999105,0.018991935483871143,0.004032258064516129,baseline_last_value,baseline,青椒,fold1_test2024,target_mean_price_next_7d,沈阳
250,0.24742000000000003,0.35668802615170586,4.5186497090303765,4.724339085163872,-0.03585466666666662,0.024,baseline_last_value,baseline,青椒,fold2_test2025,target_mean_price_next_7d,沈阳
170,0.29604901960784324,0.47926051493574,4.631850999435151,5.036686398428133,0.06555882352941181,0.0058823529411764705,baseline_last_value,baseline,青椒,fold3_test2026,target_mean_price_next_7d,沈阳
248,0.3013131720430107,0.4575900605678252,5.4296088704638565,5.540880793836089,0.0007889784946237104,0.008064516129032258,baseline_last_value,baseline,韭菜,fold1_test2024,target_mean_price_next_7d,沈阳
250,0.31353733333333345,0.49401904911540495,5.420328897671172,5.560559430307086,-0.036273333333333255,0.004,baseline_last_value,baseline,韭菜,fold2_test2025,target_mean_price_next_7d,沈阳
170,0.2741058823529412,0.3967593762148276,5.18635813674687,5.075043437411283,0.06859215686274509,0.011764705882352941,baseline_last_value,baseline,韭菜,fold3_test2026,target_mean_price_next_7d,沈阳
248,0.37561155913978483,0.5765492208235634,7.488248878430827,7.885532725997805,-0.00975134408602145,0.0,baseline_last_value,baseline,黄瓜,fold1_test2024,target_mean_price_next_7d,沈阳
250,0.4407546666666667,0.6729542543475333,8.34748865014119,8.522237438590269,-0.04021866666666666,0.004,baseline_last_value,baseline,黄瓜,fold2_test2025,target_mean_price_next_7d,沈阳
170,0.4268666666666666,0.6170250553699163,8.939419305386863,8.621424339677036,0.03512156862745104,0.011764705882352941,baseline_last_value,baseline,黄瓜,fold3_test2026,target_mean_price_next_7d,沈阳
248,0.6003118279569892,0.6702513885365142,24.558172332669553,28.95051217215051,0.6003118279569892,0.4475806451612903,baseline_previous_year_same_period,baseline,土豆,fold1_test2024,target_mean_price_next_7d,沈阳
250,0.21582,0.28721214072141477,11.24756078091143,11.162433702253729,0.139404,0.44,baseline_previous_year_same_period,baseline,土豆,fold2_test2025,target_mean_price_next_7d,沈阳
170,0.3289058823529411,0.40823982442721823,16.881343048254028,15.00619957810663,-0.2178470588235294,0.47058823529411764,baseline_previous_year_same_period,baseline,土豆,fold3_test2026,target_mean_price_next_7d,沈阳
248,2.1740913978494625,2.6781719541749056,45.92868642404289,36.044356072397825,-1.887322580645161,0.6008064516129032,baseline_previous_year_same_period,baseline,尖椒,fold1_test2024,target_mean_price_next_7d,沈阳
250,1.9047733333333332,2.331527030367294,32.56542650520489,37.938018830119155,1.1152293333333332,0.484,baseline_previous_year_same_period,baseline,尖椒,fold2_test2025,target_mean_price_next_7d,沈阳
170,1.4714176470588234,2.1922437073804133,22.020942759756487,24.90305726764358,-1.3772764705882352,0.6176470588235294,baseline_previous_year_same_period,baseline,尖椒,fold3_test2026,target_mean_price_next_7d,沈阳
248,0.7920336021505376,1.0690798263830497,37.123154880658745,33.685735926714585,-0.684162634408602,0.5967741935483871,baseline_previous_year_same_period,baseline,甘蓝,fold1_test2024,target_mean_price_next_7d,沈阳
250,1.031588,1.1691643087645505,46.98528717454738,55.2415462386474,0.509868,0.484,baseline_previous_year_same_period,baseline,甘蓝,fold2_test2025,target_mean_price_next_7d,沈阳
170,0.48967254901960783,0.6509365063461394,29.191499126763844,27.341931528296314,-0.4019705882352941,0.5529411764705883,baseline_previous_year_same_period,baseline,甘蓝,fold3_test2026,target_mean_price_next_7d,沈阳
248,2.121317204301075,2.6272581764999154,23.816170688663778,24.218487815335138,0.05964784946236569,0.5564516129032258,baseline_previous_year_same_period,baseline,芸豆,fold1_test2024,target_mean_price_next_7d,沈阳
250,2.3033226666666664,2.780761070402609,25.76360788033704,27.091046410823548,0.31621333333333324,0.532,baseline_previous_year_same_period,baseline,芸豆,fold2_test2025,target_mean_price_next_7d,沈阳
170,1.1825411764705882,1.5049627190136354,13.698233861136242,13.928166121098945,-0.23468235294117648,0.6176470588235294,baseline_previous_year_same_period,baseline,芸豆,fold3_test2026,target_mean_price_next_7d,沈阳
248,2.0513172043010752,2.4303827810379155,51.96174691614372,44.260578799769156,-1.8083763440860217,0.5120967741935484,baseline_previous_year_same_period,baseline,芹菜,fold1_test2024,target_mean_price_next_7d,沈阳
250,1.672248,2.1117464986751293,39.62491506084117,49.43208825511688,1.297402666666667,0.552,baseline_previous_year_same_period,baseline,芹菜,fold2_test2025,target_mean_price_next_7d,沈阳
170,0.7264627450980391,0.8346309998330717,22.776485428744277,20.246125598373734,-0.6716392156862745,0.5411764705882353,baseline_previous_year_same_period,baseline,芹菜,fold3_test2026,target_mean_price_next_7d,沈阳
248,1.3322432795698926,1.6659663876946362,42.16243361864167,31.264714640073286,-0.9124126344086022,0.5161290322580645,baseline_previous_year_same_period,baseline,茄子,fold1_test2024,target_mean_price_next_7d,沈阳
250,1.6073786666666667,1.9016086380863029,38.77385748578522,43.42839398367096,0.612672,0.4,baseline_previous_year_same_period,baseline,茄子,fold2_test2025,target_mean_price_next_7d,沈阳
170,1.0039450980392155,1.3291270731087332,25.652892833802483,25.08077583994137,-0.9920156862745098,0.6294117647058823,baseline_previous_year_same_period,baseline,茄子,fold3_test2026,target_mean_price_next_7d,沈阳
248,1.3904489247311826,1.8447881302522828,27.94523683160811,25.202142084873604,-1.0415940860215054,0.5282258064516129,baseline_previous_year_same_period,baseline,西红柿,fold1_test2024,target_mean_price_next_7d,沈阳
250,1.1408013333333333,1.6878320939398366,18.75362035873614,21.447574203481494,0.2783479999999999,0.524,baseline_previous_year_same_period,baseline,西红柿,fold2_test2025,target_mean_price_next_7d,沈阳
170,1.1026725490196079,1.7494787393612776,18.913948248372336,21.075079664470454,-0.6219627450980393,0.5529411764705883,baseline_previous_year_same_period,baseline,西红柿,fold3_test2026,target_mean_price_next_7d,沈阳
248,2.1128413978494622,2.5827091559502766,40.827254325899325,31.252999640142587,-1.8662123655913974,0.5766129032258065,baseline_previous_year_same_period,baseline,青椒,fold1_test2024,target_mean_price_next_7d,沈阳
250,2.2731506666666665,2.981334539877514,34.037092298608734,43.40447231832368,1.664468,0.492,baseline_previous_year_same_period,baseline,青椒,fold2_test2025,target_mean_price_next_7d,沈阳
170,1.2607941176470587,1.8776245096787605,18.386784863516763,21.4499091805231,-0.9446882352941175,0.5882352941176471,baseline_previous_year_same_period,baseline,青椒,fold3_test2026,target_mean_price_next_7d,沈阳
248,1.0819543010752688,1.4924210394991706,19.101813974057816,19.8961756832209,-0.32887096774193536,0.49193548387096775,baseline_previous_year_same_period,baseline,韭菜,fold1_test2024,target_mean_price_next_7d,沈阳
250,1.4824586666666666,2.01240868391863,23.281663446859906,26.29128541515673,-0.1403146666666666,0.532,baseline_previous_year_same_period,baseline,韭菜,fold2_test2025,target_mean_price_next_7d,沈阳
170,0.9864235294117647,1.2483091947717257,18.957580269073453,18.263534574582017,-0.7976039215686275,0.5588235294117647,baseline_previous_year_same_period,baseline,韭菜,fold3_test2026,target_mean_price_next_7d,沈阳
248,1.378896505376344,1.961136303017803,29.931839213109455,28.94834638159426,-0.46530241935483857,0.6048387096774194,baseline_previous_year_same_period,baseline,黄瓜,fold1_test2024,target_mean_price_next_7d,沈阳
250,1.9675373333333332,2.595496851514604,34.67174295664281,38.04343230389104,-0.3765426666666666,0.456,baseline_previous_year_same_period,baseline,黄瓜,fold2_test2025,target_mean_price_next_7d,沈阳
170,1.3573725490196078,1.7805869477313858,28.17352312995172,27.414847880978705,-0.9005019607843137,0.5764705882352941,baseline_previous_year_same_period,baseline,黄瓜,fold3_test2026,target_mean_price_next_7d,沈阳
248,0.16189112903225808,0.20455911042898628,7.7133307258202155,7.807327597662087,0.010401881720430113,0.4435483870967742,baseline_rolling_mean_30,baseline,土豆,fold1_test2024,target_mean_price_next_7d,沈阳
250,0.14542266666666667,0.18348640034376149,7.912415934020318,7.521410784318459,-0.011868000000000017,0.308,baseline_rolling_mean_30,baseline,土豆,fold2_test2025,target_mean_price_next_7d,沈阳
170,0.07943137254901955,0.09813582690779041,3.629134349822283,3.6240246623332215,-0.008545098039215685,0.4764705882352941,baseline_rolling_mean_30,baseline,土豆,fold3_test2026,target_mean_price_next_7d,沈阳
248,1.0927755376344086,1.374257284093959,17.56283553868156,18.11717328197989,0.03667069892473126,0.3951612903225806,baseline_rolling_mean_30,baseline,尖椒,fold1_test2024,target_mean_price_next_7d,沈阳
250,0.811212,1.0116962295515828,15.387217416798713,16.157185525776622,-0.2177666666666667,0.4,baseline_rolling_mean_30,baseline,尖椒,fold2_test2025,target_mean_price_next_7d,沈阳
170,1.1729235294117646,1.5211268709467793,17.130389731801174,19.851183572450445,0.5170254901960786,0.4,baseline_rolling_mean_30,baseline,尖椒,fold3_test2026,target_mean_price_next_7d,沈阳
248,0.5229932795698925,0.6441269816956802,22.801447287041146,22.24326525945722,-0.01945295698924734,0.45161290322580644,baseline_rolling_mean_30,baseline,甘蓝,fold1_test2024,target_mean_price_next_7d,沈阳
250,0.339024,0.42862567870397644,18.799591941049393,18.154738104758096,-0.11651733333333338,0.396,baseline_rolling_mean_30,baseline,甘蓝,fold2_test2025,target_mean_price_next_7d,沈阳
170,0.31207058823529416,0.43215826349369085,16.4897749661134,17.425139866647697,0.18567843137254902,0.5235294117647059,baseline_rolling_mean_30,baseline,甘蓝,fold3_test2026,target_mean_price_next_7d,沈阳
248,1.4701438172043009,1.7403909477429669,16.69887320216545,16.784222581876225,0.035592741935484125,0.4032258064516129,baseline_rolling_mean_30,baseline,芸豆,fold1_test2024,target_mean_price_next_7d,沈阳
250,1.0184826666666664,1.5003958579877064,11.65466619993848,11.979112432048597,-0.20693066666666649,0.576,baseline_rolling_mean_30,baseline,芸豆,fold2_test2025,target_mean_price_next_7d,沈阳
170,0.6525294117647058,0.8810041671204855,7.9011299185879125,7.685599644899846,0.25319607843137276,0.5117647058823529,baseline_rolling_mean_30,baseline,芸豆,fold3_test2026,target_mean_price_next_7d,沈阳
248,0.9980268817204302,1.2445418623463884,21.643889840800696,21.534089096535265,-0.08595698924731175,0.4274193548387097,baseline_rolling_mean_30,baseline,芹菜,fold1_test2024,target_mean_price_next_7d,沈阳
250,0.431816,0.5914568566965246,12.323532365032525,12.764593901126837,-0.045330666666666686,0.484,baseline_rolling_mean_30,baseline,芹菜,fold2_test2025,target_mean_price_next_7d,沈阳
170,0.34721176470588233,0.47211513495501783,9.073881244822363,9.676604953113731,0.15463529411764704,0.45294117647058824,baseline_rolling_mean_30,baseline,芹菜,fold3_test2026,target_mean_price_next_7d,沈阳
248,0.6489139784946235,0.7923253846955649,16.021209876770115,15.228532712237786,0.016112903225806545,0.5241935483870968,baseline_rolling_mean_30,baseline,茄子,fold1_test2024,target_mean_price_next_7d,沈阳
250,0.6438133333333332,0.8946591951998009,16.83370553643622,17.394643634236242,-0.2567493333333333,0.388,baseline_rolling_mean_30,baseline,茄子,fold2_test2025,target_mean_price_next_7d,沈阳
170,0.6284352941176472,0.8057863816238505,14.439508851039543,15.69970785499733,0.5478980392156864,0.49411764705882355,baseline_rolling_mean_30,baseline,茄子,fold3_test2026,target_mean_price_next_7d,沈阳
248,0.7519354838709675,0.9348936664470051,13.248446922338994,13.628968720902865,0.050258064516129,0.3790322580645161,baseline_rolling_mean_30,baseline,西红柿,fold1_test2024,target_mean_price_next_7d,沈阳
250,0.6262226666666667,0.7964683465845401,11.47476205872855,11.773265614961344,-0.2849826666666667,0.464,baseline_rolling_mean_30,baseline,西红柿,fold2_test2025,target_mean_price_next_7d,沈阳
170,0.6582333333333333,0.9063017139628649,11.387627458322488,12.580634160289824,0.5474647058823529,0.43529411764705883,baseline_rolling_mean_30,baseline,西红柿,fold3_test2026,target_mean_price_next_7d,沈阳
248,1.4156048387096776,1.8419848897939934,19.6765853544872,20.93952606182788,0.06855107526881732,0.3951612903225806,baseline_rolling_mean_30,baseline,青椒,fold1_test2024,target_mean_price_next_7d,沈阳
250,0.8006706666666666,1.0246459548980265,14.43767343277716,15.288334511670632,-0.1631746666666666,0.432,baseline_rolling_mean_30,baseline,青椒,fold2_test2025,target_mean_price_next_7d,沈阳
170,1.227809803921569,1.5450915824116112,17.940786326455562,20.888746557783378,0.42317843137254907,0.31176470588235294,baseline_rolling_mean_30,baseline,青椒,fold3_test2026,target_mean_price_next_7d,沈阳
248,0.8178938172043009,1.0826298652721582,15.101544853945805,15.040338636432729,0.067103494623656,0.4435483870967742,baseline_rolling_mean_30,baseline,韭菜,fold1_test2024,target_mean_price_next_7d,沈阳
250,0.9661293333333335,1.507999353816543,16.1292445528879,17.134226148602075,-0.169252,0.504,baseline_rolling_mean_30,baseline,韭菜,fold2_test2025,target_mean_price_next_7d,沈阳
170,0.9885254901960785,1.1026718472031374,19.40784251395247,18.302452171652742,0.41947843137254887,0.35294117647058826,baseline_rolling_mean_30,baseline,韭菜,fold3_test2026,target_mean_price_next_7d,沈阳
248,1.1068534946236561,1.410842165213164,23.05966829327259,23.23711622381589,0.06361693548387103,0.43951612903225806,baseline_rolling_mean_30,baseline,黄瓜,fold1_test2024,target_mean_price_next_7d,沈阳
250,1.066424,1.4893751921900373,20.643084098582897,20.619903146900747,-0.2655546666666666,0.476,baseline_rolling_mean_30,baseline,黄瓜,fold2_test2025,target_mean_price_next_7d,沈阳
170,1.1059882352941177,1.4305913992590573,23.17023503765811,22.337639913699427,0.35430196078431375,0.49411764705882355,baseline_rolling_mean_30,baseline,黄瓜,fold3_test2026,target_mean_price_next_7d,沈阳
248,0.08392645929339475,0.11286225832936553,4.01699095411597,4.047419804483683,0.003148809523809517,0.45161290322580644,baseline_rolling_mean_7,baseline,土豆,fold1_test2024,target_mean_price_next_7d,沈阳
250,0.06876361904761906,0.08969850174567857,3.7657906829874266,3.556525524724675,-0.006180761904761913,0.388,baseline_rolling_mean_7,baseline,土豆,fold2_test2025,target_mean_price_next_7d,沈阳
170,0.050914285714285704,0.06528688191957328,2.3275888479727986,2.3229439599546353,-0.0009428571428571368,0.4823529411764706,baseline_rolling_mean_7,baseline,土豆,fold3_test2026,target_mean_price_next_7d,沈阳
248,0.6271046466973886,0.8303904353918004,9.696834487871415,10.39679527851249,0.02816225038402466,0.3911290322580645,baseline_rolling_mean_7,baseline,尖椒,fold1_test2024,target_mean_price_next_7d,沈阳
250,0.44067714285714277,0.5717855279140709,8.459324533721443,8.777116652751715,-0.0879620952380952,0.352,baseline_rolling_mean_7,baseline,尖椒,fold2_test2025,target_mean_price_next_7d,沈阳
170,0.47024677871148457,0.7020346503177499,7.3424365701452015,7.958707361968222,0.19649327731092447,0.3352941176470588,baseline_rolling_mean_7,baseline,尖椒,fold3_test2026,target_mean_price_next_7d,沈阳
248,0.22934197388632868,0.31147037511500403,10.380833120421249,9.754072489184603,0.0006115591397849433,0.4435483870967742,baseline_rolling_mean_7,baseline,甘蓝,fold1_test2024,target_mean_price_next_7d,沈阳
250,0.15756990476190474,0.2204748636800559,8.729486444190568,8.437869750059159,-0.03691047619047622,0.412,baseline_rolling_mean_7,baseline,甘蓝,fold2_test2025,target_mean_price_next_7d,沈阳
170,0.14317030812324932,0.21064963999098443,7.9867786477325176,7.994225466443739,0.049061624649859976,0.5,baseline_rolling_mean_7,baseline,甘蓝,fold3_test2026,target_mean_price_next_7d,沈阳
248,0.8125209293394778,1.052609383814655,9.065468052522379,9.2763251940892,-0.005211021505376109,0.4032258064516129,baseline_rolling_mean_7,baseline,芸豆,fold1_test2024,target_mean_price_next_7d,沈阳
250,0.7724838095238095,1.1245698566658906,8.747455650966113,9.085741671489348,-0.07093180952380931,0.444,baseline_rolling_mean_7,baseline,芸豆,fold2_test2025,target_mean_price_next_7d,沈阳
170,0.46722184873949574,0.6032654515788999,5.631845795548766,5.503016431168233,0.08194901960784332,0.5352941176470588,baseline_rolling_mean_7,baseline,芸豆,fold3_test2026,target_mean_price_next_7d,沈阳
248,0.44011597542242714,0.6140543775898527,9.757052669184848,9.496233820092566,-0.021918202764976913,0.41935483870967744,baseline_rolling_mean_7,baseline,芹菜,fold1_test2024,target_mean_price_next_7d,沈阳
250,0.2581474285714285,0.3633995804299852,7.24856201439032,7.630905506823352,-0.01157142857142862,0.44,baseline_rolling_mean_7,baseline,芹菜,fold2_test2025,target_mean_price_next_7d,沈阳
170,0.21576022408963588,0.31392167338388943,5.806680233692578,6.013121286023428,0.046498599439775884,0.3411764705882353,baseline_rolling_mean_7,baseline,芹菜,fold3_test2026,target_mean_price_next_7d,沈阳
248,0.38349500768049155,0.500974215686913,9.446166730599025,8.9997541476765,0.018804915514592947,0.4314516129032258,baseline_rolling_mean_7,baseline,茄子,fold1_test2024,target_mean_price_next_7d,沈阳
250,0.3436636190476191,0.4819519117909084,9.263402814548066,9.285154366770788,-0.1025417142857143,0.38,baseline_rolling_mean_7,baseline,茄子,fold2_test2025,target_mean_price_next_7d,沈阳
170,0.4433254901960785,0.6356283263572409,10.243506636524573,11.07525427979693,0.19069915966386564,0.40588235294117647,baseline_rolling_mean_7,baseline,茄子,fold3_test2026,target_mean_price_next_7d,沈阳
248,0.41175614439324115,0.5745291461038079,6.964132300445133,7.4631557267192825,0.04648963133640561,0.4153225806451613,baseline_rolling_mean_7,baseline,西红柿,fold1_test2024,target_mean_price_next_7d,沈阳
250,0.35593885714285717,0.45871008925725026,6.697678704172207,6.69180936891772,-0.11792552380952369,0.388,baseline_rolling_mean_7,baseline,西红柿,fold2_test2025,target_mean_price_next_7d,沈阳
170,0.376446218487395,0.48598279559847984,6.63483671872024,7.194913894486933,0.18914481792717092,0.3764705882352941,baseline_rolling_mean_7,baseline,西红柿,fold3_test2026,target_mean_price_next_7d,沈阳
248,0.6607768817204303,0.9261958939913963,8.996921640236605,9.774164623829721,0.03842741935483887,0.3870967741935484,baseline_rolling_mean_7,baseline,青椒,fold1_test2024,target_mean_price_next_7d,沈阳
250,0.4308702857142857,0.596770673920645,7.770620341724242,8.227214176039627,-0.0738203809523809,0.376,baseline_rolling_mean_7,baseline,青椒,fold2_test2025,target_mean_price_next_7d,沈阳
170,0.48261596638655485,0.77831466079246,7.442142053396449,8.210752654352012,0.15399579831932783,0.37058823529411766,baseline_rolling_mean_7,baseline,青椒,fold3_test2026,target_mean_price_next_7d,沈阳
248,0.49435080645161283,0.7191590962570668,8.631210509357473,9.090670913298563,0.022609254992319517,0.375,baseline_rolling_mean_7,baseline,韭菜,fold1_test2024,target_mean_price_next_7d,沈阳
250,0.549604380952381,0.8194919525807872,9.374913965972624,9.747189564165193,-0.06669619047619035,0.344,baseline_rolling_mean_7,baseline,韭菜,fold2_test2025,target_mean_price_next_7d,沈阳
170,0.4483204481792718,0.5816547893131335,8.63189988305803,8.300608979488706,0.14669299719887952,0.38823529411764707,baseline_rolling_mean_7,baseline,韭菜,fold3_test2026,target_mean_price_next_7d,沈阳
248,0.6314022657450077,0.8903551458808876,12.506082021562573,13.255564448559726,0.002034370199692827,0.3709677419354839,baseline_rolling_mean_7,baseline,黄瓜,fold1_test2024,target_mean_price_next_7d,沈阳
250,0.744799619047619,1.0892941197531538,13.840211879938263,14.40111626202193,-0.07450438095238096,0.372,baseline_rolling_mean_7,baseline,黄瓜,fold2_test2025,target_mean_price_next_7d,沈阳
170,0.6690868347338935,0.9169915094252564,14.111751203253501,13.513544094172087,0.08068459383753505,0.37058823529411766,baseline_rolling_mean_7,baseline,黄瓜,fold3_test2026,target_mean_price_next_7d,沈阳
248,0.2990658602150537,0.3481876701921466,13.95600514164407,14.422687382149846,0.2785174731182795,0.4838709677419355,baseline_seasonal_median,baseline,土豆,fold1_test2024,target_mean_price_next_7d,沈阳
250,0.3438306666666666,0.4098558342745518,17.314214284324862,17.78327783091635,0.3438306666666666,0.48,baseline_seasonal_median,baseline,土豆,fold2_test2025,target_mean_price_next_7d,沈阳
170,0.19410588235294107,0.2469465291015326,8.8368188534238,8.856003392323254,0.027258823529411776,0.49411764705882355,baseline_seasonal_median,baseline,土豆,fold3_test2026,target_mean_price_next_7d,沈阳
248,1.7385309139784948,2.1355483721775994,32.9183561920813,28.82317982045163,-1.2184852150537633,0.5443548387096774,baseline_seasonal_median,baseline,尖椒,fold1_test2024,target_mean_price_next_7d,沈阳
250,1.1370333333333333,1.565317669569556,20.091453586615412,22.64667992541885,0.04176933333333335,0.48,baseline_seasonal_median,baseline,尖椒,fold2_test2025,target_mean_price_next_7d,沈阳
170,1.0458372549019608,1.7195087725726343,14.620013128771717,17.70030766147084,-0.9161117647058824,0.5941176470588235,baseline_seasonal_median,baseline,尖椒,fold3_test2026,target_mean_price_next_7d,沈阳
248,0.7575604838709677,0.9849902945594662,32.946672651424066,32.21957040572792,-0.48084005376344086,0.6209677419354839,baseline_seasonal_median,baseline,甘蓝,fold1_test2024,target_mean_price_next_7d,沈阳
250,0.7369786666666667,0.9269343311271959,37.40366331152764,39.46521391443422,0.05050666666666666,0.468,baseline_seasonal_median,baseline,甘蓝,fold2_test2025,target_mean_price_next_7d,沈阳
170,0.4194078431372548,0.4982835282344821,22.917995867618302,23.418548890373017,0.03378431372549019,0.5117647058823529,baseline_seasonal_median,baseline,甘蓝,fold3_test2026,target_mean_price_next_7d,沈阳
248,1.6211626344086023,2.06058343438303,18.373316204863407,18.50836236490021,-0.14492876344085984,0.5806451612903226,baseline_seasonal_median,baseline,芸豆,fold1_test2024,target_mean_price_next_7d,沈阳
250,1.5954426666666666,1.965195651215307,17.555342074366866,18.765156942177484,0.13032533333333363,0.548,baseline_seasonal_median,baseline,芸豆,fold2_test2025,target_mean_price_next_7d,沈阳
170,0.8141254901960786,1.0441983308971368,9.20632370038671,9.588905060131003,0.30206666666666687,0.6352941176470588,baseline_seasonal_median,baseline,芸豆,fold3_test2026,target_mean_price_next_7d,沈阳
248,1.6955322580645165,2.091349072619965,40.85449674764229,36.5839271265628,-1.5840322580645163,0.5604838709677419,baseline_seasonal_median,baseline,芹菜,fold1_test2024,target_mean_price_next_7d,沈阳
250,0.7038053333333334,0.9365465806769987,20.198578671346304,20.80466973305113,0.0460800000000001,0.52,baseline_seasonal_median,baseline,芹菜,fold2_test2025,target_mean_price_next_7d,沈阳
170,0.517427450980392,0.6153731680433526,14.892241928995956,14.420424490152788,-0.40015686274509804,0.5294117647058824,baseline_seasonal_median,baseline,芹菜,fold3_test2026,target_mean_price_next_7d,沈阳
248,0.7075403225806451,0.8966800619577446,17.639816592414327,16.604359444748656,-0.32524462365591406,0.5161290322580645,baseline_seasonal_median,baseline,茄子,fold1_test2024,target_mean_price_next_7d,沈阳
250,1.330930666666667,1.5894057908539279,33.0623777273676,35.959281129949375,0.3389040000000001,0.436,baseline_seasonal_median,baseline,茄子,fold2_test2025,target_mean_price_next_7d,沈阳
170,0.6840666666666667,0.9001858871214041,17.12086920965417,17.089502961617516,-0.11196470588235295,0.5235294117647059,baseline_seasonal_median,baseline,茄子,fold3_test2026,target_mean_price_next_7d,沈阳
248,1.1545725806451614,1.4604501217924997,22.488514745032674,20.926840035022533,-0.9011370967741934,0.5201612903225806,baseline_seasonal_median,baseline,西红柿,fold1_test2024,target_mean_price_next_7d,沈阳
250,1.0318706666666666,1.4355655726344698,18.49304742277205,19.39962905466092,-0.4281426666666666,0.472,baseline_seasonal_median,baseline,西红柿,fold2_test2025,target_mean_price_next_7d,沈阳
170,0.8713901960784313,1.4271777275494009,14.2358539646094,16.654643137275475,-0.47840980392156873,0.48823529411764705,baseline_seasonal_median,baseline,西红柿,fold3_test2026,target_mean_price_next_7d,沈阳
248,1.6867123655913978,2.1638162865740265,28.382265036332686,24.94972931167827,-1.3231048387096773,0.5161290322580645,baseline_seasonal_median,baseline,青椒,fold1_test2024,target_mean_price_next_7d,沈阳
250,1.348788,1.875155218819676,20.961103495219334,25.75431196346297,0.6179853333333334,0.472,baseline_seasonal_median,baseline,青椒,fold2_test2025,target_mean_price_next_7d,沈阳
170,0.6771705882352941,1.0406097448978993,10.792772144477238,11.520713345709469,-0.08802941176470581,0.5176470588235295,baseline_seasonal_median,baseline,青椒,fold3_test2026,target_mean_price_next_7d,沈阳
248,0.795627688172043,1.1395373552282404,13.968701710304346,14.63088436043346,-0.43953360215053755,0.5564516129032258,baseline_seasonal_median,baseline,韭菜,fold1_test2024,target_mean_price_next_7d,沈阳
250,1.1123773333333333,1.713070722675771,17.866335281332844,19.72792268520872,-0.4860733333333333,0.584,baseline_seasonal_median,baseline,韭菜,fold2_test2025,target_mean_price_next_7d,沈阳
170,0.929627450980392,1.1827156697852428,18.302004340372218,17.21196077164301,-0.8029372549019608,0.6235294117647059,baseline_seasonal_median,baseline,韭菜,fold3_test2026,target_mean_price_next_7d,沈阳
248,1.1762916666666665,1.6204827034573068,25.249303888103082,24.69489079106463,-0.5292271505376342,0.6048387096774194,baseline_seasonal_median,baseline,黄瓜,fold1_test2024,target_mean_price_next_7d,沈阳
250,1.4743066666666669,2.0744394492113876,26.417778763999834,28.506542121610867,-0.8632986666666668,0.556,baseline_seasonal_median,baseline,黄瓜,fold2_test2025,target_mean_price_next_7d,沈阳
170,1.123835294117647,1.4374855216093834,22.749095092535157,22.698096888553767,-0.9118196078431371,0.6352941176470588,baseline_seasonal_median,baseline,黄瓜,fold3_test2026,target_mean_price_next_7d,沈阳
248,0.14336690594275145,0.16792930821107233,6.915022930839683,6.918569612659442,0.10979977594340908,0.5040322580645161,catboost,per_crop,土豆,fold1_test2024,target_mean_price_next_14d,沈阳
250,0.1253514836755798,0.1728211092376319,6.989867077200299,6.472493852850215,0.11122018134541488,0.624,catboost,per_crop,土豆,fold2_test2025,target_mean_price_next_14d,沈阳
165,0.07570780662987653,0.09340533198409752,3.4993534554080905,3.453742430394054,-0.0026315127358600312,0.4727272727272727,catboost,per_crop,土豆,fold3_test2026,target_mean_price_next_14d,沈阳
248,0.6063181866443275,0.8586711389640341,9.695884150032564,10.052827744544524,-0.38029900244811154,0.5806451612903226,catboost,per_crop,尖椒,fold1_test2024,target_mean_price_next_14d,沈阳
250,0.5592364446250465,0.7547792499839427,10.06556606073815,11.054479054372973,0.2838413453713945,0.492,catboost,per_crop,尖椒,fold2_test2025,target_mean_price_next_14d,沈阳
165,0.6152060426829128,1.0043016429868563,8.698620491113552,10.42354633765823,-0.4423713104077109,0.5757575757575758,catboost,per_crop,尖椒,fold3_test2026,target_mean_price_next_14d,沈阳
248,0.27666324635245243,0.3649643941033545,11.639174695703568,11.768344381091453,-0.10176158219044795,0.6290322580645161,catboost,per_crop,甘蓝,fold1_test2024,target_mean_price_next_14d,沈阳
250,0.303666844078113,0.3449557867661902,18.784840865287084,16.136285121236323,0.18010260656989968,0.516,catboost,per_crop,甘蓝,fold2_test2025,target_mean_price_next_14d,沈阳
165,0.17694145218995602,0.21933644168491973,10.04848398115151,9.937835097264166,0.08522839999097832,0.5212121212121212,catboost,per_crop,甘蓝,fold3_test2026,target_mean_price_next_14d,沈阳
248,0.7589667052017892,0.9666451193339305,8.56919138629715,8.653847153197928,0.0670605565140539,0.6290322580645161,catboost,per_crop,芸豆,fold1_test2024,target_mean_price_next_14d,沈阳
250,0.6807573013751101,0.925077185873297,7.710919191948065,7.9763305192757485,0.13909821382991058,0.608,catboost,per_crop,芸豆,fold2_test2025,target_mean_price_next_14d,沈阳
165,0.4908202141009834,0.5707739402007773,5.7797429485799725,5.797146316721491,0.2587029043476537,0.5515151515151515,catboost,per_crop,芸豆,fold3_test2026,target_mean_price_next_14d,沈阳
248,0.9591302928960885,1.2905178193498283,20.319125587578263,20.651190045228173,-0.824329284302615,0.5120967741935484,catboost,per_crop,芹菜,fold1_test2024,target_mean_price_next_14d,沈阳
250,0.40770309256062537,0.47785556533532875,12.49559656283106,12.029476685375858,0.28837441143994175,0.588,catboost,per_crop,芹菜,fold2_test2025,target_mean_price_next_14d,沈阳
165,0.22467156531397256,0.2846801206206402,6.117570111988193,6.25266995265185,0.05194532499291899,0.5393939393939394,catboost,per_crop,芹菜,fold3_test2026,target_mean_price_next_14d,沈阳
248,0.395681442843994,0.477763607925573,10.001269139922114,9.31240628076311,-0.07179240028260694,0.5403225806451613,catboost,per_crop,茄子,fold1_test2024,target_mean_price_next_14d,沈阳
250,0.5153345811385383,0.720434726275312,13.446007009751327,13.82975814762212,0.08942476863011857,0.472,catboost,per_crop,茄子,fold2_test2025,target_mean_price_next_14d,沈阳
165,0.45928336901218714,0.625646746339424,10.787969899248465,11.470241159928115,-0.08496855339694838,0.509090909090909,catboost,per_crop,茄子,fold3_test2026,target_mean_price_next_14d,沈阳
248,0.4988720983296068,0.6920992605521532,9.020435632240167,9.086435436096673,-0.336377162294895,0.625,catboost,per_crop,西红柿,fold1_test2024,target_mean_price_next_14d,沈阳
250,0.4700601986501424,0.6866047447651775,8.040981274876934,8.76747818079284,-0.13653527363788695,0.48,catboost,per_crop,西红柿,fold2_test2025,target_mean_price_next_14d,沈阳
165,0.3281579745979412,0.48567897723267983,5.658599598202955,6.2886667214483785,-0.16014092790011053,0.7393939393939394,catboost,per_crop,西红柿,fold3_test2026,target_mean_price_next_14d,沈阳
248,0.8477359458039962,1.3239510906693706,11.631731618053502,12.586505604482415,-0.701849950152733,0.5201612903225806,catboost,per_crop,青椒,fold1_test2024,target_mean_price_next_14d,沈阳
250,0.6337737661154806,0.8400119602748172,10.466321106079226,12.032109924854911,0.37306812439172804,0.596,catboost,per_crop,青椒,fold2_test2025,target_mean_price_next_14d,沈阳
165,0.38079974924140836,0.5994407574167473,5.849157291788261,6.493367779634636,-0.1710453166305107,0.7636363636363637,catboost,per_crop,青椒,fold3_test2026,target_mean_price_next_14d,沈阳
248,0.44778389505186134,0.615820226465324,7.7277847458837,8.257197573450737,-0.014816856843579706,0.6088709677419355,catboost,per_crop,韭菜,fold1_test2024,target_mean_price_next_14d,沈阳
250,0.76461260842244,1.204817355795478,11.342987222163252,13.491198195639267,-0.4698665975516462,0.704,catboost,per_crop,韭菜,fold2_test2025,target_mean_price_next_14d,沈阳
165,0.5724125595556292,0.698715211800299,10.555144449337202,10.651865849827217,0.09725664099140678,0.49696969696969695,catboost,per_crop,韭菜,fold3_test2026,target_mean_price_next_14d,沈阳
248,0.6163072420801328,0.8806964218513331,12.391262626592741,12.952084935722985,-0.14384534700907603,0.6290322580645161,catboost,per_crop,黄瓜,fold1_test2024,target_mean_price_next_14d,沈阳
250,0.7821322311779647,1.1051156185159192,13.40990167945669,15.024068339974884,-0.4773038024807907,0.696,catboost,per_crop,黄瓜,fold2_test2025,target_mean_price_next_14d,沈阳
165,0.6511591694454861,0.8657749086904154,13.52303770162001,13.229908504696237,-0.15995748750661323,0.6303030303030303,catboost,per_crop,黄瓜,fold3_test2026,target_mean_price_next_14d,沈阳
248,0.11718459930014803,0.14438441877207128,5.52042217414132,5.655069435016067,0.0995793132194938,0.49193548387096775,elasticnet,per_crop,土豆,fold1_test2024,target_mean_price_next_14d,沈阳
250,0.06271952668914207,0.08101490420590388,3.3497832385644655,3.238507746743425,0.001657978626979843,0.58,elasticnet,per_crop,土豆,fold2_test2025,target_mean_price_next_14d,沈阳
165,0.0565168508631665,0.07531892466303042,2.576580226343701,2.5782631216969025,0.0002461425368967335,0.5212121212121212,elasticnet,per_crop,土豆,fold3_test2026,target_mean_price_next_14d,沈阳
248,1.6409559771660707,1.9810364980246298,32.622643696044406,27.20724553246514,-1.5083575459453518,0.5524193548387096,elasticnet,per_crop,尖椒,fold1_test2024,target_mean_price_next_14d,沈阳
250,0.41921967189769505,0.5639479485531286,7.8036481435206415,8.286754425100689,0.14950662012999782,0.516,elasticnet,per_crop,尖椒,fold2_test2025,target_mean_price_next_14d,沈阳
165,0.419406355944754,0.6143407818270973,6.559872074932461,7.10607712244428,-0.13900595721231554,0.6787878787878788,elasticnet,per_crop,尖椒,fold3_test2026,target_mean_price_next_14d,沈阳
248,0.3009568953283413,0.41214031317456756,12.965288700140013,12.801716291494744,-0.2122697947635667,0.6693548387096774,elasticnet,per_crop,甘蓝,fold1_test2024,target_mean_price_next_14d,沈阳
250,0.16933883011535972,0.2151957935623254,9.385177149169115,8.998347031048134,0.025006689561277447,0.548,elasticnet,per_crop,甘蓝,fold2_test2025,target_mean_price_next_14d,沈阳
165,0.1370093609892712,0.17212733719161483,7.8034647660067815,7.695067602537764,0.03651238004731499,0.5575757575757576,elasticnet,per_crop,甘蓝,fold3_test2026,target_mean_price_next_14d,沈阳
248,0.8797049335305744,1.1649474525630372,10.132090182196261,10.030521737661315,-0.1779058773534603,0.6532258064516129,elasticnet,per_crop,芸豆,fold1_test2024,target_mean_price_next_14d,沈阳
250,0.8918911495253897,1.06345372193315,10.100533025914867,10.450153941002444,0.4651504159554019,0.54,elasticnet,per_crop,芸豆,fold2_test2025,target_mean_price_next_14d,沈阳
165,0.4856431838671873,0.5884427572805337,5.764265871939333,5.735999687285337,0.22798429023533145,0.5515151515151515,elasticnet,per_crop,芸豆,fold3_test2026,target_mean_price_next_14d,沈阳
248,0.7922102228639342,1.0344459021348604,17.309011818732824,17.05720691892286,-0.7369950637609909,0.5604838709677419,elasticnet,per_crop,芹菜,fold1_test2024,target_mean_price_next_14d,沈阳
250,0.28761917863813585,0.37777323091343046,8.107291608108389,8.4863427990307,0.09976365677838482,0.524,elasticnet,per_crop,芹菜,fold2_test2025,target_mean_price_next_14d,沈阳
165,0.2311677986994254,0.31196000054683454,6.61540847484039,6.433461871014422,-0.0395186028459466,0.5696969696969697,elasticnet,per_crop,芹菜,fold3_test2026,target_mean_price_next_14d,沈阳
248,0.8691562219973529,1.1394353267239339,26.264013846781104,20.455687288533504,-0.6310926256300609,0.4637096774193548,elasticnet,per_crop,茄子,fold1_test2024,target_mean_price_next_14d,沈阳
250,0.41035740524166603,0.6000797487485134,9.987328426578127,11.012541902466166,-0.03970741336445541,0.504,elasticnet,per_crop,茄子,fold2_test2025,target_mean_price_next_14d,沈阳
165,0.3772940346331216,0.5183964702457482,9.153770619184892,9.422621974647075,0.1049796751357818,0.5333333333333333,elasticnet,per_crop,茄子,fold3_test2026,target_mean_price_next_14d,沈阳
248,0.467488844614062,0.6248101934058317,8.047758194112536,8.514822171663248,0.10777854387934488,0.45564516129032256,elasticnet,per_crop,西红柿,fold1_test2024,target_mean_price_next_14d,沈阳
250,0.313057023708357,0.3972375150278915,5.827272520324525,5.839083233570716,-0.04479803323451127,0.576,elasticnet,per_crop,西红柿,fold2_test2025,target_mean_price_next_14d,沈阳
165,0.30500287133545395,0.38306061578840594,5.823250977874638,5.844933097431131,0.10865088680306054,0.6121212121212121,elasticnet,per_crop,西红柿,fold3_test2026,target_mean_price_next_14d,沈阳
248,1.2803380449049224,1.575561463638041,21.35506700083821,19.009435730066098,-1.1494438872906978,0.5201612903225806,elasticnet,per_crop,青椒,fold1_test2024,target_mean_price_next_14d,沈阳
250,0.807867780337873,0.9976123038479369,14.118466447845112,15.337261429029667,0.7173992838272811,0.568,elasticnet,per_crop,青椒,fold2_test2025,target_mean_price_next_14d,沈阳
165,0.4494721163786642,0.6332012426944459,7.578254307466141,7.664363656098853,-0.15541467544706458,0.6242424242424243,elasticnet,per_crop,青椒,fold3_test2026,target_mean_price_next_14d,沈阳
248,0.6650210886281366,0.8982196882717375,11.816365230658356,12.26308176777514,-0.11200476635114699,0.5,elasticnet,per_crop,韭菜,fold1_test2024,target_mean_price_next_14d,沈阳
250,0.5150322344457386,0.6887286041158378,9.093641138127047,9.08748021614037,0.09337547792190312,0.568,elasticnet,per_crop,韭菜,fold2_test2025,target_mean_price_next_14d,沈阳
165,0.47243988181050645,0.5558725611343092,9.22439838512664,8.79150214149813,0.20872904043054744,0.5575757575757576,elasticnet,per_crop,韭菜,fold3_test2026,target_mean_price_next_14d,沈阳
248,0.7784361329622422,1.0903255864883847,16.493188957765554,16.359325710879435,-0.31356673193745616,0.7056451612903226,elasticnet,per_crop,黄瓜,fold1_test2024,target_mean_price_next_14d,沈阳
250,0.7383788914754381,0.9563836023930151,14.105491631128883,14.183605385516579,-0.11649998473393197,0.524,elasticnet,per_crop,黄瓜,fold2_test2025,target_mean_price_next_14d,沈阳
165,0.6532661237030584,0.8346289650299612,14.321327788102359,13.272716489839098,0.04450528254515575,0.5333333333333333,elasticnet,per_crop,黄瓜,fold3_test2026,target_mean_price_next_14d,沈阳
248,0.11489346470419236,0.13869347142212984,5.572717575996437,5.54450434965096,0.08593445228978291,0.5161290322580645,elasticnet_tuned,per_crop,土豆,fold1_test2024,target_mean_price_next_14d,沈阳
250,0.10431587089309,0.1404764547217687,5.819865411915186,5.386325022348156,0.0927113324306882,0.604,elasticnet_tuned,per_crop,土豆,fold2_test2025,target_mean_price_next_14d,沈阳
165,0.04803951158740597,0.05921062002634433,2.1911972633605967,2.191532246020127,0.015361193394221206,0.5757575757575758,elasticnet_tuned,per_crop,土豆,fold3_test2026,target_mean_price_next_14d,沈阳
248,0.6757312366144737,0.8836109124559108,11.525237440990056,11.203704379855937,-0.471517958511483,0.5806451612903226,elasticnet_tuned,per_crop,尖椒,fold1_test2024,target_mean_price_next_14d,沈阳
250,0.3989377789653023,0.5291783805045799,7.4020959978598,7.885840352423442,0.059657376891156716,0.548,elasticnet_tuned,per_crop,尖椒,fold2_test2025,target_mean_price_next_14d,沈阳
165,0.4063988592091659,0.5943689116510397,6.146213824044942,6.885688771951072,-0.06733434031204005,0.6848484848484848,elasticnet_tuned,per_crop,尖椒,fold3_test2026,target_mean_price_next_14d,沈阳
248,0.227027679428816,0.29084087446161266,9.928955677566167,9.657010646635374,-0.0544494647688614,0.6088709677419355,elasticnet_tuned,per_crop,甘蓝,fold1_test2024,target_mean_price_next_14d,沈阳
250,0.17813057924992895,0.22261968625179654,10.431323968358445,9.46552404927176,0.022657388427349517,0.492,elasticnet_tuned,per_crop,甘蓝,fold2_test2025,target_mean_price_next_14d,沈阳
165,0.1571337586630401,0.199821467313869,8.680376637403102,8.825345121109155,0.06912501593911431,0.5393939393939394,elasticnet_tuned,per_crop,甘蓝,fold3_test2026,target_mean_price_next_14d,沈阳
248,0.7208576872756375,0.973178312984916,8.213129626266573,8.219322668749411,0.014055287247036436,0.6532258064516129,elasticnet_tuned,per_crop,芸豆,fold1_test2024,target_mean_price_next_14d,沈阳
250,0.7291173410907777,0.9323906812379649,8.32851077150913,8.542957803211287,0.18405460545366883,0.564,elasticnet_tuned,per_crop,芸豆,fold2_test2025,target_mean_price_next_14d,沈阳
165,0.48136960695700987,0.5855834665992035,5.7224662385236496,5.685523871635731,0.22524512979158703,0.5151515151515151,elasticnet_tuned,per_crop,芸豆,fold3_test2026,target_mean_price_next_14d,沈阳
248,0.47312132833690634,0.6302314704630742,10.135381126698087,10.186852128749083,-0.27449019224834637,0.5403225806451613,elasticnet_tuned,per_crop,芹菜,fold1_test2024,target_mean_price_next_14d,沈阳
250,0.2511450733229122,0.3378257300335557,7.2372962268282315,7.410156703031973,0.06248971336580884,0.568,elasticnet_tuned,per_crop,芹菜,fold2_test2025,target_mean_price_next_14d,沈阳
165,0.2236593869127846,0.3015811164821124,5.9380268510093535,6.224500756131647,0.03800948712620067,0.5151515151515151,elasticnet_tuned,per_crop,芹菜,fold3_test2026,target_mean_price_next_14d,沈阳
248,0.4108574498518905,0.5314511736587518,10.382015918085791,9.66957527499608,-0.1287696154434276,0.5524193548387096,elasticnet_tuned,per_crop,茄子,fold1_test2024,target_mean_price_next_14d,沈阳
250,0.38839450399058173,0.5447537198002326,10.033551082871456,10.423135284630543,0.017003503864075526,0.464,elasticnet_tuned,per_crop,茄子,fold2_test2025,target_mean_price_next_14d,沈阳
165,0.3582823055840854,0.47706943671399,8.95662180933463,8.947818984221637,0.10078578967687538,0.6,elasticnet_tuned,per_crop,茄子,fold3_test2026,target_mean_price_next_14d,沈阳
248,0.3760101328801547,0.5277786865302326,6.523091872639218,6.84863276012743,-0.013889497650976612,0.5645161290322581,elasticnet_tuned,per_crop,西红柿,fold1_test2024,target_mean_price_next_14d,沈阳
250,0.3631339505269221,0.4827552021767614,6.558093990606424,6.773109055164911,-0.17621459161547148,0.544,elasticnet_tuned,per_crop,西红柿,fold2_test2025,target_mean_price_next_14d,沈阳
165,0.28198112498354866,0.4038585621664797,5.17739304218742,5.403755063192493,-0.010488805279585605,0.7212121212121212,elasticnet_tuned,per_crop,西红柿,fold3_test2026,target_mean_price_next_14d,沈阳
248,0.5795068877575121,0.79656799367466,8.435004608725444,8.604054985162227,-0.21662061696168697,0.5645161290322581,elasticnet_tuned,per_crop,青椒,fold1_test2024,target_mean_price_next_14d,沈阳
250,0.4272413305888727,0.5944546186088012,7.510381444683977,8.111119344043528,0.19061872656964282,0.636,elasticnet_tuned,per_crop,青椒,fold2_test2025,target_mean_price_next_14d,沈阳
165,0.40480441822353874,0.6135519844258199,6.1259881761616395,6.902693532710553,-0.03872135998339098,0.6424242424242425,elasticnet_tuned,per_crop,青椒,fold3_test2026,target_mean_price_next_14d,沈阳
248,0.44140111807629673,0.6394370751657688,7.814565527834646,8.13949827444311,-0.023812153627061395,0.6008064516129032,elasticnet_tuned,per_crop,韭菜,fold1_test2024,target_mean_price_next_14d,沈阳
250,0.5013126348568202,0.7388580734513804,8.27245079617218,8.845404902210094,-0.18588298473285816,0.632,elasticnet_tuned,per_crop,韭菜,fold2_test2025,target_mean_price_next_14d,沈阳
165,0.35706138140280025,0.4768259457248434,6.844886564457582,6.644455771217215,-0.08380448316480735,0.7878787878787878,elasticnet_tuned,per_crop,韭菜,fold3_test2026,target_mean_price_next_14d,沈阳
248,0.5502488638981058,0.8205212201909495,11.19761059214306,11.563826504681414,-0.09453305434847759,0.6814516129032258,elasticnet_tuned,per_crop,黄瓜,fold1_test2024,target_mean_price_next_14d,沈阳
250,0.7801090321712254,1.0283462911171224,14.313995093631704,14.985204476639598,-0.2323186222554699,0.532,elasticnet_tuned,per_crop,黄瓜,fold2_test2025,target_mean_price_next_14d,沈阳
165,0.5983768019329634,0.8171879862042734,13.253071261984855,12.157504205380922,-0.2290313726580154,0.6787878787878788,elasticnet_tuned,per_crop,黄瓜,fold3_test2026,target_mean_price_next_14d,沈阳
248,0.11921153695436527,0.14970538687442325,5.634158350552757,5.752884960635504,0.07989096552846134,0.5120967741935484,extra_trees,per_crop,土豆,fold1_test2024,target_mean_price_next_14d,沈阳
250,0.11668393662433854,0.1653696586670101,6.588358904470036,6.024947135703714,0.08636627275925929,0.612,extra_trees,per_crop,土豆,fold2_test2025,target_mean_price_next_14d,沈阳
165,0.06840817743441477,0.08566798450967751,3.152130712072495,3.120737946434265,0.0035151357809179956,0.47878787878787876,extra_trees,per_crop,土豆,fold3_test2026,target_mean_price_next_14d,沈阳
248,0.6522662318988419,0.8269180385727751,10.324462459365751,10.814651807086012,0.05297932833168055,0.6209677419354839,extra_trees,per_crop,尖椒,fold1_test2024,target_mean_price_next_14d,沈阳
250,0.5418627862394183,0.7363929578563582,9.924466607440595,10.711052325718821,0.28105614731878403,0.54,extra_trees,per_crop,尖椒,fold2_test2025,target_mean_price_next_14d,沈阳
165,0.4998423248256361,0.8896529383390785,6.6922189161928545,8.468918171904596,-0.35595024497153993,0.7151515151515152,extra_trees,per_crop,尖椒,fold3_test2026,target_mean_price_next_14d,沈阳
248,0.2617232106308139,0.34989627957304453,11.033622511976143,11.132844408630104,0.009753515357745553,0.6129032258064516,extra_trees,per_crop,甘蓝,fold1_test2024,target_mean_price_next_14d,沈阳
250,0.2160734416455025,0.25561458458576475,13.365120382822182,11.481736414469319,0.11587339189153434,0.544,extra_trees,per_crop,甘蓝,fold2_test2025,target_mean_price_next_14d,沈阳
165,0.16763017736892744,0.21981921547754033,9.25893842254758,9.414871639174368,0.08414017794612837,0.5333333333333333,extra_trees,per_crop,甘蓝,fold3_test2026,target_mean_price_next_14d,沈阳
248,0.7714353808177065,0.9686979366090934,8.603871476551399,8.796016779669573,0.1543492391393049,0.5766129032258065,extra_trees,per_crop,芸豆,fold1_test2024,target_mean_price_next_14d,沈阳
250,0.7939861986878309,1.0745152012749581,8.75839757655655,9.303016413756872,0.2192735602380954,0.576,extra_trees,per_crop,芸豆,fold2_test2025,target_mean_price_next_14d,沈阳
165,0.633256661992945,0.7555884195645165,7.19636319344709,7.4794831592988205,0.4014202910373579,0.47878787878787876,extra_trees,per_crop,芸豆,fold3_test2026,target_mean_price_next_14d,沈阳
248,0.6899534866698146,0.9883308474712522,14.17874094816417,14.855500531177364,-0.5162699635056657,0.5483870967741935,extra_trees,per_crop,芹菜,fold1_test2024,target_mean_price_next_14d,沈阳
250,0.37655348631349217,0.458600755494011,11.344895461586308,11.110392506359466,0.25209003748015824,0.608,extra_trees,per_crop,芹菜,fold2_test2025,target_mean_price_next_14d,沈阳
165,0.26328170722302396,0.34495419180561193,7.021559993202751,7.327200562900534,-0.015436089947089665,0.4666666666666667,extra_trees,per_crop,芹菜,fold3_test2026,target_mean_price_next_14d,沈阳
248,0.40376161204050365,0.4955504303053349,10.008861253533048,9.502573951590353,-0.0319640379504289,0.5161290322580645,extra_trees,per_crop,茄子,fold1_test2024,target_mean_price_next_14d,沈阳
250,0.5939956719312165,0.7600293246664569,15.443230209917536,15.940743711384304,0.2107474525952381,0.52,extra_trees,per_crop,茄子,fold2_test2025,target_mean_price_next_14d,沈阳
165,0.4110426364037191,0.5389393099925835,10.273214688306599,10.265466778611353,-0.037343610966810395,0.5636363636363636,extra_trees,per_crop,茄子,fold3_test2026,target_mean_price_next_14d,沈阳
248,0.4412167532975439,0.6154140762984407,7.929931520311902,8.036303404391854,-0.1427329845416778,0.5604838709677419,extra_trees,per_crop,西红柿,fold1_test2024,target_mean_price_next_14d,沈阳
250,0.423552664021605,0.5769346491140444,7.4156269588030375,7.900028019581355,-0.1575877913108462,0.492,extra_trees,per_crop,西红柿,fold2_test2025,target_mean_price_next_14d,沈阳
165,0.26522086395903505,0.3447911913565721,5.136403793425817,5.0825692200729335,0.04612327497394533,0.7272727272727273,extra_trees,per_crop,西红柿,fold3_test2026,target_mean_price_next_14d,沈阳
248,0.7537516734124319,1.199351093246748,9.914115016529568,11.191102263330322,-0.38889001588234867,0.6008064516129032,extra_trees,per_crop,青椒,fold1_test2024,target_mean_price_next_14d,沈阳
250,0.842035137436509,1.1465909930637295,13.558734052437224,15.985924119775454,0.6170918489603181,0.528,extra_trees,per_crop,青椒,fold2_test2025,target_mean_price_next_14d,沈阳
165,0.2976883443061571,0.4395442145596073,5.315323275063632,5.07615855089483,0.02784106490901054,0.7757575757575758,extra_trees,per_crop,青椒,fold3_test2026,target_mean_price_next_14d,沈阳
248,0.5014639291788954,0.6903502623300404,8.559901050835158,9.247064901048935,0.05831293638583499,0.5362903225806451,extra_trees,per_crop,韭菜,fold1_test2024,target_mean_price_next_14d,沈阳
250,0.7047130591044977,1.1064628019811027,10.542603679194814,12.4343013006938,-0.38125253486640165,0.716,extra_trees,per_crop,韭菜,fold2_test2025,target_mean_price_next_14d,沈阳
165,0.5544148844676918,0.7011714559859704,9.992826895176133,10.316952128167593,0.02930818177408824,0.4666666666666667,extra_trees,per_crop,韭菜,fold3_test2026,target_mean_price_next_14d,沈阳
248,0.6288378288210444,0.8869397513185261,12.345121647876537,13.215423109739818,0.006687929320808575,0.6814516129032258,extra_trees,per_crop,黄瓜,fold1_test2024,target_mean_price_next_14d,沈阳
250,0.7756802004550258,1.0608993101208795,13.876661148328775,14.900130536814594,-0.45235855006084624,0.66,extra_trees,per_crop,黄瓜,fold2_test2025,target_mean_price_next_14d,沈阳
165,0.5341890724947891,0.7447856311902262,11.252730066053125,10.85337177902747,-0.08191040049302611,0.7333333333333333,extra_trees,per_crop,黄瓜,fold3_test2026,target_mean_price_next_14d,沈阳
248,0.1113562361648475,0.14495611330616964,5.239728647034637,5.373805528159231,0.07289440131994972,0.5,extra_trees_tuned,per_crop,土豆,fold1_test2024,target_mean_price_next_14d,沈阳
250,0.11496567319688418,0.16080286124493978,6.493537597696214,5.93622501494638,0.0807807245123149,0.588,extra_trees_tuned,per_crop,土豆,fold2_test2025,target_mean_price_next_14d,沈阳
165,0.06126015433757758,0.07743230308718031,2.8162221145979225,2.7946496371575713,0.0011744576944079268,0.47878787878787876,extra_trees_tuned,per_crop,土豆,fold3_test2026,target_mean_price_next_14d,沈阳
248,0.5779373213681424,0.745239860387539,9.19473944466497,9.582269618222018,0.0042113665623921106,0.6209677419354839,extra_trees_tuned,per_crop,尖椒,fold1_test2024,target_mean_price_next_14d,沈阳
250,0.5030882184007663,0.682229045634457,9.371892353057207,9.944591820266375,0.2333915829396482,0.54,extra_trees_tuned,per_crop,尖椒,fold2_test2025,target_mean_price_next_14d,沈阳
165,0.5100101362212641,0.888335918322329,6.834705235058247,8.64119322429631,-0.3739200244194078,0.703030303030303,extra_trees_tuned,per_crop,尖椒,fold3_test2026,target_mean_price_next_14d,沈阳
248,0.232606102890288,0.3095570278069803,9.94627013776667,9.894298429756844,-0.01009926599574013,0.6088709677419355,extra_trees_tuned,per_crop,甘蓝,fold1_test2024,target_mean_price_next_14d,沈阳
250,0.20293418272206004,0.24276453806208936,12.661313484236494,10.78354090052023,0.10370513817902954,0.54,extra_trees_tuned,per_crop,甘蓝,fold2_test2025,target_mean_price_next_14d,沈阳
165,0.167425761733247,0.21745480399490735,9.267960048282482,9.40339072922618,0.06911830054324972,0.49696969696969695,extra_trees_tuned,per_crop,甘蓝,fold3_test2026,target_mean_price_next_14d,沈阳
248,0.7601238664932517,0.9440167395435121,8.526323163402386,8.66704127209574,0.18428807019962393,0.6008064516129032,extra_trees_tuned,per_crop,芸豆,fold1_test2024,target_mean_price_next_14d,沈阳
250,0.7622407441709192,1.0466238775471912,8.420938669678355,8.931059716120224,0.21953975905025602,0.572,extra_trees_tuned,per_crop,芸豆,fold2_test2025,target_mean_price_next_14d,沈阳
165,0.5674542738896902,0.6792965733787113,6.554719438178505,6.702281933952024,0.31931062067177324,0.5151515151515151,extra_trees_tuned,per_crop,芸豆,fold3_test2026,target_mean_price_next_14d,沈阳
248,0.674546397349442,0.969528627548229,13.855441696268706,14.523767989774578,-0.5107758394473046,0.5564516129032258,extra_trees_tuned,per_crop,芹菜,fold1_test2024,target_mean_price_next_14d,沈阳
250,0.33791508832769096,0.41328451655552967,10.12455698903947,9.97034790966229,0.20165452105697057,0.588,extra_trees_tuned,per_crop,芹菜,fold2_test2025,target_mean_price_next_14d,沈阳
165,0.24471508294976885,0.31576758545959255,6.55085845496119,6.810486427075981,0.0024115805032537603,0.43636363636363634,extra_trees_tuned,per_crop,芹菜,fold3_test2026,target_mean_price_next_14d,沈阳
248,0.40071080576422097,0.48876001855984985,9.894381770768724,9.430772890301137,-0.014150865839934502,0.5120967741935484,extra_trees_tuned,per_crop,茄子,fold1_test2024,target_mean_price_next_14d,沈阳
250,0.5318773938297139,0.689422296240704,13.73746207640561,14.273708751703296,0.17015739552605147,0.52,extra_trees_tuned,per_crop,茄子,fold2_test2025,target_mean_price_next_14d,沈阳
165,0.41741295154052116,0.5618016700031992,10.266626254031621,10.42456039230134,-0.026725813927878525,0.5818181818181818,extra_trees_tuned,per_crop,茄子,fold3_test2026,target_mean_price_next_14d,沈阳
248,0.4278768499410919,0.6077382618550075,7.564978082488421,7.793330965207482,-0.12414963973051293,0.5564516129032258,extra_trees_tuned,per_crop,西红柿,fold1_test2024,target_mean_price_next_14d,沈阳
250,0.41624147033649284,0.5568943141474128,7.368666539659871,7.763660951504016,-0.16098070047098012,0.504,extra_trees_tuned,per_crop,西红柿,fold2_test2025,target_mean_price_next_14d,沈阳
165,0.2621494444069609,0.3455966270356903,4.9826280123228495,5.023709965019329,0.049818400411973725,0.7333333333333333,extra_trees_tuned,per_crop,西红柿,fold3_test2026,target_mean_price_next_14d,沈阳
248,0.7163954565587264,1.1756511569089731,9.301546324840668,10.636467019751615,-0.3421190018659916,0.6451612903225806,extra_trees_tuned,per_crop,青椒,fold1_test2024,target_mean_price_next_14d,沈阳
250,0.7207776156778571,0.9677498283041237,11.94392725118955,13.683866336667814,0.5082471892559535,0.536,extra_trees_tuned,per_crop,青椒,fold2_test2025,target_mean_price_next_14d,沈阳
165,0.3110864486049139,0.45333211646178667,5.357806772657838,5.304621985902449,0.00563953878882544,0.7272727272727273,extra_trees_tuned,per_crop,青椒,fold3_test2026,target_mean_price_next_14d,沈阳
248,0.49788272223647634,0.6959471490043087,8.433257349061568,9.18102694478983,0.04563996638521359,0.532258064516129,extra_trees_tuned,per_crop,韭菜,fold1_test2024,target_mean_price_next_14d,沈阳
250,0.697887932896487,1.0919700090393982,10.399191788588334,12.313875441417817,-0.3898238738735855,0.708,extra_trees_tuned,per_crop,韭菜,fold2_test2025,target_mean_price_next_14d,沈阳
165,0.48843861372156744,0.6205333175545789,9.016154609272059,9.089218086473668,-0.027869395419184772,0.5393939393939394,extra_trees_tuned,per_crop,韭菜,fold3_test2026,target_mean_price_next_14d,沈阳
248,0.6093147704871332,0.8588682537307897,11.992812851443725,12.80513374028111,0.00745604594376745,0.6653225806451613,extra_trees_tuned,per_crop,黄瓜,fold1_test2024,target_mean_price_next_14d,沈阳
250,0.7939311531940456,1.0831373077350506,14.145291463538001,15.250715195380202,-0.4395272139466202,0.608,extra_trees_tuned,per_crop,黄瓜,fold2_test2025,target_mean_price_next_14d,沈阳
165,0.5427937472212097,0.7643969658325249,11.521831541757505,11.028197020972781,-0.13827188390604359,0.7454545454545455,extra_trees_tuned,per_crop,黄瓜,fold3_test2026,target_mean_price_next_14d,沈阳
248,0.10145955058345707,0.1363691881045594,4.955534611809589,4.896213383171502,-0.013541720268189188,0.5,catboost,pooled,土豆,fold1_test2024,target_mean_price_next_14d,沈阳
250,0.09275983065573774,0.11673929280166495,4.947428257776855,4.78963165098662,0.045811474019989,0.548,catboost,pooled,土豆,fold2_test2025,target_mean_price_next_14d,沈阳
165,0.08583197208603287,0.10723653005507354,3.9944068490073668,3.9156004786558576,-0.03369455114041703,0.41818181818181815,catboost,pooled,土豆,fold3_test2026,target_mean_price_next_14d,沈阳
248,0.5999302056395825,0.8076734366245035,9.605404244128449,9.946914258703806,-0.14703977285702924,0.5524193548387096,catboost,pooled,尖椒,fold1_test2024,target_mean_price_next_14d,沈阳
250,0.42349049048906895,0.5629926363457406,8.034519022473807,8.371176095249572,0.14593919356965762,0.56,catboost,pooled,尖椒,fold2_test2025,target_mean_price_next_14d,沈阳
165,0.31017471641203526,0.43349878547467147,5.453206954891663,5.25534585972403,0.08355012494757606,0.696969696969697,catboost,pooled,尖椒,fold3_test2026,target_mean_price_next_14d,沈阳
248,0.304487511763251,0.3952884905689225,13.077864941835657,12.95189710022648,-0.06906684878183113,0.532258064516129,catboost,pooled,甘蓝,fold1_test2024,target_mean_price_next_14d,沈阳
250,0.25667014778811814,0.30646234981158116,16.044883958179557,13.63896904646448,0.1598686784584244,0.524,catboost,pooled,甘蓝,fold2_test2025,target_mean_price_next_14d,沈阳
165,0.16430580094086683,0.21384172278681654,8.94229078232733,9.228159569535473,0.03617369157149508,0.5151515151515151,catboost,pooled,甘蓝,fold3_test2026,target_mean_price_next_14d,沈阳
248,0.7748299877092757,1.035216026341666,8.731624772827123,8.834722573986365,-0.2035779298146744,0.6451612903225806,catboost,pooled,芸豆,fold1_test2024,target_mean_price_next_14d,沈阳
250,0.7135556090468699,0.954176827994542,8.135657683475332,8.360623338367674,-0.01060504820101069,0.556,catboost,pooled,芸豆,fold2_test2025,target_mean_price_next_14d,沈阳
165,0.5448375037336355,0.6764678489561274,6.269433418593764,6.435152092842151,0.2964394049829344,0.5636363636363636,catboost,pooled,芸豆,fold3_test2026,target_mean_price_next_14d,沈阳
248,0.5182645527826049,0.6852969248876366,11.032823099911838,11.158838223013245,-0.1817605966258157,0.5161290322580645,catboost,pooled,芹菜,fold1_test2024,target_mean_price_next_14d,沈阳
250,0.2991057569558142,0.36369093694540255,8.720391216885531,8.825259840840257,0.1492110094476901,0.564,catboost,pooled,芹菜,fold2_test2025,target_mean_price_next_14d,沈阳
165,0.2151086032199286,0.3057830112577536,6.006634383670375,5.98653015138142,0.03362012836968946,0.5212121212121212,catboost,pooled,芹菜,fold3_test2026,target_mean_price_next_14d,沈阳
248,0.4213460966026456,0.524488970909072,10.117997308897168,9.916426729985714,-0.06607832867875822,0.5564516129032258,catboost,pooled,茄子,fold1_test2024,target_mean_price_next_14d,沈阳
250,0.38319303527777526,0.48470520290339414,10.481620698120842,10.283546254622875,0.05299847538062666,0.464,catboost,pooled,茄子,fold2_test2025,target_mean_price_next_14d,沈阳
165,0.3916475274130481,0.5251087696249552,9.564860122029776,9.78108917546722,0.09493175307256159,0.4666666666666667,catboost,pooled,茄子,fold3_test2026,target_mean_price_next_14d,沈阳
248,0.4306497730999695,0.5981242738850613,7.610332540313205,7.843836871103529,-0.06123082346802002,0.5403225806451613,catboost,pooled,西红柿,fold1_test2024,target_mean_price_next_14d,沈阳
250,0.36901094228303627,0.4860478285386518,6.722289143444648,6.8827256471214255,0.030879122724133467,0.508,catboost,pooled,西红柿,fold2_test2025,target_mean_price_next_14d,沈阳
165,0.2918154929171343,0.3651098620363996,5.516699162045289,5.592216313985475,0.08689904204356665,0.7454545454545455,catboost,pooled,西红柿,fold3_test2026,target_mean_price_next_14d,沈阳
248,0.6734905903683102,0.99118252534838,9.25008728833495,9.99944986666501,-0.2630721275708951,0.5725806451612904,catboost,pooled,青椒,fold1_test2024,target_mean_price_next_14d,沈阳
250,0.4979897841525524,0.6538926591591039,8.80298151242968,9.454269243587618,0.2568463375127414,0.564,catboost,pooled,青椒,fold2_test2025,target_mean_price_next_14d,沈阳
165,0.3896040730951759,0.6097304726240124,6.410454267425488,6.643498426903734,0.11308831963625805,0.7212121212121212,catboost,pooled,青椒,fold3_test2026,target_mean_price_next_14d,沈阳
248,0.5009495449656576,0.7286267923514868,8.368058974094126,9.23757958430507,-0.016495236771354234,0.592741935483871,catboost,pooled,韭菜,fold1_test2024,target_mean_price_next_14d,沈阳
250,0.5998728333776582,0.849614891879542,9.771816674198368,10.584449168285728,-0.13417701743307425,0.604,catboost,pooled,韭菜,fold2_test2025,target_mean_price_next_14d,沈阳
165,0.414306755199429,0.5327013139478615,8.108352913053238,7.709718983957124,0.08428008291089852,0.4909090909090909,catboost,pooled,韭菜,fold3_test2026,target_mean_price_next_14d,沈阳
248,0.5925389837791275,0.8767694141192671,11.698549516658465,12.452580014687516,-0.0738605892637058,0.6895161290322581,catboost,pooled,黄瓜,fold1_test2024,target_mean_price_next_14d,沈阳
250,0.6471466554150238,0.9058413681362061,12.132351361020653,12.431114828624413,-0.16883663691714987,0.66,catboost,pooled,黄瓜,fold2_test2025,target_mean_price_next_14d,沈阳
165,0.6080302388459209,0.8127038741781897,13.063055715594214,12.35363764418828,0.08221223060195196,0.6181818181818182,catboost,pooled,黄瓜,fold3_test2026,target_mean_price_next_14d,沈阳
248,0.20490188050844568,0.24309255316093628,9.955990111336522,9.888111309513707,-0.006791210454935455,0.5201612903225806,elasticnet,pooled,土豆,fold1_test2024,target_mean_price_next_14d,沈阳
250,0.16881017728219833,0.20843005016668942,8.539130044978407,8.716473094051155,0.09978625529790636,0.716,elasticnet,pooled,土豆,fold2_test2025,target_mean_price_next_14d,沈阳
165,0.1338204635567757,0.16308328413781908,6.200770202674575,6.104805219104669,-0.03234575845864008,0.6,elasticnet,pooled,土豆,fold3_test2026,target_mean_price_next_14d,沈阳
248,0.5325387737514701,0.7231515884672863,8.770173835088436,8.829556291958843,-0.21372222085384493,0.6169354838709677,elasticnet,pooled,尖椒,fold1_test2024,target_mean_price_next_14d,沈阳
250,0.37482875792008585,0.5148686569538753,6.993286088856501,7.409275080743997,0.02323205034866467,0.544,elasticnet,pooled,尖椒,fold2_test2025,target_mean_price_next_14d,沈阳
165,0.3824463277548369,0.5516551910824006,6.1956419878169005,6.479856734883291,0.09288153469547966,0.6484848484848484,elasticnet,pooled,尖椒,fold3_test2026,target_mean_price_next_14d,沈阳
248,0.2925100734008002,0.3749348224796971,14.813736584755716,12.442416273586248,-0.15478737611340088,0.5604838709677419,elasticnet,pooled,甘蓝,fold1_test2024,target_mean_price_next_14d,沈阳
250,0.19205588559012424,0.24936645432696913,10.695240378521898,10.205488644972403,0.06740589371813167,0.616,elasticnet,pooled,甘蓝,fold2_test2025,target_mean_price_next_14d,沈阳
165,0.17057941304482993,0.22142724888108684,10.651955867868303,9.580514101397537,0.005534717643654383,0.5151515151515151,elasticnet,pooled,甘蓝,fold3_test2026,target_mean_price_next_14d,沈阳
248,0.6812186225886376,0.9023422637852218,7.7743487823007635,7.767352371836559,-0.09627624354284749,0.6935483870967742,elasticnet,pooled,芸豆,fold1_test2024,target_mean_price_next_14d,沈阳
250,0.6584813699846543,0.8917617038589697,7.510479045629601,7.715326794400412,0.0060891026053819675,0.592,elasticnet,pooled,芸豆,fold2_test2025,target_mean_price_next_14d,沈阳
165,0.46487208323099427,0.5816646924283306,5.579996074183686,5.490669307468128,0.1440298366802613,0.5515151515151515,elasticnet,pooled,芸豆,fold3_test2026,target_mean_price_next_14d,沈阳
248,0.4298912122911183,0.5867660921692263,9.521549086238695,9.256057482024733,-0.21589945648048542,0.5967741935483871,elasticnet,pooled,芹菜,fold1_test2024,target_mean_price_next_14d,沈阳
250,0.27389326739346,0.3602891850139894,7.847255683651976,8.081353157509122,0.11057577830239618,0.544,elasticnet,pooled,芹菜,fold2_test2025,target_mean_price_next_14d,沈阳
165,0.22472931300163596,0.31536574819011565,6.250129174057781,6.254277086295948,0.005643190024356218,0.6060606060606061,elasticnet,pooled,芹菜,fold3_test2026,target_mean_price_next_14d,沈阳
248,0.37196170454506794,0.49154578924008724,9.480472379615692,8.75415963081833,-0.08938358479101745,0.5645161290322581,elasticnet,pooled,茄子,fold1_test2024,target_mean_price_next_14d,沈阳
250,0.375358364692484,0.4991610525979478,9.861901501651953,10.073291396271463,0.06571777515424748,0.496,elasticnet,pooled,茄子,fold2_test2025,target_mean_price_next_14d,沈阳
165,0.3974443714083154,0.5466169253721799,9.614391277197752,9.925860798126243,0.09624100099924238,0.5272727272727272,elasticnet,pooled,茄子,fold3_test2026,target_mean_price_next_14d,沈阳
248,0.37951254387780853,0.5172385394551694,6.640388485295021,6.912425526865467,-0.02381606450906808,0.5524193548387096,elasticnet,pooled,西红柿,fold1_test2024,target_mean_price_next_14d,沈阳
250,0.32434075162128145,0.4138200429836025,5.9681420530266225,6.049545294725144,0.017849805541329842,0.58,elasticnet,pooled,西红柿,fold2_test2025,target_mean_price_next_14d,沈阳
165,0.3330541282119754,0.4221794116715403,6.239300426776713,6.3824943309507844,0.18589394213135782,0.5393939393939394,elasticnet,pooled,西红柿,fold3_test2026,target_mean_price_next_14d,沈阳
248,0.5541371047447259,0.7748949593327585,7.841834396289232,8.22738472875108,-0.11152819499153971,0.5887096774193549,elasticnet,pooled,青椒,fold1_test2024,target_mean_price_next_14d,沈阳
250,0.3816455018928726,0.5481028745070304,6.802677875011821,7.245488653225121,0.11470679121472774,0.644,elasticnet,pooled,青椒,fold2_test2025,target_mean_price_next_14d,沈阳
165,0.42604967440689645,0.6526505609001442,6.798635247693195,7.264965992831432,0.14853270477360977,0.6545454545454545,elasticnet,pooled,青椒,fold3_test2026,target_mean_price_next_14d,沈阳
248,0.49172817427898263,0.7003241054414101,8.615332082496744,9.0675362207556,-0.0006679640561505961,0.5040322580645161,elasticnet,pooled,韭菜,fold1_test2024,target_mean_price_next_14d,沈阳
250,0.47095823833908457,0.7143191701249194,7.937459576785022,8.30981710909913,0.007871092379993002,0.552,elasticnet,pooled,韭菜,fold2_test2025,target_mean_price_next_14d,沈阳
165,0.42046216343314813,0.5612524077477056,7.922447821070722,7.824263260916033,0.14596251471329907,0.5515151515151515,elasticnet,pooled,韭菜,fold3_test2026,target_mean_price_next_14d,沈阳
248,0.5456231485240451,0.8251634573049539,10.977513435219974,11.466614182121162,-0.1117337461350201,0.7016129032258065,elasticnet,pooled,黄瓜,fold1_test2024,target_mean_price_next_14d,沈阳
250,0.5743748459760993,0.8479617036934748,11.000139692703872,11.033232738293759,-0.07714398356911625,0.76,elasticnet,pooled,黄瓜,fold2_test2025,target_mean_price_next_14d,沈阳
165,0.5882529929479976,0.8224269278262947,12.77811984934338,11.95181399494562,-0.0101605845634784,0.7636363636363637,elasticnet,pooled,黄瓜,fold3_test2026,target_mean_price_next_14d,沈阳
248,0.2103442156327441,0.2407971025245466,9.848565793392085,10.150746358831961,0.18105634599976314,0.5443548387096774,elasticnet_tuned,pooled,土豆,fold1_test2024,target_mean_price_next_14d,沈阳
250,0.20834499416589397,0.2272746694844364,10.335254624902777,10.757843899964717,0.20807108038579963,0.572,elasticnet_tuned,pooled,土豆,fold2_test2025,target_mean_price_next_14d,沈阳
165,0.16270610891875426,0.1843062217085759,7.078234302987243,7.422550157928599,0.15474751461928396,0.44242424242424244,elasticnet_tuned,pooled,土豆,fold3_test2026,target_mean_price_next_14d,沈阳
248,0.5387751481796056,0.733492190836705,8.59092783552503,8.93295612270366,-0.11658501874586677,0.5887096774193549,elasticnet_tuned,pooled,尖椒,fold1_test2024,target_mean_price_next_14d,沈阳
250,0.38419003109668665,0.5149769612448801,7.172459773329379,7.594320242316719,-0.04393500988050387,0.62,elasticnet_tuned,pooled,尖椒,fold2_test2025,target_mean_price_next_14d,沈阳
165,0.42984736603267854,0.6150566415253499,6.603979743760544,7.282981029286319,0.05170787899131357,0.6181818181818182,elasticnet_tuned,pooled,尖椒,fold3_test2026,target_mean_price_next_14d,沈阳
248,0.25836550917680123,0.32578335688505444,11.419277889651894,10.99001883436003,0.12033183220787178,0.5685483870967742,elasticnet_tuned,pooled,甘蓝,fold1_test2024,target_mean_price_next_14d,沈阳
250,0.2140136744532837,0.2546549673359076,12.078284968695167,11.372284258775755,0.17010263788850025,0.488,elasticnet_tuned,pooled,甘蓝,fold2_test2025,target_mean_price_next_14d,沈阳
165,0.21096176297743272,0.27033645143721113,11.652186823427524,11.848570170245623,0.1780935243630323,0.4727272727272727,elasticnet_tuned,pooled,甘蓝,fold3_test2026,target_mean_price_next_14d,沈阳
248,0.6939617045937215,0.9751803778808796,7.929938221215359,7.912650819287351,-0.27383826638648034,0.657258064516129,elasticnet_tuned,pooled,芸豆,fold1_test2024,target_mean_price_next_14d,沈阳
250,0.7161408844814889,1.0129913821355192,8.220088912954454,8.390914620309465,-0.24750869355245453,0.604,elasticnet_tuned,pooled,芸豆,fold2_test2025,target_mean_price_next_14d,沈阳
165,0.40466026140470035,0.553076050256374,5.0265579602845865,4.779499043703128,-0.11288396003388701,0.6545454545454545,elasticnet_tuned,pooled,芸豆,fold3_test2026,target_mean_price_next_14d,沈阳
248,0.4142297585183118,0.5566785623604308,9.045077099992382,8.918848178302092,-0.07282222520379168,0.5725806451612904,elasticnet_tuned,pooled,芹菜,fold1_test2024,target_mean_price_next_14d,沈阳
250,0.26522847495972995,0.33581959954521634,7.584650933107406,7.825694271258025,0.11350506472431235,0.52,elasticnet_tuned,pooled,芹菜,fold2_test2025,target_mean_price_next_14d,沈阳
165,0.20238760104475254,0.3010101862402589,5.464617081502643,5.632501247202171,0.06917672995083123,0.5757575757575758,elasticnet_tuned,pooled,芹菜,fold3_test2026,target_mean_price_next_14d,沈阳
248,0.3526799915832214,0.47002812436717367,8.57876207899219,8.300362395347355,0.018115490941635833,0.6048387096774194,elasticnet_tuned,pooled,茄子,fold1_test2024,target_mean_price_next_14d,沈阳
250,0.3706749680968911,0.48786050507713113,9.871515412612428,9.947605590200876,0.040981320664176486,0.432,elasticnet_tuned,pooled,茄子,fold2_test2025,target_mean_price_next_14d,沈阳
165,0.3977927755776857,0.5555077586287485,9.61858916584246,9.934561918422403,0.14690753273909574,0.5454545454545454,elasticnet_tuned,pooled,茄子,fold3_test2026,target_mean_price_next_14d,沈阳
248,0.3673226954001397,0.5242945869116634,6.40212117038364,6.690400138917315,-0.03459538252692638,0.5685483870967742,elasticnet_tuned,pooled,西红柿,fold1_test2024,target_mean_price_next_14d,沈阳
250,0.3374414580553611,0.43995266903263447,6.176630523621775,6.293897312070168,-0.11773178489675731,0.576,elasticnet_tuned,pooled,西红柿,fold2_test2025,target_mean_price_next_14d,沈阳
165,0.3046900397422198,0.4009031197608671,5.702124753501512,5.83893813835022,0.09326149461186374,0.6121212121212121,elasticnet_tuned,pooled,西红柿,fold3_test2026,target_mean_price_next_14d,沈阳
248,0.5742236950846799,0.827054944036888,8.086202182913873,8.52561436398142,-0.12867190237472423,0.5564516129032258,elasticnet_tuned,pooled,青椒,fold1_test2024,target_mean_price_next_14d,沈阳
250,0.3785661442852322,0.5398254110528565,6.703610272998945,7.187027462159796,-0.029616186249307036,0.628,elasticnet_tuned,pooled,青椒,fold2_test2025,target_mean_price_next_14d,沈阳
165,0.45748789961012876,0.6962936610966877,6.850478642460398,7.801048169855533,0.051301720098140116,0.5878787878787879,elasticnet_tuned,pooled,青椒,fold3_test2026,target_mean_price_next_14d,沈阳
248,0.4585316890648988,0.656645667113853,8.163728138852054,8.45538839635678,-0.03140842817834558,0.5282258064516129,elasticnet_tuned,pooled,韭菜,fold1_test2024,target_mean_price_next_14d,沈阳
250,0.4835885785750249,0.7362262014435907,8.218734074090412,8.532672999159582,-0.11006528073283973,0.664,elasticnet_tuned,pooled,韭菜,fold2_test2025,target_mean_price_next_14d,沈阳
165,0.38831088113479856,0.5131416728710879,7.545143487548721,7.225969005793803,0.04031968104258093,0.6848484848484848,elasticnet_tuned,pooled,韭菜,fold3_test2026,target_mean_price_next_14d,沈阳
248,0.5371712430195741,0.8088495745309687,10.718216552532315,11.288992063657751,-0.0270819296992622,0.657258064516129,elasticnet_tuned,pooled,黄瓜,fold1_test2024,target_mean_price_next_14d,沈阳
250,0.6462527577535024,0.9478492667711929,12.344613758048387,12.413943845227635,-0.10539015306854907,0.592,elasticnet_tuned,pooled,黄瓜,fold2_test2025,target_mean_price_next_14d,沈阳
165,0.6322133025036671,0.8435679820190758,13.872229401185221,12.844976374513895,-0.016554452621307805,0.5575757575757576,elasticnet_tuned,pooled,黄瓜,fold3_test2026,target_mean_price_next_14d,沈阳
248,0.10009498510838045,0.12932746673846243,4.849388820741287,4.830362473100812,0.01400520787997177,0.45161290322580644,extra_trees,pooled,土豆,fold1_test2024,target_mean_price_next_14d,沈阳
250,0.0648016508796298,0.08447091268273542,3.4381332880849955,3.346017730898706,0.03507706316005355,0.616,extra_trees,pooled,土豆,fold2_test2025,target_mean_price_next_14d,沈阳
165,0.07093378121635849,0.09168557228075014,3.292261130571373,3.2359543994310744,-0.0281888238089508,0.5333333333333333,extra_trees,pooled,土豆,fold3_test2026,target_mean_price_next_14d,沈阳
248,0.5768338605604094,0.7549014407846707,9.163174844861784,9.5639741066122,-0.01701964259979259,0.5887096774193549,extra_trees,pooled,尖椒,fold1_test2024,target_mean_price_next_14d,沈阳
250,0.42004825389285716,0.5597432399096851,8.063001624110322,8.303133082819413,0.08975525181613718,0.576,extra_trees,pooled,尖椒,fold2_test2025,target_mean_price_next_14d,沈阳
165,0.32960005842752904,0.4627239028303333,5.848158505987239,5.584472914036337,0.09617758740380075,0.7151515151515152,extra_trees,pooled,尖椒,fold3_test2026,target_mean_price_next_14d,沈阳
248,0.22552355110612773,0.32018854495601545,9.722284344408752,9.593029975808578,0.044251659027320846,0.5,extra_trees,pooled,甘蓝,fold1_test2024,target_mean_price_next_14d,沈阳
250,0.23206666663492076,0.274344934820728,13.841446212530345,12.331586318961858,0.16015948820370385,0.476,extra_trees,pooled,甘蓝,fold2_test2025,target_mean_price_next_14d,沈阳
165,0.1635848533461027,0.21228395606951136,9.106608905521412,9.187667880211915,0.08176103470504344,0.5333333333333333,extra_trees,pooled,甘蓝,fold3_test2026,target_mean_price_next_14d,沈阳
248,0.7906948317172303,1.0501126644222782,8.78769220638932,9.015615799226943,-0.3001807005168334,0.592741935483871,extra_trees,pooled,芸豆,fold1_test2024,target_mean_price_next_14d,沈阳
250,0.7282546954999995,0.9759270651797541,8.223503109455686,8.532850315066625,0.024143294523809863,0.588,extra_trees,pooled,芸豆,fold2_test2025,target_mean_price_next_14d,沈阳
165,0.5455643615339918,0.666736130650495,6.3095898011216445,6.443737112160955,0.2936622645121859,0.5212121212121212,extra_trees,pooled,芸豆,fold3_test2026,target_mean_price_next_14d,沈阳
248,0.4537756716963217,0.628980722375539,9.933253391344266,9.770317654972716,0.01358204550424488,0.5483870967741935,extra_trees,pooled,芹菜,fold1_test2024,target_mean_price_next_14d,沈阳
250,0.28031817116534385,0.36602932391967435,7.970045769472185,8.270923046823041,0.1601186933478839,0.612,extra_trees,pooled,芹菜,fold2_test2025,target_mean_price_next_14d,沈阳
165,0.23181863716530363,0.3350039220283726,6.296975658006855,6.451574880170432,0.091865668474426,0.503030303030303,extra_trees,pooled,芹菜,fold3_test2026,target_mean_price_next_14d,沈阳
248,0.4190278710650814,0.5209515145136829,9.866139434070366,9.86186703696329,0.043903583126653406,0.5201612903225806,extra_trees,pooled,茄子,fold1_test2024,target_mean_price_next_14d,沈阳
250,0.3659422421666665,0.4651844281675612,10.154585779175376,9.820595959196913,0.09999619589418011,0.548,extra_trees,pooled,茄子,fold2_test2025,target_mean_price_next_14d,沈阳
165,0.4004847468895305,0.5741324943309899,9.630988655988451,10.001791786137575,0.09935855971220153,0.49696969696969695,extra_trees,pooled,茄子,fold3_test2026,target_mean_price_next_14d,沈阳
248,0.4634821018718536,0.6320333735191305,7.985087823300746,8.44184352772219,0.027276741438118722,0.4717741935483871,extra_trees,pooled,西红柿,fold1_test2024,target_mean_price_next_14d,沈阳
250,0.351704082003968,0.4618476171786974,6.455700313373998,6.559921205667966,-0.0017058474298940354,0.612,extra_trees,pooled,西红柿,fold2_test2025,target_mean_price_next_14d,沈阳
165,0.28903395127866033,0.3760857749820054,5.624321178912884,5.538912144377449,0.1261008286916787,0.7212121212121212,extra_trees,pooled,西红柿,fold3_test2026,target_mean_price_next_14d,沈阳
248,0.6865461885827363,0.9981947762654279,9.36186702201118,10.193288951711592,-0.18892116110631102,0.5967741935483871,extra_trees,pooled,青椒,fold1_test2024,target_mean_price_next_14d,沈阳
250,0.4266563288373021,0.5864897068348531,7.450427410041703,8.100013164271727,0.15818473378174602,0.656,extra_trees,pooled,青椒,fold2_test2025,target_mean_price_next_14d,沈阳
165,0.39057691501523206,0.5910336715871767,6.636260616822795,6.660087251846384,0.148653636022928,0.7515151515151515,extra_trees,pooled,青椒,fold3_test2026,target_mean_price_next_14d,沈阳
248,0.5128985930859575,0.7345352503707705,8.517543224871533,9.457921700746216,0.057569394403908444,0.5443548387096774,extra_trees,pooled,韭菜,fold1_test2024,target_mean_price_next_14d,沈阳
250,0.49261612405820104,0.7482249836706556,8.130074260967982,8.691959419488121,-0.12234398405555508,0.66,extra_trees,pooled,韭菜,fold2_test2025,target_mean_price_next_14d,沈阳
165,0.4214781050785638,0.5692209325055126,7.939489417531326,7.843168635959903,0.06632384674122212,0.5333333333333333,extra_trees,pooled,韭菜,fold3_test2026,target_mean_price_next_14d,沈阳
248,0.5606719956130525,0.8153116929410673,10.935195195230929,11.782875183734035,0.05431707258331148,0.6653225806451613,extra_trees,pooled,黄瓜,fold1_test2024,target_mean_price_next_14d,沈阳
250,0.6271666335740743,0.9137431670369239,11.627531210840676,12.047316282027612,-0.160760722198413,0.684,extra_trees,pooled,黄瓜,fold2_test2025,target_mean_price_next_14d,沈阳
165,0.6142068926867882,0.8378752141783316,13.033781804477524,12.479131638612781,0.04104255752164498,0.6484848484848484,extra_trees,pooled,黄瓜,fold3_test2026,target_mean_price_next_14d,沈阳
248,0.09964174344966834,0.12905934491129653,4.794228508079745,4.808490033666224,0.02467100655624915,0.42338709677419356,extra_trees_tuned,pooled,土豆,fold1_test2024,target_mean_price_next_14d,沈阳
250,0.06219953610257336,0.0817607142979521,3.3086617913850827,3.211658157281712,0.03081193601523195,0.636,extra_trees_tuned,pooled,土豆,fold2_test2025,target_mean_price_next_14d,沈阳
165,0.06368344933103537,0.08151235634622703,2.9412879984699902,2.9051988276945986,-0.019409184849052043,0.5151515151515151,extra_trees_tuned,pooled,土豆,fold3_test2026,target_mean_price_next_14d,沈阳
248,0.5489284689017058,0.7269129447708131,8.718241126653366,9.101299389494473,-0.01603825707305161,0.5806451612903226,extra_trees_tuned,pooled,尖椒,fold1_test2024,target_mean_price_next_14d,沈阳
250,0.4026001323971502,0.5272139341567246,7.761214361789332,7.958234434910713,0.06377684774975957,0.596,extra_trees_tuned,pooled,尖椒,fold2_test2025,target_mean_price_next_14d,沈阳
165,0.35362466264203957,0.5074931554381471,5.992728838314663,5.991526092808382,0.09837842589286666,0.703030303030303,extra_trees_tuned,pooled,尖椒,fold3_test2026,target_mean_price_next_14d,沈阳
248,0.22930118507210853,0.31701513417451554,10.001848378868912,9.753718097716666,0.048398409378336095,0.4838709677419355,extra_trees_tuned,pooled,甘蓝,fold1_test2024,target_mean_price_next_14d,沈阳
250,0.21945910042112715,0.2652965058766544,12.77427142281782,11.661643955882179,0.13792592638610246,0.464,extra_trees_tuned,pooled,甘蓝,fold2_test2025,target_mean_price_next_14d,沈阳
165,0.1705663497439113,0.22443267754422772,9.522852649751577,9.579780407123254,0.0961579647212265,0.47878787878787876,extra_trees_tuned,pooled,甘蓝,fold3_test2026,target_mean_price_next_14d,沈阳
248,0.7456324215686773,1.0156303281398609,8.319787182612144,8.501807740049152,-0.29820548420120724,0.6088709677419355,extra_trees_tuned,pooled,芸豆,fold1_test2024,target_mean_price_next_14d,沈阳
250,0.6984228659970679,0.9545285346065875,7.938203576226097,8.183315272799115,-0.03081934024911063,0.588,extra_trees_tuned,pooled,芸豆,fold2_test2025,target_mean_price_next_14d,沈阳
165,0.5025475061244947,0.6173837441045681,5.878329126416296,5.935659005901869,0.20911179966396312,0.5393939393939394,extra_trees_tuned,pooled,芸豆,fold3_test2026,target_mean_price_next_14d,沈阳
248,0.43930757376334884,0.6143429339262575,9.63334374129423,9.458802689571487,0.023717344015553327,0.5483870967741935,extra_trees_tuned,pooled,芹菜,fold1_test2024,target_mean_price_next_14d,沈阳
250,0.2647028312021761,0.34559544326056046,7.454515375922069,7.81018489828125,0.13911162567303872,0.6,extra_trees_tuned,pooled,芹菜,fold2_test2025,target_mean_price_next_14d,沈阳
165,0.22392527781407068,0.33737683570865995,6.064730785702666,6.231900571265491,0.0935423341603425,0.48484848484848486,extra_trees_tuned,pooled,芹菜,fold3_test2026,target_mean_price_next_14d,沈阳
248,0.4163870402824326,0.5165476831838062,9.794021559941173,9.79971479401247,0.06758440689824811,0.5241935483870968,extra_trees_tuned,pooled,茄子,fold1_test2024,target_mean_price_next_14d,沈阳
250,0.3595920169748283,0.46190480550021584,9.73164433041777,9.650178366820263,0.0660354458377264,0.564,extra_trees_tuned,pooled,茄子,fold2_test2025,target_mean_price_next_14d,沈阳
165,0.39848248005458264,0.5720908725245467,9.549811140497704,9.951786745648578,0.10899617318939803,0.48484848484848486,extra_trees_tuned,pooled,茄子,fold3_test2026,target_mean_price_next_14d,沈阳
248,0.4409330088695801,0.6070343740181929,7.618219303366108,8.031135295304018,0.020329617965351213,0.47580645161290325,extra_trees_tuned,pooled,西红柿,fold1_test2024,target_mean_price_next_14d,沈阳
250,0.3537709436026777,0.45922234342845986,6.5108417558713345,6.598471936024297,-0.013820347483458513,0.604,extra_trees_tuned,pooled,西红柿,fold2_test2025,target_mean_price_next_14d,沈阳
165,0.2750442639758242,0.36509228419656337,5.272767287207927,5.270820286812193,0.1160887157595685,0.7272727272727273,extra_trees_tuned,pooled,西红柿,fold3_test2026,target_mean_price_next_14d,沈阳
248,0.6227718858233068,0.9337138517508907,8.498900187603383,9.246419088428587,-0.141520968341944,0.6169354838709677,extra_trees_tuned,pooled,青椒,fold1_test2024,target_mean_price_next_14d,沈阳
250,0.3810311994082722,0.5333400297476548,6.72576284562081,7.233826202967632,0.09176796306253866,0.656,extra_trees_tuned,pooled,青椒,fold2_test2025,target_mean_price_next_14d,沈阳
165,0.3965669343378821,0.6298654082925131,6.464539606898459,6.762228596599283,0.1293316680138171,0.7272727272727273,extra_trees_tuned,pooled,青椒,fold3_test2026,target_mean_price_next_14d,沈阳
248,0.4868866694197937,0.7041913019496933,8.118729975117223,8.978258194866537,0.0455304595807738,0.5604838709677419,extra_trees_tuned,pooled,韭菜,fold1_test2024,target_mean_price_next_14d,沈阳
250,0.4915764988358701,0.7435414297253428,8.214952096164991,8.673615764453986,-0.11250694224604572,0.652,extra_trees_tuned,pooled,韭菜,fold2_test2025,target_mean_price_next_14d,沈阳
165,0.40179971922622315,0.5433472001855452,7.706079823817069,7.476979035922135,0.05436962282936095,0.5393939393939394,extra_trees_tuned,pooled,韭菜,fold3_test2026,target_mean_price_next_14d,沈阳
248,0.5400524246862006,0.7844791944792192,10.59080311945394,11.349541911385394,0.03281549336905969,0.7096774193548387,extra_trees_tuned,pooled,黄瓜,fold1_test2024,target_mean_price_next_14d,沈阳
250,0.6509841101546436,0.9396115245917314,12.168261023459019,12.504828939821156,-0.14323042037256875,0.676,extra_trees_tuned,pooled,黄瓜,fold2_test2025,target_mean_price_next_14d,沈阳
165,0.62206582675202,0.8454646144384593,13.328081166895242,12.638805315197876,0.02026432029271225,0.6,extra_trees_tuned,pooled,黄瓜,fold3_test2026,target_mean_price_next_14d,沈阳
248,0.07979000256016386,0.10744751093584141,3.8118203963125747,3.8504889498501402,0.002553635432667712,0.024193548387096774,baseline_last_value,baseline,土豆,fold1_test2024,target_mean_price_next_14d,沈阳
250,0.06681546031746029,0.08535375989252243,3.6189363275078406,3.450000299153771,-0.006279841269841227,0.024,baseline_last_value,baseline,土豆,fold2_test2025,target_mean_price_next_14d,沈阳
165,0.051070177970177995,0.06623323813950378,2.331072623783613,2.3297893365962787,0.0009183742183742344,0.024242424242424242,baseline_last_value,baseline,土豆,fold3_test2026,target_mean_price_next_14d,沈阳
248,0.5737364311315923,0.7565403385370699,8.977542941897758,9.512618357791414,0.013196364567332359,0.0,baseline_last_value,baseline,尖椒,fold1_test2024,target_mean_price_next_14d,沈阳
250,0.3942881904761906,0.5209201080439061,7.550297721500823,7.7939315023147895,-0.08155269841269841,0.0,baseline_last_value,baseline,尖椒,fold2_test2025,target_mean_price_next_14d,沈阳
165,0.4356950937950939,0.6371151101712282,6.771283959144022,7.382060129738139,0.17549576719576718,0.0,baseline_last_value,baseline,尖椒,fold3_test2026,target_mean_price_next_14d,沈阳
248,0.22118068356374807,0.2986736028081047,9.980255828344234,9.408298676967823,0.000783026113671319,0.0,baseline_last_value,baseline,甘蓝,fold1_test2024,target_mean_price_next_14d,沈阳
250,0.14720514285714284,0.20730263325898649,8.24889759006808,7.82220450726641,-0.03268819047619046,0.0,baseline_last_value,baseline,甘蓝,fold2_test2025,target_mean_price_next_14d,沈阳
165,0.13682563732563735,0.198602982069299,7.61665329721065,7.68474884766116,0.038183790283790306,0.006060606060606061,baseline_last_value,baseline,甘蓝,fold3_test2026,target_mean_price_next_14d,沈阳
248,0.7721618023553508,0.9857991445370441,8.648801326520285,8.804299542157677,-0.01616801075268825,0.0,baseline_last_value,baseline,芸豆,fold1_test2024,target_mean_price_next_14d,沈阳
250,0.7371933015873015,1.044758153404565,8.387165416189477,8.637582613038179,-0.07343780952380968,0.008,baseline_last_value,baseline,芸豆,fold2_test2025,target_mean_price_next_14d,沈阳
165,0.4668391534391535,0.5900838186955027,5.6584487472495635,5.513902649299515,0.0786289562289562,0.0,baseline_last_value,baseline,芸豆,fold3_test2026,target_mean_price_next_14d,沈阳
248,0.4140565476190476,0.567894814933635,9.183871468208697,8.915118746310313,-0.01886658346134151,0.0,baseline_last_value,baseline,芹菜,fold1_test2024,target_mean_price_next_14d,沈阳
250,0.24786342857142857,0.34384009149974026,6.948326941779072,7.313330189453864,-0.0125605714285714,0.0,baseline_last_value,baseline,芹菜,fold2_test2025,target_mean_price_next_14d,沈阳
165,0.20817570947570951,0.3017683003350785,5.624439243768627,5.793585858057841,0.033456613756613705,0.006060606060606061,baseline_last_value,baseline,芹菜,fold3_test2026,target_mean_price_next_14d,沈阳
248,0.3633672555043522,0.48733523229345765,8.826416172383027,8.551888327288902,0.014496735791090709,0.0,baseline_last_value,baseline,茄子,fold1_test2024,target_mean_price_next_14d,沈阳
250,0.3387947301587302,0.4757887607495907,9.026348402976613,9.092052719288676,-0.07299326984126984,0.0,baseline_last_value,baseline,茄子,fold2_test2025,target_mean_price_next_14d,沈阳
165,0.37867768157768167,0.5436188688059518,9.032816686912673,9.45717746958789,0.13005180375180378,0.0,baseline_last_value,baseline,茄子,fold3_test2026,target_mean_price_next_14d,沈阳
248,0.37742210701484896,0.5311818253070649,6.418771995965448,6.874350397684823,0.0518019073220687,0.0,baseline_last_value,baseline,西红柿,fold1_test2024,target_mean_price_next_14d,沈阳
250,0.3364911111111111,0.4311315629987633,6.28705491647897,6.276171611996387,-0.1028471111111111,0.004,baseline_last_value,baseline,西红柿,fold2_test2025,target_mean_price_next_14d,沈阳
165,0.33290134680134686,0.4376786148722301,6.019793415842795,6.379566499092203,0.15024083694083692,0.0,baseline_last_value,baseline,西红柿,fold3_test2026,target_mean_price_next_14d,沈阳
248,0.5905216333845366,0.8426370096551519,8.152756968135586,8.767593122541793,0.044159050179211436,0.0,baseline_last_value,baseline,青椒,fold1_test2024,target_mean_price_next_14d,沈阳
250,0.3879286984126984,0.5408130894177424,6.996236196368125,7.364774296222586,-0.06607352380952371,0.0,baseline_last_value,baseline,青椒,fold2_test2025,target_mean_price_next_14d,沈阳
165,0.43440880230880247,0.708325198366389,6.648882313846845,7.40750519327001,0.13543737373737386,0.0,baseline_last_value,baseline,青椒,fold3_test2026,target_mean_price_next_14d,沈阳
248,0.4619522209421402,0.6660604773910176,8.129476144401544,8.518463481970114,0.015837909626216107,0.004032258064516129,baseline_last_value,baseline,韭菜,fold1_test2024,target_mean_price_next_14d,沈阳
250,0.502294888888889,0.7526893811992892,8.618980592054301,8.86273627195097,-0.06517222222222216,0.004,baseline_last_value,baseline,韭菜,fold2_test2025,target_mean_price_next_14d,沈阳
165,0.4179285233285233,0.5488653993071261,8.133885291901938,7.777115458067059,0.12241808561808565,0.006060606060606061,baseline_last_value,baseline,韭菜,fold3_test2026,target_mean_price_next_14d,沈阳
248,0.5799709101382489,0.8443670937598562,11.558581936263897,12.188454029852966,-0.004814804147465433,0.0,baseline_last_value,baseline,黄瓜,fold1_test2024,target_mean_price_next_14d,沈阳
250,0.6831530793650793,1.0045156084190883,12.829538689782527,13.122766383872303,-0.07426177777777779,0.004,baseline_last_value,baseline,黄瓜,fold2_test2025,target_mean_price_next_14d,沈阳
165,0.6360763828763829,0.8664097173757179,13.935428173257671,12.923464403670945,0.05873400673400672,0.0,baseline_last_value,baseline,黄瓜,fold3_test2026,target_mean_price_next_14d,沈阳
248,0.609014400921659,0.6908874600337537,24.896648873579117,29.389687251610923,0.609014400921659,0.4879032258064516,baseline_previous_year_same_period,baseline,土豆,fold1_test2024,target_mean_price_next_14d,沈阳
250,0.23274955555555557,0.29611445440757445,12.129128467928364,12.017967585336482,0.13753082539682543,0.504,baseline_previous_year_same_period,baseline,土豆,fold2_test2025,target_mean_price_next_14d,沈阳
165,0.3181783549783549,0.39986264058744353,16.296631947774006,14.515096050716448,-0.20558624338624343,0.4909090909090909,baseline_previous_year_same_period,baseline,土豆,fold3_test2026,target_mean_price_next_14d,沈阳
248,2.118817556323605,2.6293907978540805,45.24321512795037,35.1302474262294,-1.9513578789042496,0.6370967741935484,baseline_previous_year_same_period,baseline,尖椒,fold1_test2024,target_mean_price_next_14d,沈阳
250,1.930200412698413,2.3655526687280353,32.83765874510497,38.15445191026994,1.0926524126984127,0.46,baseline_previous_year_same_period,baseline,尖椒,fold2_test2025,target_mean_price_next_14d,沈阳
165,1.445970274170274,2.1722321836624032,21.296701547479532,24.499333735346053,-1.3180907166907165,0.6666666666666666,baseline_previous_year_same_period,baseline,尖椒,fold3_test2026,target_mean_price_next_14d,沈阳
248,0.794973150281618,1.047331204601436,37.402987663454326,33.81554264825217,-0.6877706413210445,0.6330645161290323,baseline_previous_year_same_period,baseline,甘蓝,fold1_test2024,target_mean_price_next_14d,沈阳
250,1.0025721587301586,1.1372820396393846,45.80412682461109,53.27479941709338,0.4959281587301588,0.496,baseline_previous_year_same_period,baseline,甘蓝,fold2_test2025,target_mean_price_next_14d,沈阳
165,0.4956319865319864,0.666764886170123,29.779654639243162,27.83694205129808,-0.40988056758056757,0.509090909090909,baseline_previous_year_same_period,baseline,甘蓝,fold3_test2026,target_mean_price_next_14d,沈阳
248,1.99457466077829,2.461457930346263,22.65868072058606,22.742426158770364,0.04620132488479261,0.5645161290322581,baseline_previous_year_same_period,baseline,芸豆,fold1_test2024,target_mean_price_next_14d,沈阳
250,2.2314039047619043,2.6821766226156267,24.897364129199147,26.145022654081224,0.2848665714285713,0.548,baseline_previous_year_same_period,baseline,芸豆,fold2_test2025,target_mean_price_next_14d,沈阳
165,1.1345242905242905,1.3712949474990181,13.219241967638354,13.40002535162656,-0.1897504569504567,0.6060606060606061,baseline_previous_year_same_period,baseline,芸豆,fold3_test2026,target_mean_price_next_14d,沈阳
248,2.052277169738863,2.4190477237491734,52.02874805331265,44.18791291617759,-1.8288331733230927,0.532258064516129,baseline_previous_year_same_period,baseline,芹菜,fold1_test2024,target_mean_price_next_14d,沈阳
250,1.653581365079365,2.070467920811951,39.43801485765309,48.78971693263846,1.2792751428571427,0.532,baseline_previous_year_same_period,baseline,芹菜,fold2_test2025,target_mean_price_next_14d,沈阳
165,0.6955788840788841,0.8096867707758084,21.79380093428538,19.358147000494775,-0.663824001924002,0.5454545454545454,baseline_previous_year_same_period,baseline,芹菜,fold3_test2026,target_mean_price_next_14d,沈阳
248,1.3149144905273935,1.6823165191775007,42.5323297824285,30.94665717007504,-0.9251100230414745,0.49193548387096775,baseline_previous_year_same_period,baseline,茄子,fold1_test2024,target_mean_price_next_14d,沈阳
250,1.6272466031746033,1.880297221118789,39.19135804066802,43.66954555761606,0.5967910476190476,0.424,baseline_previous_year_same_period,baseline,茄子,fold2_test2025,target_mean_price_next_14d,沈阳
165,0.9606864838864839,1.257503954653631,24.246547439606285,23.99238986807068,-0.9300987974987975,0.6606060606060606,baseline_previous_year_same_period,baseline,茄子,fold3_test2026,target_mean_price_next_14d,沈阳
248,1.4245457949308757,1.8500923461947285,28.84001061188209,25.946617248676496,-1.0407411354326679,0.47580645161290325,baseline_previous_year_same_period,baseline,西红柿,fold1_test2024,target_mean_price_next_14d,沈阳
250,1.0802993968253969,1.572203133730985,17.561467623694238,20.149549818489966,0.25427273015873014,0.62,baseline_previous_year_same_period,baseline,西红柿,fold2_test2025,target_mean_price_next_14d,沈阳
165,1.0893459355459356,1.7750227389444404,18.423128024079656,20.875718596831426,-0.6026227994227997,0.6424242424242425,baseline_previous_year_same_period,baseline,西红柿,fold3_test2026,target_mean_price_next_14d,沈阳
248,2.145636456733231,2.584824300356376,40.98400047391057,31.85669478984041,-1.8863721198156682,0.5645161290322581,baseline_previous_year_same_period,baseline,青椒,fold1_test2024,target_mean_price_next_14d,沈阳
250,2.322735238095238,3.0481616528438864,34.874204639770156,44.09681688529156,1.6522174603174606,0.524,baseline_previous_year_same_period,baseline,青椒,fold2_test2025,target_mean_price_next_14d,沈阳
165,1.2989709956709954,1.882068274298211,19.243790434148732,22.149952637239736,-0.8819111592111593,0.5696969696969697,baseline_previous_year_same_period,baseline,青椒,fold3_test2026,target_mean_price_next_14d,沈阳
248,1.1479628136200715,1.4752560808720996,20.761757250202866,21.16859463634239,-0.3391612903225807,0.4153225806451613,baseline_previous_year_same_period,baseline,韭菜,fold1_test2024,target_mean_price_next_14d,沈阳
250,1.444344253968254,1.964632045412686,22.725406560827068,25.484715237984524,-0.15779352380952366,0.588,baseline_previous_year_same_period,baseline,韭菜,fold2_test2025,target_mean_price_next_14d,沈阳
165,1.0635997594997597,1.2286844825131082,21.272162061371972,19.792231611575783,-0.7549573352573352,0.5636363636363636,baseline_previous_year_same_period,baseline,韭菜,fold3_test2026,target_mean_price_next_14d,沈阳
248,1.2455784050179213,1.795101257966504,27.742411210045038,26.17661483490547,-0.48315905017921146,0.6129032258064516,baseline_previous_year_same_period,baseline,黄瓜,fold1_test2024,target_mean_price_next_14d,沈阳
250,1.9779182222222222,2.5569720263332454,35.34198783193013,37.994059517011124,-0.3932053333333334,0.492,baseline_previous_year_same_period,baseline,黄瓜,fold2_test2025,target_mean_price_next_14d,沈阳
165,1.2858208754208753,1.6710880354258966,27.10210996030889,26.124630249364483,-0.9707171717171716,0.6242424242424243,baseline_previous_year_same_period,baseline,黄瓜,fold3_test2026,target_mean_price_next_14d,沈阳
248,0.1703894649257552,0.21611464711811113,8.09093490127232,8.222618508788667,0.01177675371223763,0.4838709677419355,baseline_rolling_mean_30,baseline,土豆,fold1_test2024,target_mean_price_next_14d,沈阳
250,0.16199971428571427,0.20079962949691227,8.77577344411757,8.364816467521775,-0.015098507936507903,0.404,baseline_rolling_mean_30,baseline,土豆,fold2_test2025,target_mean_price_next_14d,沈阳
165,0.08598061568061562,0.1032251640404131,3.92751105287693,3.9223815057714178,-0.008499807599807589,0.4303030303030303,baseline_rolling_mean_30,baseline,土豆,fold3_test2026,target_mean_price_next_14d,沈阳
248,1.1961625064004098,1.4555435085315107,19.29839014237266,19.832516814112715,0.037061955965181824,0.3790322580645161,baseline_rolling_mean_30,baseline,尖椒,fold1_test2024,target_mean_price_next_14d,沈阳
250,0.8874050793650794,1.0960410136483925,16.66789647777533,17.54141912042709,-0.2559286984126984,0.424,baseline_rolling_mean_30,baseline,尖椒,fold2_test2025,target_mean_price_next_14d,沈阳
165,1.3042849927849929,1.6749125948744807,18.873657673519272,22.098734597140215,0.6193099086099085,0.37575757575757573,baseline_rolling_mean_30,baseline,尖椒,fold3_test2026,target_mean_price_next_14d,沈阳
248,0.5747555043522785,0.7031458914066243,25.137127934371158,24.448208424217977,-0.019120199692780303,0.3870967741935484,baseline_rolling_mean_30,baseline,甘蓝,fold1_test2024,target_mean_price_next_14d,沈阳
250,0.36936158730158736,0.4671070401551009,20.446781433216188,19.627180252835565,-0.1309921904761905,0.384,baseline_rolling_mean_30,baseline,甘蓝,fold2_test2025,target_mean_price_next_14d,沈阳
165,0.34454280904280904,0.4671833564699151,18.25643776351695,19.351088045438654,0.20628884078884085,0.4909090909090909,baseline_rolling_mean_30,baseline,甘蓝,fold3_test2026,target_mean_price_next_14d,沈阳
248,1.608545698924731,1.8536370383361351,18.300382052187196,18.340868607309417,0.024393817204300963,0.4314516129032258,baseline_rolling_mean_30,baseline,芸豆,fold1_test2024,target_mean_price_next_14d,沈阳
250,1.0578633968253965,1.5112848164941093,12.085075922108944,12.394825704078198,-0.23949380952380966,0.604,baseline_rolling_mean_30,baseline,芸豆,fold2_test2025,target_mean_price_next_14d,沈阳
165,0.65196430976431,0.904150124928231,7.865779004635148,7.700441808222719,0.31391380471380476,0.5333333333333333,baseline_rolling_mean_30,baseline,芸豆,fold3_test2026,target_mean_price_next_14d,沈阳
248,1.105289074500768,1.3596210612829025,23.916891785790938,23.798158499934505,-0.09575099206349202,0.4153225806451613,baseline_rolling_mean_30,baseline,芹菜,fold1_test2024,target_mean_price_next_14d,沈阳
250,0.4588100952380952,0.6216191737199765,13.182641685918616,13.53741348641115,-0.05161123809523805,0.488,baseline_rolling_mean_30,baseline,芹菜,fold2_test2025,target_mean_price_next_14d,沈阳
165,0.3618120731120731,0.49639059042488565,9.39998235646289,10.069327085931153,0.17189701779701777,0.5212121212121212,baseline_rolling_mean_30,baseline,芹菜,fold3_test2026,target_mean_price_next_14d,沈阳
248,0.6845948540706606,0.8276296054205047,16.957805702107613,16.112015193341517,0.028313940092166045,0.5040322580645161,baseline_rolling_mean_30,baseline,茄子,fold1_test2024,target_mean_price_next_14d,沈阳
250,0.6989156190476192,0.9661662586824681,18.307626687835498,18.756424138409773,-0.28180660317460315,0.396,baseline_rolling_mean_30,baseline,茄子,fold2_test2025,target_mean_price_next_14d,沈阳
165,0.6496782587782589,0.8328219897441398,14.877307824758546,16.225203887909725,0.6113164502164504,0.5636363636363636,baseline_rolling_mean_30,baseline,茄子,fold3_test2026,target_mean_price_next_14d,沈阳
248,0.8176492575524833,0.98032061183689,14.56168552433979,14.892629218991335,0.07714868151561699,0.33064516129032256,baseline_rolling_mean_30,baseline,西红柿,fold1_test2024,target_mean_price_next_14d,沈阳
250,0.6559680000000001,0.8468093239521369,11.926527958361634,12.234997014879843,-0.3273671111111113,0.52,baseline_rolling_mean_30,baseline,西红柿,fold2_test2025,target_mean_price_next_14d,沈阳
165,0.7169075036075037,1.0034043822407752,12.343401861512184,13.738481796204463,0.629731746031746,0.47878787878787876,baseline_rolling_mean_30,baseline,西红柿,fold3_test2026,target_mean_price_next_14d,沈阳
248,1.5555824372759857,1.9775769942759307,21.699345729213825,23.09604442505912,0.09371818996415766,0.38306451612903225,baseline_rolling_mean_30,baseline,青椒,fold1_test2024,target_mean_price_next_14d,沈阳
250,0.8784998095238096,1.1003797328459162,15.792086945914773,16.678201027381384,-0.19339352380952368,0.432,baseline_rolling_mean_30,baseline,青椒,fold2_test2025,target_mean_price_next_14d,沈阳
165,1.358881144781145,1.6910101323769764,19.773266859568093,23.171535851724297,0.5234373737373738,0.3212121212121212,baseline_rolling_mean_30,baseline,青椒,fold3_test2026,target_mean_price_next_14d,沈阳
248,0.8475113607270864,1.1346446890272337,15.98911226676025,15.628227876433854,0.08215242575524838,0.43951612903225806,baseline_rolling_mean_30,baseline,韭菜,fold1_test2024,target_mean_price_next_14d,沈阳
250,1.0309424444444446,1.5918080214532033,17.283156455826404,18.19045186162095,-0.19815088888888882,0.54,baseline_rolling_mean_30,baseline,韭菜,fold2_test2025,target_mean_price_next_14d,沈阳
165,1.081083694083694,1.2124946256611733,21.250827318225323,20.117585279321652,0.46031303511303506,0.3696969696969697,baseline_rolling_mean_30,baseline,韭菜,fold3_test2026,target_mean_price_next_14d,沈阳
248,1.1797547683051717,1.4743441630033802,24.721690386354688,24.793289643716403,0.06855347542242703,0.3911290322580645,baseline_rolling_mean_30,baseline,黄瓜,fold1_test2024,target_mean_price_next_14d,沈阳
250,1.1065853333333335,1.5018894110655412,21.541834609884425,21.256525443241802,-0.29959777777777785,0.516,baseline_rolling_mean_30,baseline,黄瓜,fold2_test2025,target_mean_price_next_14d,沈阳
165,1.1884013468013468,1.5166652169194492,24.988185461241027,24.14531165771421,0.38894410774410787,0.5151515151515151,baseline_rolling_mean_30,baseline,黄瓜,fold3_test2026,target_mean_price_next_14d,沈阳
248,0.10072190220174093,0.1320114968643062,4.828698234634771,4.860616104671215,0.00452368151561703,0.45564516129032256,baseline_rolling_mean_7,baseline,土豆,fold1_test2024,target_mean_price_next_14d,沈阳
250,0.0875546349206349,0.11024033494130803,4.812200530777122,4.520862615228499,-0.009411269841269797,0.404,baseline_rolling_mean_7,baseline,土豆,fold2_test2025,target_mean_price_next_14d,沈阳
165,0.055720875420875504,0.06854883647425346,2.542489197304372,2.541951223611782,-0.0006400673400673292,0.47878787878787876,baseline_rolling_mean_7,baseline,土豆,fold3_test2026,target_mean_price_next_14d,沈阳
248,0.7648173963133641,1.0106370765749675,11.876549364002253,12.680763517455713,0.028553507424475204,0.4153225806451613,baseline_rolling_mean_7,baseline,尖椒,fold1_test2024,target_mean_price_next_14d,沈阳
250,0.5466583492063491,0.7132324150485867,10.369119925650843,10.805846666969968,-0.12612412698412698,0.376,baseline_rolling_mean_7,baseline,尖椒,fold2_test2025,target_mean_price_next_14d,沈阳
165,0.6201532948532948,0.8943235852985328,9.495330029297367,10.507368518625716,0.2848810485810486,0.3151515151515151,baseline_rolling_mean_7,baseline,尖椒,fold3_test2026,target_mean_price_next_14d,沈阳
248,0.3004337557603686,0.39619790401354016,13.49753566291622,12.779463655206962,0.0009443164362519634,0.39919354838709675,baseline_rolling_mean_7,baseline,甘蓝,fold1_test2024,target_mean_price_next_14d,沈阳
250,0.20533034920634924,0.28255691921294745,11.224620877592443,10.91086868207578,-0.05138533333333334,0.408,baseline_rolling_mean_7,baseline,甘蓝,fold2_test2025,target_mean_price_next_14d,沈阳
165,0.17740341510341512,0.26250392931478383,9.785366896272446,9.963781031346812,0.06834829244829249,0.47878787878787876,baseline_rolling_mean_7,baseline,甘蓝,fold3_test2026,target_mean_price_next_14d,沈阳
248,1.0077704813108042,1.2633478386825912,11.31870220509025,11.490743468713426,-0.01640994623655924,0.3870967741935484,baseline_rolling_mean_7,baseline,芸豆,fold1_test2024,target_mean_price_next_14d,沈阳
250,0.9240509523809525,1.323311652185732,10.466915773104592,10.826965495564632,-0.10349495238095249,0.476,baseline_rolling_mean_7,baseline,芸豆,fold2_test2025,target_mean_price_next_14d,沈阳
165,0.5419237133237134,0.6830843400602663,6.499183139266325,6.400736906064407,0.1202220298220298,0.5515151515151515,baseline_rolling_mean_7,baseline,芸豆,fold3_test2026,target_mean_price_next_14d,沈阳
248,0.5577832501280081,0.7606587059761358,12.325641038123171,12.009721711173693,-0.03171220558115718,0.43548387096774194,baseline_rolling_mean_7,baseline,芹菜,fold1_test2024,target_mean_price_next_14d,沈阳
250,0.3130907936507936,0.4453640500182147,8.774105933189047,9.237895103942572,-0.017851999999999976,0.444,baseline_rolling_mean_7,baseline,芹菜,fold2_test2025,target_mean_price_next_14d,沈阳
165,0.2548800865800866,0.3743046089065289,6.807717403963625,7.093381205857013,0.05579427609427604,0.4121212121212121,baseline_rolling_mean_7,baseline,芹菜,fold3_test2026,target_mean_price_next_14d,沈阳
248,0.4498853046594982,0.575676455449816,11.061298130282655,10.588100130806346,0.031005952380952474,0.49193548387096775,baseline_rolling_mean_7,baseline,茄子,fold1_test2024,target_mean_price_next_14d,沈阳
250,0.43576196825396835,0.6214311752569667,11.495997049421572,11.69431055367903,-0.12759898412698412,0.408,baseline_rolling_mean_7,baseline,茄子,fold2_test2025,target_mean_price_next_14d,沈阳
165,0.47512655122655123,0.6758064219754645,11.278698590201913,11.865912183527968,0.24615569985569988,0.5393939393939394,baseline_rolling_mean_7,baseline,茄子,fold3_test2026,target_mean_price_next_14d,沈阳
248,0.5059198028673834,0.6856338661045754,8.64340189200873,9.214802030399333,0.0733802483358936,0.4032258064516129,baseline_rolling_mean_7,baseline,西红柿,fold1_test2024,target_mean_price_next_14d,沈阳
250,0.441015238095238,0.5618978610848783,8.173930207037216,8.225736806691424,-0.1603099682539682,0.432,baseline_rolling_mean_7,baseline,西红柿,fold2_test2025,target_mean_price_next_14d,沈阳
165,0.4428045695045697,0.5792488785006927,7.5891178095619125,8.485700717041581,0.2588122655122655,0.4121212121212121,baseline_rolling_mean_7,baseline,西红柿,fold3_test2026,target_mean_price_next_14d,沈阳
248,0.8222373271889402,1.132397250692576,11.246508304585518,12.207922500045829,0.06359453405017917,0.40725806451612906,baseline_rolling_mean_7,baseline,青椒,fold1_test2024,target_mean_price_next_14d,沈阳
250,0.539747746031746,0.7465873985184897,9.62926325999904,10.247038547763596,-0.10403923809523798,0.404,baseline_rolling_mean_7,baseline,青椒,fold2_test2025,target_mean_price_next_14d,沈阳
165,0.6031779220779222,0.9455525076873007,9.010591539470006,10.285343129584845,0.2328746031746033,0.45454545454545453,baseline_rolling_mean_7,baseline,青椒,fold3_test2026,target_mean_price_next_14d,沈阳
248,0.6008786802355351,0.8510333737482774,10.518555154436863,11.080286797283105,0.03765818612391197,0.40725806451612906,baseline_rolling_mean_7,baseline,韭菜,fold1_test2024,target_mean_price_next_14d,沈阳
250,0.71223,1.0399362592051613,12.14133266110991,12.566933876103933,-0.09559507936507926,0.372,baseline_rolling_mean_7,baseline,韭菜,fold2_test2025,target_mean_price_next_14d,沈阳
165,0.5810177008177009,0.6959558511117988,11.466377333406538,10.811996526228791,0.200807696007696,0.3696969696969697,baseline_rolling_mean_7,baseline,韭菜,fold3_test2026,target_mean_price_next_14d,沈阳
248,0.8080420826932924,1.068586300581368,16.174823124527475,16.98151339477728,0.006970910138248852,0.3225806451612903,baseline_rolling_mean_7,baseline,黄瓜,fold1_test2024,target_mean_price_next_14d,沈阳
250,0.919796126984127,1.3101504462717102,17.170017642133143,17.668470010295962,-0.10854749206349205,0.412,baseline_rolling_mean_7,baseline,黄瓜,fold2_test2025,target_mean_price_next_14d,沈阳
165,0.7693716209716212,1.0444908010293235,17.00592954451363,15.6316867352607,0.12117556517556514,0.4121212121212121,baseline_rolling_mean_7,baseline,黄瓜,fold3_test2026,target_mean_price_next_14d,沈阳
248,0.2953600870455709,0.3479641427895116,13.767779845859227,14.253424174766819,0.279892345110087,0.5483870967741935,baseline_seasonal_median,baseline,土豆,fold1_test2024,target_mean_price_next_14d,沈阳
250,0.3408201587301588,0.4080523910622261,17.140646186814486,17.59816731022976,0.3406001587301588,0.568,baseline_seasonal_median,baseline,土豆,fold2_test2025,target_mean_price_next_14d,沈阳
165,0.1922876863876863,0.24339431935934133,8.740587151694765,8.7720430809229,0.034857768157768185,0.503030303030303,baseline_seasonal_median,baseline,土豆,fold3_test2026,target_mean_price_next_14d,沈阳
248,1.6993170762928824,2.1013095962072894,32.43119366444785,28.174879506552557,-1.2180939580133128,0.5766129032258065,baseline_seasonal_median,baseline,尖椒,fold1_test2024,target_mean_price_next_14d,沈阳
250,1.188672,1.6445055296531272,20.8640041660894,23.496590490145472,0.0036073015873015492,0.508,baseline_seasonal_median,baseline,尖椒,fold2_test2025,target_mean_price_next_14d,沈阳
165,1.0051102934102936,1.7092267117643538,13.849044823142078,17.029763999277517,-0.8765042328042331,0.6484848484848484,baseline_seasonal_median,baseline,尖椒,fold3_test2026,target_mean_price_next_14d,沈阳
248,0.7329992319508448,0.9638892049966101,31.918113094732746,31.179376033504024,-0.4805072964669738,0.6854838709677419,baseline_seasonal_median,baseline,甘蓝,fold1_test2024,target_mean_price_next_14d,沈阳
250,0.7423504761904762,0.9318666040737033,37.487606188811924,39.44710849174482,0.036031809523809556,0.468,baseline_seasonal_median,baseline,甘蓝,fold2_test2025,target_mean_price_next_14d,沈阳
165,0.4444727753727753,0.5174332112773607,24.37663947099954,24.96360853948452,0.04194136604136604,0.46060606060606063,baseline_seasonal_median,baseline,甘蓝,fold3_test2026,target_mean_price_next_14d,沈阳
248,1.5552155017921148,1.994219621900902,17.768748491604725,17.73279005594151,-0.1561276881720429,0.5645161290322581,baseline_seasonal_median,baseline,芸豆,fold1_test2024,target_mean_price_next_14d,沈阳
250,1.6025733015873014,1.9405481607485757,17.593992116083903,18.777109417712737,0.09776219047619054,0.544,baseline_seasonal_median,baseline,芸豆,fold2_test2025,target_mean_price_next_14d,沈阳
165,0.8133925925925927,1.047975096066293,9.123922915676642,9.607093874146218,0.36311380471380483,0.6303030303030303,baseline_seasonal_median,baseline,芸豆,fold3_test2026,target_mean_price_next_14d,沈阳
248,1.6742187339989758,2.060642648364613,40.31267645883136,36.047875360808725,-1.5938262608806963,0.5887096774193549,baseline_seasonal_median,baseline,芹菜,fold1_test2024,target_mean_price_next_14d,沈阳
250,0.7078674285714285,0.9255577491087459,20.343112639870228,20.885970412576015,0.03979942857142862,0.516,baseline_seasonal_median,baseline,芹菜,fold2_test2025,target_mean_price_next_14d,沈阳
165,0.5089676286676286,0.6046776436532674,14.620238540850064,14.164705685809492,-0.4086039923039922,0.5454545454545454,baseline_seasonal_median,baseline,芹菜,fold3_test2026,target_mean_price_next_14d,沈阳
248,0.7127039810547874,0.8778129199252642,17.807073579821065,16.77356658880829,-0.3130435867895545,0.5443548387096774,baseline_seasonal_median,baseline,茄子,fold1_test2024,target_mean_price_next_14d,沈阳
250,1.3619307301587302,1.6128689016972149,33.61072862834591,36.5494055731652,0.3138467301587303,0.428,baseline_seasonal_median,baseline,茄子,fold2_test2025,target_mean_price_next_14d,沈阳
165,0.6651360750360751,0.8756669310239837,16.400717932684948,16.611250699629363,-0.08625122655122663,0.6303030303030303,baseline_seasonal_median,baseline,茄子,fold3_test2026,target_mean_price_next_14d,沈阳
248,1.1683938812083972,1.4716482201311192,22.900764609404117,21.281077055778972,-0.8742464797747053,0.5120967741935484,baseline_seasonal_median,baseline,西红柿,fold1_test2024,target_mean_price_next_14d,沈阳
250,1.0457804444444445,1.460251783631126,18.673122868748703,19.505708534558842,-0.4705271111111111,0.488,baseline_seasonal_median,baseline,西红柿,fold2_test2025,target_mean_price_next_14d,沈阳
165,0.8670965367965368,1.418774586398851,14.141693100077255,16.616634539862652,-0.4538197691197693,0.5454545454545454,baseline_seasonal_median,baseline,西红柿,fold3_test2026,target_mean_price_next_14d,沈阳
248,1.628573028673835,2.083136470264897,27.824426066063346,24.17975037412351,-1.297937724014337,0.5604838709677419,baseline_seasonal_median,baseline,青椒,fold1_test2024,target_mean_price_next_14d,沈阳
250,1.4127464761904764,1.9263800275085847,21.969650064315687,26.820802321404308,0.5877664761904764,0.5,baseline_seasonal_median,baseline,青椒,fold2_test2025,target_mean_price_next_14d,沈阳
165,0.7074353535353535,1.0332631446688318,11.132000324866949,12.06313276196188,-0.02341111111111101,0.5454545454545454,baseline_seasonal_median,baseline,青椒,fold3_test2026,target_mean_price_next_14d,沈阳
248,0.817699980798771,1.1629325337161782,14.540059461548422,15.078501866353044,-0.42448467101894516,0.5362903225806451,baseline_seasonal_median,baseline,韭菜,fold1_test2024,target_mean_price_next_14d,沈阳
250,1.1003852380952381,1.696116097160321,17.549441562036538,19.415734419195683,-0.5149722222222223,0.644,baseline_seasonal_median,baseline,韭菜,fold2_test2025,target_mean_price_next_14d,沈阳
165,0.9076775372775373,1.15506309617185,18.197113342564517,16.890718417303095,-0.7818243386243384,0.6424242424242425,baseline_seasonal_median,baseline,韭菜,fold3_test2026,target_mean_price_next_14d,沈阳
248,1.1535683883768562,1.5886096256187974,24.84434716905314,24.242966373384697,-0.5242906105990782,0.6209677419354839,baseline_seasonal_median,baseline,黄瓜,fold1_test2024,target_mean_price_next_14d,沈阳
250,1.5023293968253968,2.0641420552049,27.137652454311752,28.85841885465301,-0.897341777777778,0.592,baseline_seasonal_median,baseline,黄瓜,fold2_test2025,target_mean_price_next_14d,沈阳
165,1.0730323232323231,1.3679065306070988,21.495339966538904,21.801304696414547,-0.8679326599326599,0.6606060606060606,baseline_seasonal_median,baseline,黄瓜,fold3_test2026,target_mean_price_next_14d,沈阳
248,0.17053633481069871,0.2023710325105567,8.181430461607633,8.23533489776147,0.13486412856052934,0.6290322580645161,catboost,per_crop,土豆,fold1_test2024,target_mean_price_next_30d,沈阳
250,0.14562071658020284,0.1973606675279205,7.976401057058631,7.4910768454634376,0.13429333411889546,0.704,catboost,per_crop,土豆,fold2_test2025,target_mean_price_next_30d,沈阳
154,0.11914399152156122,0.14917792041509556,5.6198474478228055,5.436197362273351,-0.044467700867249396,0.538961038961039,catboost,per_crop,土豆,fold3_test2026,target_mean_price_next_30d,沈阳
248,0.8232692727429449,1.078957513109264,13.839506356687675,13.636019334039833,-0.720696523788882,0.6169354838709677,catboost,per_crop,尖椒,fold1_test2024,target_mean_price_next_30d,沈阳
250,0.8650904840171386,1.1381202708203626,14.929123400681926,16.83597173927936,0.29061430242264996,0.572,catboost,per_crop,尖椒,fold2_test2025,target_mean_price_next_30d,沈阳
154,0.7597312341182159,1.255985203046224,10.712157679839832,13.0006959738805,-0.5023854945751748,0.6493506493506493,catboost,per_crop,尖椒,fold3_test2026,target_mean_price_next_30d,沈阳
248,0.3668064833840082,0.5014934850135745,15.546124156225124,15.641877262056555,-0.20990031637457368,0.7096774193548387,catboost,per_crop,甘蓝,fold1_test2024,target_mean_price_next_30d,沈阳
250,0.4628376582475759,0.5089904096265805,26.09846498194986,24.214902586129064,0.25262592989495347,0.488,catboost,per_crop,甘蓝,fold2_test2025,target_mean_price_next_30d,沈阳
154,0.28195088444890093,0.3138936620478,16.42712366914927,16.06561207517846,0.1837606269329833,0.5584415584415584,catboost,per_crop,甘蓝,fold3_test2026,target_mean_price_next_30d,沈阳
248,0.9553933351265801,1.1944634383168535,10.952670770042742,10.83877845529456,-0.12890349711231583,0.6693548387096774,catboost,per_crop,芸豆,fold1_test2024,target_mean_price_next_30d,沈阳
250,0.8618279708750647,1.053249862693,9.770861132401649,10.074514339663414,0.368122755130417,0.692,catboost,per_crop,芸豆,fold2_test2025,target_mean_price_next_30d,沈阳
154,0.534249025970812,0.6391801497701857,6.0693289347842,6.350356137930464,0.329579714649471,0.7207792207792207,catboost,per_crop,芸豆,fold3_test2026,target_mean_price_next_30d,沈阳
248,1.1758754031202987,1.5857842014628214,25.951714503759643,25.315404893904876,-0.9812204493963688,0.5846774193548387,catboost,per_crop,芹菜,fold1_test2024,target_mean_price_next_30d,沈阳
250,0.7238272010725391,0.8160762202118471,21.100795546133906,21.26359800650124,0.5687281511576165,0.568,catboost,per_crop,芹菜,fold2_test2025,target_mean_price_next_30d,沈阳
154,0.2732181493570011,0.3392731523828714,7.351654554294185,7.626865637792514,0.03320967367376225,0.5584415584415584,catboost,per_crop,芹菜,fold3_test2026,target_mean_price_next_30d,沈阳
248,0.6095871885868513,0.7214767863888005,16.490212729151267,14.443538935778374,-0.09770219510489454,0.5403225806451613,catboost,per_crop,茄子,fold1_test2024,target_mean_price_next_30d,沈阳
250,0.7039523207888424,0.9023139847195168,17.866858602653306,18.630857085889062,0.06186065000129906,0.588,catboost,per_crop,茄子,fold2_test2025,target_mean_price_next_30d,沈阳
154,0.5068291120911184,0.5922784834205632,13.140023972580616,12.79289987742368,0.05063123614415713,0.5454545454545454,catboost,per_crop,茄子,fold3_test2026,target_mean_price_next_30d,沈阳
248,0.6280766361886878,0.8533683026537041,11.884362108556585,11.518060914276516,-0.4526662315838221,0.6330645161290323,catboost,per_crop,西红柿,fold1_test2024,target_mean_price_next_30d,沈阳
250,0.6325034880096895,0.9135996250654876,10.662018865385827,11.61879211916504,-0.15485033688241626,0.608,catboost,per_crop,西红柿,fold2_test2025,target_mean_price_next_30d,沈阳
154,0.4415436862491046,0.607234421651277,7.904875434133844,8.552421124994632,-0.09394874515782027,0.7272727272727273,catboost,per_crop,西红柿,fold3_test2026,target_mean_price_next_30d,沈阳
248,0.9831211908114927,1.4280988095840441,14.434248159126806,14.6944511599776,-0.8659645576503411,0.6169354838709677,catboost,per_crop,青椒,fold1_test2024,target_mean_price_next_30d,沈阳
250,0.8535609207550038,1.1239094056330443,14.113079018837993,16.017960400877804,0.5347160187335316,0.632,catboost,per_crop,青椒,fold2_test2025,target_mean_price_next_30d,沈阳
154,0.493219542314603,0.7486358488104441,7.667549896207138,8.516797642147361,-0.24102606963216666,0.8181818181818182,catboost,per_crop,青椒,fold3_test2026,target_mean_price_next_30d,沈阳
248,0.49563736424342375,0.7006169619016082,9.020781293418487,9.188062405936842,-0.08631372776177985,0.7217741935483871,catboost,per_crop,韭菜,fold1_test2024,target_mean_price_next_30d,沈阳
250,0.9653002373002126,1.3875557293492098,15.223778743968353,16.892850135754845,-0.42089702582670946,0.78,catboost,per_crop,韭菜,fold2_test2025,target_mean_price_next_30d,沈阳
154,0.7054647218685322,0.8080650417359533,13.205971599737776,13.310577633970514,0.016490016598947218,0.7142857142857143,catboost,per_crop,韭菜,fold3_test2026,target_mean_price_next_30d,沈阳
248,0.8094736416995234,1.0923332776370425,16.962741115622293,17.062711487527007,-0.2646824234886872,0.7741935483870968,catboost,per_crop,黄瓜,fold1_test2024,target_mean_price_next_30d,沈阳
250,1.1523060971579235,1.618906726593211,19.893714399373913,21.929087067124193,-0.7281847262329951,0.784,catboost,per_crop,黄瓜,fold2_test2025,target_mean_price_next_30d,沈阳
154,0.6976857649530909,0.9369070882756652,14.231935212794635,14.428268336838029,-0.35332114893025734,0.7402597402597403,catboost,per_crop,黄瓜,fold3_test2026,target_mean_price_next_30d,沈阳
248,0.19740622718269082,0.23690712995010493,9.046174957716568,9.53290331680714,0.1835209694686989,0.5524193548387096,elasticnet,per_crop,土豆,fold1_test2024,target_mean_price_next_30d,沈阳
250,0.08947638407402257,0.11813204321920327,4.835895453914821,4.602878523699203,0.026199223306759944,0.7,elasticnet,per_crop,土豆,fold2_test2025,target_mean_price_next_30d,沈阳
154,0.09733329531844942,0.123482526167163,4.465630198721058,4.441038079337586,-0.010814951596342545,0.45454545454545453,elasticnet,per_crop,土豆,fold3_test2026,target_mean_price_next_30d,沈阳
248,2.6676322562642496,3.173821203095435,62.62045108739579,44.18467471928288,-2.583124290509185,0.6088709677419355,elasticnet,per_crop,尖椒,fold1_test2024,target_mean_price_next_30d,沈阳
250,0.9002217316018365,1.0951968343199665,16.960474747502957,17.519679053634558,0.7433735375234417,0.572,elasticnet,per_crop,尖椒,fold2_test2025,target_mean_price_next_30d,沈阳
154,0.5923526094446075,0.8273629975004522,9.516005415543322,10.13647437262771,-0.16004945017125816,0.7337662337662337,elasticnet,per_crop,尖椒,fold3_test2026,target_mean_price_next_30d,沈阳
248,0.42857090675707665,0.6356485921854533,18.60559684709615,18.275722554675923,-0.3118471650229095,0.6733870967741935,elasticnet,per_crop,甘蓝,fold1_test2024,target_mean_price_next_30d,沈阳
250,0.2921929434312043,0.35224603586780023,16.00020102605041,15.287052674863,0.05155130097933993,0.528,elasticnet,per_crop,甘蓝,fold2_test2025,target_mean_price_next_30d,沈阳
154,0.17953904094365122,0.22129497794297615,10.504649497772913,10.230166824225853,0.09687675367353657,0.6558441558441559,elasticnet,per_crop,甘蓝,fold3_test2026,target_mean_price_next_30d,沈阳
248,1.131437476016481,1.511940973946034,12.956571716517534,12.83596994837264,-0.47265204079002343,0.7096774193548387,elasticnet,per_crop,芸豆,fold1_test2024,target_mean_price_next_30d,沈阳
250,1.0747497957060614,1.3278600270436962,12.125318777488896,12.563507561024224,0.6850226380719636,0.624,elasticnet,per_crop,芸豆,fold2_test2025,target_mean_price_next_30d,沈阳
154,0.6732492612851805,0.796037425984842,7.883228456268834,8.002583759493978,0.5451457749551596,0.5194805194805194,elasticnet,per_crop,芸豆,fold3_test2026,target_mean_price_next_30d,沈阳
248,1.3266128240154937,1.7189225692092736,31.17300559334783,28.560628692700863,-1.2790250589687424,0.6169354838709677,elasticnet,per_crop,芹菜,fold1_test2024,target_mean_price_next_30d,沈阳
250,0.568580332972269,0.6525493447310884,16.537862389301257,16.702969461233785,0.35415577218981353,0.548,elasticnet,per_crop,芹菜,fold2_test2025,target_mean_price_next_30d,沈阳
154,0.29193163833248187,0.4006020931350383,8.174582249579034,8.149251381075663,-0.05970464980937671,0.6818181818181818,elasticnet,per_crop,芹菜,fold3_test2026,target_mean_price_next_30d,沈阳
248,1.1868255212767067,1.6545974508827412,41.64814189545674,28.120605136525544,-1.0049918424470572,0.6209677419354839,elasticnet,per_crop,茄子,fold1_test2024,target_mean_price_next_30d,沈阳
250,0.5495100612384048,0.7956424167458083,12.850884393057216,14.543376185930374,-0.026487265697691924,0.696,elasticnet,per_crop,茄子,fold2_test2025,target_mean_price_next_30d,沈阳
154,0.4366244713998145,0.5793040441105825,11.29477711678762,11.02086090438835,0.30597914431263046,0.5909090909090909,elasticnet,per_crop,茄子,fold3_test2026,target_mean_price_next_30d,沈阳
248,0.7863764011904623,0.9672334802384748,13.593325161514652,14.421060693205302,0.19693465832500157,0.5241935483870968,elasticnet,per_crop,西红柿,fold1_test2024,target_mean_price_next_30d,沈阳
250,0.42565035289108866,0.5392239029741007,7.692320133746203,7.8189971430086995,0.06459016565735226,0.68,elasticnet,per_crop,西红柿,fold2_test2025,target_mean_price_next_30d,沈阳
154,0.3755687660702526,0.4996445537918237,6.908111833549864,7.274528769991916,0.2662104616194052,0.7727272727272727,elasticnet,per_crop,西红柿,fold3_test2026,target_mean_price_next_30d,沈阳
248,1.2495437539021008,1.5296478358478158,21.13600079856327,18.67659840473336,-1.0872751140331627,0.6330645161290323,elasticnet,per_crop,青椒,fold1_test2024,target_mean_price_next_30d,沈阳
250,2.1500988460093837,2.40525296393321,34.54359704766068,40.34884603536891,2.1490245907575125,0.636,elasticnet,per_crop,青椒,fold2_test2025,target_mean_price_next_30d,沈阳
154,0.5084702440780221,0.6841903401313917,8.702901945403822,8.780143129656311,-0.06276125521063801,0.6558441558441559,elasticnet,per_crop,青椒,fold3_test2026,target_mean_price_next_30d,沈阳
248,0.9012206715126265,1.18688786446031,16.982802211054548,16.706714159894346,-0.16885473721265865,0.5685483870967742,elasticnet,per_crop,韭菜,fold1_test2024,target_mean_price_next_30d,沈阳
250,0.7718338337383207,0.9930552815577808,13.953790598411576,13.507168836416175,0.2543545909033281,0.744,elasticnet,per_crop,韭菜,fold2_test2025,target_mean_price_next_30d,沈阳
154,0.6014631949728136,0.7191743303756347,12.233938564396192,11.348296098289543,0.3493311834834052,0.6623376623376623,elasticnet,per_crop,韭菜,fold3_test2026,target_mean_price_next_30d,沈阳
248,0.9911348064076434,1.2843529502111575,22.074770798389974,20.891906018673158,-0.3877239820958944,0.7701612903225806,elasticnet,per_crop,黄瓜,fold1_test2024,target_mean_price_next_30d,沈阳
250,1.0494115917789286,1.3079308361656032,19.76559205324247,19.97094194166677,-0.11750049339023952,0.568,elasticnet,per_crop,黄瓜,fold2_test2025,target_mean_price_next_30d,沈阳
154,0.7038654174297373,0.8555672032324708,15.903264133296108,14.556064672438277,-0.0107935600680423,0.6428571428571429,elasticnet,per_crop,黄瓜,fold3_test2026,target_mean_price_next_30d,沈阳
248,0.14256876230860557,0.17295323684904376,6.816658705943225,6.884758634422472,0.09774466316452116,0.5766129032258065,elasticnet_tuned,per_crop,土豆,fold1_test2024,target_mean_price_next_30d,沈阳
250,0.13207766724305145,0.18503325098224688,7.2590002288653075,6.794390098625275,0.11528881128206354,0.696,elasticnet_tuned,per_crop,土豆,fold2_test2025,target_mean_price_next_30d,沈阳
154,0.06342729999507248,0.07636049827660808,2.874356055843291,2.8940051153728157,0.022792876746150305,0.6818181818181818,elasticnet_tuned,per_crop,土豆,fold3_test2026,target_mean_price_next_30d,沈阳
248,1.212884087484203,1.5156134887159998,22.874734627367573,20.089309068684155,-1.1320120452055777,0.625,elasticnet_tuned,per_crop,尖椒,fold1_test2024,target_mean_price_next_30d,沈阳
250,0.6314574564290925,0.8542635514618142,11.213197317800521,12.289118985138217,0.16840362584476778,0.536,elasticnet_tuned,per_crop,尖椒,fold2_test2025,target_mean_price_next_30d,沈阳
154,0.5664915685053352,0.8432094889433827,8.713211948195648,9.69393427986743,-0.10111216133954612,0.7467532467532467,elasticnet_tuned,per_crop,尖椒,fold3_test2026,target_mean_price_next_30d,沈阳
248,0.36560699017479226,0.472126563531674,16.080407298596604,15.590726787882458,-0.14372862187498633,0.6048387096774194,elasticnet_tuned,per_crop,甘蓝,fold1_test2024,target_mean_price_next_30d,沈阳
250,0.2708988501297829,0.3249386154134121,15.310890941930055,14.172980849104075,0.043990348789189185,0.492,elasticnet_tuned,per_crop,甘蓝,fold2_test2025,target_mean_price_next_30d,沈阳
154,0.22628823548307495,0.27945187262772586,12.471404977807946,12.893944332019233,0.11205516059062333,0.5584415584415584,elasticnet_tuned,per_crop,甘蓝,fold3_test2026,target_mean_price_next_30d,沈阳
248,0.9507394713438331,1.2655834107839394,10.72874542197928,10.78598114485945,-0.24343269790353295,0.7580645161290323,elasticnet_tuned,per_crop,芸豆,fold1_test2024,target_mean_price_next_30d,沈阳
250,0.8800288871050441,1.134245633973635,10.130208992686443,10.287277672661016,0.2245172968225662,0.584,elasticnet_tuned,per_crop,芸豆,fold2_test2025,target_mean_price_next_30d,沈阳
154,0.5437836995695231,0.6550409785893013,6.490872560091441,6.463690126515117,0.2632175434511586,0.6493506493506493,elasticnet_tuned,per_crop,芸豆,fold3_test2026,target_mean_price_next_30d,沈阳
248,0.7191480384057535,1.0117280939252564,15.448613975438825,15.482527929905663,-0.5645130152861537,0.6129032258064516,elasticnet_tuned,per_crop,芹菜,fold1_test2024,target_mean_price_next_30d,沈阳
250,0.3613158784358226,0.46629353557298314,10.49938357476547,10.614239947104798,0.09924932789050601,0.568,elasticnet_tuned,per_crop,芹菜,fold2_test2025,target_mean_price_next_30d,沈阳
154,0.27927272905033707,0.38460289671803805,7.29963532306458,7.79587880885401,0.044735061368492625,0.5844155844155844,elasticnet_tuned,per_crop,芹菜,fold3_test2026,target_mean_price_next_30d,沈阳
248,0.7603952070538288,1.0159118680082864,22.12723786761111,18.01677919957869,-0.4097952170450492,0.5725806451612904,elasticnet_tuned,per_crop,茄子,fold1_test2024,target_mean_price_next_30d,沈阳
250,0.5234744461146272,0.7198295517264306,13.092343830825321,13.854315563229743,-0.02725333328786303,0.62,elasticnet_tuned,per_crop,茄子,fold2_test2025,target_mean_price_next_30d,沈阳
154,0.36658687007357427,0.4692489304265758,9.367305502143996,9.253038180621001,0.10969636288270747,0.6623376623376623,elasticnet_tuned,per_crop,茄子,fold3_test2026,target_mean_price_next_30d,沈阳
248,0.5961892214601824,0.7627223321230866,10.859474538392108,10.933289623514183,-0.061940546319613106,0.5483870967741935,elasticnet_tuned,per_crop,西红柿,fold1_test2024,target_mean_price_next_30d,沈阳
250,0.4953527289686543,0.6325368957758358,8.858404169772403,9.099397066818591,-0.2606279726743406,0.628,elasticnet_tuned,per_crop,西红柿,fold2_test2025,target_mean_price_next_30d,沈阳
154,0.368330544901631,0.4996496691112162,6.4389063587267525,7.134329017265799,0.10550762518710402,0.7597402597402597,elasticnet_tuned,per_crop,西红柿,fold3_test2026,target_mean_price_next_30d,沈阳
248,0.8360820382350888,1.1356341665011649,13.11005030353515,12.496696024260306,-0.6095809072640647,0.6774193548387096,elasticnet_tuned,per_crop,青椒,fold1_test2024,target_mean_price_next_30d,沈阳
250,0.6931497067162892,0.9388781254571817,11.637984687871732,13.007676762240635,0.3602048411573671,0.68,elasticnet_tuned,per_crop,青椒,fold2_test2025,target_mean_price_next_30d,沈阳
154,0.494455412431388,0.7418292009296752,7.721838451004509,8.53813835311603,-0.054951749024579326,0.7597402597402597,elasticnet_tuned,per_crop,青椒,fold3_test2026,target_mean_price_next_30d,沈阳
248,0.5726238401881524,0.823096712322022,10.537912823406733,10.615227903181147,-0.11416753083663296,0.6935483870967742,elasticnet_tuned,per_crop,韭菜,fold1_test2024,target_mean_price_next_30d,沈阳
250,0.6906839984781079,1.0238931052189908,11.354464667732184,12.087038650365441,-0.2548092982940903,0.768,elasticnet_tuned,per_crop,韭菜,fold2_test2025,target_mean_price_next_30d,沈阳
154,0.49595520040515606,0.5920197522312854,10.052129353560476,9.357590809756262,-0.14347313857811322,0.9090909090909091,elasticnet_tuned,per_crop,韭菜,fold3_test2026,target_mean_price_next_30d,沈阳
248,0.7481101542426482,1.0526076500137844,16.06908338953874,15.769244438807709,-0.2808247708697915,0.7298387096774194,elasticnet_tuned,per_crop,黄瓜,fold1_test2024,target_mean_price_next_30d,沈阳
250,1.072410501925986,1.3575382002776353,19.744041188471364,20.408625213765838,-0.4889876945237332,0.588,elasticnet_tuned,per_crop,黄瓜,fold2_test2025,target_mean_price_next_30d,沈阳
154,0.7816926644339302,0.9928191113104005,17.501328302092418,16.165546275906806,-0.3765666214613982,0.7467532467532467,elasticnet_tuned,per_crop,黄瓜,fold3_test2026,target_mean_price_next_30d,沈阳
248,0.15450244190454637,0.19769211437420658,7.239110442247251,7.4610454893278915,0.07586832979587617,0.4717741935483871,extra_trees,per_crop,土豆,fold1_test2024,target_mean_price_next_30d,沈阳
250,0.13719916448846756,0.18592271333887492,7.581135271907083,7.057852127450761,0.10462275770547158,0.676,extra_trees,per_crop,土豆,fold2_test2025,target_mean_price_next_30d,沈阳
154,0.10594232263405991,0.13048591607544985,4.9340773771457975,4.833843213588873,-0.015548578871474759,0.5,extra_trees,per_crop,土豆,fold3_test2026,target_mean_price_next_30d,沈阳
248,0.7066464107955953,0.9345512623013015,11.59113493250315,11.704365071022464,-0.3300955003044321,0.6169354838709677,extra_trees,per_crop,尖椒,fold1_test2024,target_mean_price_next_30d,沈阳
250,0.90538283174293,1.1663773066321519,15.970641646173208,17.620121883285798,0.33463504549771755,0.548,extra_trees,per_crop,尖椒,fold2_test2025,target_mean_price_next_30d,沈阳
154,0.6337097976558285,1.0153757673770198,9.05510064509065,10.84418810891063,-0.38067823923892796,0.7077922077922078,extra_trees,per_crop,尖椒,fold3_test2026,target_mean_price_next_30d,沈阳
248,0.33156008316116525,0.46848722940383947,14.174166391713976,14.138850758465951,-0.06649971153525361,0.6935483870967742,extra_trees,per_crop,甘蓝,fold1_test2024,target_mean_price_next_30d,沈阳
250,0.3749648112153961,0.41775794897738583,21.445020905514507,19.617540221738526,0.24256412439178057,0.496,extra_trees,per_crop,甘蓝,fold2_test2025,target_mean_price_next_30d,沈阳
154,0.2605008125543299,0.3201917880777105,14.578932090168431,14.84338312308123,0.15763148610021271,0.5454545454545454,extra_trees,per_crop,甘蓝,fold3_test2026,target_mean_price_next_30d,沈阳
248,1.0469162151803149,1.3061056494671792,11.86898969992585,11.87709030447812,0.06646076285115708,0.6612903225806451,extra_trees,per_crop,芸豆,fold1_test2024,target_mean_price_next_30d,沈阳
250,0.9670086256126246,1.2107253435445915,10.754955207196657,11.304045116359852,0.4878359206803575,0.684,extra_trees,per_crop,芸豆,fold2_test2025,target_mean_price_next_30d,沈阳
154,0.4890682132462082,0.5840812398935094,5.71675585677461,5.813313976962538,0.3223655008707392,0.7337662337662337,extra_trees,per_crop,芸豆,fold3_test2026,target_mean_price_next_30d,沈阳
248,0.9387447644381559,1.3153223348870084,20.192913298019256,20.21022273339789,-0.7529200930447721,0.657258064516129,extra_trees,per_crop,芹菜,fold1_test2024,target_mean_price_next_30d,沈阳
250,0.6304837490755556,0.7196677422163996,18.330152917478376,18.521482710389158,0.513634823249186,0.576,extra_trees,per_crop,芹菜,fold2_test2025,target_mean_price_next_30d,沈阳
154,0.2923483559407954,0.372991850467037,7.86407354193967,8.160884024130265,-0.033053125451380755,0.5,extra_trees,per_crop,芹菜,fold3_test2026,target_mean_price_next_30d,沈阳
248,0.6280929290508119,0.7707194023113523,16.687831456909404,14.882013345889014,-0.06917540831957664,0.5725806451612904,extra_trees,per_crop,茄子,fold1_test2024,target_mean_price_next_30d,沈阳
250,0.8712365199095525,1.0412444390557207,22.043998178519235,23.058213761200356,0.2688479005120622,0.568,extra_trees,per_crop,茄子,fold2_test2025,target_mean_price_next_30d,沈阳
154,0.4573065489570327,0.5477118439190967,11.984722556106025,11.542898295561404,0.11040035792382712,0.5844155844155844,extra_trees,per_crop,茄子,fold3_test2026,target_mean_price_next_30d,沈阳
248,0.6269498252043288,0.8092400824505919,11.831898818717578,11.497396751961103,-0.24733052123273971,0.5725806451612904,extra_trees,per_crop,西红柿,fold1_test2024,target_mean_price_next_30d,沈阳
250,0.5717302456854393,0.7960758905892047,9.66728744142475,10.502416190243224,-0.1769917910642764,0.624,extra_trees,per_crop,西红柿,fold2_test2025,target_mean_price_next_30d,沈阳
154,0.3476046757469795,0.45052858434889675,6.700780115795214,6.732882078463658,0.18746577015041974,0.7402597402597403,extra_trees,per_crop,西红柿,fold3_test2026,target_mean_price_next_30d,沈阳
248,0.9344832134277562,1.3740794462280734,13.297608711223024,13.96747223828894,-0.636619213743243,0.6008064516129032,extra_trees,per_crop,青椒,fold1_test2024,target_mean_price_next_30d,沈阳
250,1.010260788415741,1.435956237987362,15.784311339485413,18.95859675615083,0.750900637204294,0.644,extra_trees,per_crop,青椒,fold2_test2025,target_mean_price_next_30d,沈阳
154,0.5156636970750922,0.7993662748857803,8.04011515405399,8.9043579635553,-0.20301310605803385,0.7922077922077922,extra_trees,per_crop,青椒,fold3_test2026,target_mean_price_next_30d,沈阳
248,0.5105797002372517,0.7160644011104448,9.389065732961521,9.465061529704153,-0.09641812244161287,0.6733870967741935,extra_trees,per_crop,韭菜,fold1_test2024,target_mean_price_next_30d,沈阳
250,0.9583299835509878,1.3928459677596177,14.858724162360835,16.77087000206798,-0.4186811925672922,0.78,extra_trees,per_crop,韭菜,fold2_test2025,target_mean_price_next_30d,沈阳
154,0.7294813788504911,0.8509041846426579,13.418346142833359,13.763719467087407,-0.019196556884016516,0.6298701298701299,extra_trees,per_crop,韭菜,fold3_test2026,target_mean_price_next_30d,沈阳
248,0.8546025665436731,1.1697769587874371,17.51725810306486,18.01397386926599,-0.16214939717243723,0.7741935483870968,extra_trees,per_crop,黄瓜,fold1_test2024,target_mean_price_next_30d,沈阳
250,1.0220261569718039,1.4184228629612488,17.92688505689849,19.449780432812766,-0.6845030300361543,0.804,extra_trees,per_crop,黄瓜,fold2_test2025,target_mean_price_next_30d,沈阳
154,0.6065322135399394,0.8123721367512995,12.57744814745163,12.543196337793963,-0.22033833985095727,0.8181818181818182,extra_trees,per_crop,黄瓜,fold3_test2026,target_mean_price_next_30d,沈阳
248,0.1494497470796063,0.1936666916305683,6.995756801195403,7.217046847831597,0.06585771095371153,0.43951612903225806,extra_trees_tuned,per_crop,土豆,fold1_test2024,target_mean_price_next_30d,沈阳
250,0.1280917581760606,0.17634078730510214,7.119091781554483,6.5893454331335155,0.09651768121545706,0.716,extra_trees_tuned,per_crop,土豆,fold2_test2025,target_mean_price_next_30d,沈阳
154,0.10317631320956895,0.12426232185718725,4.783236732619954,4.707638165852832,-0.008442215550278668,0.5,extra_trees_tuned,per_crop,土豆,fold3_test2026,target_mean_price_next_30d,沈阳
248,0.6762339915477934,0.8989569365035464,11.049440535556016,11.200636399750366,-0.3046275056267843,0.6491935483870968,extra_trees_tuned,per_crop,尖椒,fold1_test2024,target_mean_price_next_30d,沈阳
250,0.8731792573974698,1.141941126587946,15.319063385345657,16.993391526634216,0.2836557768845733,0.524,extra_trees_tuned,per_crop,尖椒,fold2_test2025,target_mean_price_next_30d,沈阳
154,0.6322957543445072,1.0177336163166224,9.107908605138947,10.819990673872011,-0.3672319198596164,0.6688311688311688,extra_trees_tuned,per_crop,尖椒,fold3_test2026,target_mean_price_next_30d,沈阳
248,0.314541260834585,0.43883032490498447,13.557868612431683,13.413110233049922,-0.07385043228869174,0.7096774193548387,extra_trees_tuned,per_crop,甘蓝,fold1_test2024,target_mean_price_next_30d,沈阳
250,0.3474336307736692,0.3890759091326715,20.13231656093403,18.177154288144173,0.205787439051423,0.492,extra_trees_tuned,per_crop,甘蓝,fold2_test2025,target_mean_price_next_30d,沈阳
154,0.25395205381188213,0.31094172352109917,14.09795067902539,14.47023367282949,0.12844939359816204,0.5324675324675324,extra_trees_tuned,per_crop,甘蓝,fold3_test2026,target_mean_price_next_30d,沈阳
248,0.9861484708056263,1.242008654823569,11.212644666484147,11.187690353391003,0.07439064035406022,0.6411290322580645,extra_trees_tuned,per_crop,芸豆,fold1_test2024,target_mean_price_next_30d,沈阳
250,0.9383544057938797,1.1836758795232438,10.474628998364256,10.969085752993285,0.4189921639560712,0.692,extra_trees_tuned,per_crop,芸豆,fold2_test2025,target_mean_price_next_30d,沈阳
154,0.46563103798442174,0.5725900330761173,5.43489217188717,5.5347277698861985,0.31768194919801446,0.7727272727272727,extra_trees_tuned,per_crop,芸豆,fold3_test2026,target_mean_price_next_30d,沈阳
248,0.8991898638300079,1.258710790994835,19.296013658543686,19.35864583862124,-0.6958074612092005,0.6169354838709677,extra_trees_tuned,per_crop,芹菜,fold1_test2024,target_mean_price_next_30d,沈阳
250,0.5724275838598515,0.6499895455167818,16.82121926577884,16.815988695910917,0.42133203340044434,0.588,extra_trees_tuned,per_crop,芹菜,fold2_test2025,target_mean_price_next_30d,沈阳
154,0.2838501652205126,0.3689105955155657,7.622506801724778,7.923657621197414,-0.04079412152037113,0.551948051948052,extra_trees_tuned,per_crop,芹菜,fold3_test2026,target_mean_price_next_30d,沈阳
248,0.6117730597151465,0.7487334278175161,16.215718230627374,14.495330894896338,-0.05710173564260835,0.5645161290322581,extra_trees_tuned,per_crop,茄子,fold1_test2024,target_mean_price_next_30d,沈阳
250,0.8346036568498512,1.0089901379675525,21.027805431999806,22.088685547205078,0.24636861972688903,0.584,extra_trees_tuned,per_crop,茄子,fold2_test2025,target_mean_price_next_30d,沈阳
154,0.47843875825765375,0.567433709553795,12.34516384077061,12.076297485391297,0.07747042809506015,0.564935064935065,extra_trees_tuned,per_crop,茄子,fold3_test2026,target_mean_price_next_30d,沈阳
248,0.6185336370439284,0.8012025397649541,11.54199694126505,11.343055446597877,-0.1895184505261059,0.5483870967741935,extra_trees_tuned,per_crop,西红柿,fold1_test2024,target_mean_price_next_30d,沈阳
250,0.5607976083444897,0.7565557565774225,9.595960457908284,10.30158877507999,-0.17067499969078873,0.612,extra_trees_tuned,per_crop,西红柿,fold2_test2025,target_mean_price_next_30d,沈阳
154,0.35013842343547447,0.4679947696281392,6.602765953156618,6.781959163996403,0.2070683612225901,0.7337662337662337,extra_trees_tuned,per_crop,西红柿,fold3_test2026,target_mean_price_next_30d,沈阳
248,0.9128645318190887,1.3481142046162793,12.877600339190023,13.644343549770433,-0.6042201491275957,0.5806451612903226,extra_trees_tuned,per_crop,青椒,fold1_test2024,target_mean_price_next_30d,沈阳
250,0.9473930477529553,1.3429400629885428,14.858663139501257,17.77881807141627,0.6806537799120979,0.66,extra_trees_tuned,per_crop,青椒,fold2_test2025,target_mean_price_next_30d,沈阳
154,0.5289296244965962,0.8157810467204968,8.213366072416543,9.133430840218198,-0.21483716431512992,0.7597402597402597,extra_trees_tuned,per_crop,青椒,fold3_test2026,target_mean_price_next_30d,沈阳
248,0.5115353446582238,0.7193879955587755,9.391756757189492,9.48277714440802,-0.0724422528072579,0.6774193548387096,extra_trees_tuned,per_crop,韭菜,fold1_test2024,target_mean_price_next_30d,沈阳
250,0.9273612213061561,1.336468817263441,14.403910640158784,16.22891358345678,-0.4070125550081701,0.788,extra_trees_tuned,per_crop,韭菜,fold2_test2025,target_mean_price_next_30d,沈阳
154,0.7009444009569216,0.8097794803078503,13.04539216474555,13.225289056725876,-0.06276789158809694,0.6363636363636364,extra_trees_tuned,per_crop,韭菜,fold3_test2026,target_mean_price_next_30d,沈阳
248,0.813214290377225,1.1271732204409115,16.69533520702379,17.14155977346973,-0.19496166326932235,0.7741935483870968,extra_trees_tuned,per_crop,黄瓜,fold1_test2024,target_mean_price_next_30d,沈阳
250,1.0120195748552916,1.3938614128237243,17.67198736921366,19.259349078662556,-0.6405035399823535,0.816,extra_trees_tuned,per_crop,黄瓜,fold2_test2025,target_mean_price_next_30d,沈阳
154,0.6076250404713236,0.819166415991577,12.812639810912069,12.565796197220358,-0.26900314323849195,0.8181818181818182,extra_trees_tuned,per_crop,黄瓜,fold3_test2026,target_mean_price_next_30d,沈阳
248,0.12700173596385658,0.15868647940982408,6.2508344181588775,6.13301458261328,-0.01907683452861909,0.6209677419354839,catboost,pooled,土豆,fold1_test2024,target_mean_price_next_30d,沈阳
250,0.19844508192141774,0.23480484328492024,10.474682369669438,10.208488140894966,0.0881278596475197,0.432,catboost,pooled,土豆,fold2_test2025,target_mean_price_next_30d,沈阳
154,0.12357312643711663,0.1529230223454157,5.869256781465084,5.638286038652284,-0.08476874707573095,0.474025974025974,catboost,pooled,土豆,fold3_test2026,target_mean_price_next_30d,沈阳
248,0.9054359922590927,1.1559174386976698,15.202987615764446,14.99696770540782,-0.4111093491851426,0.6008064516129032,catboost,pooled,尖椒,fold1_test2024,target_mean_price_next_30d,沈阳
250,0.7409654598205468,0.9938029036753186,13.263468418201377,14.420310674777594,0.09306494959359145,0.484,catboost,pooled,尖椒,fold2_test2025,target_mean_price_next_30d,沈阳
154,0.5096350369589028,0.6743110014412964,8.40823354699543,8.720992208290712,0.1725208183368977,0.7337662337662337,catboost,pooled,尖椒,fold3_test2026,target_mean_price_next_30d,沈阳
248,0.4560644236012407,0.6135835380854597,20.153414989820348,19.44813971593008,-0.211192171837368,0.5766129032258065,catboost,pooled,甘蓝,fold1_test2024,target_mean_price_next_30d,沈阳
250,0.41852773714729496,0.48938176660428206,24.09828392231298,21.89668062660901,0.21653483390144704,0.516,catboost,pooled,甘蓝,fold2_test2025,target_mean_price_next_30d,沈阳
154,0.2285372099508592,0.2992778843829213,12.098125779971122,13.02209130143564,0.06813216778653201,0.6428571428571429,catboost,pooled,甘蓝,fold3_test2026,target_mean_price_next_30d,沈阳
248,1.0037595132891748,1.3786651833454016,11.235395156095398,11.387484700732431,-0.6392495424635559,0.75,catboost,pooled,芸豆,fold1_test2024,target_mean_price_next_30d,沈阳
250,0.8681606715497756,1.10794974121208,9.908763444044842,10.148541739460375,0.02030291160879227,0.612,catboost,pooled,芸豆,fold2_test2025,target_mean_price_next_30d,沈阳
154,0.6203712494646597,0.7384320339305085,7.219532539155173,7.374048768127706,0.34693041296208194,0.6623376623376623,catboost,pooled,芸豆,fold3_test2026,target_mean_price_next_30d,沈阳
248,0.8249436220360954,1.1261765697966308,17.640567137922233,17.760199550965226,-0.4563258812778901,0.5846774193548387,catboost,pooled,芹菜,fold1_test2024,target_mean_price_next_30d,沈阳
250,0.4763406955048474,0.5699155310782249,13.591132516434525,13.993280507203856,0.3053715235979648,0.6,catboost,pooled,芹菜,fold2_test2025,target_mean_price_next_30d,沈阳
154,0.31818181507497534,0.41726330221370606,8.761347611085872,8.882023239220793,0.07415983460687468,0.564935064935065,catboost,pooled,芹菜,fold3_test2026,target_mean_price_next_30d,沈阳
248,0.5950760986670212,0.7292892158201115,15.424203155810757,14.099713645185366,-0.20354127406844183,0.6088709677419355,catboost,pooled,茄子,fold1_test2024,target_mean_price_next_30d,沈阳
250,0.6965099148950685,0.8499492123662217,18.43105776293193,18.43388579040885,0.07461171118621394,0.468,catboost,pooled,茄子,fold2_test2025,target_mean_price_next_30d,沈阳
154,0.42018630108576027,0.5181657126088518,11.427617464379255,10.60594419581947,0.23941138327535982,0.6493506493506493,catboost,pooled,茄子,fold3_test2026,target_mean_price_next_30d,沈阳
248,0.6880634286905448,0.9162416494198548,12.62383050256098,12.618136112553568,-0.16042453377845575,0.5282258064516129,catboost,pooled,西红柿,fold1_test2024,target_mean_price_next_30d,沈阳
250,0.6057301883650898,0.8016036086730238,10.460737081396877,11.126979174554128,-0.09712765704161282,0.536,catboost,pooled,西红柿,fold2_test2025,target_mean_price_next_30d,沈阳
154,0.4706342423481906,0.5923093666363216,8.318408265120844,9.115886744066586,0.2603716679583646,0.5909090909090909,catboost,pooled,西红柿,fold3_test2026,target_mean_price_next_30d,沈阳
248,0.9510646556509138,1.3078707545447046,13.581775264193697,14.215310648433533,-0.5355829743502566,0.6532258064516129,catboost,pooled,青椒,fold1_test2024,target_mean_price_next_30d,沈阳
250,0.8209636090248409,1.065039059456733,14.113972216850634,15.40623786793081,0.253370257986943,0.548,catboost,pooled,青椒,fold2_test2025,target_mean_price_next_30d,沈阳
154,0.5001100511196003,0.669469584189291,8.662805329701548,8.635781307855732,0.1453820687088139,0.7467532467532467,catboost,pooled,青椒,fold3_test2026,target_mean_price_next_30d,沈阳
248,0.6448819694418707,0.9087398566369324,11.842632131073666,11.954739910983175,-0.2724518241517098,0.7096774193548387,catboost,pooled,韭菜,fold1_test2024,target_mean_price_next_30d,沈阳
250,0.9357994528700604,1.2766611721431407,15.556910111603644,16.376583474866433,-0.2089208528743782,0.8,catboost,pooled,韭菜,fold2_test2025,target_mean_price_next_30d,沈阳
154,0.5947196249699684,0.7089673046893743,12.253143343431521,11.221059669208808,-0.006650441781757224,0.6753246753246753,catboost,pooled,韭菜,fold3_test2026,target_mean_price_next_30d,沈阳
248,0.803541999851146,1.1122948248005562,16.893554187043407,16.937679752962172,-0.1954387109214576,0.7338709677419355,catboost,pooled,黄瓜,fold1_test2024,target_mean_price_next_30d,沈阳
250,0.9775545741843276,1.3122766898828064,18.10738231761144,18.60345911822049,-0.2717854587136915,0.68,catboost,pooled,黄瓜,fold2_test2025,target_mean_price_next_30d,沈阳
154,0.6818912139008763,0.8791273518540494,15.31112303401558,14.101634152383138,0.06852660664775605,0.7662337662337663,catboost,pooled,黄瓜,fold3_test2026,target_mean_price_next_30d,沈阳
248,0.37405458059117497,0.4186869056744592,18.249278144138962,18.06339244143752,0.0016076415289360672,0.5120967741935484,elasticnet,pooled,土豆,fold1_test2024,target_mean_price_next_30d,沈阳
250,0.34262297504976613,0.4105213263229762,16.371818548700006,17.625342708058284,0.29631395767494323,0.8,elasticnet,pooled,土豆,fold2_test2025,target_mean_price_next_30d,沈阳
154,0.18156179283499202,0.22265428932073253,8.346157507023543,8.284141958770855,-0.03585134531344836,0.6233766233766234,elasticnet,pooled,土豆,fold3_test2026,target_mean_price_next_30d,沈阳
248,0.7328135789542227,0.9937631768250099,12.334765646975336,12.137778563717614,-0.354019713420419,0.6129032258064516,elasticnet,pooled,尖椒,fold1_test2024,target_mean_price_next_30d,沈阳
250,0.5996861830588752,0.8235883826514258,10.59413473891604,11.670801860554866,0.08956921929882626,0.6,elasticnet,pooled,尖椒,fold2_test2025,target_mean_price_next_30d,沈阳
154,0.6487177770451618,0.8664111032198983,10.236259146800968,11.101008111117656,0.26399304345991526,0.6623376623376623,elasticnet,pooled,尖椒,fold3_test2026,target_mean_price_next_30d,沈阳
248,0.49434602489091134,0.6107594547447864,25.20550845401027,21.080597526500284,-0.17927681394211062,0.532258064516129,elasticnet,pooled,甘蓝,fold1_test2024,target_mean_price_next_30d,沈阳
250,0.30832112690135366,0.3988722297738255,14.788090170364635,16.130852622126536,0.21552567758968255,0.68,elasticnet,pooled,甘蓝,fold2_test2025,target_mean_price_next_30d,沈阳
154,0.24965320382506512,0.3227971697939024,14.921544235179319,14.225284427883588,0.0457652873189384,0.45454545454545453,elasticnet,pooled,甘蓝,fold3_test2026,target_mean_price_next_30d,沈阳
248,0.9917852755261685,1.2069511640858797,11.27732134532775,11.251638965251082,-0.28878907164527534,0.6854838709677419,elasticnet,pooled,芸豆,fold1_test2024,target_mean_price_next_30d,沈阳
250,0.7498561373572238,1.0138371338502559,8.606734450227778,8.765596689580063,0.050943332936230615,0.68,elasticnet,pooled,芸豆,fold2_test2025,target_mean_price_next_30d,沈阳
154,0.6030417147454008,0.7587171562949153,7.179851432286036,7.168061088558334,0.31226935525981697,0.6688311688311688,elasticnet,pooled,芸豆,fold3_test2026,target_mean_price_next_30d,沈阳
248,0.7329093385664126,0.9443780222192822,16.256695183460433,15.77879476609358,-0.28062202982307577,0.5725806451612904,elasticnet,pooled,芹菜,fold1_test2024,target_mean_price_next_30d,沈阳
250,0.4375488139793445,0.5593732748398543,12.160921966805143,12.85370607085789,0.2738817606084252,0.572,elasticnet,pooled,芹菜,fold2_test2025,target_mean_price_next_30d,沈阳
154,0.3038045501983011,0.42364027398976656,8.352881334936706,8.480682890084365,-0.008975689275406248,0.6753246753246753,elasticnet,pooled,芹菜,fold3_test2026,target_mean_price_next_30d,沈阳
248,0.4478779187573193,0.5900210951645021,11.809105706440581,10.612004778255043,-0.10677399334162196,0.6411290322580645,elasticnet,pooled,茄子,fold1_test2024,target_mean_price_next_30d,沈阳
250,0.6021108520733821,0.7520180281733317,15.69431247995596,15.935512823185901,0.21374327911564125,0.572,elasticnet,pooled,茄子,fold2_test2025,target_mean_price_next_30d,沈阳
154,0.43105571645586827,0.5850878980190796,10.780645520563747,10.88029967232754,0.23953431663833044,0.6688311688311688,elasticnet,pooled,茄子,fold3_test2026,target_mean_price_next_30d,沈阳
248,0.5491526546371307,0.7067915546303687,9.931838868911056,10.070703737253659,-0.03479352050733692,0.5645161290322581,elasticnet,pooled,西红柿,fold1_test2024,target_mean_price_next_30d,沈阳
250,0.44044731522182806,0.5689742762836203,7.7657670269730845,8.090810393963203,0.08398893302689756,0.672,elasticnet,pooled,西红柿,fold2_test2025,target_mean_price_next_30d,沈阳
154,0.5239032390061886,0.6467672212492018,9.71149899182333,10.147673420024415,0.4403820102603373,0.44805194805194803,elasticnet,pooled,西红柿,fold3_test2026,target_mean_price_next_30d,沈阳
248,0.8103798412167373,1.0596041351152656,11.812291656374487,12.11253211616822,-0.15818167388403548,0.5806451612903226,elasticnet,pooled,青椒,fold1_test2024,target_mean_price_next_30d,沈阳
250,0.6376540797246334,0.8885132944070352,11.016723851828978,11.966243474985708,0.2696569694482943,0.612,elasticnet,pooled,青椒,fold2_test2025,target_mean_price_next_30d,沈阳
154,0.7529898855729036,0.9695639196112329,12.4203892342919,13.002450089290068,0.44077178670301065,0.6428571428571429,elasticnet,pooled,青椒,fold3_test2026,target_mean_price_next_30d,沈阳
248,0.6712829306116075,0.9514754430711452,12.41347144240373,12.444157570554784,-0.008269583099609961,0.4959677419354839,elasticnet,pooled,韭菜,fold1_test2024,target_mean_price_next_30d,沈阳
250,0.7129930576254027,1.1026485835265567,11.843461840419092,12.477449403706773,0.051199901165251076,0.68,elasticnet,pooled,韭菜,fold2_test2025,target_mean_price_next_30d,沈阳
154,0.7167096158755759,0.854581241784252,13.824509929167691,13.522744210167387,0.3012221417754404,0.5,elasticnet,pooled,韭菜,fold3_test2026,target_mean_price_next_30d,沈阳
248,0.7551451624068841,1.0353486603224178,15.969877440383796,15.917533781950166,-0.1534443982250561,0.7580645161290323,elasticnet,pooled,黄瓜,fold1_test2024,target_mean_price_next_30d,沈阳
250,0.7450754453802851,1.0944002133103332,14.170072167770131,14.179239660033991,-0.1310790221467341,0.792,elasticnet,pooled,黄瓜,fold2_test2025,target_mean_price_next_30d,沈阳
154,0.7563174472088584,1.0317096403926356,17.002818185119143,15.640782174902817,0.12551257142557246,0.7857142857142857,elasticnet,pooled,黄瓜,fold3_test2026,target_mean_price_next_30d,沈阳
248,0.35519202053764276,0.4188328738804468,16.063039118865525,17.152504452420942,0.284648274513015,0.5846774193548387,elasticnet_tuned,pooled,土豆,fold1_test2024,target_mean_price_next_30d,沈阳
250,0.30268774453119346,0.34836436862121656,14.525998156928093,15.570979237795049,0.29920546746492904,0.736,elasticnet_tuned,pooled,土豆,fold2_test2025,target_mean_price_next_30d,沈阳
154,0.15405605717394202,0.19058563844865012,6.637991038667915,7.029134419251511,0.11984025801368886,0.564935064935065,elasticnet_tuned,pooled,土豆,fold3_test2026,target_mean_price_next_30d,沈阳
248,0.7508592778644748,1.000126211557335,12.256894972470075,12.436674085976819,-0.22388040864563827,0.5967741935483871,elasticnet_tuned,pooled,尖椒,fold1_test2024,target_mean_price_next_30d,沈阳
250,0.5755208241618336,0.7902166879284723,10.221467914123583,11.200507357289846,-0.09032627444443093,0.644,elasticnet_tuned,pooled,尖椒,fold2_test2025,target_mean_price_next_30d,沈阳
154,0.6891480933059524,0.9456337198192916,10.55563685724869,11.79286100096816,0.17991092414552817,0.6493506493506493,elasticnet_tuned,pooled,尖椒,fold3_test2026,target_mean_price_next_30d,沈阳
248,0.4509533940295771,0.5674007687545475,19.435379978351662,19.230188014244895,0.14655243149493907,0.5201612903225806,elasticnet_tuned,pooled,甘蓝,fold1_test2024,target_mean_price_next_30d,沈阳
250,0.28196496694820383,0.35594493171894354,14.342985189430731,14.751941821682173,0.2014243434457544,0.468,elasticnet_tuned,pooled,甘蓝,fold2_test2025,target_mean_price_next_30d,沈阳
154,0.24857244486431812,0.35574109503040136,13.035587158187331,14.163702588039135,0.19450329229200375,0.4805194805194805,elasticnet_tuned,pooled,甘蓝,fold3_test2026,target_mean_price_next_30d,沈阳
248,1.0589363286279758,1.3169834897979167,12.15846516596858,12.013456491970356,-0.4621407519465315,0.6008064516129032,elasticnet_tuned,pooled,芸豆,fold1_test2024,target_mean_price_next_30d,沈阳
250,0.8622520449063258,1.1808167881884712,9.984720838910748,10.079471639789888,-0.29455338670194303,0.648,elasticnet_tuned,pooled,芸豆,fold2_test2025,target_mean_price_next_30d,沈阳
154,0.5292817037754708,0.6611197231411242,6.527750877169406,6.291312015323141,-0.08524213039805392,0.6753246753246753,elasticnet_tuned,pooled,芸豆,fold3_test2026,target_mean_price_next_30d,沈阳
248,0.6903587680997653,0.8770492831109301,14.977650775181225,14.862724137376118,-0.11980524115146557,0.6129032258064516,elasticnet_tuned,pooled,芹菜,fold1_test2024,target_mean_price_next_30d,沈阳
250,0.3677214501545757,0.4786246260569402,10.340733789915365,10.802414005536914,0.15922753913262855,0.544,elasticnet_tuned,pooled,芹菜,fold2_test2025,target_mean_price_next_30d,沈阳
154,0.2569887487313538,0.3831271627986546,6.8335144131397785,7.173823048034024,0.04178929153435522,0.7142857142857143,elasticnet_tuned,pooled,芹菜,fold3_test2026,target_mean_price_next_30d,沈阳
248,0.443444290286934,0.5704203628446012,11.200955633687187,10.50695453009081,0.024820398610938415,0.6290322580645161,elasticnet_tuned,pooled,茄子,fold1_test2024,target_mean_price_next_30d,沈阳
250,0.510853465123928,0.6936686469180631,13.024435834434078,13.520287694896355,0.024589368486283632,0.524,elasticnet_tuned,pooled,茄子,fold2_test2025,target_mean_price_next_30d,沈阳
154,0.4340816846797626,0.6011724958092687,10.901392146040665,10.956678293044156,0.2586825160378837,0.6233766233766234,elasticnet_tuned,pooled,茄子,fold3_test2026,target_mean_price_next_30d,沈阳
248,0.5357847845018513,0.7074359034003945,9.654900208707579,9.825555400823536,-0.036980223912551145,0.5564516129032258,elasticnet_tuned,pooled,西红柿,fold1_test2024,target_mean_price_next_30d,沈阳
250,0.4500716524895387,0.5934974874693076,8.13823002593616,8.267604951017962,-0.19974170409458145,0.632,elasticnet_tuned,pooled,西红柿,fold2_test2025,target_mean_price_next_30d,沈阳
154,0.42631834118430795,0.5471732706367219,7.642654238231109,8.257515848749696,0.22802254434071978,0.6168831168831169,elasticnet_tuned,pooled,西红柿,fold3_test2026,target_mean_price_next_30d,沈阳
248,0.8775196250483396,1.1589557850473824,12.678598132952398,13.116052621702826,-0.17443092560568732,0.5282258064516129,elasticnet_tuned,pooled,青椒,fold1_test2024,target_mean_price_next_30d,沈阳
250,0.5464524319158488,0.7958077954433398,9.39481062556359,10.254749488354113,-0.04446364310156346,0.712,elasticnet_tuned,pooled,青椒,fold2_test2025,target_mean_price_next_30d,沈阳
154,0.6989311041867109,0.9860560007671914,10.517175715089772,12.068975921403972,0.22739754685086916,0.6233766233766234,elasticnet_tuned,pooled,青椒,fold3_test2026,target_mean_price_next_30d,沈阳
248,0.622138873441075,0.8830409420718621,11.702754207970651,11.533131290578815,-0.017480749530474987,0.5403225806451613,elasticnet_tuned,pooled,韭菜,fold1_test2024,target_mean_price_next_30d,沈阳
250,0.7160798577592079,1.1131925517570012,12.279921211086432,12.53146871297913,-0.18951694449881998,0.76,elasticnet_tuned,pooled,韭菜,fold2_test2025,target_mean_price_next_30d,沈阳
154,0.6210587488508261,0.739229346015528,12.82134714424951,11.71802137736954,0.09596157358449224,0.7207792207792207,elasticnet_tuned,pooled,韭菜,fold3_test2026,target_mean_price_next_30d,沈阳
248,0.7601915161779972,1.0144239220472335,15.955096816308323,16.0239047297178,-0.03170741852559385,0.7459677419354839,elasticnet_tuned,pooled,黄瓜,fold1_test2024,target_mean_price_next_30d,沈阳
250,0.8812261072692533,1.228299003098695,16.910546935785316,16.770269705066017,-0.22500920144924905,0.692,elasticnet_tuned,pooled,黄瓜,fold2_test2025,target_mean_price_next_30d,沈阳
154,0.7991558038794853,1.0442133112515077,18.152771680476395,16.52668717139438,0.04218736326832711,0.6623376623376623,elasticnet_tuned,pooled,黄瓜,fold3_test2026,target_mean_price_next_30d,沈阳
248,0.14194339867196323,0.17847601204319286,6.78710892391974,6.854559328296019,0.02371346269596954,0.3870967741935484,extra_trees,pooled,土豆,fold1_test2024,target_mean_price_next_30d,沈阳
250,0.1516076824066692,0.19233989512235486,8.087738379639063,7.799060641522577,0.13610810530382111,0.76,extra_trees,pooled,土豆,fold2_test2025,target_mean_price_next_30d,沈阳
154,0.12112079985206903,0.14666357945072064,5.698552802468197,5.526393435904826,-0.05495978855536824,0.461038961038961,extra_trees,pooled,土豆,fold3_test2026,target_mean_price_next_30d,沈阳
248,0.8994954538494144,1.1128932498694666,14.87816309420747,14.898573049745417,-0.21859548961606443,0.5403225806451613,extra_trees,pooled,尖椒,fold1_test2024,target_mean_price_next_30d,沈阳
250,0.7370115128915272,0.9525828795060547,13.5723207271119,14.343360875900526,0.21348743706433226,0.656,extra_trees,pooled,尖椒,fold2_test2025,target_mean_price_next_30d,沈阳
154,0.599955580344525,0.8138499756276452,9.446529681085885,10.266578162927724,0.10822651218701439,0.6753246753246753,extra_trees,pooled,尖椒,fold3_test2026,target_mean_price_next_30d,沈阳
248,0.3845969224903473,0.5721555792713034,15.656872783818168,16.400522153968463,0.05495358796421824,0.5846774193548387,extra_trees,pooled,甘蓝,fold1_test2024,target_mean_price_next_30d,沈阳
250,0.43681866347905346,0.48497055060188016,24.111007822519124,22.85363171181366,0.3600542580647077,0.464,extra_trees,pooled,甘蓝,fold2_test2025,target_mean_price_next_30d,沈阳
154,0.2630941515640793,0.32325684676897853,14.622710571104813,14.991152045996643,0.18141631127395877,0.551948051948052,extra_trees,pooled,甘蓝,fold3_test2026,target_mean_price_next_30d,沈阳
248,1.0526416556422846,1.3804183747729823,11.846125692438742,11.942044474079951,-0.6162785880704348,0.6411290322580645,extra_trees,pooled,芸豆,fold1_test2024,target_mean_price_next_30d,沈阳
250,0.8138891481494173,1.062318921192298,9.281410557633754,9.514123666237325,0.06265259755742546,0.672,extra_trees,pooled,芸豆,fold2_test2025,target_mean_price_next_30d,沈阳
154,0.475727417753089,0.6068860797186849,5.690894105574632,5.654738484212396,0.2325735695074291,0.7467532467532467,extra_trees,pooled,芸豆,fold3_test2026,target_mean_price_next_30d,沈阳
248,0.7691022584210603,1.0536143028870404,16.40290010281387,16.557991624860865,-0.10081423130458551,0.5685483870967742,extra_trees,pooled,芹菜,fold1_test2024,target_mean_price_next_30d,沈阳
250,0.5207181441925649,0.6600518659629518,14.580584292123849,15.296940038168612,0.4285085913443311,0.656,extra_trees,pooled,芹菜,fold2_test2025,target_mean_price_next_30d,沈阳
154,0.383901703183623,0.4732994462217819,10.510183351207115,10.716589345151302,0.11741639394914857,0.4935064935064935,extra_trees,pooled,芹菜,fold3_test2026,target_mean_price_next_30d,沈阳
248,0.5239731795756661,0.6548262436272886,12.852624386284212,12.415003402628873,0.014244710023302234,0.625,extra_trees,pooled,茄子,fold1_test2024,target_mean_price_next_30d,沈阳
250,0.5832691353035673,0.7490537839183588,15.355229569925557,15.436846476013624,0.11615645561182529,0.628,extra_trees,pooled,茄子,fold2_test2025,target_mean_price_next_30d,沈阳
154,0.4789089898590633,0.5767672153618628,13.238257433451928,12.088166625605469,0.27154721135990256,0.6168831168831169,extra_trees,pooled,茄子,fold3_test2026,target_mean_price_next_30d,沈阳
248,0.744005573042063,0.9383771903939896,13.592556677120438,13.64403803150739,-0.07140930627405778,0.49193548387096775,extra_trees,pooled,西红柿,fold1_test2024,target_mean_price_next_30d,沈阳
250,0.5073433070784119,0.6617124542831602,9.154087528996607,9.31965835720969,0.005775167521991321,0.7,extra_trees,pooled,西红柿,fold2_test2025,target_mean_price_next_30d,沈阳
154,0.40880499650870855,0.5504912377581385,7.665432798145197,7.918293471355295,0.20475652977590958,0.6753246753246753,extra_trees,pooled,西红柿,fold3_test2026,target_mean_price_next_30d,沈阳
248,1.0377598259717873,1.4141164306096536,14.57854720318254,15.511120318688402,-0.38033130682580923,0.5725806451612904,extra_trees,pooled,青椒,fold1_test2024,target_mean_price_next_30d,沈阳
250,0.696579407085635,0.9204686665296428,12.000787646285598,13.072038664674576,0.24840661774428385,0.684,extra_trees,pooled,青椒,fold2_test2025,target_mean_price_next_30d,沈阳
154,0.5668357127342363,0.7568579953276942,9.414042864416013,9.787984148082545,0.23131089355220677,0.8051948051948052,extra_trees,pooled,青椒,fold3_test2026,target_mean_price_next_30d,沈阳
248,0.5662846252280537,0.8293983525955464,9.984760050932923,10.497712342692795,-0.021045875725124754,0.7258064516129032,extra_trees,pooled,韭菜,fold1_test2024,target_mean_price_next_30d,沈阳
250,0.7424801453474901,1.1135870576738416,12.533858640355195,12.993476370842139,-0.17759392915292047,0.748,extra_trees,pooled,韭菜,fold2_test2025,target_mean_price_next_30d,沈阳
154,0.5606882390375064,0.7112038298913061,11.176147234157156,10.578961786205006,0.06167586312123069,0.7207792207792207,extra_trees,pooled,韭菜,fold3_test2026,target_mean_price_next_30d,沈阳
248,0.7498088833929031,1.0260711540932752,15.329608116475594,15.805051565677704,0.061782537817763584,0.7540322580645161,extra_trees,pooled,黄瓜,fold1_test2024,target_mean_price_next_30d,沈阳
250,0.7991721454181608,1.1563417033135466,14.239224186859161,15.208732819968295,-0.18423042258758915,0.82,extra_trees,pooled,黄瓜,fold2_test2025,target_mean_price_next_30d,沈阳
154,0.6910442319370377,0.9478258812824545,15.414865734102618,14.290920227793514,0.08458510589387214,0.7792207792207793,extra_trees,pooled,黄瓜,fold3_test2026,target_mean_price_next_30d,沈阳
248,0.14204736066014118,0.17623305712934753,6.8111185009033095,6.859579735180174,0.02983502303285898,0.38306451612903225,extra_trees_tuned,pooled,土豆,fold1_test2024,target_mean_price_next_30d,沈阳
250,0.13025419794559423,0.16476945173167934,7.002298856388825,6.700586490502855,0.10924535685540047,0.744,extra_trees_tuned,pooled,土豆,fold2_test2025,target_mean_price_next_30d,沈阳
154,0.10768954890770965,0.1319779745250255,5.045438764172337,4.913564118846528,-0.047014974105090965,0.44805194805194803,extra_trees_tuned,pooled,土豆,fold3_test2026,target_mean_price_next_30d,沈阳
248,0.8589513951399453,1.086313969027688,14.052603288747395,14.2270314451368,-0.2002223872013298,0.5645161290322581,extra_trees_tuned,pooled,尖椒,fold1_test2024,target_mean_price_next_30d,沈阳
250,0.6532037026167509,0.866145881402855,12.177678268319488,12.712333889260979,0.13638762583203065,0.696,extra_trees_tuned,pooled,尖椒,fold2_test2025,target_mean_price_next_30d,沈阳
154,0.6136653671077138,0.825252824429261,9.676928145103888,10.50118319372104,0.13451280625001225,0.6558441558441559,extra_trees_tuned,pooled,尖椒,fold3_test2026,target_mean_price_next_30d,沈阳
248,0.39889160745536906,0.5713070729505471,16.384918788229136,17.01009618782913,0.06466841554663182,0.49193548387096775,extra_trees_tuned,pooled,甘蓝,fold1_test2024,target_mean_price_next_30d,沈阳
250,0.3983329604686873,0.4447612843474433,21.77154490417377,20.840123232656556,0.2976608825573788,0.472,extra_trees_tuned,pooled,甘蓝,fold2_test2025,target_mean_price_next_30d,沈阳
154,0.2600057065948358,0.3266889185199469,14.527561748736739,14.815171896516407,0.17841192561985872,0.4935064935064935,extra_trees_tuned,pooled,甘蓝,fold3_test2026,target_mean_price_next_30d,沈阳
248,1.0470595631940307,1.3779995081808725,11.774109203264208,11.87871656384748,-0.6281725749512561,0.657258064516129,extra_trees_tuned,pooled,芸豆,fold1_test2024,target_mean_price_next_30d,沈阳
250,0.7972060460959347,1.0562261367289076,9.150048062512612,9.319103132502242,-0.06795087802307145,0.636,extra_trees_tuned,pooled,芸豆,fold2_test2025,target_mean_price_next_30d,沈阳
154,0.5010067514953626,0.6427556205620165,5.960976678277502,5.955221525620525,0.25485761074237023,0.7792207792207793,extra_trees_tuned,pooled,芸豆,fold3_test2026,target_mean_price_next_30d,沈阳
248,0.7452281489760965,1.013852885853705,15.91011686662856,16.04400626087003,-0.07184915168799187,0.5725806451612904,extra_trees_tuned,pooled,芹菜,fold1_test2024,target_mean_price_next_30d,沈阳
250,0.449669222150642,0.5825572299879894,12.558831190283772,13.20976271897404,0.3473928490893369,0.664,extra_trees_tuned,pooled,芹菜,fold2_test2025,target_mean_price_next_30d,沈阳
154,0.37435224971352166,0.4829869206537881,10.157711628320437,10.450017015669458,0.13085854957757526,0.4155844155844156,extra_trees_tuned,pooled,芹菜,fold3_test2026,target_mean_price_next_30d,沈阳
248,0.5160257248859427,0.6466531889666158,12.480686021915302,12.226696670793741,0.04916077355369532,0.6612903225806451,extra_trees_tuned,pooled,茄子,fold1_test2024,target_mean_price_next_30d,沈阳
250,0.5551233385063911,0.7224945189628046,14.537133772849305,14.691937620383957,0.08800585243175937,0.632,extra_trees_tuned,pooled,茄子,fold2_test2025,target_mean_price_next_30d,沈阳
154,0.46815938425784037,0.5726508588312509,12.837619350171902,11.816835273681244,0.2673754382608939,0.6038961038961039,extra_trees_tuned,pooled,茄子,fold3_test2026,target_mean_price_next_30d,沈阳
248,0.7213136254989139,0.9099707162713127,13.065649352546352,13.227898950691399,-0.05795326928977261,0.4798387096774194,extra_trees_tuned,pooled,西红柿,fold1_test2024,target_mean_price_next_30d,沈阳
250,0.492348877197926,0.6344923418733313,8.915500409790292,9.044217720075853,-0.0297152716206451,0.728,extra_trees_tuned,pooled,西红柿,fold2_test2025,target_mean_price_next_30d,沈阳
154,0.408339722794151,0.548218582116373,7.561363230980682,7.909281414634271,0.22071002242306542,0.6818181818181818,extra_trees_tuned,pooled,西红柿,fold3_test2026,target_mean_price_next_30d,沈阳
248,1.0125650223880762,1.3804497615796885,14.128958415512734,15.134540285416534,-0.3217412984060346,0.5887096774193549,extra_trees_tuned,pooled,青椒,fold1_test2024,target_mean_price_next_30d,沈阳
250,0.6372197710091352,0.8681738165107113,11.123315358706538,11.958093219230731,0.15448441214972117,0.672,extra_trees_tuned,pooled,青椒,fold2_test2025,target_mean_price_next_30d,沈阳
154,0.5608949782039566,0.7681920025861644,9.195554608568463,9.685400958449243,0.20970484324880814,0.8051948051948052,extra_trees_tuned,pooled,青椒,fold3_test2026,target_mean_price_next_30d,沈阳
248,0.5625545476711359,0.828974518352441,9.900182807625372,10.428564639463719,0.004933840751940566,0.7298387096774194,extra_trees_tuned,pooled,韭菜,fold1_test2024,target_mean_price_next_30d,沈阳
250,0.7102577487246197,1.1017492849528008,12.168590952975348,12.429581225962243,-0.14491658650160472,0.748,extra_trees_tuned,pooled,韭菜,fold2_test2025,target_mean_price_next_30d,沈阳
154,0.5940416336823818,0.7349026310016472,11.950939422638845,11.208267455241431,0.09831487529873742,0.6883116883116883,extra_trees_tuned,pooled,韭菜,fold3_test2026,target_mean_price_next_30d,沈阳
248,0.744572398674449,1.0049442560882762,15.176524545564957,15.694672890749839,0.07299487013729522,0.7701612903225806,extra_trees_tuned,pooled,黄瓜,fold1_test2024,target_mean_price_next_30d,沈阳
250,0.8268241952406168,1.1825399604572375,14.873651023384896,15.73496817499826,-0.1847139981686205,0.804,extra_trees_tuned,pooled,黄瓜,fold2_test2025,target_mean_price_next_30d,沈阳
154,0.707671809887426,0.9678744799832836,16.018585453476703,14.63478155980166,0.10434539195524191,0.8181818181818182,extra_trees_tuned,pooled,黄瓜,fold3_test2026,target_mean_price_next_30d,沈阳
248,0.12198451420170381,0.15635026606574842,5.832873720725282,5.890728963460447,0.003969967518956991,0.0,baseline_last_value,baseline,土豆,fold1_test2024,target_mean_price_next_30d,沈阳
250,0.10795883564526283,0.13308376049069617,5.896055324529863,5.553659897834674,-0.01352234366665312,0.004,baseline_last_value,baseline,土豆,fold2_test2025,target_mean_price_next_30d,沈阳
154,0.0677281485596992,0.08234189739757754,3.08813220295742,3.090240454847151,0.0020873159181028023,0.0,baseline_last_value,baseline,土豆,fold3_test2026,target_mean_price_next_30d,沈阳
248,0.8456534862317875,1.0944936791899276,13.316400447741216,14.006774781882761,0.00705569006233454,0.0,baseline_last_value,baseline,尖椒,fold1_test2024,target_mean_price_next_30d,沈阳
250,0.603944222463467,0.8016588526575543,11.370821896334624,11.753669759815013,-0.16098602132782935,0.0,baseline_last_value,baseline,尖椒,fold2_test2025,target_mean_price_next_30d,沈阳
154,0.7928249024997849,1.0869084806607427,11.757638308170394,13.56700245434074,0.42401864640302994,0.0,baseline_last_value,baseline,尖椒,fold3_test2026,target_mean_price_next_30d,沈阳
248,0.37162586066414527,0.47522529463960345,16.559380610208507,15.8473919170866,0.006665025028249737,0.0,baseline_last_value,baseline,甘蓝,fold1_test2024,target_mean_price_next_30d,沈阳
250,0.2528918218362306,0.33757200332114656,13.797681406217174,13.230882840819714,-0.06217526406032904,0.0,baseline_last_value,baseline,甘蓝,fold2_test2025,target_mean_price_next_30d,沈阳
154,0.21422978882723165,0.3096777691870898,11.917737517614855,12.206851874123,0.08318559936661336,0.0,baseline_last_value,baseline,甘蓝,fold3_test2026,target_mean_price_next_30d,沈阳
248,1.1530921825526528,1.4008678316261167,13.029066587042829,13.081638991718943,-0.060472052700536565,0.0,baseline_last_value,baseline,芸豆,fold1_test2024,target_mean_price_next_30d,沈阳
250,0.9443291247369762,1.3504991432408533,10.835799274277786,11.038928452118686,-0.09325614753461194,0.0,baseline_last_value,baseline,芸豆,fold2_test2025,target_mean_price_next_30d,沈阳
154,0.6469487954961598,0.8013641712045275,7.8192224640389965,7.689963022282072,0.17424420442383146,0.0,baseline_last_value,baseline,芸豆,fold3_test2026,target_mean_price_next_30d,沈阳
248,0.6654172943004183,0.8923049600690164,14.542720040871682,14.32575950132225,-0.0193361206504776,0.004032258064516129,baseline_last_value,baseline,芹菜,fold1_test2024,target_mean_price_next_30d,沈阳
250,0.3471667962240717,0.503816850022393,9.749103711861277,10.198587708744862,-0.027427368331702583,0.0,baseline_last_value,baseline,芹菜,fold2_test2025,target_mean_price_next_30d,沈阳
154,0.2866992504990978,0.42185174193552044,7.491213238918844,8.003189638603727,0.07677856307087151,0.0,baseline_last_value,baseline,芹菜,fold3_test2026,target_mean_price_next_30d,沈阳
248,0.48316983387415263,0.6223504096376883,12.03839872596971,11.448210262313609,0.04298416587206462,0.004032258064516129,baseline_last_value,baseline,茄子,fold1_test2024,target_mean_price_next_30d,沈阳
250,0.5139212548483507,0.7382056072796428,13.311599870353458,13.601480057272871,-0.12514155915635797,0.0,baseline_last_value,baseline,茄子,fold2_test2025,target_mean_price_next_30d,沈阳
154,0.45872160544658636,0.6708908442529382,10.936917806066164,11.578615809729186,0.29443372912453375,0.0,baseline_last_value,baseline,茄子,fold3_test2026,target_mean_price_next_30d,沈阳
248,0.5741673241362706,0.7357218673828189,10.006150626097895,10.529438341345877,0.08912477775104483,0.0,baseline_last_value,baseline,西红柿,fold1_test2024,target_mean_price_next_30d,沈阳
250,0.511121561961946,0.6288034462464089,9.395502220165332,9.389063125558303,-0.18523726844741106,0.0,baseline_last_value,baseline,西红柿,fold2_test2025,target_mean_price_next_30d,沈阳
154,0.48960137797325687,0.6669877564167741,8.317253364208284,9.48326812999119,0.3418836450340611,0.0,baseline_last_value,baseline,西红柿,fold3_test2026,target_mean_price_next_30d,沈阳
248,0.9606723588609697,1.2562714328737488,13.28393690235679,14.358914434924182,0.08901077791691864,0.0,baseline_last_value,baseline,青椒,fold1_test2024,target_mean_price_next_30d,沈阳
250,0.6025950596098089,0.8252766240597574,10.780224173956828,11.308324418199337,-0.12749407231090193,0.0,baseline_last_value,baseline,青椒,fold2_test2025,target_mean_price_next_30d,沈阳
154,0.7808202422044649,1.1233915538291743,11.158976905042753,13.483018062382696,0.38366675241939613,0.0,baseline_last_value,baseline,青椒,fold3_test2026,target_mean_price_next_30d,沈阳
248,0.6492334336574574,0.9024362215271198,11.90022840575323,12.035406801041077,0.04442813449658305,0.0,baseline_last_value,baseline,韭菜,fold1_test2024,target_mean_price_next_30d,沈阳
250,0.8299224126984126,1.209790891582731,14.173846765934764,14.523724744157668,-0.11193324644945712,0.0,baseline_last_value,baseline,韭菜,fold2_test2025,target_mean_price_next_30d,沈阳
154,0.7155832163806513,0.8299144997109212,14.355549645174314,13.501491513243934,0.234384727241629,0.0,baseline_last_value,baseline,韭菜,fold3_test2026,target_mean_price_next_30d,沈阳
248,0.8913625822866061,1.1408457091695505,18.21002088526352,18.788829912239457,0.009439326287442524,0.0,baseline_last_value,baseline,黄瓜,fold1_test2024,target_mean_price_next_30d,沈阳
250,0.9930545342858036,1.3730684013582168,18.87416535386824,18.898432802244688,-0.12309251697872142,0.0,baseline_last_value,baseline,黄瓜,fold2_test2025,target_mean_price_next_30d,沈阳
154,0.8720925721310708,1.1611601636776374,19.701364296350707,18.035032786022764,0.17159538418818293,0.0,baseline_last_value,baseline,黄瓜,fold3_test2026,target_mean_price_next_30d,沈阳
248,0.6238553258109336,0.7279177329914006,25.46605654012552,30.126468599833068,0.6238553258109336,0.5443548387096774,baseline_previous_year_same_period,baseline,土豆,fold1_test2024,target_mean_price_next_30d,沈阳
250,0.27406742611430535,0.3387232741832218,14.144922576886046,14.098681822719092,0.13498378008300624,0.38,baseline_previous_year_same_period,baseline,土豆,fold2_test2025,target_mean_price_next_30d,沈阳
154,0.2568606915290401,0.33077692605039183,12.776631917846315,11.719813948898828,-0.1470948308277931,0.538961038961039,baseline_previous_year_same_period,baseline,土豆,fold3_test2026,target_mean_price_next_30d,沈阳
248,2.245394697841579,2.835832256259538,47.03266331995165,37.19104614496944,-2.0668413717830596,0.5725806451612904,baseline_previous_year_same_period,baseline,尖椒,fold1_test2024,target_mean_price_next_30d,沈阳
250,1.8781271544011546,2.296641285289134,31.870574043708622,36.55120045644215,1.0188650093415357,0.504,baseline_previous_year_same_period,baseline,尖椒,fold2_test2025,target_mean_price_next_30d,沈阳
154,1.3620225061171345,2.2031544012573514,19.558868660557298,23.30724303070627,-1.100188200058913,0.7272727272727273,baseline_previous_year_same_period,baseline,尖椒,fold3_test2026,target_mean_price_next_30d,沈阳
248,0.7800355947666663,1.01295216824199,37.30680465949906,33.263373430076676,-0.6863267723685399,0.6653225806451613,baseline_previous_year_same_period,baseline,甘蓝,fold1_test2024,target_mean_price_next_30d,沈阳
250,0.9057025469913642,1.0426171798744337,42.44697868684756,47.384862827375024,0.45182215935560827,0.516,baseline_previous_year_same_period,baseline,甘蓝,fold2_test2025,target_mean_price_next_30d,沈阳
154,0.5501890114317438,0.6958256689277335,33.67545729996802,31.34986876514045,-0.3708891948253856,0.43506493506493504,baseline_previous_year_same_period,baseline,甘蓝,fold3_test2026,target_mean_price_next_30d,沈阳
248,1.7568150662661268,2.18237977955841,20.49253258560756,19.930774676860544,-0.01750809670282145,0.6693548387096774,baseline_previous_year_same_period,baseline,芸豆,fold1_test2024,target_mean_price_next_30d,沈阳
250,1.8780110500806382,2.2311139533222253,21.010000401182822,21.953394289202627,0.2634926717104701,0.556,baseline_previous_year_same_period,baseline,芸豆,fold2_test2025,target_mean_price_next_30d,沈阳
154,0.9050155243190506,1.162270219544947,10.48707045827178,10.757475653490157,-0.011191420920985328,0.6363636363636364,baseline_previous_year_same_period,baseline,芸豆,fold3_test2026,target_mean_price_next_30d,沈阳
248,2.0009373687357592,2.3375225977275353,50.898188538112386,43.07815226211355,-1.8482257198533323,0.5967741935483871,baseline_previous_year_same_period,baseline,芹菜,fold1_test2024,target_mean_price_next_30d,沈阳
250,1.4922962471597891,1.9036685043866877,36.50148153487009,43.83862261489694,1.2258933289551868,0.54,baseline_previous_year_same_period,baseline,芹菜,fold2_test2025,target_mean_price_next_30d,沈阳
154,0.6477578435172823,0.7829626804440574,20.545435894936574,18.082115152157062,-0.6408894180261636,0.6493506493506493,baseline_previous_year_same_period,baseline,芹菜,fold3_test2026,target_mean_price_next_30d,沈阳
248,1.556749521932815,1.8296747538789697,48.06293167243985,36.88557232545484,-0.9260983392945591,0.3951612903225806,baseline_previous_year_same_period,baseline,茄子,fold1_test2024,target_mean_price_next_30d,沈阳
250,1.6158623507029606,1.8484135353979638,38.734396199972444,42.76553913861715,0.5457939986106086,0.48,baseline_previous_year_same_period,baseline,茄子,fold2_test2025,target_mean_price_next_30d,沈阳
154,0.7817380409899204,1.1107131890388382,18.727855541468838,19.73189039496106,-0.7241226976799128,0.6558441558441559,baseline_previous_year_same_period,baseline,茄子,fold3_test2026,target_mean_price_next_30d,沈阳
248,1.5209048981093698,1.920868750626129,30.969368323089885,27.89130219450241,-1.0337988295410772,0.45564516129032256,baseline_previous_year_same_period,baseline,西红柿,fold1_test2024,target_mean_price_next_30d,沈阳
250,0.9907049259959168,1.3221855663995223,16.330023748019297,18.198784362123558,0.17437463663615346,0.684,baseline_previous_year_same_period,baseline,西红柿,fold2_test2025,target_mean_price_next_30d,沈阳
154,1.1314860693008537,1.7617493673027051,19.70807970439865,21.916167444111846,-0.4827528436632013,0.5,baseline_previous_year_same_period,baseline,西红柿,fold3_test2026,target_mean_price_next_30d,沈阳
248,2.3455947020451697,2.872534839988642,43.59870400211792,35.05898063478303,-1.8981262704578925,0.4637096774193548,baseline_previous_year_same_period,baseline,青椒,fold1_test2024,target_mean_price_next_30d,沈阳
250,2.36638828074643,3.0856311324718178,35.20224872881644,44.40774273096946,1.6073749717162784,0.548,baseline_previous_year_same_period,baseline,青椒,fold2_test2025,target_mean_price_next_30d,沈阳
154,1.2881060283762626,1.9729488260722594,19.531968519654164,22.242708254883244,-0.6753633792214871,0.6298701298701299,baseline_previous_year_same_period,baseline,青椒,fold3_test2026,target_mean_price_next_30d,沈阳
248,1.3910524229576589,1.6402453649278104,26.30237215633759,25.787152854334476,-0.37042888835062737,0.3911290322580645,baseline_previous_year_same_period,baseline,韭菜,fold1_test2024,target_mean_price_next_30d,沈阳
250,1.404127415410183,1.8297755303791687,22.704630760706664,24.5723693867197,-0.19323815877483383,0.604,baseline_previous_year_same_period,baseline,韭菜,fold2_test2025,target_mean_price_next_30d,沈阳
154,1.1527728726694388,1.3380060138937673,24.213184939490663,21.75030492717003,-0.5454750338296833,0.6103896103896104,baseline_previous_year_same_period,baseline,韭菜,fold3_test2026,target_mean_price_next_30d,沈阳
248,1.2935336071314363,1.7570518999356746,29.547977263353893,27.26610182335823,-0.5116112725084373,0.6008064516129032,baseline_previous_year_same_period,baseline,黄瓜,fold1_test2024,target_mean_price_next_30d,沈阳
250,1.9102107682039322,2.399679217907428,34.706646944278354,36.352474707734984,-0.41328272813942174,0.544,baseline_previous_year_same_period,baseline,黄瓜,fold2_test2025,target_mean_price_next_30d,沈阳
154,1.3561661278981652,1.6643671321816702,29.718372512025454,28.045761839444914,-0.872302472533163,0.6103896103896104,baseline_previous_year_same_period,baseline,黄瓜,fold3_test2026,target_mean_price_next_30d,沈阳
248,0.18180557406053952,0.23537314509597437,8.59673933530537,8.779535401240421,0.013193085798526908,0.5564516129032258,baseline_rolling_mean_30,baseline,土豆,fold1_test2024,target_mean_price_next_30d,沈阳
250,0.19915747573925896,0.23887763945857657,10.676633470135732,10.245135377352852,-0.022341010333319786,0.276,baseline_rolling_mean_30,baseline,土豆,fold2_test2025,target_mean_price_next_30d,沈阳
154,0.1002426165478513,0.11529776091248253,4.579897350432381,4.573782032190787,-0.006016580185793306,0.45454545454545453,baseline_rolling_mean_30,baseline,土豆,fold3_test2026,target_mean_price_next_30d,沈阳
248,1.4153288692097459,1.615234367946757,23.04322557542262,23.442453719021323,0.030921281460184018,0.3024193548387097,baseline_rolling_mean_30,baseline,尖椒,fold1_test2024,target_mean_price_next_30d,沈阳
250,1.0356384489387462,1.2775166408488507,19.190265138918562,20.155093577585127,-0.3353620213278294,0.444,baseline_rolling_mean_30,baseline,尖椒,fold2_test2025,target_mean_price_next_30d,沈阳
154,1.5894717561665817,1.9805562058642416,23.136264285626776,27.19940701789844,0.9091052264896099,0.35714285714285715,baseline_rolling_mean_30,baseline,尖椒,fold3_test2026,target_mean_price_next_30d,沈阳
248,0.676264595577517,0.8148273951971277,29.774058507624467,28.838224731223523,-0.013238200778201868,0.375,baseline_rolling_mean_30,baseline,甘蓝,fold1_test2024,target_mean_price_next_30d,沈阳
250,0.4269828809992897,0.5389986883430122,23.51848734668663,22.33903980175254,-0.16047926406032906,0.384,baseline_rolling_mean_30,baseline,甘蓝,fold2_test2025,target_mean_price_next_30d,沈阳
154,0.41087396431676915,0.5412461181135327,21.933066955143698,23.411672339336974,0.254834950015964,0.4805194805194805,baseline_rolling_mean_30,baseline,甘蓝,fold3_test2026,target_mean_price_next_30d,沈阳
248,1.8367003562306232,2.094814506616918,20.884059754118876,20.837060002419598,-0.0199102247435473,0.4032258064516129,baseline_rolling_mean_30,baseline,芸豆,fold1_test2024,target_mean_price_next_30d,沈阳
250,1.06600536524913,1.4424921616757544,12.277130769919518,12.461287752654467,-0.25931214753461196,0.624,baseline_rolling_mean_30,baseline,芸豆,fold2_test2025,target_mean_price_next_30d,沈阳
154,0.6586121579558314,0.9806438501251008,7.8480551602790865,7.82859969129629,0.4808026459822731,0.6883116883116883,baseline_rolling_mean_30,baseline,芸豆,fold3_test2026,target_mean_price_next_30d,沈阳
248,1.3107438065318477,1.5766111085642123,28.414992837071402,28.218984840128623,-0.09622052925262811,0.45161290322580644,baseline_rolling_mean_30,baseline,芹菜,fold1_test2024,target_mean_price_next_30d,沈阳
250,0.5261923956236401,0.6809589205982134,15.359616204850953,15.457755052642257,-0.06647803499836921,0.428,baseline_rolling_mean_30,baseline,芹菜,fold2_test2025,target_mean_price_next_30d,沈阳
154,0.37839497985652154,0.5326638373943816,9.876375779634532,10.562869546451465,0.23267466696697545,0.5844155844155844,baseline_rolling_mean_30,baseline,芹菜,fold3_test2026,target_mean_price_next_30d,沈阳
248,0.7719415288308821,0.9180924937576896,19.408717507659404,18.290357370633266,0.056801370173139985,0.4475806451612903,baseline_rolling_mean_30,baseline,茄子,fold1_test2024,target_mean_price_next_30d,沈阳
250,0.8242167134949675,1.1101211912962232,21.977003228732915,21.8137838933726,-0.3339548924896912,0.42,baseline_rolling_mean_30,baseline,茄子,fold2_test2025,target_mean_price_next_30d,沈阳
154,0.8049272356180404,0.9697055476167199,18.04251481400317,20.317210058016045,0.8049272356180404,0.564935064935065,baseline_rolling_mean_30,baseline,茄子,fold3_test2026,target_mean_price_next_30d,沈阳
248,0.9759882678762197,1.0954974179559465,17.6330822290327,17.898281313620362,0.1144715519445931,0.3225806451612903,baseline_rolling_mean_30,baseline,西红柿,fold1_test2024,target_mean_price_next_30d,沈阳
250,0.7323228852702168,0.9602972052011907,13.15367825233173,13.452427582393748,-0.4097572684474112,0.556,baseline_rolling_mean_30,baseline,西红柿,fold2_test2025,target_mean_price_next_30d,沈阳
154,0.9210825326505838,1.2411081260907968,15.732175254393962,17.840784401252176,0.8514594026098186,0.38961038961038963,baseline_rolling_mean_30,baseline,西红柿,fold3_test2026,target_mean_price_next_30d,沈阳
248,1.8548547865318374,2.264264013846895,26.044472951658733,27.724021539038258,0.1385699177018648,0.24596774193548387,baseline_rolling_mean_30,baseline,青椒,fold1_test2024,target_mean_price_next_30d,沈阳
250,1.0154035116489977,1.2443585594921824,18.179059300191653,19.055105318222903,-0.2548140723109019,0.408,baseline_rolling_mean_30,baseline,青椒,fold2_test2025,target_mean_price_next_30d,沈阳
154,1.614657447319946,2.0036182618107135,23.545170182338858,27.88152041923469,0.8143334190860627,0.3181818181818182,baseline_rolling_mean_30,baseline,青椒,fold3_test2026,target_mean_price_next_30d,沈阳
248,0.9448064091176419,1.2370353038310524,18.364628820093998,17.514701018865267,0.11074265062561532,0.4879032258064516,baseline_rolling_mean_30,baseline,韭菜,fold1_test2024,target_mean_price_next_30d,沈阳
250,1.164645560568087,1.7429588760848578,19.77470608061431,20.381413114508668,-0.24491191311612368,0.54,baseline_rolling_mean_30,baseline,韭菜,fold2_test2025,target_mean_price_next_30d,沈阳
154,1.2939458230153016,1.4679062951426582,25.188169711817444,24.4139299918199,0.5515622164191181,0.37012987012987014,baseline_rolling_mean_30,baseline,韭菜,fold3_test2026,target_mean_price_next_30d,沈阳
248,1.2851728121317465,1.5480328915756907,27.43425298844866,27.089866519900358,0.08280760585733499,0.41935483870967744,baseline_rolling_mean_30,baseline,黄瓜,fold1_test2024,target_mean_price_next_30d,沈阳
250,1.1626856332453237,1.4565383439981665,22.980497040516255,22.12661596256122,-0.34842851697872135,0.544,baseline_rolling_mean_30,baseline,黄瓜,fold2_test2025,target_mean_price_next_30d,沈阳
154,1.3511738075830593,1.734290113481722,28.63061942952082,27.942519748595263,0.47289408548688433,0.5844155844155844,baseline_rolling_mean_30,baseline,黄瓜,fold3_test2026,target_mean_price_next_30d,沈阳
248,0.13864619834853226,0.17815181896631208,6.608194481350271,6.695334908945134,0.005940013601906309,0.4798387096774194,baseline_rolling_mean_7,baseline,土豆,fold1_test2024,target_mean_price_next_30d,沈阳
250,0.13084933279723368,0.15762696068669493,7.145510065482089,6.731201646173986,-0.01665377223808169,0.316,baseline_rolling_mean_7,baseline,土豆,fold2_test2025,target_mean_price_next_30d,沈阳
154,0.07453666532583729,0.08640431954782045,3.400366561003253,3.4008934757204337,0.0004917686082697765,0.5194805194805194,baseline_rolling_mean_7,baseline,土豆,fold3_test2026,target_mean_price_next_30d,沈阳
248,0.978079267600568,1.2456942320884183,15.414158004113713,16.20017683738963,0.022412832919477373,0.4274193548387097,baseline_rolling_mean_7,baseline,尖椒,fold1_test2024,target_mean_price_next_30d,沈阳
250,0.7089183645566679,0.9300078750365106,13.244283725860711,13.796625638175147,-0.20555744989925792,0.452,baseline_rolling_mean_7,baseline,尖椒,fold2_test2025,target_mean_price_next_30d,沈阳
154,0.9745802120761309,1.3161455947249068,14.345438390923828,16.677241201051167,0.5413655851785402,0.2922077922077922,baseline_rolling_mean_7,baseline,尖椒,fold3_test2026,target_mean_price_next_30d,沈阳
248,0.44769156782240077,0.5602893901126552,19.855495909902668,19.09109263972449,0.006826315350830383,0.3629032258064516,baseline_rolling_mean_7,baseline,甘蓝,fold1_test2024,target_mean_price_next_30d,沈阳
250,0.3029072093960392,0.39575003760305766,16.56402859436448,15.847605391343938,-0.08087240691747194,0.352,baseline_rolling_mean_7,baseline,甘蓝,fold2_test2025,target_mean_price_next_30d,沈阳
154,0.258876414245559,0.3654315724502564,14.251103961078382,14.750824615469888,0.11186834519221632,0.3961038961038961,baseline_rolling_mean_7,baseline,甘蓝,fold3_test2026,target_mean_price_next_30d,沈阳
248,1.3042400911372936,1.5825833012134078,14.81944887276846,14.796386870835123,-0.06071398818440756,0.43951612903225806,baseline_rolling_mean_7,baseline,芸豆,fold1_test2024,target_mean_price_next_30d,沈阳
250,0.9909379230965112,1.4419052307463294,11.36632426046282,11.583771533680363,-0.12331329039175482,0.6,baseline_rolling_mean_7,baseline,芸豆,fold2_test2025,target_mean_price_next_30d,沈阳
154,0.6715731998758615,0.8484889280069826,8.143790327137419,7.982661239581329,0.22058928791177213,0.551948051948052,baseline_rolling_mean_7,baseline,芸豆,fold3_test2026,target_mean_price_next_30d,沈阳
248,0.8003904469598976,1.0591092439123093,17.458066384129403,17.231594592620596,-0.03218174277029327,0.4637096774193548,baseline_rolling_mean_7,baseline,芹菜,fold1_test2024,target_mean_price_next_30d,沈阳
250,0.3904470741381082,0.5615149783043044,11.031106616118569,11.470016068731981,-0.03271879690313116,0.464,baseline_rolling_mean_7,baseline,芹菜,fold2_test2025,target_mean_price_next_30d,沈阳
154,0.3135947852825342,0.4595619860199057,8.134275186111529,8.753976621579053,0.10501603987977691,0.4805194805194805,baseline_rolling_mean_7,baseline,芹菜,fold3_test2026,target_mean_price_next_30d,沈阳
248,0.54359367361121,0.6663204365336254,13.735775597942101,12.87989074745405,0.05949338246192638,0.47580645161290325,baseline_rolling_mean_7,baseline,茄子,fold1_test2024,target_mean_price_next_30d,沈阳
250,0.5915816920018405,0.8227433416824801,15.450808936083934,15.65684725062622,-0.17974727344207223,0.432,baseline_rolling_mean_7,baseline,茄子,fold2_test2025,target_mean_price_next_30d,沈阳
154,0.5442738627131293,0.7654558236410326,12.407075040931991,13.738044767909694,0.41408122448631485,0.564935064935065,baseline_rolling_mean_7,baseline,茄子,fold3_test2026,target_mean_price_next_30d,沈阳
248,0.6657423369370897,0.8278347756503253,11.685022092978024,12.208798016410451,0.11070311876486973,0.3870967741935484,baseline_rolling_mean_7,baseline,西红柿,fold1_test2024,target_mean_price_next_30d,沈阳
250,0.5817841766805607,0.7099857572307501,10.713953646934,10.687102182379533,-0.24270012559026816,0.416,baseline_rolling_mean_7,baseline,西红柿,fold2_test2025,target_mean_price_next_30d,沈阳
154,0.5783078568820598,0.8004952812688698,9.645427133064013,11.20145635863122,0.4538316969821132,0.4675324675324675,baseline_rolling_mean_7,baseline,西红柿,fold3_test2026,target_mean_price_next_30d,沈阳
248,1.1768107792121323,1.489907940538398,16.262799405620772,17.589477961912436,0.10844626178788638,0.32661290322580644,baseline_rolling_mean_7,baseline,青椒,fold1_test2024,target_mean_price_next_30d,沈阳
250,0.713518752478344,0.960439934601836,12.730914834657955,13.389923137967003,-0.16545978659661625,0.444,baseline_rolling_mean_7,baseline,青椒,fold2_test2025,target_mean_price_next_30d,沈阳
154,0.9571081125505156,1.323508362170029,13.492590939497159,16.52711504089362,0.5000118359073368,0.44805194805194803,baseline_rolling_mean_7,baseline,青椒,fold3_test2026,target_mean_price_next_30d,沈阳
248,0.7348020580910761,1.0034589775459508,13.551314863962263,13.621667075196129,0.06624841099427888,0.4153225806451613,baseline_rolling_mean_7,baseline,韭菜,fold1_test2024,target_mean_price_next_30d,沈阳
250,0.9515253916609707,1.4012371717166376,16.130434950456994,16.651788967389567,-0.14235610359231424,0.428,baseline_rolling_mean_7,baseline,韭菜,fold2_test2025,target_mean_price_next_30d,沈阳
154,0.8624705971702875,0.9666773322734575,17.302085870133666,16.272935392496336,0.3006555992267867,0.38961038961038963,baseline_rolling_mean_7,baseline,韭菜,fold3_test2026,target_mean_price_next_30d,沈阳
248,1.0354205944969954,1.2712326653628874,21.387247039495875,21.82539611179081,0.021225040573156783,0.375,baseline_rolling_mean_7,baseline,黄瓜,fold1_test2024,target_mean_price_next_30d,沈阳
250,1.1097270021220609,1.5021928941232863,21.060348113639964,21.118780947436257,-0.15737823126443573,0.504,baseline_rolling_mean_7,baseline,黄瓜,fold2_test2025,target_mean_price_next_30d,沈阳
154,0.986858539588084,1.3086773347339047,21.82904155352545,20.408413837473542,0.20890521721230162,0.44155844155844154,baseline_rolling_mean_7,baseline,黄瓜,fold3_test2026,target_mean_price_next_30d,沈阳
248,0.2923261181594879,0.3505417203882037,13.531268130421667,14.116660153850939,0.28130867719637626,0.6169354838709677,baseline_seasonal_median,baseline,土豆,fold1_test2024,target_mean_price_next_30d,沈阳
250,0.33391232300001356,0.40811563345989477,16.74696555630207,17.177245998941686,0.3333576563333469,0.656,baseline_seasonal_median,baseline,土豆,fold2_test2025,target_mean_price_next_30d,沈阳
154,0.19410527496485014,0.240657820004809,8.792534921199625,8.856464940376837,0.05143796526875218,0.5584415584415584,baseline_seasonal_median,baseline,土豆,fold3_test2026,target_mean_price_next_30d,沈阳
248,1.5553438137068636,1.9889756101760288,30.65288182975621,25.761557022678023,-1.2242346325183104,0.6532258064516129,baseline_seasonal_median,baseline,尖椒,fold1_test2024,target_mean_price_next_30d,沈阳
250,1.3632854944312653,1.8312023190365891,23.419890359173053,26.531601584880633,-0.0758260213278295,0.484,baseline_seasonal_median,baseline,尖椒,fold2_test2025,target_mean_price_next_30d,沈阳
154,0.9003726318713654,1.6033721621345274,12.354246676307946,15.407383985927915,-0.7063709639865805,0.6948051948051948,baseline_seasonal_median,baseline,尖椒,fold3_test2026,target_mean_price_next_30d,沈阳
248,0.6809235937230014,0.9228950412146535,29.92623990788959,29.03690027393339,-0.47462529755239535,0.7379032258064516,baseline_seasonal_median,baseline,甘蓝,fold1_test2024,target_mean_price_next_30d,沈阳
250,0.7567406359928343,0.935968713659953,37.91632167977723,39.59142143470519,0.0065447359396708866,0.436,baseline_seasonal_median,baseline,甘蓝,fold2_test2025,target_mean_price_next_30d,沈阳
154,0.498011802836257,0.5685010120558677,27.589865929259457,28.376802040773853,0.07188689806791203,0.4090909090909091,baseline_seasonal_median,baseline,甘蓝,fold3_test2026,target_mean_price_next_30d,沈阳
248,1.449324078490531,1.8462172090752793,16.801091213458736,16.442340572327247,-0.2004317301198912,0.625,baseline_seasonal_median,baseline,芸豆,fold1_test2024,target_mean_price_next_30d,沈阳
250,1.514733191266937,1.848322557507369,16.585589323158032,17.706783455505974,0.0779438524653881,0.576,baseline_seasonal_median,baseline,芸豆,fold2_test2025,target_mean_price_next_30d,沈阳
154,0.8925786871222315,1.1685992905305724,9.756125060327355,10.609645069642584,0.5546338148134419,0.6883116883116883,baseline_seasonal_median,baseline,芸豆,fold3_test2026,target_mean_price_next_30d,沈阳
248,1.6210841803157696,1.9830641704972976,39.18753841776981,34.90029835040197,-1.5942957980698325,0.6612903225806451,baseline_seasonal_median,baseline,芹菜,fold1_test2024,target_mean_price_next_30d,沈阳
250,0.7081366489843146,0.9051914301564342,20.39427825600165,20.802662590410627,0.024932631668297404,0.572,baseline_seasonal_median,baseline,芹菜,fold2_test2025,target_mean_price_next_30d,沈阳
154,0.4668637984409362,0.5594506049444603,13.502120068959151,13.032470464492679,-0.41309156679925835,0.6623376623376623,baseline_seasonal_median,baseline,芹菜,fold3_test2026,target_mean_price_next_30d,沈阳
248,0.7283603813464211,0.853319579471402,18.741081516763536,17.257747085602603,-0.28455615670858053,0.6209677419354839,baseline_seasonal_median,baseline,茄子,fold1_test2024,target_mean_price_next_30d,沈阳
250,1.4282657980244728,1.6652750314133442,34.90389163604626,37.800594128077506,0.2616984408436422,0.46,baseline_seasonal_median,baseline,茄子,fold2_test2025,target_mean_price_next_30d,沈阳
154,0.559285077928518,0.727904242066236,13.183123736350137,14.116943628901726,-0.014072764381959816,0.7207792207792207,baseline_seasonal_median,baseline,茄子,fold3_test2026,target_mean_price_next_30d,沈阳
248,1.209177471640763,1.4887199137746643,24.003210609869914,22.174650308668838,-0.8369236093457291,0.4798387096774194,baseline_seasonal_median,baseline,西红柿,fold1_test2024,target_mean_price_next_30d,沈阳
250,1.126997153972275,1.522768694078222,20.0047329714038,20.70240860188569,-0.5529172684474111,0.468,baseline_seasonal_median,baseline,西红柿,fold2_test2025,target_mean_price_next_30d,沈阳
154,0.8566353275252394,1.3582464542699226,14.256489007439033,16.59248291778379,-0.3509085627581468,0.487012987012987,baseline_seasonal_median,baseline,西红柿,fold3_test2026,target_mean_price_next_30d,沈阳
248,1.5047457211018893,1.928420958096805,26.881522970667522,22.491034384749327,-1.2530859962766299,0.6008064516129032,baseline_seasonal_median,baseline,青椒,fold1_test2024,target_mean_price_next_30d,沈阳
250,1.5534403030213684,2.077028387748676,23.811967506686273,29.151926539600808,0.5263459276890983,0.492,baseline_seasonal_median,baseline,青椒,fold2_test2025,target_mean_price_next_30d,沈阳
154,0.7718325522466489,0.9835001125404402,12.369529963935582,13.327820771776855,0.17425116800381177,0.5454545454545454,baseline_seasonal_median,baseline,青椒,fold3_test2026,target_mean_price_next_30d,沈阳
248,0.8843829162420742,1.2205128496127036,16.430777444050147,16.394577994700505,-0.39589444614857816,0.5645161290322581,baseline_seasonal_median,baseline,韭菜,fold1_test2024,target_mean_price_next_30d,沈阳
250,1.0614038615969512,1.6458283215525364,16.831526043762484,18.57467311684957,-0.561733246449457,0.696,baseline_seasonal_median,baseline,韭菜,fold2_test2025,target_mean_price_next_30d,沈阳
154,0.9051835154824578,1.1495633714630318,18.975107764829026,17.078834819560154,-0.7271737143168123,0.7207792207792207,baseline_seasonal_median,baseline,韭菜,fold3_test2026,target_mean_price_next_30d,沈阳
248,1.092364831590145,1.4928798618589505,24.124155761334983,23.02571078338133,-0.5100364801641704,0.7298387096774194,baseline_seasonal_median,baseline,黄瓜,fold1_test2024,target_mean_price_next_30d,沈阳
250,1.5360084469462427,2.0582979659903953,28.448861118592887,29.23117655282707,-0.9461725169787214,0.588,baseline_seasonal_median,baseline,黄瓜,fold2_test2025,target_mean_price_next_30d,沈阳
154,1.0601720795321177,1.338121117606229,22.24391238660428,21.924551159133145,-0.7748981223053236,0.6753246753246753,baseline_seasonal_median,baseline,黄瓜,fold3_test2026,target_mean_price_next_30d,沈阳
248,0.19539442367601384,0.22945296427794604,9.308858723782238,9.441197704812334,0.17268199434793935,0.7016129032258065,catboost,per_crop,土豆,fold1_test2024,target_mean_price_next_60d,沈阳
250,0.17586070703074677,0.22719533269446315,9.337085234226201,8.998382648848928,0.14274846961418922,0.748,catboost,per_crop,土豆,fold2_test2025,target_mean_price_next_60d,沈阳
133,0.19411113903637028,0.2374688008206317,9.332260468579983,8.876420106402977,-0.06803073944990823,0.5338345864661654,catboost,per_crop,土豆,fold3_test2026,target_mean_price_next_60d,沈阳
248,0.9715576472251316,1.2504423041579165,17.450973361330195,16.265875442629472,-0.8817172496819238,0.6532258064516129,catboost,per_crop,尖椒,fold1_test2024,target_mean_price_next_60d,沈阳
250,1.0026467298299984,1.3365885791504128,17.03306625101535,18.820326409935976,0.189236304127617,0.66,catboost,per_crop,尖椒,fold2_test2025,target_mean_price_next_60d,沈阳
133,0.7799967006860292,1.0771022299966027,12.46726325530601,13.891683361646963,-0.4394474783220823,0.706766917293233,catboost,per_crop,尖椒,fold3_test2026,target_mean_price_next_60d,沈阳
248,0.447009354860539,0.6225534424803336,18.96234084100106,19.131131180540965,-0.27672541857394134,0.782258064516129,catboost,per_crop,甘蓝,fold1_test2024,target_mean_price_next_60d,沈阳
250,0.6675244429782418,0.722925534764417,35.052418589559345,34.092257747379634,0.40057618563455766,0.58,catboost,per_crop,甘蓝,fold2_test2025,target_mean_price_next_60d,沈阳
133,0.4167247857697127,0.4443664788438913,24.364531501182952,24.976570315048857,0.35053490090939116,0.6766917293233082,catboost,per_crop,甘蓝,fold3_test2026,target_mean_price_next_60d,沈阳
248,1.0174683826303492,1.3273721439177566,11.978345515073142,11.430385762506027,-0.21818404728822274,0.7580645161290323,catboost,per_crop,芸豆,fold1_test2024,target_mean_price_next_60d,沈阳
250,0.9270454642708432,1.0783115086226447,10.444210493517927,10.870509768137955,0.29609819904166124,0.684,catboost,per_crop,芸豆,fold2_test2025,target_mean_price_next_60d,沈阳
133,0.38235523048619713,0.47381015002983184,4.469145453730173,4.589788253104652,0.25447757042972086,0.7744360902255639,catboost,per_crop,芸豆,fold3_test2026,target_mean_price_next_60d,沈阳
248,1.2722400143322916,1.6304280837614018,29.18779266667914,27.580771780097308,-1.0675739674413374,0.7741935483870968,catboost,per_crop,芹菜,fold1_test2024,target_mean_price_next_60d,沈阳
250,1.0712743348709355,1.2451240664232843,29.534915370817576,31.08615848659968,0.8945550005472788,0.62,catboost,per_crop,芹菜,fold2_test2025,target_mean_price_next_60d,沈阳
133,0.2118859110457383,0.25749572812253485,6.119856633177722,6.008370714067842,0.008709088890106046,0.6090225563909775,catboost,per_crop,芹菜,fold3_test2026,target_mean_price_next_60d,沈阳
248,0.7196358407959856,0.9321171634961259,19.924404354095884,17.30996403823153,-0.16539618539381384,0.6612903225806451,catboost,per_crop,茄子,fold1_test2024,target_mean_price_next_60d,沈阳
250,0.9665679656930773,1.1127261972376834,25.197905977286116,24.896978959555423,0.16089612600944023,0.488,catboost,per_crop,茄子,fold2_test2025,target_mean_price_next_60d,沈阳
133,0.4321072704285904,0.5075004971877682,11.011200761060643,11.206801487042169,0.20221767610748964,0.7443609022556391,catboost,per_crop,茄子,fold3_test2026,target_mean_price_next_60d,沈阳
248,0.7906027196424422,0.9610242965719256,16.046290523729557,14.644084792289796,-0.5320445950351275,0.6612903225806451,catboost,per_crop,西红柿,fold1_test2024,target_mean_price_next_60d,沈阳
250,0.8224074269947863,1.1622126908935295,13.401410572982758,14.708367623776297,-0.33946439532373973,0.656,catboost,per_crop,西红柿,fold2_test2025,target_mean_price_next_60d,沈阳
133,0.3724429977428126,0.49552976741655796,7.627885952800533,7.447192813005461,0.06387081279108822,0.7744360902255639,catboost,per_crop,西红柿,fold3_test2026,target_mean_price_next_60d,沈阳
248,1.2681825787208276,1.5683774188353092,21.81304066852619,19.398836717947177,-1.1331408571113908,0.6411290322580645,catboost,per_crop,青椒,fold1_test2024,target_mean_price_next_60d,沈阳
250,1.1188978638118714,1.314650482281137,19.49088997478688,20.39156487971361,0.6971661382587836,0.688,catboost,per_crop,青椒,fold2_test2025,target_mean_price_next_60d,沈阳
133,0.2734640756633856,0.3211746432065886,5.357065581998687,4.923220110377719,0.023034212938862805,0.8120300751879699,catboost,per_crop,青椒,fold3_test2026,target_mean_price_next_60d,沈阳
248,0.5709772814833844,0.7601424043738039,11.027705335077268,10.583155693831653,-0.16992062488881748,0.8104838709677419,catboost,per_crop,韭菜,fold1_test2024,target_mean_price_next_60d,沈阳
250,1.0968897727730524,1.4476460774936102,17.57623047472448,18.995557435305237,-0.4357127225901085,0.916,catboost,per_crop,韭菜,fold2_test2025,target_mean_price_next_60d,沈阳
133,0.6457294435911254,0.7328755415691729,12.756994152322381,12.712838935782123,-0.21996496079248484,0.9774436090225563,catboost,per_crop,韭菜,fold3_test2026,target_mean_price_next_60d,沈阳
248,0.8131373246270579,1.1336613602854044,17.988723180901527,17.153446821543874,-0.3970794134540455,0.8145161290322581,catboost,per_crop,黄瓜,fold1_test2024,target_mean_price_next_60d,沈阳
250,1.2203918568525733,1.643390618261789,21.505497117866476,22.96156297457084,-0.7223504274807754,0.792,catboost,per_crop,黄瓜,fold2_test2025,target_mean_price_next_60d,沈阳
133,0.6413752158121938,0.8500169864569401,12.94531517951613,13.964115310199041,-0.3683449867644244,0.8421052631578947,catboost,per_crop,黄瓜,fold3_test2026,target_mean_price_next_60d,沈阳
248,0.19111403977033675,0.22527015859809638,8.859241276991375,9.23437526870739,0.13743264568139524,0.6612903225806451,elasticnet,per_crop,土豆,fold1_test2024,target_mean_price_next_60d,沈阳
250,0.142335269876325,0.18122141983059392,7.5220972106197355,7.282964139058219,0.05348229551835261,0.732,elasticnet,per_crop,土豆,fold2_test2025,target_mean_price_next_60d,沈阳
133,0.16889131402535318,0.20023883042120777,7.741247379471056,7.723154184008836,0.0012369008937740751,0.3308270676691729,elasticnet,per_crop,土豆,fold3_test2026,target_mean_price_next_60d,沈阳
248,2.682708011554541,3.0777113073949587,63.901744887455735,44.91405578405043,-2.6802046992849715,0.592741935483871,elasticnet,per_crop,尖椒,fold1_test2024,target_mean_price_next_60d,沈阳
250,1.281656026878352,1.4426323193548114,24.30732674651378,24.057511039009803,1.0934865871198516,0.588,elasticnet,per_crop,尖椒,fold2_test2025,target_mean_price_next_60d,沈阳
133,0.7245153229001333,0.8845699593460915,13.533186328243119,12.903564140127566,0.024557039569026818,0.6541353383458647,elasticnet,per_crop,尖椒,fold3_test2026,target_mean_price_next_60d,沈阳
248,0.5831845705765101,0.9133747623996205,27.22755268030846,24.9591656211479,-0.45665125491268405,0.6491935483870968,elasticnet,per_crop,甘蓝,fold1_test2024,target_mean_price_next_60d,沈阳
250,0.4461142669993316,0.5063521361193044,23.812416402506198,22.784248180437483,0.14662734724840684,0.612,elasticnet,per_crop,甘蓝,fold2_test2025,target_mean_price_next_60d,沈阳
133,0.2403661721907971,0.2939367954694292,13.894525396806479,14.406444747445873,0.23031836238071157,0.6466165413533834,elasticnet,per_crop,甘蓝,fold3_test2026,target_mean_price_next_60d,沈阳
248,1.113645929950066,1.5162455492087943,13.142640376024673,12.510858125405425,-0.5692148637846327,0.7540322580645161,elasticnet,per_crop,芸豆,fold1_test2024,target_mean_price_next_60d,沈阳
250,1.2434686834055773,1.5151599277771772,13.538951566685602,14.580879784537554,0.6956976083442246,0.664,elasticnet,per_crop,芸豆,fold2_test2025,target_mean_price_next_60d,沈阳
133,0.5827224393997102,0.6669166093193968,6.873035665944085,6.99499416753455,0.521453164784043,0.6616541353383458,elasticnet,per_crop,芸豆,fold3_test2026,target_mean_price_next_60d,沈阳
248,1.8998014597910378,2.3763620658553934,50.82531867538601,41.185617414723666,-1.8791571527458502,0.7782258064516129,elasticnet,per_crop,芹菜,fold1_test2024,target_mean_price_next_60d,沈阳
250,1.044053002424161,1.1338431200763095,28.931025653743003,30.296251898611832,0.7752621722546743,0.592,elasticnet,per_crop,芹菜,fold2_test2025,target_mean_price_next_60d,沈阳
133,0.2975462700700723,0.40628547825908906,8.635334631168174,8.437409954941412,-0.02346549445836287,0.7894736842105263,elasticnet,per_crop,芹菜,fold3_test2026,target_mean_price_next_60d,沈阳
248,1.300105630403881,1.7299206596770926,45.07706057076252,31.27245814119136,-0.9812743243147731,0.5846774193548387,elasticnet,per_crop,茄子,fold1_test2024,target_mean_price_next_60d,沈阳
250,0.6408862775360531,0.805023927211501,15.48463197918262,16.508029164655348,0.052781630461073745,0.72,elasticnet,per_crop,茄子,fold2_test2025,target_mean_price_next_60d,沈阳
133,0.48460918145399184,0.5831997272533049,12.927131016908747,12.568450630247824,0.42552673886851267,0.7142857142857143,elasticnet,per_crop,茄子,fold3_test2026,target_mean_price_next_60d,沈阳
248,1.0900724214544362,1.2897269507695264,19.008126291985107,20.191067615774074,0.21814762078933037,0.4838709677419355,elasticnet,per_crop,西红柿,fold1_test2024,target_mean_price_next_60d,沈阳
250,0.592407595057465,0.6864685089221747,10.686866018712013,10.594929478035509,0.2059963153057628,0.672,elasticnet,per_crop,西红柿,fold2_test2025,target_mean_price_next_60d,沈阳
133,0.4798440062894978,0.6001581361375594,9.088827460940713,9.594732231938858,0.417891149893923,0.8345864661654135,elasticnet,per_crop,西红柿,fold3_test2026,target_mean_price_next_60d,沈阳
248,0.9339885603574839,1.2337505031293812,16.42180140306877,14.286816332929508,-0.5961897480807665,0.7661290322580645,elasticnet,per_crop,青椒,fold1_test2024,target_mean_price_next_60d,沈阳
250,2.8248050005421192,3.091623926614197,43.24524478696644,51.48119082545601,2.8247421020919674,0.624,elasticnet,per_crop,青椒,fold2_test2025,target_mean_price_next_60d,沈阳
133,0.5986837077252533,0.6999241198310985,11.961091836606894,10.778204275930426,0.37568763809949995,0.7293233082706767,elasticnet,per_crop,青椒,fold3_test2026,target_mean_price_next_60d,沈阳
248,1.0088465389036305,1.3520987454511884,19.269804877854646,18.69913276525173,-0.4642746427504216,0.7741935483870968,elasticnet,per_crop,韭菜,fold1_test2024,target_mean_price_next_60d,沈阳
250,0.8387955612155522,0.9784464528830198,15.683479660729404,14.525971209730429,0.40303739787215787,0.892,elasticnet,per_crop,韭菜,fold2_test2025,target_mean_price_next_60d,沈阳
133,0.7689087947089446,0.8757559739097237,15.792149120254246,15.137940139571354,0.6543221793040679,0.8345864661654135,elasticnet,per_crop,韭菜,fold3_test2026,target_mean_price_next_60d,沈阳
248,1.2193774902636754,1.4828496119541614,28.27645018250195,25.723240467677293,-0.4947656944912821,0.7217741935483871,elasticnet,per_crop,黄瓜,fold1_test2024,target_mean_price_next_60d,沈阳
250,1.13823191250173,1.2994883396375574,21.720922126209615,21.41573101444574,-0.13906929650464042,0.696,elasticnet,per_crop,黄瓜,fold2_test2025,target_mean_price_next_60d,沈阳
133,0.7299587641664759,0.8295547920840282,17.26115725968469,15.892769323184785,0.027470709261391967,0.7443609022556391,elasticnet,per_crop,黄瓜,fold3_test2026,target_mean_price_next_60d,沈阳
248,0.22223522035887125,0.2626379724658687,10.414864607618119,10.738109168661012,0.19584982906383833,0.625,elasticnet_tuned,per_crop,土豆,fold1_test2024,target_mean_price_next_60d,沈阳
250,0.17920847948129542,0.24882481403042322,9.511852250529582,9.169680365319751,0.14054352104955142,0.716,elasticnet_tuned,per_crop,土豆,fold2_test2025,target_mean_price_next_60d,沈阳
133,0.09017513366346137,0.10556117741189368,4.085814871981702,4.123577727283074,0.030984260741818113,0.45864661654135336,elasticnet_tuned,per_crop,土豆,fold3_test2026,target_mean_price_next_60d,沈阳
248,1.1911444096732415,1.5433952086358065,23.01973174004069,19.942209973094613,-1.190887861600642,0.625,elasticnet_tuned,per_crop,尖椒,fold1_test2024,target_mean_price_next_60d,沈阳
250,0.786179928677695,1.0772757730366307,13.064065865208516,14.757104805162172,0.007218369035027252,0.64,elasticnet_tuned,per_crop,尖椒,fold2_test2025,target_mean_price_next_60d,沈阳
133,0.5516483436701585,0.853080042193592,9.014946638793154,9.824816067174048,-0.029733546993367672,0.8045112781954887,elasticnet_tuned,per_crop,尖椒,fold3_test2026,target_mean_price_next_60d,沈阳
248,0.5354717423469835,0.7183387313733143,24.866875729432714,22.917149350283783,-0.33562470678323997,0.5524193548387096,elasticnet_tuned,per_crop,甘蓝,fold1_test2024,target_mean_price_next_60d,沈阳
250,0.3728916493450327,0.44838919387099063,20.416244098115676,19.044573356141115,0.06034068709716976,0.58,elasticnet_tuned,per_crop,甘蓝,fold2_test2025,target_mean_price_next_60d,沈阳
133,0.25128634305900016,0.31676020524339515,14.257647205797836,15.060949650575745,0.18675162991612793,0.6691729323308271,elasticnet_tuned,per_crop,甘蓝,fold3_test2026,target_mean_price_next_60d,沈阳
248,0.9914972437762605,1.2916977876479336,11.52922522214485,11.138622263156392,-0.44194568697786585,0.8024193548387096,elasticnet_tuned,per_crop,芸豆,fold1_test2024,target_mean_price_next_60d,沈阳
250,1.0329245694828582,1.2701476586173845,11.435659708406172,12.112045261064603,0.25491987060341137,0.64,elasticnet_tuned,per_crop,芸豆,fold2_test2025,target_mean_price_next_60d,沈阳
133,0.45939768001622633,0.5492984318388425,5.517836288475833,5.5146050246542195,0.27799245614048795,0.7518796992481203,elasticnet_tuned,per_crop,芸豆,fold3_test2026,target_mean_price_next_60d,沈阳
248,0.9663195734052836,1.388674933491009,21.483538533176034,20.948751273728618,-0.8184877240360998,0.8145161290322581,elasticnet_tuned,per_crop,芹菜,fold1_test2024,target_mean_price_next_60d,沈阳
250,0.580739157774161,0.6581757900784097,17.043804550766197,16.85184542399866,0.26977643666960666,0.62,elasticnet_tuned,per_crop,芹菜,fold2_test2025,target_mean_price_next_60d,沈阳
133,0.270633211476758,0.3664770880037128,7.263132579857058,7.6742462680308865,0.11196601837810341,0.5864661654135338,elasticnet_tuned,per_crop,芹菜,fold3_test2026,target_mean_price_next_60d,沈阳
248,0.8541038420365146,1.1035821249249511,25.231807809603247,20.544428101599806,-0.4228245262090459,0.6290322580645161,elasticnet_tuned,per_crop,茄子,fold1_test2024,target_mean_price_next_60d,沈阳
250,0.6496897444037562,0.7969672215278409,15.949184789000975,16.734789969022774,-0.1335944355919184,0.696,elasticnet_tuned,per_crop,茄子,fold2_test2025,target_mean_price_next_60d,沈阳
133,0.3150500284731446,0.40555504927320196,8.786703723389834,8.170894981895463,0.07143705443941471,0.8120300751879699,elasticnet_tuned,per_crop,茄子,fold3_test2026,target_mean_price_next_60d,沈阳
248,0.8521147923043124,1.0641756510141678,16.260929475364758,15.78345351115445,-0.10714695567102003,0.4879032258064516,elasticnet_tuned,per_crop,西红柿,fold1_test2024,target_mean_price_next_60d,沈阳
250,0.6161264856223453,0.8063465247226851,10.4636336286724,11.019130610716417,-0.3866752570819597,0.824,elasticnet_tuned,per_crop,西红柿,fold2_test2025,target_mean_price_next_60d,沈阳
133,0.4699836785771798,0.5922854939897166,8.504093402991034,9.397569814822452,0.34400534634116436,0.8345864661654135,elasticnet_tuned,per_crop,西红柿,fold3_test2026,target_mean_price_next_60d,沈阳
248,1.0764359899104468,1.4713989905763225,18.413086185316725,16.465772638713545,-0.891951336223265,0.6411290322580645,elasticnet_tuned,per_crop,青椒,fold1_test2024,target_mean_price_next_60d,沈阳
250,0.8469148225985218,1.1679751012988568,13.647404370810683,15.434758713162235,0.35781885802218394,0.62,elasticnet_tuned,per_crop,青椒,fold2_test2025,target_mean_price_next_60d,沈阳
133,0.4899479499025248,0.6787509229140068,8.135300056309813,8.82061599552693,0.047269908207480504,0.8421052631578947,elasticnet_tuned,per_crop,青椒,fold3_test2026,target_mean_price_next_60d,沈阳
248,0.7290678322031285,0.9110294411276743,14.0723242014907,13.51338946363065,-0.22308171760565834,0.7782258064516129,elasticnet_tuned,per_crop,韭菜,fold1_test2024,target_mean_price_next_60d,沈阳
250,0.7571631935629977,1.0803348554412175,12.100946774922585,13.112290120878775,-0.387476837072795,0.884,elasticnet_tuned,per_crop,韭菜,fold2_test2025,target_mean_price_next_60d,沈阳
133,0.6116390858994576,0.6645922588093013,12.655834589179642,12.04168287979191,-0.09234795606533215,0.9172932330827067,elasticnet_tuned,per_crop,韭菜,fold3_test2026,target_mean_price_next_60d,沈阳
248,0.8347683242489216,1.1732414165546476,18.715495885768988,17.60976113706327,-0.4241438319729724,0.7620967741935484,elasticnet_tuned,per_crop,黄瓜,fold1_test2024,target_mean_price_next_60d,沈阳
250,1.0532329409016137,1.3642758021453976,18.98331827249669,19.81648301208415,-0.6765316180588336,0.8,elasticnet_tuned,per_crop,黄瓜,fold2_test2025,target_mean_price_next_60d,沈阳
133,0.8552899024045693,1.0303031483330407,19.811400299379972,18.62149725524087,-0.36713029643422473,0.7368421052631579,elasticnet_tuned,per_crop,黄瓜,fold3_test2026,target_mean_price_next_60d,沈阳
248,0.18557496587386202,0.22380378720387364,8.722492179549526,8.96673461257027,0.07025813664208057,0.4838709677419355,extra_trees,per_crop,土豆,fold1_test2024,target_mean_price_next_60d,沈阳
250,0.15434307529303187,0.20263362311335759,8.330868342022763,7.897375565787887,0.13559912158537266,0.832,extra_trees,per_crop,土豆,fold2_test2025,target_mean_price_next_60d,沈阳
133,0.17585208082392598,0.21664456111082275,8.384544188577046,8.041459927170012,-0.04729964656592931,0.5112781954887218,extra_trees,per_crop,土豆,fold3_test2026,target_mean_price_next_60d,沈阳
248,1.0245728413390836,1.3350667187592045,19.280206683679165,17.153458949884335,-0.7302324782422225,0.6532258064516129,extra_trees,per_crop,尖椒,fold1_test2024,target_mean_price_next_60d,沈阳
250,1.0005792004787242,1.3348214883794352,16.682681138773738,18.78151754925212,0.11404656111829127,0.692,extra_trees,per_crop,尖椒,fold2_test2025,target_mean_price_next_60d,沈阳
133,0.5517530499722504,0.7662525022789728,9.75227970327053,9.826680878644854,-0.05269281470346975,0.6541353383458647,extra_trees,per_crop,尖椒,fold3_test2026,target_mean_price_next_60d,沈阳
248,0.4394058816298187,0.596336876364755,19.0362727387822,18.805717311182406,-0.15297804350637387,0.6491935483870968,extra_trees,per_crop,甘蓝,fold1_test2024,target_mean_price_next_60d,沈阳
250,0.7557196658072568,0.8640335331955818,38.64302303036727,38.59662354312378,0.581332800689118,0.58,extra_trees,per_crop,甘蓝,fold2_test2025,target_mean_price_next_60d,沈阳
133,0.38285969577877144,0.4202622674309422,21.919018979576222,22.94685230866269,0.3432656535914625,0.6766917293233082,extra_trees,per_crop,甘蓝,fold3_test2026,target_mean_price_next_60d,沈阳
248,1.160071250697992,1.4815285887659349,13.407585106417038,13.03240683822637,-0.1735470545202774,0.75,extra_trees,per_crop,芸豆,fold1_test2024,target_mean_price_next_60d,沈阳
250,1.258287217744738,1.4722103905764596,13.844255697717003,14.754641513052166,0.6105448683099362,0.668,extra_trees,per_crop,芸豆,fold2_test2025,target_mean_price_next_60d,沈阳
133,0.3534675896499194,0.43722754728584,4.251584986892327,4.243021309700591,0.20846528797246414,0.8345864661654135,extra_trees,per_crop,芸豆,fold3_test2026,target_mean_price_next_60d,沈阳
248,1.2461606415214763,1.6263824599349845,28.451129792063455,27.01539950634385,-1.1747717602118422,0.7782258064516129,extra_trees,per_crop,芹菜,fold1_test2024,target_mean_price_next_60d,沈阳
250,1.3112397827373394,1.530777236032476,34.4265207024088,38.049457896345764,1.2634179408557968,0.632,extra_trees,per_crop,芹菜,fold2_test2025,target_mean_price_next_60d,沈阳
133,0.20591308253327292,0.25406187011403353,5.680870324166017,5.8390014165183715,-0.018313858457473627,0.7894736842105263,extra_trees,per_crop,芹菜,fold3_test2026,target_mean_price_next_60d,沈阳
248,0.8620850813927178,1.1311848323534277,25.51048179975817,20.73640709764812,-0.30521247361436815,0.657258064516129,extra_trees,per_crop,茄子,fold1_test2024,target_mean_price_next_60d,沈阳
250,0.9348090836982569,1.0893516935146856,24.003335452426285,24.078929691558965,0.16342084829000725,0.56,extra_trees,per_crop,茄子,fold2_test2025,target_mean_price_next_60d,沈阳
133,0.3500753813656189,0.45122501772767476,8.779011774026381,9.079285568543611,0.12103407692478123,0.8120300751879699,extra_trees,per_crop,茄子,fold3_test2026,target_mean_price_next_60d,沈阳
248,0.8261631744176505,1.0490127748574243,16.163720565526795,15.302759879084402,-0.23998717290925756,0.49193548387096775,extra_trees,per_crop,西红柿,fold1_test2024,target_mean_price_next_60d,沈阳
250,0.7866560512459545,1.0964940656764277,12.818736994903373,14.068971188008323,-0.214674932825631,0.656,extra_trees,per_crop,西红柿,fold2_test2025,target_mean_price_next_60d,沈阳
133,0.4329591559148871,0.5380916456088448,8.787784310637404,8.657245091987988,0.3891570470020217,0.7969924812030075,extra_trees,per_crop,西红柿,fold3_test2026,target_mean_price_next_60d,沈阳
248,1.5713628486587294,1.8999851564892465,27.539907141258226,24.036453297226178,-1.1272851083852973,0.6491935483870968,extra_trees,per_crop,青椒,fold1_test2024,target_mean_price_next_60d,沈阳
250,0.982896022241338,1.3969863403874514,15.51798725555034,17.912973700087974,0.5435663735070335,0.74,extra_trees,per_crop,青椒,fold2_test2025,target_mean_price_next_60d,沈阳
133,0.30147197721051183,0.3470346955585311,6.311581865223152,5.427451109684636,0.10860153887878579,0.7894736842105263,extra_trees,per_crop,青椒,fold3_test2026,target_mean_price_next_60d,沈阳
248,0.6472430442039857,0.8267869103063341,12.369338142881348,11.996753865170511,-0.14702527663447137,0.7661290322580645,extra_trees,per_crop,韭菜,fold1_test2024,target_mean_price_next_60d,沈阳
250,1.0249091321691088,1.358268650264108,16.317886936439628,17.749021614877663,-0.3415731256232069,0.932,extra_trees,per_crop,韭菜,fold2_test2025,target_mean_price_next_60d,沈阳
133,0.6982842004369509,0.7982274732733577,13.916411639318019,13.747514008633882,-0.2454056169604687,0.9699248120300752,extra_trees,per_crop,韭菜,fold3_test2026,target_mean_price_next_60d,沈阳
248,0.8903150600200836,1.2136650887445735,19.64492809393651,18.781541043486808,-0.36232486315273915,0.8387096774193549,extra_trees,per_crop,黄瓜,fold1_test2024,target_mean_price_next_60d,沈阳
250,1.1300974152920504,1.5206098636470609,20.05951677684225,21.26268118139602,-0.5736962852726324,0.808,extra_trees,per_crop,黄瓜,fold2_test2025,target_mean_price_next_60d,沈阳
133,0.4652819350712739,0.5888333476963057,9.580771999354162,10.130186563040382,-0.22872713013251386,0.8571428571428571,extra_trees,per_crop,黄瓜,fold3_test2026,target_mean_price_next_60d,沈阳
248,0.18366066806938025,0.22366012182806147,8.613028977182175,8.874238298202732,0.07533721641903945,0.4879032258064516,extra_trees_tuned,per_crop,土豆,fold1_test2024,target_mean_price_next_60d,沈阳
250,0.15900074749215137,0.2086947150976263,8.563945113235665,8.13569780051685,0.1335738547720669,0.832,extra_trees_tuned,per_crop,土豆,fold2_test2025,target_mean_price_next_60d,沈阳
133,0.1675588584000742,0.20636668099763655,7.974466554651018,7.662222925958262,-0.047636856700510675,0.518796992481203,extra_trees_tuned,per_crop,土豆,fold3_test2026,target_mean_price_next_60d,沈阳
248,0.9720805517904703,1.2763972851932284,17.82753230267889,16.274629941708834,-0.672068460165849,0.6491935483870968,extra_trees_tuned,per_crop,尖椒,fold1_test2024,target_mean_price_next_60d,沈阳
250,1.009000575169746,1.347716000301029,16.795490009657446,18.939592188893414,0.1214332023070424,0.68,extra_trees_tuned,per_crop,尖椒,fold2_test2025,target_mean_price_next_60d,沈阳
133,0.553819367106324,0.7767641552310147,9.657660702106426,9.863481833477161,-0.08718571453298808,0.6917293233082706,extra_trees_tuned,per_crop,尖椒,fold3_test2026,target_mean_price_next_60d,沈阳
248,0.42077680510840776,0.5839167154895515,18.190678614712397,18.00842906021361,-0.16865864211160678,0.6975806451612904,extra_trees_tuned,per_crop,甘蓝,fold1_test2024,target_mean_price_next_60d,沈阳
250,0.7250031813743535,0.8191027970954796,37.490171972701376,37.02785057099452,0.5211630728843202,0.58,extra_trees_tuned,per_crop,甘蓝,fold2_test2025,target_mean_price_next_60d,沈阳
133,0.35497826485792155,0.3958799230048186,20.338677575610998,21.275767353654484,0.31204680805178386,0.6766917293233082,extra_trees_tuned,per_crop,甘蓝,fold3_test2026,target_mean_price_next_60d,沈阳
248,1.1448466968902566,1.4634281702898104,13.292616839651197,12.86137201684493,-0.20728113974133436,0.7540322580645161,extra_trees_tuned,per_crop,芸豆,fold1_test2024,target_mean_price_next_60d,沈阳
250,1.260862659476746,1.4580461770302782,13.945831111758475,14.784841072387787,0.597009580731416,0.66,extra_trees_tuned,per_crop,芸豆,fold2_test2025,target_mean_price_next_60d,沈阳
133,0.34458048685171305,0.43531371601241964,4.197196581534366,4.136340619140995,0.1898326165132942,0.8571428571428571,extra_trees_tuned,per_crop,芸豆,fold3_test2026,target_mean_price_next_60d,沈阳
248,1.223439866112746,1.6121731501067655,27.83003738313829,26.5228379502259,-1.159785129134329,0.782258064516129,extra_trees_tuned,per_crop,芹菜,fold1_test2024,target_mean_price_next_60d,沈阳
250,1.2576962640114373,1.4562511645315113,33.46340168607554,36.49573607658038,1.1873341374024182,0.632,extra_trees_tuned,per_crop,芹菜,fold2_test2025,target_mean_price_next_60d,沈阳
133,0.19623394817106807,0.24625922595014427,5.415944339232072,5.564533769507873,-0.016131267493531887,0.7443609022556391,extra_trees_tuned,per_crop,芹菜,fold3_test2026,target_mean_price_next_60d,沈阳
248,0.822648462972664,1.0745159143804368,23.977951808245567,19.787807253196902,-0.27676371189212706,0.6491935483870968,extra_trees_tuned,per_crop,茄子,fold1_test2024,target_mean_price_next_60d,沈阳
250,0.9097872452831849,1.0668981529617525,23.26178261993959,23.43441403755346,0.12627931939022688,0.544,extra_trees_tuned,per_crop,茄子,fold2_test2025,target_mean_price_next_60d,沈阳
133,0.3483685402681517,0.43766487816057426,9.035559190025602,9.035018251934318,0.1399945057587669,0.8120300751879699,extra_trees_tuned,per_crop,茄子,fold3_test2026,target_mean_price_next_60d,沈阳
248,0.8303874671603396,1.0574664894049435,16.01684355846275,15.381005121068103,-0.20463111000166959,0.5040322580645161,extra_trees_tuned,per_crop,西红柿,fold1_test2024,target_mean_price_next_60d,沈阳
250,0.7833570553109998,1.0817741226845385,12.78672034740585,14.009970206976366,-0.2451576502392955,0.664,extra_trees_tuned,per_crop,西红柿,fold2_test2025,target_mean_price_next_60d,沈阳
133,0.48291428473840964,0.6200339758998541,9.485069624730427,9.65612405763362,0.45502552808312974,0.8195488721804511,extra_trees_tuned,per_crop,西红柿,fold3_test2026,target_mean_price_next_60d,沈阳
248,1.4885218202570571,1.8079470452637887,25.94093500851433,22.76927015618996,-1.074713087949005,0.6532258064516129,extra_trees_tuned,per_crop,青椒,fold1_test2024,target_mean_price_next_60d,沈阳
250,1.0137869062564462,1.4020481837500995,16.09177795430329,18.475950434568276,0.5443989811896736,0.708,extra_trees_tuned,per_crop,青椒,fold2_test2025,target_mean_price_next_60d,沈阳
133,0.29234884999854477,0.35241063942145556,5.931630321943026,5.263205903982452,0.09482371837380671,0.7969924812030075,extra_trees_tuned,per_crop,青椒,fold3_test2026,target_mean_price_next_60d,沈阳
248,0.6379919239374432,0.8154380626168984,12.299844748793383,11.825282863962157,-0.16047114118546316,0.7741935483870968,extra_trees_tuned,per_crop,韭菜,fold1_test2024,target_mean_price_next_60d,沈阳
250,0.9985405262708315,1.3297591579520165,15.945579338159025,17.292379224491103,-0.35537034357237945,0.932,extra_trees_tuned,per_crop,韭菜,fold2_test2025,target_mean_price_next_60d,沈阳
133,0.6850111004732464,0.7848814876109209,13.644851360856258,13.486199020302708,-0.2628756095342614,0.9624060150375939,extra_trees_tuned,per_crop,韭菜,fold3_test2026,target_mean_price_next_60d,沈阳
248,0.8693788915225582,1.203941203373034,19.274183315002485,18.339884459669435,-0.3745890280583865,0.8185483870967742,extra_trees_tuned,per_crop,黄瓜,fold1_test2024,target_mean_price_next_60d,沈阳
250,1.1266805026881357,1.5173639132628591,19.879686759090255,21.198392278210658,-0.6177173370030314,0.804,extra_trees_tuned,per_crop,黄瓜,fold2_test2025,target_mean_price_next_60d,沈阳
133,0.4670597793980078,0.6056984057965773,9.577646893561868,10.1688940505922,-0.28764330734049126,0.8646616541353384,extra_trees_tuned,per_crop,黄瓜,fold3_test2026,target_mean_price_next_60d,沈阳
248,0.12453182021326788,0.1582630671384298,5.985686103205961,6.017211305493038,0.0040643037653935055,0.7943548387096774,catboost,pooled,土豆,fold1_test2024,target_mean_price_next_60d,沈阳
250,0.31518364557371126,0.37651510665252896,16.060976692274373,16.12721281187374,0.15156447117225047,0.46,catboost,pooled,土豆,fold2_test2025,target_mean_price_next_60d,沈阳
133,0.21748194694361273,0.25815752062553216,10.519918677476445,9.945133165532773,-0.11348722410143115,0.42105263157894735,catboost,pooled,土豆,fold3_test2026,target_mean_price_next_60d,沈阳
248,1.0116147483657258,1.3369229090897075,18.295374370439394,16.936513792918465,-0.6475072392323068,0.6935483870967742,catboost,pooled,尖椒,fold1_test2024,target_mean_price_next_60d,沈阳
250,1.229654134638055,1.4706554831119099,21.995544809407875,23.0814019501559,0.178271890537462,0.484,catboost,pooled,尖椒,fold2_test2025,target_mean_price_next_60d,沈阳
133,0.5627354414801924,0.6729657295608571,10.627779591217031,10.022276456482281,0.2968018163119166,0.6691729323308271,catboost,pooled,尖椒,fold3_test2026,target_mean_price_next_60d,沈阳
248,0.6453232617274881,0.8392854580101806,29.27456388391127,27.618580774030697,-0.1937631504080096,0.5241935483870968,catboost,pooled,甘蓝,fold1_test2024,target_mean_price_next_60d,沈阳
250,0.6401007410415049,0.7362470715142927,33.83214327613331,32.69165597968524,0.3870218180539704,0.604,catboost,pooled,甘蓝,fold2_test2025,target_mean_price_next_60d,沈阳
133,0.25889766936142306,0.35384286507342644,13.583735426804838,15.517137602612511,0.18553510307375093,0.8646616541353384,catboost,pooled,甘蓝,fold3_test2026,target_mean_price_next_60d,沈阳
248,1.1438207734034673,1.498319036009698,13.346594354057666,12.849846645229448,-0.7708004100478187,0.8104838709677419,catboost,pooled,芸豆,fold1_test2024,target_mean_price_next_60d,沈阳
250,1.0614353657794928,1.2233519168282136,12.321416725335542,12.446362078939039,0.4078086893348745,0.58,catboost,pooled,芸豆,fold2_test2025,target_mean_price_next_60d,沈阳
133,0.43341212780238575,0.5296171329881232,5.214222305386295,5.202674723217351,0.2380993037213207,0.7744360902255639,catboost,pooled,芸豆,fold3_test2026,target_mean_price_next_60d,沈阳
248,1.114644609429746,1.455697777543223,24.821453710891316,24.16427579880217,-0.5689408052050416,0.6975806451612904,catboost,pooled,芹菜,fold1_test2024,target_mean_price_next_60d,沈阳
250,0.8267676487035842,0.9216139954370242,23.435968121358936,23.9910817636543,0.6765083211160338,0.584,catboost,pooled,芹菜,fold2_test2025,target_mean_price_next_60d,沈阳
133,0.3605390246283508,0.4429371390251994,10.317170435590134,10.223672287431862,0.023466007003714973,0.5639097744360902,catboost,pooled,芹菜,fold3_test2026,target_mean_price_next_60d,沈阳
248,0.7053205795396456,0.9138648383520827,19.15864794451276,16.96562785665524,-0.19217771201063044,0.6814516129032258,catboost,pooled,茄子,fold1_test2024,target_mean_price_next_60d,沈阳
250,1.0806237867425048,1.1839130969087297,29.244169757792164,27.834843111556616,0.21293254673688092,0.456,catboost,pooled,茄子,fold2_test2025,target_mean_price_next_60d,沈阳
133,0.3745882967008454,0.5359235258289099,10.48124809968388,9.715033668218211,0.2894819126461911,0.8195488721804511,catboost,pooled,茄子,fold3_test2026,target_mean_price_next_60d,沈阳
248,0.9103932853107288,1.1754760493827334,17.43993060320175,16.862927654044828,-0.25370007249188425,0.5403225806451613,catboost,pooled,西红柿,fold1_test2024,target_mean_price_next_60d,沈阳
250,0.8445308786658741,1.0767657141621114,14.196947498688358,15.10403508689038,-0.1052712671392508,0.644,catboost,pooled,西红柿,fold2_test2025,target_mean_price_next_60d,沈阳
133,0.3760608779418804,0.48746917759527836,6.937401944799715,7.519534222510005,0.19719129078812708,0.8270676691729323,catboost,pooled,西红柿,fold3_test2026,target_mean_price_next_60d,沈阳
248,1.092101249073408,1.4014079439143323,17.573303016959716,16.705397287203144,-0.6787629531927498,0.6854838709677419,catboost,pooled,青椒,fold1_test2024,target_mean_price_next_60d,沈阳
250,1.174662782894161,1.362411432701742,20.162604595523348,21.40786315166176,0.3523161526159634,0.708,catboost,pooled,青椒,fold2_test2025,target_mean_price_next_60d,沈阳
133,0.4992444624365427,0.6227684508150626,9.236748957025334,8.987982686573375,0.1842859410203911,0.6842105263157895,catboost,pooled,青椒,fold3_test2026,target_mean_price_next_60d,沈阳
248,0.7843691435559038,1.0301481812574234,15.212331786960204,14.538408158943684,-0.4276362173111071,0.7943548387096774,catboost,pooled,韭菜,fold1_test2024,target_mean_price_next_60d,沈阳
250,1.230193852846805,1.549959328755021,20.795919309093964,21.30407135553249,-0.1978055687300569,0.892,catboost,pooled,韭菜,fold2_test2025,target_mean_price_next_60d,沈阳
133,0.5985229093918407,0.6857262370765721,12.56641955384302,11.783457331848329,-0.24291382020212868,0.9849624060150376,catboost,pooled,韭菜,fold3_test2026,target_mean_price_next_60d,沈阳
248,0.9026733150399043,1.2215511426291896,19.689318903520775,19.042243219944886,-0.21815871123201486,0.8104838709677419,catboost,pooled,黄瓜,fold1_test2024,target_mean_price_next_60d,沈阳
250,1.1537662242902256,1.4774535408631329,21.801188532707314,21.708007692952986,-0.3036755004856251,0.764,catboost,pooled,黄瓜,fold2_test2025,target_mean_price_next_60d,沈阳
133,0.6852509210365675,0.8593957285300403,14.074537927650397,14.91938360240081,-0.07855976781628994,0.8947368421052632,catboost,pooled,黄瓜,fold3_test2026,target_mean_price_next_60d,沈阳
248,0.5927721222817749,0.6555377298521502,28.011351084487647,28.64195761104742,0.10297844148706455,0.5,elasticnet,pooled,土豆,fold1_test2024,target_mean_price_next_60d,沈阳
250,0.6239028345662974,0.7341202842618286,27.078390401602025,31.92365444173657,0.5924417850885861,0.864,elasticnet,pooled,土豆,fold2_test2025,target_mean_price_next_60d,沈阳
133,0.20650897399395277,0.24695770018673177,9.620397596101215,9.443355069742362,-0.07423276617383204,0.5714285714285714,elasticnet,pooled,土豆,fold3_test2026,target_mean_price_next_60d,沈阳
248,0.9401418473219239,1.1941800131858948,16.674064341182383,15.739910267412508,-0.43858840533743676,0.6008064516129032,elasticnet,pooled,尖椒,fold1_test2024,target_mean_price_next_60d,沈阳
250,0.8756945169583883,1.2098199386012065,14.190475433620248,16.437351416228587,-0.07716073762848623,0.612,elasticnet,pooled,尖椒,fold2_test2025,target_mean_price_next_60d,沈阳
133,0.8639905813545052,1.0759595432264053,14.600837887715217,15.387608143811018,0.6328815276537938,0.5864661654135338,elasticnet,pooled,尖椒,fold3_test2026,target_mean_price_next_60d,沈阳
248,0.8100768895347127,0.94752393389653,40.008188219338784,34.66971568156165,-0.17711630406019435,0.3870967741935484,elasticnet,pooled,甘蓝,fold1_test2024,target_mean_price_next_60d,沈阳
250,0.4312481624190539,0.5176663015307013,20.24151692483621,22.02499647904795,0.3430427137853935,0.68,elasticnet,pooled,甘蓝,fold2_test2025,target_mean_price_next_60d,沈阳
133,0.3007624326606028,0.38177153587361906,18.55736449579627,18.02631929751336,0.034024874900499,0.6992481203007519,elasticnet,pooled,甘蓝,fold3_test2026,target_mean_price_next_60d,沈阳
248,1.30943097920868,1.532680128286545,15.077131028689857,14.710335453410261,-0.5648334470358534,0.7298387096774194,elasticnet,pooled,芸豆,fold1_test2024,target_mean_price_next_60d,沈阳
250,0.6632660583521303,0.8799876498870499,7.67966138783215,7.777439666200365,0.02410049324290253,0.76,elasticnet,pooled,芸豆,fold2_test2025,target_mean_price_next_60d,沈阳
133,0.5873066027009634,0.7907120916374705,6.955319360593526,7.050022416641147,0.43053601377647394,0.7593984962406015,elasticnet,pooled,芸豆,fold3_test2026,target_mean_price_next_60d,沈阳
248,1.0980136039068213,1.3761772668640841,24.686849046459894,23.803733792078653,-0.30638462131986494,0.6330645161290323,elasticnet,pooled,芹菜,fold1_test2024,target_mean_price_next_60d,沈阳
250,0.5109065836764678,0.6693409975445007,14.185595876873169,14.825449014352909,0.3769437464885627,0.608,elasticnet,pooled,芹菜,fold2_test2025,target_mean_price_next_60d,沈阳
133,0.39786742895846955,0.5273972874785028,11.242549348723367,11.282180096058903,-0.051029136431810354,0.706766917293233,elasticnet,pooled,芹菜,fold3_test2026,target_mean_price_next_60d,沈阳
248,0.5932991814560038,0.7483732684253069,15.771952488818144,14.271089504875198,-0.06698249633121829,0.592741935483871,elasticnet,pooled,茄子,fold1_test2024,target_mean_price_next_60d,沈阳
250,0.7756976945557705,0.8846876184572938,20.060394635042513,19.9805185623782,0.26547660827078934,0.528,elasticnet,pooled,茄子,fold2_test2025,target_mean_price_next_60d,沈阳
133,0.5282961100985455,0.656252500779073,12.953264190930854,13.701481177066634,0.428135537176325,0.8646616541353384,elasticnet,pooled,茄子,fold3_test2026,target_mean_price_next_60d,沈阳
248,0.7770881146371571,0.9357704030609548,14.400863361457136,14.393758026754252,-0.056986208634885224,0.5806451612903226,elasticnet,pooled,西红柿,fold1_test2024,target_mean_price_next_60d,沈阳
250,0.551531782770124,0.6821361169346649,9.413086515940817,9.86388491993901,-0.01165414200235108,0.76,elasticnet,pooled,西红柿,fold2_test2025,target_mean_price_next_60d,沈阳
133,0.8276276460606822,0.9205025126765618,15.708088768401,16.548848266557815,0.7582020198904537,0.518796992481203,elasticnet,pooled,西红柿,fold3_test2026,target_mean_price_next_60d,沈阳
248,1.0040117242125783,1.2907176700060652,15.310363787873833,15.357930181117812,-0.07417277609838016,0.657258064516129,elasticnet,pooled,青椒,fold1_test2024,target_mean_price_next_60d,沈阳
250,0.9272958628084753,1.2233002366766423,15.079754525465672,16.899678121405675,0.27356776953028417,0.6,elasticnet,pooled,青椒,fold2_test2025,target_mean_price_next_60d,沈阳
133,1.1270413741120495,1.2962223712270504,19.86200180219092,20.29031690833934,0.9576768857450937,0.5639097744360902,elasticnet,pooled,青椒,fold3_test2026,target_mean_price_next_60d,沈阳
248,0.8465143413057572,1.10056536574847,16.682483401008387,15.69027938874461,-0.002438140737616691,0.625,elasticnet,pooled,韭菜,fold1_test2024,target_mean_price_next_60d,沈阳
250,0.8602938462731324,1.2467554590454482,14.242619079592926,14.898271069487004,0.03553326176983495,0.832,elasticnet,pooled,韭菜,fold2_test2025,target_mean_price_next_60d,沈阳
133,1.0520960674174384,1.2206782738484914,20.330752104482627,20.713207339073683,0.505875421089968,0.6842105263157895,elasticnet,pooled,韭菜,fold3_test2026,target_mean_price_next_60d,沈阳
248,0.8834550640703439,1.1956795297396399,19.640267634870035,18.636826771793725,-0.1117618530029184,0.7903225806451613,elasticnet,pooled,黄瓜,fold1_test2024,target_mean_price_next_60d,沈阳
250,0.7899008344988947,1.1705500002734222,15.071058443202743,14.861913125009874,-0.21456829052963525,0.784,elasticnet,pooled,黄瓜,fold2_test2025,target_mean_price_next_60d,沈阳
133,1.1009988687632384,1.3684309281158196,24.20992910948391,23.97110892465555,0.34656839742731427,0.7218045112781954,elasticnet,pooled,黄瓜,fold3_test2026,target_mean_price_next_60d,沈阳
248,0.5277950344558808,0.6141542154380367,23.354542331237766,25.50235147026825,0.279079439879857,0.4879032258064516,elasticnet_tuned,pooled,土豆,fold1_test2024,target_mean_price_next_60d,沈阳
250,0.4375679729246064,0.5281570545406026,19.87849685741389,22.389333704705148,0.4031769296479646,0.868,elasticnet_tuned,pooled,土豆,fold2_test2025,target_mean_price_next_60d,沈阳
133,0.20132707081783824,0.23689123254396963,9.37008172965727,9.206394173164046,-0.03855075686432426,0.5338345864661654,elasticnet_tuned,pooled,土豆,fold3_test2026,target_mean_price_next_60d,沈阳
248,0.89111346299423,1.1495786682117726,15.483108557330896,14.919074164783552,-0.3635816068849757,0.6129032258064516,elasticnet_tuned,pooled,尖椒,fold1_test2024,target_mean_price_next_60d,沈阳
250,0.8745981692447041,1.257298794394468,14.178512610797899,16.416772261860007,-0.3053271992830788,0.684,elasticnet_tuned,pooled,尖椒,fold2_test2025,target_mean_price_next_60d,沈阳
133,0.9047149793896965,1.0850918033510413,15.108988934205922,16.112906650972626,0.5470242023536973,0.6090225563909775,elasticnet_tuned,pooled,尖椒,fold3_test2026,target_mean_price_next_60d,沈阳
248,0.684415987896959,0.8547533977753852,29.290383381448326,29.29167343847045,0.12831723645950094,0.5120967741935484,elasticnet_tuned,pooled,甘蓝,fold1_test2024,target_mean_price_next_60d,沈阳
250,0.35417499428725513,0.43761058457572777,17.059582218104957,18.088663748469493,0.23960130692955625,0.652,elasticnet_tuned,pooled,甘蓝,fold2_test2025,target_mean_price_next_60d,沈阳
133,0.32716834106546927,0.46961206865004507,16.88386083880203,19.608968207605663,0.20817044133194718,0.6541353383458647,elasticnet_tuned,pooled,甘蓝,fold3_test2026,target_mean_price_next_60d,沈阳
248,1.4154407907056823,1.6495867796807278,16.473923743852744,15.90126488247883,-0.7451044932968821,0.657258064516129,elasticnet_tuned,pooled,芸豆,fold1_test2024,target_mean_price_next_60d,沈阳
250,0.8031672645100058,1.0490527402742247,9.316173284005135,9.417917384636358,-0.38344346447979466,0.716,elasticnet_tuned,pooled,芸豆,fold2_test2025,target_mean_price_next_60d,沈阳
133,0.4850985640744888,0.6338521714680546,6.001641406327592,5.823118172480181,-0.035490661106705734,0.8120300751879699,elasticnet_tuned,pooled,芸豆,fold3_test2026,target_mean_price_next_60d,沈阳
248,1.00772940172224,1.2547533069737793,22.39774458914756,21.84647105254127,-0.2126596509253535,0.6653225806451613,elasticnet_tuned,pooled,芹菜,fold1_test2024,target_mean_price_next_60d,沈阳
250,0.444014026335086,0.5877466083187903,12.535294984239448,12.88436579094247,0.1866950396993887,0.664,elasticnet_tuned,pooled,芹菜,fold2_test2025,target_mean_price_next_60d,沈阳
133,0.35116582242009026,0.48703243612536057,9.642551677882398,9.957879845795702,0.03185677763277783,0.6691729323308271,elasticnet_tuned,pooled,芹菜,fold3_test2026,target_mean_price_next_60d,沈阳
248,0.5504119675461181,0.6722596325132427,14.369681923326047,13.239489786802617,0.04371829399132204,0.7338709677419355,elasticnet_tuned,pooled,茄子,fold1_test2024,target_mean_price_next_60d,沈阳
250,0.6808186280264195,0.8433535938690452,16.974736413389905,17.5366116598877,-0.022468190252948148,0.584,elasticnet_tuned,pooled,茄子,fold2_test2025,target_mean_price_next_60d,沈阳
133,0.5343993277171994,0.6785440200667716,13.198793421071922,13.859769530365185,0.4780557561122903,0.7969924812030075,elasticnet_tuned,pooled,茄子,fold3_test2026,target_mean_price_next_60d,沈阳
248,0.7294827245202372,0.883000764035326,13.458215763983459,13.511978402017446,-0.08111280911881816,0.6169354838709677,elasticnet_tuned,pooled,西红柿,fold1_test2024,target_mean_price_next_60d,沈阳
250,0.5643965925591999,0.7646474267759594,9.519781076928288,10.093965954687354,-0.346576006320533,0.8,elasticnet_tuned,pooled,西红柿,fold2_test2025,target_mean_price_next_60d,沈阳
133,0.6397968333731922,0.749569052944725,11.807038036270487,12.793072787397941,0.5211325467478847,0.6766917293233082,elasticnet_tuned,pooled,西红柿,fold3_test2026,target_mean_price_next_60d,沈阳
248,1.0932620301972225,1.3703569660157258,16.66274589306175,16.72315325062985,-0.15485385324004264,0.6653225806451613,elasticnet_tuned,pooled,青椒,fold1_test2024,target_mean_price_next_60d,沈阳
250,0.8343084770854632,1.1903287789459278,13.339005951125607,15.205011994771109,-0.13486801946801524,0.72,elasticnet_tuned,pooled,青椒,fold2_test2025,target_mean_price_next_60d,沈阳
133,1.0076901527972646,1.1728757583898597,17.077856256778002,18.141616639210117,0.6852238877128135,0.5639097744360902,elasticnet_tuned,pooled,青椒,fold3_test2026,target_mean_price_next_60d,沈阳
248,0.795045851911433,1.0601886001296186,16.05610214744654,14.73630266453705,-0.04495727990291655,0.6411290322580645,elasticnet_tuned,pooled,韭菜,fold1_test2024,target_mean_price_next_60d,沈阳
250,0.8228050440636688,1.307775697640459,14.10690297740114,14.249052968245756,-0.2787912833954373,0.844,elasticnet_tuned,pooled,韭菜,fold2_test2025,target_mean_price_next_60d,沈阳
133,0.9736222522937796,1.1074260390451578,20.11265509625118,19.168249180134424,0.2553052887404387,0.8571428571428571,elasticnet_tuned,pooled,韭菜,fold3_test2026,target_mean_price_next_60d,沈阳
248,0.9362868764239787,1.1823155064340969,20.67304502363659,19.75133431713301,-0.014338641325800306,0.782258064516129,elasticnet_tuned,pooled,黄瓜,fold1_test2024,target_mean_price_next_60d,沈阳
250,0.8513308733847649,1.2317894489450307,16.58082693596208,16.01771377910965,-0.35225448598929815,0.788,elasticnet_tuned,pooled,黄瓜,fold2_test2025,target_mean_price_next_60d,沈阳
133,1.0975695315848824,1.3603489652200151,24.60563880218928,23.896444892408102,0.2100216071631271,0.7218045112781954,elasticnet_tuned,pooled,黄瓜,fold3_test2026,target_mean_price_next_60d,沈阳
248,0.18329551219157728,0.22110683763471933,8.61621494179768,8.856594453662273,0.04616957803269274,0.5443548387096774,extra_trees,pooled,土豆,fold1_test2024,target_mean_price_next_60d,沈阳
250,0.25402277675203666,0.3300637721530162,13.008398652944637,12.997753650213134,0.24790193236427246,0.832,extra_trees,pooled,土豆,fold2_test2025,target_mean_price_next_60d,沈阳
133,0.17543342564363035,0.22108907450113846,8.458494904451348,8.02231543459491,-0.07843442428100489,0.6015037593984962,extra_trees,pooled,土豆,fold3_test2026,target_mean_price_next_60d,沈阳
248,1.092679650626652,1.3570763090678508,19.791416160563468,18.293707168639596,-0.4500175838425492,0.592741935483871,extra_trees,pooled,尖椒,fold1_test2024,target_mean_price_next_60d,沈阳
250,1.0556789541443592,1.3484939020763502,18.18384392694065,19.815775496984262,0.07120729167433248,0.78,extra_trees,pooled,尖椒,fold2_test2025,target_mean_price_next_60d,沈阳
133,0.4427974580730761,0.5233710080432393,8.252334873201576,7.8861898716791545,0.12313297975622427,0.706766917293233,extra_trees,pooled,尖椒,fold3_test2026,target_mean_price_next_60d,沈阳
248,0.6038212840942708,0.8250579254970393,24.324933201615668,25.84237683172021,0.09754384668029324,0.532258064516129,extra_trees,pooled,甘蓝,fold1_test2024,target_mean_price_next_60d,沈阳
250,0.6184671433650037,0.7489732489463616,32.75270544568416,31.58677031482512,0.5912765357153829,0.604,extra_trees,pooled,甘蓝,fold2_test2025,target_mean_price_next_60d,沈阳
133,0.35536909536645395,0.4306509634326684,19.17193586918765,21.29919193988253,0.3245498150448424,0.6165413533834586,extra_trees,pooled,甘蓝,fold3_test2026,target_mean_price_next_60d,沈阳
248,1.2443773193025114,1.530189419987171,14.395883811336136,13.979513306319987,-0.7725910399418399,0.7258064516129032,extra_trees,pooled,芸豆,fold1_test2024,target_mean_price_next_60d,沈阳
250,0.9659079479390267,1.134171089212756,11.146889662945327,11.326210189110691,0.22394625118608497,0.644,extra_trees,pooled,芸豆,fold2_test2025,target_mean_price_next_60d,沈阳
133,0.3860068314381131,0.530027812166601,4.8665765073179355,4.63362203336396,0.11461314547087621,0.7669172932330827,extra_trees,pooled,芸豆,fold3_test2026,target_mean_price_next_60d,沈阳
248,1.1129938948131632,1.449700564360975,24.28435468311975,24.12849011166676,-0.27869687781362346,0.6008064516129032,extra_trees,pooled,芹菜,fold1_test2024,target_mean_price_next_60d,沈阳
250,0.8774075062230468,1.0017828518436946,24.18113768829794,25.460545359810084,0.8342487601241084,0.624,extra_trees,pooled,芹菜,fold2_test2025,target_mean_price_next_60d,沈阳
133,0.4608325618951236,0.5463906506021385,13.085662990454708,13.067659172401624,0.11459134290852205,0.45864661654135336,extra_trees,pooled,芹菜,fold3_test2026,target_mean_price_next_60d,沈阳
248,0.6511355661072379,0.7958048540980033,16.536056084650568,15.662273325440367,0.019374202097415784,0.7258064516129032,extra_trees,pooled,茄子,fold1_test2024,target_mean_price_next_60d,沈阳
250,0.8475571636542183,1.018438051476308,22.190281784832187,21.831483785404203,0.23073670566506865,0.604,extra_trees,pooled,茄子,fold2_test2025,target_mean_price_next_60d,沈阳
133,0.4531700966268083,0.6031139076702278,12.021901695075035,11.753070731078202,0.37596694541305153,0.7518796992481203,extra_trees,pooled,茄子,fold3_test2026,target_mean_price_next_60d,沈阳
248,1.0902977239691278,1.3303101645517659,20.701188115202946,20.19524082318544,-0.18311931435705667,0.49193548387096775,extra_trees,pooled,西红柿,fold1_test2024,target_mean_price_next_60d,沈阳
250,0.6899521390144002,0.8728468793706018,11.760708796664412,12.339467483309758,-0.13469904034570254,0.796,extra_trees,pooled,西红柿,fold2_test2025,target_mean_price_next_60d,沈阳
133,0.39306381884226865,0.528062987512406,7.407796436343507,7.85951693138286,0.2712662211868072,0.8120300751879699,extra_trees,pooled,西红柿,fold3_test2026,target_mean_price_next_60d,沈阳
248,1.2132434034714892,1.5142764816824756,18.8881211321619,18.558456075630207,-0.532504454893751,0.5725806451612904,extra_trees,pooled,青椒,fold1_test2024,target_mean_price_next_60d,沈阳
250,1.0087895638561817,1.3485308793166182,16.56594526069043,18.384875426672583,0.15240161905645158,0.74,extra_trees,pooled,青椒,fold2_test2025,target_mean_price_next_60d,沈阳
133,0.4131391575598418,0.45474510557968056,8.253479755595956,7.437814286754059,0.2455421365435697,0.7293233082706767,extra_trees,pooled,青椒,fold3_test2026,target_mean_price_next_60d,沈阳
248,0.6797418030964216,0.9033872743046646,12.506038052180296,12.599123585243085,-0.06953776411239859,0.7419354838709677,extra_trees,pooled,韭菜,fold1_test2024,target_mean_price_next_60d,沈阳
250,0.9909687789772843,1.3515814768746846,16.059105007114223,17.16125432555383,-0.30310622724229513,0.912,extra_trees,pooled,韭菜,fold2_test2025,target_mean_price_next_60d,沈阳
133,0.616716238857123,0.7544160754040601,13.055825955924435,12.14163964720238,-0.09573180293345643,0.9774436090225563,extra_trees,pooled,韭菜,fold3_test2026,target_mean_price_next_60d,沈阳
248,0.8996573460374611,1.200046913517429,19.446143289395394,18.978620185640608,0.06074245879852864,0.8306451612903226,extra_trees,pooled,黄瓜,fold1_test2024,target_mean_price_next_60d,沈阳
250,0.9668528185653482,1.3095455923442116,17.428398916558827,18.191248782899272,-0.21290173199317766,0.816,extra_trees,pooled,黄瓜,fold2_test2025,target_mean_price_next_60d,沈阳
133,0.7260072891538504,0.9224438380746357,15.874704786930687,15.80673722939426,0.14275878787537163,0.8270676691729323,extra_trees,pooled,黄瓜,fold3_test2026,target_mean_price_next_60d,沈阳
248,0.18086815777887946,0.21643390413041935,8.561883761047104,8.739307928904905,0.03531693952178557,0.4879032258064516,extra_trees_tuned,pooled,土豆,fold1_test2024,target_mean_price_next_60d,沈阳
250,0.25403682326468974,0.32721249150436826,13.018935599708383,12.998472377539258,0.24558439654669192,0.828,extra_trees_tuned,pooled,土豆,fold2_test2025,target_mean_price_next_60d,沈阳
133,0.1620351143765841,0.2021438611935518,7.763895524778072,7.409630144543774,-0.07049549630356954,0.5413533834586466,extra_trees_tuned,pooled,土豆,fold3_test2026,target_mean_price_next_60d,沈阳
248,1.0815252579683565,1.3397668250409664,19.322537422604515,18.10695966874989,-0.41428830239363873,0.6088709677419355,extra_trees_tuned,pooled,尖椒,fold1_test2024,target_mean_price_next_60d,沈阳
250,1.0387967212672367,1.341755102385537,17.836788892304536,19.49888508700918,0.035264704179608995,0.772,extra_trees_tuned,pooled,尖椒,fold2_test2025,target_mean_price_next_60d,沈阳
133,0.4828276352256083,0.5727882897298643,8.826597615807556,8.599124356433407,0.16351009853862433,0.706766917293233,extra_trees_tuned,pooled,尖椒,fold3_test2026,target_mean_price_next_60d,沈阳
248,0.5967457476817606,0.8277850387698316,24.028641947855455,25.539557631610492,0.11647802359157976,0.5201612903225806,extra_trees_tuned,pooled,甘蓝,fold1_test2024,target_mean_price_next_60d,沈阳
250,0.602092694012124,0.7082173289688752,31.78036688241684,30.75048341375057,0.5587554667248675,0.592,extra_trees_tuned,pooled,甘蓝,fold2_test2025,target_mean_price_next_60d,沈阳
133,0.3594450849085099,0.43680971573438304,19.407081236553825,21.54348803859556,0.34108107308117686,0.631578947368421,extra_trees_tuned,pooled,甘蓝,fold3_test2026,target_mean_price_next_60d,沈阳
248,1.2958108432955815,1.5859528462868204,14.978432757169447,14.557324892804917,-0.8389824531071552,0.6975806451612904,extra_trees_tuned,pooled,芸豆,fold1_test2024,target_mean_price_next_60d,沈阳
250,0.9067050033216526,1.0640862346117737,10.493981115286454,10.631998079166456,0.09841153138262257,0.616,extra_trees_tuned,pooled,芸豆,fold2_test2025,target_mean_price_next_60d,沈阳
133,0.42669971385751,0.567927472334207,5.323615934237672,5.1220989752800445,0.1602013498988137,0.7593984962406015,extra_trees_tuned,pooled,芸豆,fold3_test2026,target_mean_price_next_60d,沈阳
248,1.1065739455656092,1.4413135671426716,23.93625325414678,23.98931263489991,-0.195041101806734,0.6491935483870968,extra_trees_tuned,pooled,芹菜,fold1_test2024,target_mean_price_next_60d,沈阳
250,0.7579233092561903,0.8751705835727185,21.1133187661064,21.993361873142046,0.7080736655895771,0.648,extra_trees_tuned,pooled,芹菜,fold2_test2025,target_mean_price_next_60d,沈阳
133,0.4648112398166789,0.5691016571439766,13.042671413165918,13.180481076352665,0.13638903184197101,0.49624060150375937,extra_trees_tuned,pooled,芹菜,fold3_test2026,target_mean_price_next_60d,沈阳
248,0.6345928649654033,0.7774510611213061,15.982989616384414,15.264358789188767,0.04233549691504763,0.7419354838709677,extra_trees_tuned,pooled,茄子,fold1_test2024,target_mean_price_next_60d,沈阳
250,0.8272184065089523,0.9917731720057741,21.612009173776272,21.307595526448612,0.15966036508303605,0.6,extra_trees_tuned,pooled,茄子,fold2_test2025,target_mean_price_next_60d,沈阳
133,0.4719710226834753,0.6349031454860019,12.142993548869532,12.240677074476778,0.4142112926793634,0.7443609022556391,extra_trees_tuned,pooled,茄子,fold3_test2026,target_mean_price_next_60d,沈阳
248,1.0599128898213541,1.2981852691148317,20.05549509971147,19.632432124701708,-0.1611738898272845,0.5080645161290323,extra_trees_tuned,pooled,西红柿,fold1_test2024,target_mean_price_next_60d,沈阳
250,0.6725714059364769,0.8561086287477931,11.516480661597072,12.028621297721449,-0.15512073459359335,0.792,extra_trees_tuned,pooled,西红柿,fold2_test2025,target_mean_price_next_60d,沈阳
133,0.4376400301018911,0.6041106250827226,8.01159238442599,8.75084162304188,0.32041490567679815,0.8045112781954887,extra_trees_tuned,pooled,西红柿,fold3_test2026,target_mean_price_next_60d,沈阳
248,1.1910305018184322,1.5059644633056282,18.372829282236417,18.218674990927,-0.4645650118858082,0.5685483870967742,extra_trees_tuned,pooled,青椒,fold1_test2024,target_mean_price_next_60d,沈阳
250,0.9750750937623613,1.3100371793669328,16.064152664670218,17.770439715837323,0.1036757164691793,0.76,extra_trees_tuned,pooled,青椒,fold2_test2025,target_mean_price_next_60d,沈阳
133,0.4546724718144098,0.520541152894728,8.724274088551757,8.185545583790763,0.3028055454369691,0.7593984962406015,extra_trees_tuned,pooled,青椒,fold3_test2026,target_mean_price_next_60d,沈阳
248,0.6577201764739605,0.8889015270777963,12.217240297231587,12.19094919593734,-0.049551810973961226,0.7540322580645161,extra_trees_tuned,pooled,韭菜,fold1_test2024,target_mean_price_next_60d,沈阳
250,0.9831085647985423,1.3450004210993711,15.980887242565922,17.02513385694136,-0.2857132766197223,0.912,extra_trees_tuned,pooled,韭菜,fold2_test2025,target_mean_price_next_60d,沈阳
133,0.6272068202375809,0.7675178966249159,13.327782043902422,12.348173626341982,-0.045485933340433576,0.9774436090225563,extra_trees_tuned,pooled,韭菜,fold3_test2026,target_mean_price_next_60d,沈阳
248,0.9053987276298576,1.1944375729002963,19.535055670742434,19.099736854184304,0.09760071322634414,0.8104838709677419,extra_trees_tuned,pooled,黄瓜,fold1_test2024,target_mean_price_next_60d,沈阳
250,0.9195375155582259,1.2651955019398304,16.450068318032454,17.301015614299732,-0.22506248718219224,0.828,extra_trees_tuned,pooled,黄瓜,fold2_test2025,target_mean_price_next_60d,沈阳
133,0.7321433511275669,0.9590806184215827,16.157679736884713,15.940332471054791,0.12182364268072134,0.8721804511278195,extra_trees_tuned,pooled,黄瓜,fold3_test2026,target_mean_price_next_60d,沈阳
248,0.17379325052946498,0.2168566272467403,8.249036773326852,8.397457855457123,0.005164462250835303,0.0,baseline_last_value,baseline,土豆,fold1_test2024,target_mean_price_next_60d,沈阳
250,0.17339647250964368,0.2089502426796852,9.27715874535928,8.872293509712739,-0.023959065328732678,0.0,baseline_last_value,baseline,土豆,fold2_test2025,target_mean_price_next_60d,沈阳
133,0.08685046151311993,0.10350800657475387,3.957987906379775,3.97154530467718,0.015588168320888513,0.0,baseline_last_value,baseline,土豆,fold3_test2026,target_mean_price_next_60d,沈阳
248,1.1824634629013082,1.4196717747008225,19.277230049556152,19.79687305014449,0.07153514407474845,0.0,baseline_last_value,baseline,尖椒,fold1_test2024,target_mean_price_next_60d,沈阳
250,0.9328459765132404,1.2308362331046299,16.632005723295602,17.510121208046435,-0.35010727124064317,0.0,baseline_last_value,baseline,尖椒,fold2_test2025,target_mean_price_next_60d,沈阳
133,1.2443047812726313,1.6971799772529212,18.272111088284884,22.160975824153745,1.1394391879137316,0.0,baseline_last_value,baseline,尖椒,fold3_test2026,target_mean_price_next_60d,沈阳
248,0.5657138908746552,0.7055294366427705,25.079051635379223,24.21145450155919,0.015138795601699869,0.0,baseline_last_value,baseline,甘蓝,fold1_test2024,target_mean_price_next_60d,沈阳
250,0.3880489790894417,0.4918696999727992,21.45068673789188,19.81869870517385,-0.10879423999587844,0.0,baseline_last_value,baseline,甘蓝,fold2_test2025,target_mean_price_next_60d,沈阳
133,0.3717095607598233,0.49286197312922075,20.385947466660152,22.278564410191148,0.19093569084642706,0.0,baseline_last_value,baseline,甘蓝,fold3_test2026,target_mean_price_next_60d,沈阳
248,1.6594346973872265,1.9887379830042553,19.030041893649084,18.64232743015328,-0.1473223043929159,0.0,baseline_last_value,baseline,芸豆,fold1_test2024,target_mean_price_next_60d,沈阳
250,0.9461071912862462,1.3928112599320164,10.92851192765413,11.094027057963105,-0.06679719273720934,0.0,baseline_last_value,baseline,芸豆,fold2_test2025,target_mean_price_next_60d,沈阳
133,0.7597139924609952,1.0106759343954415,8.943033114941871,9.11959894960189,0.5028198378180915,0.0,baseline_last_value,baseline,芸豆,fold3_test2026,target_mean_price_next_60d,沈阳
248,1.0529429087919822,1.3329447932531355,22.858386040264847,22.82665042578858,0.012785640773706428,0.0,baseline_last_value,baseline,芹菜,fold1_test2024,target_mean_price_next_60d,沈阳
250,0.4862001890967256,0.6393809723487691,13.944053529459119,14.10852070519962,-0.06950576719966876,0.0,baseline_last_value,baseline,芹菜,fold2_test2025,target_mean_price_next_60d,沈阳
133,0.3546492381632671,0.5433276423649932,9.069946338963112,10.056657782624683,0.23905196287285504,0.0,baseline_last_value,baseline,芹菜,fold3_test2026,target_mean_price_next_60d,沈阳
248,0.6438609865441267,0.8135111121099797,16.743467882653874,15.487292170400305,0.10611744815921148,0.0,baseline_last_value,baseline,茄子,fold1_test2024,target_mean_price_next_60d,沈阳
250,0.7895839216806959,1.006912451613467,20.76761683987155,20.33820174331103,-0.228990082901404,0.0,baseline_last_value,baseline,茄子,fold2_test2025,target_mean_price_next_60d,沈阳
133,0.7397735856029243,0.965598662849994,16.538369756242137,19.1861981655304,0.6839401278377369,0.0,baseline_last_value,baseline,茄子,fold3_test2026,target_mean_price_next_60d,沈阳
248,0.8457122327525766,0.9882161519587572,15.19819342969678,15.664860920168033,0.14331132016026168,0.0,baseline_last_value,baseline,西红柿,fold1_test2024,target_mean_price_next_60d,沈阳
250,0.7062785399624517,0.8692336412593227,12.791078377285977,12.631457437722746,-0.33286556149706426,0.0,baseline_last_value,baseline,西红柿,fold2_test2025,target_mean_price_next_60d,沈阳
133,0.8608696693348687,1.1500768545246356,14.449528659443892,17.213539932980908,0.8175273076335197,0.0,baseline_last_value,baseline,西红柿,fold3_test2026,target_mean_price_next_60d,沈阳
248,1.4184063859166822,1.7769448089504645,20.377175284551,21.69674488656449,0.24201987921491064,0.0,baseline_last_value,baseline,青椒,fold1_test2024,target_mean_price_next_60d,沈阳
250,0.9433977251557196,1.2330970006498774,16.278100445489095,17.19312954477282,-0.2857822750733491,0.0,baseline_last_value,baseline,青椒,fold2_test2025,target_mean_price_next_60d,沈阳
133,1.2252083416741768,1.6967541267630084,17.87263094594344,22.057633466114797,1.0733924423438557,0.0,baseline_last_value,baseline,青椒,fold3_test2026,target_mean_price_next_60d,沈阳
248,0.8566259826141933,1.1422391424736913,16.837871280683125,15.877700285788606,0.04363883845218157,0.0,baseline_last_value,baseline,韭菜,fold1_test2024,target_mean_price_next_60d,沈阳
250,1.109018016265422,1.5986714865623597,18.86152052670035,19.205590158343796,-0.17213424546672,0.0,baseline_last_value,baseline,韭菜,fold2_test2025,target_mean_price_next_60d,沈阳
133,1.1953889746669955,1.3402570476046303,23.821495158857058,23.53429544119383,0.4015533639165224,0.0,baseline_last_value,baseline,韭菜,fold3_test2026,target_mean_price_next_60d,沈阳
248,1.2325019128714132,1.4800358494197885,26.154024139841702,26.00010524616788,0.013175603209408747,0.0,baseline_last_value,baseline,黄瓜,fold1_test2024,target_mean_price_next_60d,沈阳
250,1.043974276592196,1.4618449956882364,20.59024104395246,19.642282076206563,-0.18333373601838965,0.008,baseline_last_value,baseline,黄瓜,fold2_test2025,target_mean_price_next_60d,沈阳
133,1.3049610517219876,1.6633584531493506,28.83426329124552,28.411803500215637,0.30171249674090245,0.0,baseline_last_value,baseline,黄瓜,fold3_test2026,target_mean_price_next_60d,沈阳
248,0.6404575413302203,0.7292230040443662,26.192489252201334,30.946053400493756,0.6404575413302203,0.5604838709677419,baseline_previous_year_same_period,baseline,土豆,fold1_test2024,target_mean_price_next_60d,沈阳
250,0.3219801372013988,0.4061617995903711,16.3312717843784,16.474973453623797,0.13308093091598291,0.404,baseline_previous_year_same_period,baseline,土豆,fold2_test2025,target_mean_price_next_60d,沈阳
133,0.15533170796384274,0.19086155426706808,7.2645102818292,7.103093117566156,-0.053764826633155224,0.706766917293233,baseline_previous_year_same_period,baseline,土豆,fold3_test2026,target_mean_price_next_60d,沈阳
248,2.628999107242838,3.0399503138523993,54.16749324237947,44.01485813974243,-2.044547432662652,0.36693548387096775,baseline_previous_year_same_period,baseline,尖椒,fold1_test2024,target_mean_price_next_60d,沈阳
250,1.8140567339498235,2.2777422252053428,30.538952325462077,34.0510160192382,0.7436731042557021,0.548,baseline_previous_year_same_period,baseline,尖椒,fold2_test2025,target_mean_price_next_60d,沈阳
133,1.1915272381743263,1.869671436947598,19.106157362911645,21.221011697789507,-0.49278513398958096,0.7142857142857143,baseline_previous_year_same_period,baseline,尖椒,fold3_test2026,target_mean_price_next_60d,沈阳
248,0.7735594869853835,0.9703011638826642,37.516599634268445,33.10684186035985,-0.6746762603072988,0.7298387096774194,baseline_previous_year_same_period,baseline,甘蓝,fold1_test2024,target_mean_price_next_60d,沈阳
250,0.7025407707753043,0.8499783278604403,35.925416792345146,35.880635214574646,0.37380122144822425,0.628,baseline_previous_year_same_period,baseline,甘蓝,fold2_test2025,target_mean_price_next_60d,沈阳
133,0.45910566673191344,0.5259593390339878,28.159019290634905,27.51668573297621,-0.12868654668753593,0.49624060150375937,baseline_previous_year_same_period,baseline,甘蓝,fold3_test2026,target_mean_price_next_60d,沈阳
248,1.863885038933309,2.1608380468803636,21.58208275130366,20.939151894719327,-0.11367879752410708,0.6693548387096774,baseline_previous_year_same_period,baseline,芸豆,fold1_test2024,target_mean_price_next_60d,沈阳
250,1.2589039616650026,1.6206264194520181,14.08917329244391,14.761873435399094,0.28390005227384457,0.668,baseline_previous_year_same_period,baseline,芸豆,fold2_test2025,target_mean_price_next_60d,沈阳
133,1.0005899222973427,1.1967045039528679,11.844238732904747,12.011071133237778,0.2442866194180048,0.5714285714285714,baseline_previous_year_same_period,baseline,芸豆,fold3_test2026,target_mean_price_next_60d,沈阳
248,1.8240707352179277,2.08729628047689,46.84560035161738,39.54385814944181,-1.8160556129704666,0.75,baseline_previous_year_same_period,baseline,芹菜,fold1_test2024,target_mean_price_next_60d,沈阳
250,1.2846428209835743,1.59012167757586,32.353067797513475,37.27766925040645,1.0920827673484697,0.656,baseline_previous_year_same_period,baseline,芹菜,fold2_test2025,target_mean_price_next_60d,沈阳
133,0.5670257213011569,0.654457567478454,18.624679871740312,16.078939468767427,-0.47242908009874296,0.6240601503759399,baseline_previous_year_same_period,baseline,芹菜,fold3_test2026,target_mean_price_next_60d,沈阳
248,1.8187753445502461,1.9919667952360682,54.15988309894997,43.7484266666927,-0.8217012468672994,0.31451612903225806,baseline_previous_year_same_period,baseline,茄子,fold1_test2024,target_mean_price_next_60d,沈阳
250,1.6031367982379887,1.8963668822071829,38.112877578213805,41.293798834312135,0.39653754493051346,0.456,baseline_previous_year_same_period,baseline,茄子,fold2_test2025,target_mean_price_next_60d,沈阳
133,0.5329575788073679,0.8007973909406984,12.291519350268779,13.822377440640299,-0.26364654041899693,0.8646616541353384,baseline_previous_year_same_period,baseline,茄子,fold3_test2026,target_mean_price_next_60d,沈阳
248,1.6606056303797578,1.9629160216155932,34.02783814659529,30.758874278642885,-0.9719166669980092,0.4717741935483871,baseline_previous_year_same_period,baseline,西红柿,fold1_test2024,target_mean_price_next_60d,沈阳
250,1.1509777081796428,1.3385459555735728,19.938550448657214,20.584691605399406,-0.03376228358968001,0.504,baseline_previous_year_same_period,baseline,西红柿,fold2_test2025,target_mean_price_next_60d,沈阳
133,1.1716663669690122,1.4253388111655194,22.418149605218556,23.428082687051223,-0.04684801466278757,0.47368421052631576,baseline_previous_year_same_period,baseline,西红柿,fold3_test2026,target_mean_price_next_60d,沈阳
248,2.880966460746221,3.2164798767904434,52.65051676621057,44.068889527145075,-1.7204033801784733,0.3225806451612903,baseline_previous_year_same_period,baseline,青椒,fold1_test2024,target_mean_price_next_60d,沈阳
250,2.36552749029619,3.1355850272057038,34.710939541324215,43.111001328385115,1.373954814773422,0.604,baseline_previous_year_same_period,baseline,青椒,fold2_test2025,target_mean_price_next_60d,沈阳
133,1.3461006362800687,1.8365513869483718,22.928676011292875,24.23407793893856,-0.10415269273162703,0.5714285714285714,baseline_previous_year_same_period,baseline,青椒,fold3_test2026,target_mean_price_next_60d,沈阳
248,1.7919076583768172,1.9990714293674123,34.93034982185639,33.21329648756439,-0.42227596057957345,0.45161290322580644,baseline_previous_year_same_period,baseline,韭菜,fold1_test2024,target_mean_price_next_60d,沈阳
250,1.532690799655853,1.8170503054145843,25.750667993176744,26.542608781758098,-0.24808208577418248,0.568,baseline_previous_year_same_period,baseline,韭菜,fold2_test2025,target_mean_price_next_60d,沈阳
133,1.3177737369869373,1.455293668460689,27.834783414970087,25.943753128169867,0.10586071295958713,0.518796992481203,baseline_previous_year_same_period,baseline,韭菜,fold3_test2026,target_mean_price_next_60d,沈阳
248,1.6175592384606494,1.9075480056903384,38.0236782300207,34.12303867659459,-0.49359837304714366,0.5241935483870968,baseline_previous_year_same_period,baseline,黄瓜,fold1_test2024,target_mean_price_next_60d,沈阳
250,1.8929439721089985,2.3447849983615727,35.955829203523216,35.6155705061917,-0.4486329216406514,0.588,baseline_previous_year_same_period,baseline,黄瓜,fold2_test2025,target_mean_price_next_60d,沈阳
133,1.444250215767886,1.642284425114911,32.702494972769856,31.44442761827588,-0.3015346291091672,0.5714285714285714,baseline_previous_year_same_period,baseline,黄瓜,fold3_test2026,target_mean_price_next_60d,沈阳
248,0.18748448371564583,0.2349455610332214,8.8330873086599,9.058999965521387,0.01438758053040522,0.6290322580645161,baseline_rolling_mean_30,baseline,土豆,fold1_test2024,target_mean_price_next_60d,沈阳
250,0.2597552082139793,0.2987014964436744,13.720627628238697,13.291068812387719,-0.03277773199539935,0.256,baseline_rolling_mean_30,baseline,土豆,fold2_test2025,target_mean_price_next_60d,沈阳
133,0.10600591666133775,0.12300127047913258,4.846211128345442,4.847496412218115,-0.0007727339347505797,0.5864661654135338,baseline_rolling_mean_30,baseline,土豆,fold3_test2026,target_mean_price_next_60d,沈阳
248,1.5825537532822809,1.776717730727535,26.378196148552004,26.495208293276335,0.09540073547259792,0.36693548387096775,baseline_rolling_mean_30,baseline,尖椒,fold1_test2024,target_mean_price_next_60d,沈阳
250,1.3597176739819656,1.709251292469481,24.52765203527176,25.52277855036581,-0.5244832712406433,0.404,baseline_rolling_mean_30,baseline,尖椒,fold2_test2025,target_mean_price_next_60d,沈阳
133,2.0266831796943086,2.4062189392092117,30.557010719380283,36.095077045745086,1.6506472079638566,0.2781954887218045,baseline_rolling_mean_30,baseline,尖椒,fold3_test2026,target_mean_price_next_60d,沈阳
248,0.7994005867246183,0.9473645195838893,34.79028611991737,34.212790681307865,-0.004764430204751727,0.41935483870967744,baseline_rolling_mean_30,baseline,甘蓝,fold1_test2024,target_mean_price_next_60d,沈阳
250,0.5228641653000925,0.6292285971403337,29.045465728846693,26.704070656571144,-0.20709823999587842,0.388,baseline_rolling_mean_30,baseline,甘蓝,fold2_test2025,target_mean_price_next_60d,沈阳
133,0.609328750866072,0.7237813524324467,31.271388670653007,36.5203676639419,0.4204745379642215,0.3458646616541353,baseline_rolling_mean_30,baseline,甘蓝,fold3_test2026,target_mean_price_next_60d,沈阳
248,2.161621023971598,2.4668168316130186,24.706969720463697,24.283960659753728,-0.10676047643592668,0.4475806451612903,baseline_rolling_mean_30,baseline,芸豆,fold1_test2024,target_mean_price_next_60d,沈阳
250,1.0850457083328953,1.3651183937692197,12.849990898321714,12.723216310201272,-0.2328531927372093,0.628,baseline_rolling_mean_30,baseline,芸豆,fold2_test2025,target_mean_price_next_60d,沈阳
133,0.8604112885076364,1.1655193963001522,9.786799099519035,10.32836825537698,0.8516769806752345,0.5939849624060151,baseline_rolling_mean_30,baseline,芸豆,fold3_test2026,target_mean_price_next_60d,沈阳
248,1.5122223624770599,1.7921164795061213,32.950411081723985,32.78332656604035,-0.06409876782844412,0.5040322580645161,baseline_rolling_mean_30,baseline,芹菜,fold1_test2024,target_mean_price_next_60d,沈阳
250,0.656984997270499,0.7731344217244296,19.47911446239384,19.06434148908227,-0.1085564338663354,0.332,baseline_rolling_mean_30,baseline,芹菜,fold2_test2025,target_mean_price_next_60d,沈阳
133,0.4211313835609187,0.6042595433604069,10.978623849318534,11.941867485545533,0.37750309069240395,0.6015037593984962,baseline_rolling_mean_30,baseline,芹菜,fold3_test2026,target_mean_price_next_60d,沈阳
248,0.8715959517194903,1.0538237454724941,22.014420401081388,20.965179504462398,0.1199346524602868,0.45564516129032256,baseline_rolling_mean_30,baseline,茄子,fold1_test2024,target_mean_price_next_60d,沈阳
250,1.0898535914458203,1.4103763421797963,29.068729690056266,28.072585579396918,-0.43780341623473723,0.38,baseline_rolling_mean_30,baseline,茄子,fold2_test2025,target_mean_price_next_60d,沈阳
133,1.246862433602148,1.377287526216949,27.17241274656667,32.337664120230976,1.246862433602148,0.3458646616541353,baseline_rolling_mean_30,baseline,茄子,fold3_test2026,target_mean_price_next_60d,沈阳
248,1.1379929408483702,1.2744537243845624,20.78786617622609,21.078684280706256,0.16865809435380996,0.3629032258064516,baseline_rolling_mean_30,baseline,西红柿,fold1_test2024,target_mean_price_next_60d,沈阳
250,0.962565480867343,1.225373989401852,17.08656384763533,17.215028086855597,-0.5573855614970644,0.468,baseline_rolling_mean_30,baseline,西红柿,fold2_test2025,target_mean_price_next_60d,沈阳
133,1.4015400834755636,1.7026915684229371,23.73393378654677,28.02452804873471,1.4003192875833943,0.2932330827067669,baseline_rolling_mean_30,baseline,西红柿,fold3_test2026,target_mean_price_next_60d,沈阳
248,2.077975702671734,2.5235161769105483,29.978708949996395,31.78588953701773,0.2915790189998568,0.3185483870967742,baseline_rolling_mean_30,baseline,青椒,fold1_test2024,target_mean_price_next_60d,沈阳
250,1.2812666034122713,1.6186810956313886,22.166776767918606,23.35068455907298,-0.4131022750733491,0.428,baseline_rolling_mean_30,baseline,青椒,fold2_test2025,target_mean_price_next_60d,沈阳
133,2.03590201133769,2.435578575345973,30.808370677364174,36.65268902564733,1.5553573546245574,0.24812030075187969,baseline_rolling_mean_30,baseline,青椒,fold3_test2026,target_mean_price_next_60d,沈阳
248,1.1927444824094968,1.4798746085649914,23.720359291993283,22.107710708741546,0.10995335458121382,0.4879032258064516,baseline_rolling_mean_30,baseline,韭菜,fold1_test2024,target_mean_price_next_60d,沈阳
250,1.510630026615896,1.9648777014124055,26.25096922348576,26.160567949808033,-0.30511291213338665,0.416,baseline_rolling_mean_30,baseline,韭菜,fold2_test2025,target_mean_price_next_60d,沈阳
133,1.8164341132406803,1.9770574537641066,34.22182231251958,35.761160573174706,0.9258942160468481,0.21804511278195488,baseline_rolling_mean_30,baseline,韭菜,fold3_test2026,target_mean_price_next_60d,沈阳
248,1.4144209734862598,1.6791038109136418,30.667189786950495,29.837758293902727,0.08654388277930126,0.46774193548387094,baseline_rolling_mean_30,baseline,黄瓜,fold1_test2024,target_mean_price_next_60d,沈阳
250,1.3146283906006897,1.5743353903177775,26.76537597515141,24.73461487754174,-0.4086697360183898,0.516,baseline_rolling_mean_30,baseline,黄瓜,fold2_test2025,target_mean_price_next_60d,沈阳
133,1.808246669167645,2.1414841302902388,38.07303888176076,39.36941181234254,0.9286498400992983,0.46616541353383456,baseline_rolling_mean_30,baseline,黄瓜,fold3_test2026,target_mean_price_next_60d,沈阳
248,0.1814734359583056,0.22560436782931506,8.588448686129134,8.768554162501859,0.007134508333784622,0.4798387096774194,baseline_rolling_mean_7,baseline,土豆,fold1_test2024,target_mean_price_next_60d,沈阳
250,0.1941664879054787,0.22989729228134193,10.356769260068612,9.935046806397317,-0.02709049390016124,0.288,baseline_rolling_mean_7,baseline,土豆,fold2_test2025,target_mean_price_next_60d,沈阳
133,0.09233295682534418,0.10695459273660474,4.209920110752328,4.222251842510484,0.013482905162993775,0.5263157894736842,baseline_rolling_mean_7,baseline,土豆,fold3_test2026,target_mean_price_next_60d,沈阳
248,1.2948579757448768,1.5032213294974823,21.19904397060281,21.67858861439332,0.0868922869318913,0.4032258064516129,baseline_rolling_mean_7,baseline,尖椒,fold1_test2024,target_mean_price_next_60d,沈阳
250,1.0307364349667598,1.3547090664414627,18.30637099522601,19.3475883095707,-0.3946786998120717,0.444,baseline_rolling_mean_7,baseline,尖椒,fold2_test2025,target_mean_price_next_60d,沈阳
133,1.3891125256402506,1.8610554118592675,20.50022231094368,24.739991006269264,1.2698580923175982,0.3609022556390977,baseline_rolling_mean_7,baseline,尖椒,fold3_test2026,target_mean_price_next_60d,沈阳
248,0.6160483176813479,0.7665435482122895,27.224255920588796,26.36567009384049,0.01530008592428053,0.40725806451612906,baseline_rolling_mean_7,baseline,甘蓝,fold1_test2024,target_mean_price_next_60d,沈阳
250,0.427883978821417,0.5325738765070244,23.54686033893071,21.853178629489623,-0.12749138285302128,0.404,baseline_rolling_mean_7,baseline,甘蓝,fold2_test2025,target_mean_price_next_60d,沈阳
133,0.40979673266726485,0.5388692959794766,22.291534615302098,24.561334621448175,0.22507102919229172,0.37593984962406013,baseline_rolling_mean_7,baseline,甘蓝,fold3_test2026,target_mean_price_next_60d,沈阳
248,1.7659198907933016,2.1214195061960353,20.34560739995266,19.83859736778013,-0.14756423987678693,0.4596774193548387,baseline_rolling_mean_7,baseline,芸豆,fold1_test2024,target_mean_price_next_60d,沈阳
250,0.9770543270991873,1.418995271260632,11.328209505405432,11.456912326394969,-0.09685433559435216,0.596,baseline_rolling_mean_7,baseline,芸豆,fold2_test2025,target_mean_price_next_60d,沈阳
133,0.7617391356328254,1.0227224775711976,8.898134829118101,9.143908747401966,0.5823687099985427,0.518796992481203,baseline_rolling_mean_7,baseline,芸豆,fold3_test2026,target_mean_price_next_60d,沈阳
248,1.167695419826622,1.460111923559183,25.3177051164583,25.31435933478761,-5.998134610923016e-05,0.43951612903225806,baseline_rolling_mean_7,baseline,芹菜,fold1_test2024,target_mean_price_next_60d,沈阳
250,0.527439905979936,0.6765754218736902,15.199838435671062,15.305211723778376,-0.07479719577109734,0.408,baseline_rolling_mean_7,baseline,芹菜,fold2_test2025,target_mean_price_next_60d,沈阳
133,0.3559544981124269,0.5602725892670679,9.115024007295187,10.093670558104053,0.25939567930679697,0.5338345864661654,baseline_rolling_mean_7,baseline,芹菜,fold3_test2026,target_mean_price_next_60d,沈阳
248,0.6839220530171636,0.8491656923170029,17.82380026012342,16.450912352539156,0.12262666474907316,0.5,baseline_rolling_mean_7,baseline,茄子,fold1_test2024,target_mean_price_next_60d,沈阳
250,0.8512215338080847,1.0889254378641962,22.553666595745195,21.925871091686815,-0.28359579718711825,0.404,baseline_rolling_mean_7,baseline,茄子,fold2_test2025,target_mean_price_next_60d,沈阳
133,0.8366466359146193,1.0561997022460645,18.293401635362265,21.698623015986197,0.8157124157002504,0.518796992481203,baseline_rolling_mean_7,baseline,茄子,fold3_test2026,target_mean_price_next_60d,沈阳
248,0.9129062969990621,1.053029409273948,16.48105274030582,16.909475376856374,0.16488966117408654,0.4032258064516129,baseline_rolling_mean_7,baseline,西红柿,fold1_test2024,target_mean_price_next_60d,沈阳
250,0.7699593042988738,0.9511546792921376,13.900477534966793,13.77035777067061,-0.39032841863992146,0.456,baseline_rolling_mean_7,baseline,西红柿,fold2_test2025,target_mean_price_next_60d,沈阳
133,0.9586443253883173,1.2741241814369058,16.033564761986916,19.168595391851795,0.9477099069890513,0.37593984962406013,baseline_rolling_mean_7,baseline,西红柿,fold3_test2026,target_mean_price_next_60d,沈阳
248,1.5880730187200185,1.9510771194017427,22.840880882126253,24.29206149275512,0.2614553630858783,0.38306451612903225,baseline_rolling_mean_7,baseline,青椒,fold1_test2024,target_mean_price_next_60d,沈阳
250,1.0383368719985377,1.3498643346752166,17.87499695015311,18.923365909577868,-0.3237479893590634,0.456,baseline_rolling_mean_7,baseline,青椒,fold2_test2025,target_mean_price_next_60d,沈阳
133,1.3756276513381096,1.8556453438573584,20.245365191904774,24.76565779629471,1.2025438923975613,0.3684210526315789,baseline_rolling_mean_7,baseline,青椒,fold3_test2026,target_mean_price_next_60d,沈阳
248,0.9295370046328802,1.2195851781900324,18.325914148512098,17.2291177989609,0.0654591149498774,0.40725806451612906,baseline_rolling_mean_7,baseline,韭菜,fold1_test2024,target_mean_price_next_60d,沈阳
250,1.210391113786921,1.7131969433039151,20.658242262530507,20.96113437451077,-0.20255710260957704,0.452,baseline_rolling_mean_7,baseline,韭菜,fold2_test2025,target_mean_price_next_60d,沈阳
133,1.3353000480314698,1.4805439904813449,26.318477000374184,26.288803476514587,0.4934330631646427,0.3082706766917293,baseline_rolling_mean_7,baseline,韭菜,fold3_test2026,target_mean_price_next_60d,沈阳
248,1.2902535988425539,1.5462562276252951,27.558417504809423,27.218399431119742,0.024961317495123043,0.4153225806451613,baseline_rolling_mean_7,baseline,黄瓜,fold1_test2024,target_mean_price_next_60d,沈阳
250,1.1028861717698744,1.5135566759601389,21.884076565406513,20.750704083021862,-0.2176194503041039,0.548,baseline_rolling_mean_7,baseline,黄瓜,fold2_test2025,target_mean_price_next_60d,沈阳
133,1.424726530817744,1.7870637317206577,31.355194635245752,31.019355084753457,0.37642785656904415,0.41353383458646614,baseline_rolling_mean_7,baseline,黄瓜,fold3_test2026,target_mean_price_next_60d,沈阳
248,0.2876775248504439,0.34880584877414805,13.171823345128491,13.900193957671863,0.2825031719282546,0.6774193548387096,baseline_seasonal_median,baseline,土豆,fold1_test2024,target_mean_price_next_60d,沈阳
250,0.3264686021440708,0.4163172507036776,16.228777872336984,16.70463774726868,0.3229209346712673,0.68,baseline_seasonal_median,baseline,土豆,fold2_test2025,target_mean_price_next_60d,沈阳
133,0.18786099270634551,0.22907107822051467,8.349821783936907,8.590610003864773,0.10626486005021185,0.6165413533834586,baseline_seasonal_median,baseline,土豆,fold3_test2026,target_mean_price_next_60d,沈阳
248,1.5448911831003105,2.0038857132206807,31.23709402677941,25.864659321551486,-1.1597551785058968,0.6169354838709677,baseline_seasonal_median,baseline,尖椒,fold1_test2024,target_mean_price_next_60d,沈阳
250,1.7532451743220492,2.2999585344211733,29.01489211404444,32.90954378615562,-0.2649472712406433,0.376,baseline_seasonal_median,baseline,尖椒,fold2_test2025,target_mean_price_next_60d,沈阳
133,0.7467708063576243,1.155957894739345,11.297633598287188,13.29993264909679,-0.20762848125920105,0.8195488721804511,baseline_seasonal_median,baseline,尖椒,fold3_test2026,target_mean_price_next_60d,沈阳
248,0.625092762561358,0.8579898497752876,28.5647668958317,26.752754747826373,-0.4661515269789453,0.7903225806451613,baseline_seasonal_median,baseline,甘蓝,fold1_test2024,target_mean_price_next_60d,沈阳
250,0.8224859145750786,0.9675581042891613,40.8010860387599,42.006554349047015,-0.04007423999587849,0.432,baseline_seasonal_median,baseline,甘蓝,fold2_test2025,target_mean_price_next_60d,沈阳
133,0.5521072178084555,0.6031224344447292,31.137310051489404,33.09077169856479,0.2070259164103368,0.47368421052631576,baseline_seasonal_median,baseline,甘蓝,fold3_test2026,target_mean_price_next_60d,沈阳
248,1.4652650214320833,1.7885621644455816,16.9481834745838,16.4609974375589,-0.2872819818122707,0.7137096774193549,baseline_seasonal_median,baseline,芸豆,fold1_test2024,target_mean_price_next_60d,沈阳
250,1.4669757814321764,1.8698795717902674,15.939952129814191,17.20171790519792,0.10440280726279082,0.656,baseline_seasonal_median,baseline,芸豆,fold2_test2025,target_mean_price_next_60d,沈阳
133,1.1281321663671193,1.5283934721742227,12.098959362789293,13.54208691890309,0.9584589355624524,0.5338345864661654,baseline_seasonal_median,baseline,芸豆,fold3_test2026,target_mean_price_next_60d,沈阳
248,1.574618250050916,1.8256652068959118,39.111787688717584,34.13600115244245,-1.5621740366456485,0.782258064516129,baseline_seasonal_median,baseline,芹菜,fold1_test2024,target_mean_price_next_60d,沈阳
250,0.8085295715352859,0.9310062861448666,23.148914063361676,23.46185060512677,-0.017145767199668795,0.484,baseline_seasonal_median,baseline,芹菜,fold2_test2025,target_mean_price_next_60d,沈阳
133,0.3931469011443806,0.45031259819437736,11.991465243937368,11.148321828026198,-0.35568487923240805,0.706766917293233,baseline_seasonal_median,baseline,芹菜,fold3_test2026,target_mean_price_next_60d,沈阳
248,0.8171547743244587,0.9174915322246673,21.712833012420543,19.655663260990387,-0.22142287442143377,0.592741935483871,baseline_seasonal_median,baseline,茄子,fold1_test2024,target_mean_price_next_60d,沈阳
250,1.6077599134184002,1.802965891756791,38.77494627924517,41.41288161530599,0.1578499170985964,0.404,baseline_seasonal_median,baseline,茄子,fold2_test2025,target_mean_price_next_60d,沈阳
133,0.5041782318709528,0.6060150900636856,12.316951551320637,13.075978455677095,0.24040629325127075,0.7368421052631579,baseline_seasonal_median,baseline,茄子,fold3_test2026,target_mean_price_next_60d,沈阳
248,1.2518953966428474,1.5216702077470747,25.456138780725507,23.18846354058375,-0.7827370669365123,0.4637096774193548,baseline_seasonal_median,baseline,西红柿,fold1_test2024,target_mean_price_next_60d,沈阳
250,1.3923489004796838,1.74519731798027,24.716863439139622,24.901501149679838,-0.7005455614970645,0.396,baseline_seasonal_median,baseline,西红柿,fold2_test2025,target_mean_price_next_60d,沈阳
133,0.8231838628655551,1.1032609694639954,15.05643905669144,16.459992494066803,-0.022247128456705918,0.49624060150375937,baseline_seasonal_median,baseline,西红柿,fold3_test2026,target_mean_price_next_60d,沈阳
248,1.5234021392989647,1.8724696003244294,28.693484503401844,23.302819209076628,-1.1000768949786377,0.5846774193548387,baseline_seasonal_median,baseline,青椒,fold1_test2024,target_mean_price_next_60d,沈阳
250,1.9435727251876411,2.509764770792498,29.315486515617145,35.421007230351876,0.36805772492665073,0.432,baseline_seasonal_median,baseline,青椒,fold2_test2025,target_mean_price_next_60d,沈阳
133,0.8981446323874452,1.1221161502740096,15.464111558405296,16.169450065684476,0.730159359637089,0.5413533834586466,baseline_seasonal_median,baseline,青椒,fold3_test2026,target_mean_price_next_60d,沈阳
248,1.1357534936274214,1.3519145166527158,21.95655094408512,21.05137357066985,-0.3966837421929797,0.5725806451612904,baseline_seasonal_median,baseline,韭菜,fold1_test2024,target_mean_price_next_60d,沈阳
250,1.2422545519206798,1.6845832446262252,20.346808525563983,21.512934367709665,-0.6219342454667199,0.72,baseline_seasonal_median,baseline,韭菜,fold2_test2025,target_mean_price_next_60d,沈阳
133,0.9050059637251024,1.0939690462190717,20.406143092633542,17.817361693738366,-0.43107821503084587,0.7293233082706767,baseline_seasonal_median,baseline,韭菜,fold3_test2026,target_mean_price_next_60d,沈阳
248,1.090684120357347,1.439784326178639,25.511831341778336,23.00840398174184,-0.506300203242204,0.7983870967741935,baseline_seasonal_median,baseline,黄瓜,fold1_test2024,target_mean_price_next_60d,沈阳
250,1.7423304301335751,2.239852874467341,33.16588426928991,32.781790266285014,-1.00641373601839,0.544,baseline_seasonal_median,baseline,黄瓜,fold2_test2025,target_mean_price_next_60d,沈阳
133,1.096120846848198,1.308964272975983,25.652793141405517,23.86490391574974,-0.45858825513879686,0.6616541353383458,baseline_seasonal_median,baseline,黄瓜,fold3_test2026,target_mean_price_next_60d,沈阳
248,0.20399164280786,0.24395479385770952,9.703595937598939,9.862935834513367,0.20356515044236384,0.8145161290322581,catboost,per_crop,土豆,fold1_test2024,target_mean_price_next_90d,沈阳
250,0.16565781888486816,0.21112315975645052,8.718144836027887,8.446771119779257,0.1262537707300729,0.864,catboost,per_crop,土豆,fold2_test2025,target_mean_price_next_90d,沈阳
112,0.14873370291596108,0.2107883247557106,7.2388999185470375,6.821133545807194,-0.07865239103936286,0.6607142857142857,catboost,per_crop,土豆,fold3_test2026,target_mean_price_next_90d,沈阳
248,1.1481359914317015,1.529513524204624,22.34797939984812,19.54677315080685,-1.141457979613113,0.6854838709677419,catboost,per_crop,尖椒,fold1_test2024,target_mean_price_next_90d,沈阳
250,1.276732885691127,1.5540053133223444,22.481760201195115,23.25054226378681,0.1198458323010774,0.668,catboost,per_crop,尖椒,fold2_test2025,target_mean_price_next_90d,沈阳
112,0.6469382012123995,0.7947087200963875,11.397003109105611,11.83769744459018,-0.33248879600615144,0.8571428571428571,catboost,per_crop,尖椒,fold3_test2026,target_mean_price_next_90d,沈阳
248,0.4981012736312973,0.6532559038787549,22.29765827163348,21.601726607756447,-0.33984199561881706,0.8024193548387096,catboost,per_crop,甘蓝,fold1_test2024,target_mean_price_next_90d,沈阳
250,0.7438755150005588,0.8090286166597574,37.59156836197597,37.314028141135665,0.36429698237264135,0.64,catboost,per_crop,甘蓝,fold2_test2025,target_mean_price_next_90d,沈阳
112,0.4395852481325178,0.47144312398177257,25.897819024238895,27.60126534364827,0.42888588913142234,0.6875,catboost,per_crop,甘蓝,fold3_test2026,target_mean_price_next_90d,沈阳
248,1.0009679099201891,1.2337966797129565,11.654218120836427,11.25886547354748,-0.2692055641627086,0.8548387096774194,catboost,per_crop,芸豆,fold1_test2024,target_mean_price_next_90d,沈阳
250,0.9442591605479129,1.0166613583771775,10.837763962804516,11.031120550207914,0.2276216111436575,0.672,catboost,per_crop,芸豆,fold2_test2025,target_mean_price_next_90d,沈阳
112,0.216626682687562,0.2872904949351712,2.5374591388061845,2.6109047456563492,0.12048212539561923,0.9732142857142857,catboost,per_crop,芸豆,fold3_test2026,target_mean_price_next_90d,沈阳
248,1.2199964664522422,1.5560260187027133,28.977446918992456,26.940639805795847,-1.126774874176624,0.8346774193548387,catboost,per_crop,芹菜,fold1_test2024,target_mean_price_next_90d,沈阳
250,1.0960392613581762,1.3357847468696207,29.733114623156904,31.426249893108256,0.9090204756538481,0.732,catboost,per_crop,芹菜,fold2_test2025,target_mean_price_next_90d,沈阳
112,0.2589823809790521,0.2955228352557948,7.830002420698078,7.418266860755008,-0.12183948589311312,0.6785714285714286,catboost,per_crop,芹菜,fold3_test2026,target_mean_price_next_90d,沈阳
248,0.7657587160912925,1.025401818712337,23.14434239403258,18.76574561468978,-0.35834209839330006,0.6451612903225806,catboost,per_crop,茄子,fold1_test2024,target_mean_price_next_90d,沈阳
250,1.1164795214200423,1.2367730215572603,28.898307558590858,28.097049058375788,0.1441081423088208,0.536,catboost,per_crop,茄子,fold2_test2025,target_mean_price_next_90d,沈阳
112,0.2554480052065083,0.32010742181003515,6.521613940416114,6.732187159802954,-0.023940172776515344,0.9375,catboost,per_crop,茄子,fold3_test2026,target_mean_price_next_90d,沈阳
248,0.9242624694287865,1.1435632064685155,18.777726928642817,17.273350194994876,-0.4734834285862576,0.592741935483871,catboost,per_crop,西红柿,fold1_test2024,target_mean_price_next_90d,沈阳
250,0.9506646314485511,1.3080408018606406,15.810939624968729,16.689532079463774,-0.33469352972032435,0.712,catboost,per_crop,西红柿,fold2_test2025,target_mean_price_next_90d,沈阳
112,0.4165004723763716,0.4898218635399607,9.009919126412333,8.517501140844761,0.168969684703714,0.8571428571428571,catboost,per_crop,西红柿,fold3_test2026,target_mean_price_next_90d,沈阳
248,1.3053030777751153,1.5564798615200832,23.9832433645266,20.605053545136727,-1.0490322138149784,0.6975806451612904,catboost,per_crop,青椒,fold1_test2024,target_mean_price_next_90d,沈阳
250,1.083952149626479,1.1955691259290238,19.213345307538717,19.255060238651744,0.5959685435970862,0.748,catboost,per_crop,青椒,fold2_test2025,target_mean_price_next_90d,沈阳
112,0.26953550967420614,0.32625325437429686,5.798537527397827,4.9957976676291205,0.09820258836096349,0.8214285714285714,catboost,per_crop,青椒,fold3_test2026,target_mean_price_next_90d,沈阳
248,0.6109831504182828,0.8050612694184098,12.098160498803086,11.33939614692979,-0.2910172350847873,0.8709677419354839,catboost,per_crop,韭菜,fold1_test2024,target_mean_price_next_90d,沈阳
250,1.0931774744205138,1.4050966928469675,17.382916278026663,18.706100950987416,-0.544012020796448,0.952,catboost,per_crop,韭菜,fold2_test2025,target_mean_price_next_90d,沈阳
112,0.5432028773621193,0.6277410334492072,11.44644334932088,11.194917322734213,-0.24631378584157973,0.9017857142857143,catboost,per_crop,韭菜,fold3_test2026,target_mean_price_next_90d,沈阳
248,0.8360672456498219,1.1141711239512795,19.690043659938297,17.823611488183293,-0.40961917962708866,0.7741935483870968,catboost,per_crop,黄瓜,fold1_test2024,target_mean_price_next_90d,沈阳
250,1.4622245884021896,1.8133269481942238,26.419182611726004,26.96697416472265,-0.7184821453208876,0.784,catboost,per_crop,黄瓜,fold2_test2025,target_mean_price_next_90d,沈阳
112,0.5062374362032147,0.6750308818320556,11.077015981449643,11.732332261700675,-0.2719618650616519,0.9732142857142857,catboost,per_crop,黄瓜,fold3_test2026,target_mean_price_next_90d,沈阳
248,0.16655254791428967,0.2032935588433189,7.807068709810523,8.05276662583972,0.11771931379692235,0.8024193548387096,elasticnet,per_crop,土豆,fold1_test2024,target_mean_price_next_90d,沈阳
250,0.16751491034759783,0.20963256292458404,8.576187891885038,8.541462856274203,0.04622484866741854,0.82,elasticnet,per_crop,土豆,fold2_test2025,target_mean_price_next_90d,沈阳
112,0.22248008426564933,0.25419051823977423,10.254248086313497,10.203244700469142,0.008075820157966406,0.30357142857142855,elasticnet,per_crop,土豆,fold3_test2026,target_mean_price_next_90d,沈阳
248,3.1592257042131675,3.5036997295145715,80.48700175969948,53.78515143963784,-3.1592257042131675,0.5604838709677419,elasticnet,per_crop,尖椒,fold1_test2024,target_mean_price_next_90d,沈阳
250,1.155190515155956,1.3002470888467244,22.01308162167815,21.037137992117962,0.8101471631997573,0.612,elasticnet,per_crop,尖椒,fold2_test2025,target_mean_price_next_90d,沈阳
112,0.7547119860864362,0.85492890165022,13.998304889742599,13.809745864989972,-0.14880546563572153,0.8482142857142857,elasticnet,per_crop,尖椒,fold3_test2026,target_mean_price_next_90d,沈阳
248,0.6220263145704072,0.9601670002683352,30.828495504523133,26.97612534138272,-0.5215845960183154,0.7459677419354839,elasticnet,per_crop,甘蓝,fold1_test2024,target_mean_price_next_90d,沈阳
250,0.5347144402393976,0.5984394038590203,28.61278719601571,26.822162133605776,0.31744401413035833,0.692,elasticnet,per_crop,甘蓝,fold2_test2025,target_mean_price_next_90d,沈阳
112,0.299454760432819,0.35511153012650315,16.68480544868017,18.802565227651105,0.28581783219252305,0.6696428571428571,elasticnet,per_crop,甘蓝,fold3_test2026,target_mean_price_next_90d,沈阳
248,1.1354166086383648,1.4783489238270966,13.708157404101428,12.7711415385036,-0.5638873720225972,0.7983870967741935,elasticnet,per_crop,芸豆,fold1_test2024,target_mean_price_next_90d,沈阳
250,1.2536137238547422,1.4865607363841915,13.830620812296326,14.645093941384143,0.5051046751778407,0.652,elasticnet,per_crop,芸豆,fold2_test2025,target_mean_price_next_90d,沈阳
112,0.3617989777546704,0.42307772041864183,4.179435302669086,4.360601640914672,0.27625061269474394,0.7321428571428571,elasticnet,per_crop,芸豆,fold3_test2026,target_mean_price_next_90d,沈阳
248,1.8726710172735213,2.3564275760602795,53.486643222974195,41.35336186491666,-1.8542662659000402,0.7741935483870968,elasticnet,per_crop,芹菜,fold1_test2024,target_mean_price_next_90d,沈阳
250,1.1213602764802006,1.2572866642075857,30.73358788191445,32.1522681817103,0.7613702327196059,0.568,elasticnet,per_crop,芹菜,fold2_test2025,target_mean_price_next_90d,沈阳
112,0.2957957907329322,0.3558620341648073,8.883292799287867,8.47274669284325,-0.09959425472761059,0.9464285714285714,elasticnet,per_crop,芹菜,fold3_test2026,target_mean_price_next_90d,沈阳
248,1.0436004628424822,1.343563903773677,33.067761101312406,25.5745581441606,-0.7461937100182497,0.49193548387096775,elasticnet,per_crop,茄子,fold1_test2024,target_mean_price_next_90d,沈阳
250,0.7760925546178337,0.8648931933631598,20.134084600439888,19.53095436376897,0.16815948750173,0.66,elasticnet,per_crop,茄子,fold2_test2025,target_mean_price_next_90d,沈阳
112,0.3219552360409705,0.404056760461705,8.933343377764546,8.484947472399085,0.2621490809893593,0.8303571428571429,elasticnet,per_crop,茄子,fold3_test2026,target_mean_price_next_90d,沈阳
248,1.2623216629259724,1.4253140779770526,23.655683265849767,23.591268566735433,0.001437974120696927,0.4314516129032258,elasticnet,per_crop,西红柿,fold1_test2024,target_mean_price_next_90d,沈阳
250,0.6352952794621451,0.7353460639528228,11.190425370809152,11.153019262281438,0.08794381669086795,0.74,elasticnet,per_crop,西红柿,fold2_test2025,target_mean_price_next_90d,沈阳
112,0.471304802354019,0.5940421535570227,9.455983876624574,9.63825843661566,0.4515209851481871,0.9375,elasticnet,per_crop,西红柿,fold3_test2026,target_mean_price_next_90d,沈阳
248,1.0745698545662967,1.3498376577838185,20.277191101683105,16.962780344522407,-0.8445931916828455,0.7782258064516129,elasticnet,per_crop,青椒,fold1_test2024,target_mean_price_next_90d,沈阳
250,2.6163618842111984,2.7948258754763415,40.90732552291362,46.476411070321625,2.6163618842111984,0.584,elasticnet,per_crop,青椒,fold2_test2025,target_mean_price_next_90d,沈阳
112,0.6367934546948737,0.7576765674615326,13.683587608073907,11.802865082865855,0.5763736019919549,0.75,elasticnet,per_crop,青椒,fold3_test2026,target_mean_price_next_90d,沈阳
248,0.9816357472670212,1.2566329384773203,18.632034926351253,18.218434669806765,-0.37452497738899854,0.7741935483870968,elasticnet,per_crop,韭菜,fold1_test2024,target_mean_price_next_90d,沈阳
250,0.6991482941535199,0.8488909542293123,13.234787791929284,11.963600491383275,0.2744292090323837,0.944,elasticnet,per_crop,韭菜,fold2_test2025,target_mean_price_next_90d,沈阳
112,0.9571620353241725,1.0408849771092201,19.108258505365505,19.726239120730696,0.9455964953314824,0.9107142857142857,elasticnet,per_crop,韭菜,fold3_test2026,target_mean_price_next_90d,沈阳
248,1.06031087155049,1.3372546141145238,24.430363392020375,22.604125600596035,-0.295623401761963,0.6532258064516129,elasticnet,per_crop,黄瓜,fold1_test2024,target_mean_price_next_90d,沈阳
250,1.1250531829128514,1.3092681085599036,20.947062186232127,20.7487142250168,-0.4393390197071883,0.752,elasticnet,per_crop,黄瓜,fold2_test2025,target_mean_price_next_90d,沈阳
112,0.6216492195717518,0.7286391935316145,15.18435706641213,14.407064102060959,0.3764006498429815,0.8839285714285714,elasticnet,per_crop,黄瓜,fold3_test2026,target_mean_price_next_90d,沈阳
248,0.2595490103958693,0.3032928796151202,12.043352274328024,12.549118190381403,0.2531022384439482,0.6895161290322581,elasticnet_tuned,per_crop,土豆,fold1_test2024,target_mean_price_next_90d,沈阳
250,0.19747380131446335,0.2711291181684758,10.240594322388553,10.069044812278396,0.14983706105335295,0.724,elasticnet_tuned,per_crop,土豆,fold2_test2025,target_mean_price_next_90d,沈阳
112,0.12342260559427978,0.14259425081545615,5.589217372416408,5.660331578013361,0.033165107527641784,0.33035714285714285,elasticnet_tuned,per_crop,土豆,fold3_test2026,target_mean_price_next_90d,沈阳
248,1.4993455998306586,1.8272694181487907,30.757956541669206,25.526042675488846,-1.4481171776917274,0.6209677419354839,elasticnet_tuned,per_crop,尖椒,fold1_test2024,target_mean_price_next_90d,沈阳
250,0.8748840106428913,1.1425169844709349,14.40393967256464,15.932485090138865,-0.2294475460302866,0.784,elasticnet_tuned,per_crop,尖椒,fold2_test2025,target_mean_price_next_90d,沈阳
112,0.5376463340339127,0.7875882537408446,8.993297007704511,9.837871101998761,-0.11160032350174794,0.9464285714285714,elasticnet_tuned,per_crop,尖椒,fold3_test2026,target_mean_price_next_90d,沈阳
248,0.5818514208093346,0.82294231255974,28.069358092722947,25.233814856618235,-0.46776059273214937,0.6895161290322581,elasticnet_tuned,per_crop,甘蓝,fold1_test2024,target_mean_price_next_90d,沈阳
250,0.4104316715298303,0.49430738350328157,22.167717036595622,20.587932567542474,0.08306535545140747,0.648,elasticnet_tuned,per_crop,甘蓝,fold2_test2025,target_mean_price_next_90d,沈阳
112,0.27341010584082776,0.3503553678457577,16.1143727367474,17.167238689212517,0.26518937475181875,0.6964285714285714,elasticnet_tuned,per_crop,甘蓝,fold3_test2026,target_mean_price_next_90d,沈阳
248,1.0208070944102008,1.2466619428531722,11.99329925181085,11.482016193030326,-0.44193269888679454,0.8870967741935484,elasticnet_tuned,per_crop,芸豆,fold1_test2024,target_mean_price_next_90d,沈阳
250,1.0139806132049258,1.1640856366150536,11.460471404205402,11.845627606458073,0.1540936607368019,0.68,elasticnet_tuned,per_crop,芸豆,fold2_test2025,target_mean_price_next_90d,沈阳
112,0.24167176636069607,0.2852629317289725,2.878593337848841,2.912761963826734,0.14896501186424552,0.9375,elasticnet_tuned,per_crop,芸豆,fold3_test2026,target_mean_price_next_90d,沈阳
248,1.2117784086382537,1.5815639018123928,28.98462090622988,26.759164087170443,-1.2010610866959062,0.7862903225806451,elasticnet_tuned,per_crop,芹菜,fold1_test2024,target_mean_price_next_90d,沈阳
250,0.6456765854409054,0.732179192289344,19.03563334534594,18.51319969966274,0.3283863714113257,0.704,elasticnet_tuned,per_crop,芹菜,fold2_test2025,target_mean_price_next_90d,沈阳
112,0.25262585411637495,0.3165062027623561,6.951131352516003,7.236191105652921,0.11057413317013501,0.7946428571428571,elasticnet_tuned,per_crop,芹菜,fold3_test2026,target_mean_price_next_90d,沈阳
248,0.7091014427665243,0.9382347833020673,20.87025338278953,17.377297848973726,-0.33253892778458005,0.5846774193548387,elasticnet_tuned,per_crop,茄子,fold1_test2024,target_mean_price_next_90d,沈阳
250,0.7954843355504225,0.9479582583404847,19.591002274215118,20.018963153665297,-0.2117031948445993,0.672,elasticnet_tuned,per_crop,茄子,fold2_test2025,target_mean_price_next_90d,沈阳
112,0.27589381588845246,0.31345712458744696,7.8097340613998325,7.271024893272323,-0.09467582941802158,0.9285714285714286,elasticnet_tuned,per_crop,茄子,fold3_test2026,target_mean_price_next_90d,沈阳
248,1.0102195771256237,1.2005943701315438,19.533397641759905,18.879784808653888,-0.14641270511360663,0.532258064516129,elasticnet_tuned,per_crop,西红柿,fold1_test2024,target_mean_price_next_90d,沈阳
250,0.7031865496164742,0.9380502563389632,11.636732253292053,12.344894392241542,-0.5485745262571707,0.848,elasticnet_tuned,per_crop,西红柿,fold2_test2025,target_mean_price_next_90d,沈阳
112,0.46690570880148474,0.5730710685980422,8.941135251813995,9.548296271294191,0.43319642479126025,0.9732142857142857,elasticnet_tuned,per_crop,西红柿,fold3_test2026,target_mean_price_next_90d,沈阳
248,1.1568891526706326,1.4937491467753372,21.486784676911657,18.262243721356754,-0.8579673633355568,0.6814516129032258,elasticnet_tuned,per_crop,青椒,fold1_test2024,target_mean_price_next_90d,沈阳
250,0.771371433728124,1.001624106816122,12.586755162639642,13.702453035337717,0.22773429059413236,0.68,elasticnet_tuned,per_crop,青椒,fold2_test2025,target_mean_price_next_90d,沈阳
112,0.4713852387081605,0.57117999333735,8.566439243748016,8.737050190305172,0.18951638718179126,0.9642857142857143,elasticnet_tuned,per_crop,青椒,fold3_test2026,target_mean_price_next_90d,沈阳
248,0.7069731463767149,0.8670237399426225,13.989490550902032,13.120899596852556,-0.16035142852479203,0.8306451612903226,elasticnet_tuned,per_crop,韭菜,fold1_test2024,target_mean_price_next_90d,沈阳
250,0.772785159663315,1.0578637000294273,11.953346147080941,13.22365082371444,-0.5079096041233424,0.948,elasticnet_tuned,per_crop,韭菜,fold2_test2025,target_mean_price_next_90d,沈阳
112,0.5530798988145283,0.597986756879075,11.623125461511403,11.398473752868659,0.09010450562713321,0.9910714285714286,elasticnet_tuned,per_crop,韭菜,fold3_test2026,target_mean_price_next_90d,沈阳
248,0.865814263146639,1.14206386394107,20.07856547870266,18.457770146537822,-0.3764706605815998,0.6854838709677419,elasticnet_tuned,per_crop,黄瓜,fold1_test2024,target_mean_price_next_90d,沈阳
250,1.143874533469059,1.4482114127764079,20.244225309862795,21.095825659347874,-0.8663516871046087,0.876,elasticnet_tuned,per_crop,黄瓜,fold2_test2025,target_mean_price_next_90d,沈阳
112,0.6087756324641587,0.6902069459303714,14.613678124492552,14.108711608655868,-0.1273399853300697,0.9732142857142857,elasticnet_tuned,per_crop,黄瓜,fold3_test2026,target_mean_price_next_90d,沈阳
248,0.1958655385867541,0.21872663100267722,9.270638822592225,9.470041089345662,0.09726531710729515,0.6330645161290323,extra_trees,per_crop,土豆,fold1_test2024,target_mean_price_next_90d,沈阳
250,0.1739759104448179,0.21525137509929526,9.163037920688017,8.870904529437958,0.12602269181344,0.892,extra_trees,per_crop,土豆,fold2_test2025,target_mean_price_next_90d,沈阳
112,0.1751588177670584,0.24287879022132774,8.631116814549019,8.033025899919254,-0.09862968625576925,0.5803571428571429,extra_trees,per_crop,土豆,fold3_test2026,target_mean_price_next_90d,沈阳
248,1.418995077576639,1.7863977931318995,28.942506005294,24.15809197734055,-1.0776994419699728,0.6612903225806451,extra_trees,per_crop,尖椒,fold1_test2024,target_mean_price_next_90d,沈阳
250,1.2195378322936463,1.4417207055651293,21.558750991583736,22.20896495250935,0.16278613052135074,0.728,extra_trees,per_crop,尖椒,fold2_test2025,target_mean_price_next_90d,沈阳
112,0.31538736340125834,0.3952788149889989,6.549895138687889,5.770968817105544,0.23102959196479336,0.8392857142857143,extra_trees,per_crop,尖椒,fold3_test2026,target_mean_price_next_90d,沈阳
248,0.4973676024486633,0.6546706100280814,22.22002232310653,21.569908651958603,-0.2626431471063598,0.7983870967741935,extra_trees,per_crop,甘蓝,fold1_test2024,target_mean_price_next_90d,沈阳
250,0.8738299845299025,0.9827818588651108,42.28017117567612,43.83275961609306,0.5427164957881885,0.636,extra_trees,per_crop,甘蓝,fold2_test2025,target_mean_price_next_90d,沈阳
112,0.31154424693178534,0.35515775851055703,18.431300039151715,19.561656043696484,0.3109884307130234,0.6964285714285714,extra_trees,per_crop,甘蓝,fold3_test2026,target_mean_price_next_90d,沈阳
248,1.0635805864969994,1.3314888093163944,12.362296461640163,11.963131509981407,-0.2575712674381804,0.8669354838709677,extra_trees,per_crop,芸豆,fold1_test2024,target_mean_price_next_90d,沈阳
250,1.1736373117365715,1.3145595263040704,13.154927365541813,13.71078535311826,0.42900629299624987,0.656,extra_trees,per_crop,芸豆,fold2_test2025,target_mean_price_next_90d,沈阳
112,0.30830882766436674,0.3844350074217896,3.6146487926013555,3.7159087296629654,0.20759514658380285,0.9821428571428571,extra_trees,per_crop,芸豆,fold3_test2026,target_mean_price_next_90d,沈阳
248,1.1589410351435456,1.4939845646147578,27.208067418182146,25.592379849061373,-1.0662994731053974,0.8306451612903226,extra_trees,per_crop,芹菜,fold1_test2024,target_mean_price_next_90d,沈阳
250,1.5698211434813,1.7829368287343175,38.88323344680889,45.01078864765821,1.5193387330315786,0.732,extra_trees,per_crop,芹菜,fold2_test2025,target_mean_price_next_90d,沈阳
112,0.18546451776726877,0.20308796162100043,5.3740565838554355,5.312428130429932,-0.08346879815220919,0.7946428571428571,extra_trees,per_crop,芹菜,fold3_test2026,target_mean_price_next_90d,沈阳
248,1.0094243526325333,1.2690226596577974,30.793855888295894,24.737035597145884,-0.4617711815002938,0.6209677419354839,extra_trees,per_crop,茄子,fold1_test2024,target_mean_price_next_90d,沈阳
250,1.0658522551275442,1.1946015894305102,27.396704791530752,26.82297572570728,0.09252000722023587,0.56,extra_trees,per_crop,茄子,fold2_test2025,target_mean_price_next_90d,沈阳
112,0.18026169301195552,0.24343910581493083,5.000582251417386,4.750694585061923,-0.02086989532921544,0.9375,extra_trees,per_crop,茄子,fold3_test2026,target_mean_price_next_90d,沈阳
248,1.0719015749361933,1.2621809914328566,20.55964381924869,20.032546912655956,-0.16155201189118112,0.4838709677419355,extra_trees,per_crop,西红柿,fold1_test2024,target_mean_price_next_90d,沈阳
250,0.937698859753591,1.2476234154671864,15.598139494357877,16.461909576764462,-0.29171829248374914,0.68,extra_trees,per_crop,西红柿,fold2_test2025,target_mean_price_next_90d,沈阳
112,0.4326759836761784,0.5352583963993885,8.639193607368481,8.848292928819856,0.42577973344399667,0.9107142857142857,extra_trees,per_crop,西红柿,fold3_test2026,target_mean_price_next_90d,沈阳
248,1.5832421819093752,1.9139215192899606,31.203164161791925,24.99250211588194,-1.0923247495570865,0.7298387096774194,extra_trees,per_crop,青椒,fold1_test2024,target_mean_price_next_90d,沈阳
250,1.0297861342081038,1.150702768625716,18.03427159350775,18.29286842038011,0.47001997602323525,0.768,extra_trees,per_crop,青椒,fold2_test2025,target_mean_price_next_90d,沈阳
112,0.31337753881590114,0.38315763149183135,6.982100587413187,5.808402682808564,0.2408328167766341,0.7946428571428571,extra_trees,per_crop,青椒,fold3_test2026,target_mean_price_next_90d,沈阳
248,0.719145819973386,0.8679226149467929,14.047583628919138,13.346815431005151,-0.1683367844879012,0.8145161290322581,extra_trees,per_crop,韭菜,fold1_test2024,target_mean_price_next_90d,沈阳
250,1.0648288448194605,1.365237349750067,16.90131929868695,18.221008329205617,-0.475252486468169,0.952,extra_trees,per_crop,韭菜,fold2_test2025,target_mean_price_next_90d,沈阳
112,0.5787259301629708,0.6503034968190959,12.403162485446941,11.927015136883949,-0.18720224531821986,0.9017857142857143,extra_trees,per_crop,韭菜,fold3_test2026,target_mean_price_next_90d,沈阳
248,0.9077947026354314,1.2039597835371054,20.848529502080783,19.352725722712634,-0.25540191743169116,0.7782258064516129,extra_trees,per_crop,黄瓜,fold1_test2024,target_mean_price_next_90d,沈阳
250,1.5231178947313198,1.8787707348618612,27.572385045323593,28.089994685377807,-0.7337984031291491,0.792,extra_trees,per_crop,黄瓜,fold2_test2025,target_mean_price_next_90d,沈阳
112,0.35360551934431383,0.44330046540613044,8.202515720290112,8.19500326493707,-0.08408549985512818,0.9553571428571429,extra_trees,per_crop,黄瓜,fold3_test2026,target_mean_price_next_90d,沈阳
248,0.19716662784161282,0.219249630861372,9.326791040217435,9.532948371521597,0.10553721218783953,0.6330645161290323,extra_trees_tuned,per_crop,土豆,fold1_test2024,target_mean_price_next_90d,沈阳
250,0.17118995853271926,0.2166521430056678,9.035577107744599,8.728850877454509,0.1320550609787935,0.892,extra_trees_tuned,per_crop,土豆,fold2_test2025,target_mean_price_next_90d,沈阳
112,0.1756292426345056,0.23817120052966353,8.599833603901482,8.054600235669767,-0.08651460357066368,0.5357142857142857,extra_trees_tuned,per_crop,土豆,fold3_test2026,target_mean_price_next_90d,沈阳
248,1.344623128666412,1.7240012927674908,27.445072767643346,22.891925229690017,-1.0601803544271002,0.6612903225806451,extra_trees_tuned,per_crop,尖椒,fold1_test2024,target_mean_price_next_90d,沈阳
250,1.1580536302752436,1.3928022739757757,20.31557948127667,21.08927809114192,0.10175156793905324,0.732,extra_trees_tuned,per_crop,尖椒,fold2_test2025,target_mean_price_next_90d,沈阳
112,0.29305863801305876,0.36155864079719646,6.1028979674141635,5.362397032391806,0.1425233979088364,0.8392857142857143,extra_trees_tuned,per_crop,尖椒,fold3_test2026,target_mean_price_next_90d,沈阳
248,0.4808445103296978,0.6459088708377473,21.505915702040447,20.853332851887732,-0.26373301051708675,0.8467741935483871,extra_trees_tuned,per_crop,甘蓝,fold1_test2024,target_mean_price_next_90d,沈阳
250,0.8013170210523713,0.8932629614309883,39.716283634546414,40.19538924264327,0.4957725260274875,0.64,extra_trees_tuned,per_crop,甘蓝,fold2_test2025,target_mean_price_next_90d,沈阳
112,0.320724801186028,0.36646989397260843,18.837652009896182,20.13809693894855,0.320724801186028,0.6964285714285714,extra_trees_tuned,per_crop,甘蓝,fold3_test2026,target_mean_price_next_90d,沈阳
248,0.9964420306473519,1.2724234070432674,11.653638079328125,11.207958481048136,-0.27978635065522633,0.8669354838709677,extra_trees_tuned,per_crop,芸豆,fold1_test2024,target_mean_price_next_90d,沈阳
250,1.1319997599568192,1.2923591873237068,12.638970454531256,13.224362904400417,0.376754288173551,0.688,extra_trees_tuned,per_crop,芸豆,fold2_test2025,target_mean_price_next_90d,沈阳
112,0.3208534716761205,0.4022033508963789,3.7466232471112644,3.867103726403493,0.21395098036082835,0.9732142857142857,extra_trees_tuned,per_crop,芸豆,fold3_test2026,target_mean_price_next_90d,沈阳
248,1.1368894488671506,1.4753340159218817,26.59392079596239,25.105424468980324,-1.046089480956255,0.8387096774193549,extra_trees_tuned,per_crop,芹菜,fold1_test2024,target_mean_price_next_90d,沈阳
250,1.5046089062335062,1.727192608787773,37.71589151251046,43.14098695707067,1.4422102741415006,0.728,extra_trees_tuned,per_crop,芹菜,fold2_test2025,target_mean_price_next_90d,沈阳
112,0.1777533515022094,0.1952914617134305,5.184784693102959,5.091550212227115,-0.08427014881964687,0.7678571428571429,extra_trees_tuned,per_crop,芹菜,fold3_test2026,target_mean_price_next_90d,沈阳
248,0.9508597870881897,1.2065448250579955,28.949035008731926,23.301847572581554,-0.449410983331378,0.6169354838709677,extra_trees_tuned,per_crop,茄子,fold1_test2024,target_mean_price_next_90d,沈阳
250,1.0593460059941158,1.1786697606485372,27.203924412270585,26.659241060108187,0.05357497467456142,0.552,extra_trees_tuned,per_crop,茄子,fold2_test2025,target_mean_price_next_90d,沈阳
112,0.18627147954700693,0.24460263221575607,5.205818045981437,4.90907909744722,-0.026542636472500606,0.9285714285714286,extra_trees_tuned,per_crop,茄子,fold3_test2026,target_mean_price_next_90d,沈阳
248,1.063711732429723,1.2528574239448536,20.353048434652212,19.879488639345837,-0.1505448649258877,0.4798387096774194,extra_trees_tuned,per_crop,西红柿,fold1_test2024,target_mean_price_next_90d,沈阳
250,0.9180528239490513,1.2363829342234378,15.233978760049064,16.117010719746343,-0.31126502251289173,0.7,extra_trees_tuned,per_crop,西红柿,fold2_test2025,target_mean_price_next_90d,沈阳
112,0.46971751484124863,0.5740010277888521,9.184259584825497,9.605798153620704,0.4663722408174595,0.9107142857142857,extra_trees_tuned,per_crop,西红柿,fold3_test2026,target_mean_price_next_90d,沈阳
248,1.5242236322927087,1.8362695745773554,29.60072844639149,24.060856128284545,-1.0722998228378642,0.6975806451612904,extra_trees_tuned,per_crop,青椒,fold1_test2024,target_mean_price_next_90d,沈阳
250,1.0171985684122624,1.1427017372790818,17.65668252467619,18.069265987615488,0.4371671369413179,0.756,extra_trees_tuned,per_crop,青椒,fold2_test2025,target_mean_price_next_90d,沈阳
112,0.277449904103251,0.3459952619910373,6.198444648003775,5.142489705635951,0.2266468649259887,0.8214285714285714,extra_trees_tuned,per_crop,青椒,fold3_test2026,target_mean_price_next_90d,沈阳
248,0.7204105854033022,0.8678677033612641,14.057202405290155,13.37028854353361,-0.17155700677026695,0.8225806451612904,extra_trees_tuned,per_crop,韭菜,fold1_test2024,target_mean_price_next_90d,沈阳
250,1.0522995283609184,1.3540298191857925,16.682119621649598,18.00661070027112,-0.4883312832300992,0.948,extra_trees_tuned,per_crop,韭菜,fold2_test2025,target_mean_price_next_90d,沈阳
112,0.5828859951401891,0.6534083667637882,12.353726727535639,12.012750292970237,-0.1868109694164373,0.9017857142857143,extra_trees_tuned,per_crop,韭菜,fold3_test2026,target_mean_price_next_90d,沈阳
248,0.8761779774731322,1.1760693025373377,20.262942775449115,18.678707898484273,-0.28665053311002,0.782258064516129,extra_trees_tuned,per_crop,黄瓜,fold1_test2024,target_mean_price_next_90d,沈阳
250,1.4928272324719474,1.8500899688788783,26.953456082148346,27.531361276351753,-0.7614550409891143,0.796,extra_trees_tuned,per_crop,黄瓜,fold2_test2025,target_mean_price_next_90d,沈阳
112,0.35655036335305457,0.42962302622901877,8.370080896246476,8.263251651758377,-0.124934270211475,0.9821428571428571,extra_trees_tuned,per_crop,黄瓜,fold3_test2026,target_mean_price_next_90d,沈阳
248,0.12655003489265695,0.1532043671587854,6.195539912341611,6.118656905848549,-0.03374127203193375,0.75,catboost,pooled,土豆,fold1_test2024,target_mean_price_next_90d,沈阳
250,0.20468615617594746,0.27457365179972254,10.66583982342095,10.436797515770909,0.08697967091276865,0.772,catboost,pooled,土豆,fold2_test2025,target_mean_price_next_90d,沈阳
112,0.26586370477842464,0.34947576477185627,13.67093306384696,12.192877604219731,-0.2567883174876519,0.5446428571428571,catboost,pooled,土豆,fold3_test2026,target_mean_price_next_90d,沈阳
248,1.1435348842728987,1.4794134345270669,22.099790866427274,19.468440271647196,-0.7281243033020091,0.6774193548387096,catboost,pooled,尖椒,fold1_test2024,target_mean_price_next_90d,沈阳
250,1.4984934601986606,1.749235611414227,26.34916996598929,27.289017083238136,0.031296112953341323,0.636,catboost,pooled,尖椒,fold2_test2025,target_mean_price_next_90d,沈阳
112,0.6537312158642392,0.7111731998139162,12.545806399991225,11.961996260202623,0.40278678518313127,0.8392857142857143,catboost,pooled,尖椒,fold3_test2026,target_mean_price_next_90d,沈阳
248,0.607453687038717,0.8030019800325167,27.941073535445003,26.344137565882164,-0.14491420651368678,0.6451612903225806,catboost,pooled,甘蓝,fold1_test2024,target_mean_price_next_90d,沈阳
250,0.6251689412460408,0.719326010364984,32.83666208598312,31.359509751576155,0.24692298164272733,0.652,catboost,pooled,甘蓝,fold2_test2025,target_mean_price_next_90d,沈阳
112,0.3295760960810429,0.4113753807666022,18.408113680564057,20.69386385803892,0.3290596894685717,0.7142857142857143,catboost,pooled,甘蓝,fold3_test2026,target_mean_price_next_90d,沈阳
248,1.215149181209998,1.5433679078527827,14.440394588414913,13.667971796044478,-0.7820870970843965,0.8870967741935484,catboost,pooled,芸豆,fold1_test2024,target_mean_price_next_90d,沈阳
250,1.1224020339155913,1.252890618373403,12.911506744938658,13.11223937159061,0.27801990018358336,0.656,catboost,pooled,芸豆,fold2_test2025,target_mean_price_next_90d,沈阳
112,0.31355349198164256,0.39576941874890526,4.002626793544996,3.7791203284626365,-0.12518168947162858,0.9642857142857143,catboost,pooled,芸豆,fold3_test2026,target_mean_price_next_90d,沈阳
248,1.2653728421568393,1.5606090092213218,30.27046278949398,27.942666145351534,-0.7353964011544611,0.6330645161290323,catboost,pooled,芹菜,fold1_test2024,target_mean_price_next_90d,沈阳
250,0.7424328348619802,0.844851951804635,21.36122783785458,21.28744892615366,0.6034055676373226,0.692,catboost,pooled,芹菜,fold2_test2025,target_mean_price_next_90d,沈阳
112,0.3646723478764166,0.4202867445347349,11.185514384614155,10.445640290503611,-0.21473779040052918,0.7589285714285714,catboost,pooled,芹菜,fold3_test2026,target_mean_price_next_90d,沈阳
248,0.8124326475464185,1.024985450160845,21.36974650507945,19.909540789487295,-0.13313380576656306,0.6129032258064516,catboost,pooled,茄子,fold1_test2024,target_mean_price_next_90d,沈阳
250,1.232510345227484,1.3501825544452217,32.50123831849725,31.017052234658788,0.19917017987888397,0.492,catboost,pooled,茄子,fold2_test2025,target_mean_price_next_90d,沈阳
112,0.27594303371218876,0.384591137492818,7.155866008400165,7.272322001076015,0.2642729515135926,0.9285714285714286,catboost,pooled,茄子,fold3_test2026,target_mean_price_next_90d,沈阳
248,1.1883092609069172,1.421008224107768,23.542274741322274,22.208066087857336,-0.37671928435716,0.5403225806451613,catboost,pooled,西红柿,fold1_test2024,target_mean_price_next_90d,沈阳
250,0.9472260179377044,1.2554871835852452,15.779961157969321,16.62916499668853,-0.3416612785327976,0.732,catboost,pooled,西红柿,fold2_test2025,target_mean_price_next_90d,沈阳
112,0.2818931295327444,0.37313194753295215,5.49787373061929,5.764759494010271,0.2550571561298769,0.9464285714285714,catboost,pooled,西红柿,fold3_test2026,target_mean_price_next_90d,沈阳
248,1.1198761207472132,1.4209459201379968,19.934152342121465,17.677969066960124,-0.8445032873335461,0.7056451612903226,catboost,pooled,青椒,fold1_test2024,target_mean_price_next_90d,沈阳
250,1.168479890433819,1.3704691818909416,19.8431437014663,20.75659030309539,0.18156912539320844,0.788,catboost,pooled,青椒,fold2_test2025,target_mean_price_next_90d,沈阳
112,0.4685751274324278,0.566735748722381,9.063619404307081,8.684965226160548,0.08086858412372742,0.8035714285714286,catboost,pooled,青椒,fold3_test2026,target_mean_price_next_90d,沈阳
248,0.8140810912128884,1.0444822276856465,16.295128334156185,15.108743968909941,-0.5421797931253638,0.7701612903225806,catboost,pooled,韭菜,fold1_test2024,target_mean_price_next_90d,沈阳
250,1.1700138817717625,1.4720293022888984,19.376418833685193,20.020900813091743,-0.28763400520047133,0.956,catboost,pooled,韭菜,fold2_test2025,target_mean_price_next_90d,沈阳
112,0.49363994504516245,0.5608329930077984,10.64569439282348,10.173470359391422,-0.24069868864411256,0.9017857142857143,catboost,pooled,韭菜,fold3_test2026,target_mean_price_next_90d,沈阳
248,0.8995360828294785,1.229553294023214,21.034099704057986,19.176665206509163,-0.34410465545175617,0.7741935483870968,catboost,pooled,黄瓜,fold1_test2024,target_mean_price_next_90d,沈阳
250,1.2516246107415185,1.5521591895669302,22.685254493805235,23.082998883693943,-0.511545731560109,0.836,catboost,pooled,黄瓜,fold2_test2025,target_mean_price_next_90d,沈阳
112,0.5479729224968365,0.6092719111796093,12.915741128869055,12.699575213886982,0.0360007470567385,0.9553571428571429,catboost,pooled,黄瓜,fold3_test2026,target_mean_price_next_90d,沈阳
248,0.761143207944188,0.8425011360424379,35.52003913995816,36.80104987389187,0.1548005851857746,0.5645161290322581,elasticnet,pooled,土豆,fold1_test2024,target_mean_price_next_90d,沈阳
250,0.7536990603290218,0.8985192851191081,31.09139090633603,38.43056427186528,0.6996599971736843,0.9,elasticnet,pooled,土豆,fold2_test2025,target_mean_price_next_90d,沈阳
112,0.2544364957867482,0.2805125673183293,11.900088124272434,11.66880997825525,-0.09847238465679352,0.5267857142857143,elasticnet,pooled,土豆,fold3_test2026,target_mean_price_next_90d,沈阳
248,1.0334925588957142,1.3441862535625566,19.46605138353706,17.59499288633103,-0.6266912434320708,0.6129032258064516,elasticnet,pooled,尖椒,fold1_test2024,target_mean_price_next_90d,沈阳
250,1.041493439064113,1.4470501314863506,16.549471617644734,18.966604129812552,-0.4201095196956961,0.72,elasticnet,pooled,尖椒,fold2_test2025,target_mean_price_next_90d,沈阳
112,1.0125296465113356,1.1847332518224998,17.672310988537838,18.527302278048417,0.8671177108890847,0.8035714285714286,elasticnet,pooled,尖椒,fold3_test2026,target_mean_price_next_90d,沈阳
248,1.0195574458518244,1.1707957540251546,52.23065060559395,44.216311766542944,-0.2681000341262017,0.45564516129032256,elasticnet,pooled,甘蓝,fold1_test2024,target_mean_price_next_90d,沈阳
250,0.38155481101486355,0.45002732993324085,18.49221606271409,19.139421406528783,0.3057280213860876,0.764,elasticnet,pooled,甘蓝,fold2_test2025,target_mean_price_next_90d,沈阳
112,0.3616277922173236,0.42577096075559057,23.96180586233692,22.70636853950807,0.0005308980966043038,0.7321428571428571,elasticnet,pooled,甘蓝,fold3_test2026,target_mean_price_next_90d,沈阳
248,1.3513671608103257,1.6845163365073632,15.967742439906912,15.200148694223772,-0.7975261397408544,0.842741935483871,elasticnet,pooled,芸豆,fold1_test2024,target_mean_price_next_90d,沈阳
250,0.6289631108221599,0.808507110246525,7.281164096322636,7.347736921172262,-0.25425807157136915,0.804,elasticnet,pooled,芸豆,fold2_test2025,target_mean_price_next_90d,沈阳
112,0.6240240714276215,0.8130502909758501,7.433313070295185,7.52108368775626,0.4891721832423723,0.9017857142857143,elasticnet,pooled,芸豆,fold3_test2026,target_mean_price_next_90d,沈阳
248,1.3226898338844337,1.565304914293708,31.273360644707317,29.208371802168166,-0.4639835611444221,0.5887096774193549,elasticnet,pooled,芹菜,fold1_test2024,target_mean_price_next_90d,沈阳
250,0.41321460473975935,0.5958526611080655,11.79350798807027,11.847919947632231,0.28891096014379253,0.74,elasticnet,pooled,芹菜,fold2_test2025,target_mean_price_next_90d,沈阳
112,0.5068373048810701,0.5729617062239314,14.934981855491714,14.517799891946092,-0.12999805575793605,0.6964285714285714,elasticnet,pooled,芹菜,fold3_test2026,target_mean_price_next_90d,沈阳
248,0.691833383243699,0.8813855749904579,18.542000626798583,16.95412537250657,-0.08500323902601382,0.6411290322580645,elasticnet,pooled,茄子,fold1_test2024,target_mean_price_next_90d,沈阳
250,0.8310280648482384,0.9466299502150448,20.833945516638664,20.913447903845178,0.1418266963674904,0.512,elasticnet,pooled,茄子,fold2_test2025,target_mean_price_next_90d,沈阳
112,0.5926841717094119,0.6901576092374859,14.953301885336629,15.619854879567063,0.5294839996899865,0.9196428571428571,elasticnet,pooled,茄子,fold3_test2026,target_mean_price_next_90d,沈阳
248,0.9120226870221773,1.0764130956463416,17.313141825022953,17.04460343223758,-0.19581059355448194,0.6048387096774194,elasticnet,pooled,西红柿,fold1_test2024,target_mean_price_next_90d,沈阳
250,0.6120924781786324,0.8026775929198028,10.10747607056764,10.74567908831856,-0.2505318581610935,0.812,elasticnet,pooled,西红柿,fold2_test2025,target_mean_price_next_90d,沈阳
112,1.0233197853828027,1.1088522645105094,19.64799697950052,20.927052950784386,1.0158419677401427,0.625,elasticnet,pooled,西红柿,fold3_test2026,target_mean_price_next_90d,沈阳
248,1.0302841244107788,1.2561810666250548,16.760585388304467,16.26370144347876,-0.09050715359336174,0.7379032258064516,elasticnet,pooled,青椒,fold1_test2024,target_mean_price_next_90d,沈阳
250,1.0078684075731321,1.2904917224332724,16.126022335274357,17.903527297899647,0.050069350336405874,0.688,elasticnet,pooled,青椒,fold2_test2025,target_mean_price_next_90d,沈阳
112,1.4075728741478848,1.5978519852687434,24.89622256501775,26.089138645166642,1.3625667023777777,0.6607142857142857,elasticnet,pooled,青椒,fold3_test2026,target_mean_price_next_90d,沈阳
248,0.9975946405991657,1.2555251249301096,20.264445099676053,18.51461994666079,-0.0667280410490089,0.6612903225806451,elasticnet,pooled,韭菜,fold1_test2024,target_mean_price_next_90d,沈阳
250,0.9475117313875141,1.2568333172385227,16.00759371623834,16.213515658996926,-0.15901679638480584,0.868,elasticnet,pooled,韭菜,fold2_test2025,target_mean_price_next_90d,沈阳
112,1.313317783730298,1.5004999652522175,24.561712482034288,27.0662852132427,0.8813485594386937,0.8839285714285714,elasticnet,pooled,韭菜,fold3_test2026,target_mean_price_next_90d,沈阳
248,0.9439488279787265,1.239219685713413,21.87066504128052,20.123473634638213,-0.14288379600252765,0.7459677419354839,elasticnet,pooled,黄瓜,fold1_test2024,target_mean_price_next_90d,沈阳
250,0.9474673955275923,1.323822857537246,18.409099515121838,17.473600826962663,-0.4915876048214002,0.836,elasticnet,pooled,黄瓜,fold2_test2025,target_mean_price_next_90d,沈阳
112,1.2384788949399286,1.5295567541922919,25.710533561964322,28.702432604581947,0.8943775455700601,0.8214285714285714,elasticnet,pooled,黄瓜,fold3_test2026,target_mean_price_next_90d,沈阳
248,0.6634218087478391,0.7706400147338376,29.123989461553997,32.076249011141435,0.2700325379743569,0.5766129032258065,elasticnet_tuned,pooled,土豆,fold1_test2024,target_mean_price_next_90d,沈阳
250,0.5869116162867856,0.7086330938242913,25.422285502361113,29.92619439085844,0.5256726754062774,0.872,elasticnet_tuned,pooled,土豆,fold2_test2025,target_mean_price_next_90d,沈阳
112,0.27834847747441094,0.3257052037200608,13.92416982619055,12.765446565919609,-0.20725640397837147,0.5803571428571429,elasticnet_tuned,pooled,土豆,fold3_test2026,target_mean_price_next_90d,沈阳
248,0.9149920478228174,1.2180818045854582,16.633622683029923,15.577546673092643,-0.46984860220139946,0.6290322580645161,elasticnet_tuned,pooled,尖椒,fold1_test2024,target_mean_price_next_90d,沈阳
250,1.0969655014507222,1.5437909295710504,17.47786112169109,19.976804106200802,-0.5324571260460116,0.732,elasticnet_tuned,pooled,尖椒,fold2_test2025,target_mean_price_next_90d,沈阳
112,1.0707654775322368,1.1761828416995617,18.868414592613078,19.592903515953015,0.8051219191258651,0.7946428571428571,elasticnet_tuned,pooled,尖椒,fold3_test2026,target_mean_price_next_90d,沈阳
248,0.8857443820624753,1.066569581123281,38.081139080726196,38.41308785697419,0.08461768772186148,0.5241935483870968,elasticnet_tuned,pooled,甘蓝,fold1_test2024,target_mean_price_next_90d,沈阳
250,0.35941926643815414,0.45518053677502174,17.443328021154265,18.02906582068311,0.30221479252372124,0.736,elasticnet_tuned,pooled,甘蓝,fold2_test2025,target_mean_price_next_90d,沈阳
112,0.41501246969723987,0.5357817569253415,22.09079256362042,26.058356930083125,0.25006852544352803,0.9017857142857143,elasticnet_tuned,pooled,甘蓝,fold3_test2026,target_mean_price_next_90d,沈阳
248,1.4621417722187255,1.792021899106866,17.43289611609747,16.44613913544692,-0.9435565214326646,0.75,elasticnet_tuned,pooled,芸豆,fold1_test2024,target_mean_price_next_90d,沈阳
250,0.847562608413068,1.044787321524523,9.93601173138469,9.901482239079437,-0.6082806540835713,0.784,elasticnet_tuned,pooled,芸豆,fold2_test2025,target_mean_price_next_90d,沈阳
112,0.5385704144622817,0.622343688137896,6.614476835839546,6.491148890544383,-0.07237771170672895,0.9464285714285714,elasticnet_tuned,pooled,芸豆,fold3_test2026,target_mean_price_next_90d,沈阳
248,1.2167850060302543,1.4461801355718766,27.473578646558543,26.869722552460722,-0.26302367836495016,0.6370967741935484,elasticnet_tuned,pooled,芹菜,fold1_test2024,target_mean_price_next_90d,沈阳
250,0.4369682526597644,0.6054142544893406,12.51302660329243,12.52899780836686,0.19597308564448454,0.752,elasticnet_tuned,pooled,芹菜,fold2_test2025,target_mean_price_next_90d,沈阳
112,0.4357151683667322,0.5150203791488699,12.50697391447327,12.480584130874368,-0.04431376979629071,0.7321428571428571,elasticnet_tuned,pooled,芹菜,fold3_test2026,target_mean_price_next_90d,沈阳
248,0.6233526113270021,0.7559836535103089,16.108805437892244,15.275929985001351,0.03785447435561076,0.7782258064516129,elasticnet_tuned,pooled,茄子,fold1_test2024,target_mean_price_next_90d,沈阳
250,0.8345943813766501,1.0009802474798097,20.55310037012709,21.00319694852898,-0.0693788234921197,0.584,elasticnet_tuned,pooled,茄子,fold2_test2025,target_mean_price_next_90d,沈阳
112,0.6590214813442695,0.7667630113202408,16.40135212541934,17.368137015411605,0.6467888186637222,0.8660714285714286,elasticnet_tuned,pooled,茄子,fold3_test2026,target_mean_price_next_90d,沈阳
248,0.8317386041524493,1.00358635329917,15.515022283104399,15.544190806644487,-0.15188497813419466,0.6774193548387096,elasticnet_tuned,pooled,西红柿,fold1_test2024,target_mean_price_next_90d,沈阳
250,0.6757224972350261,0.9299802803296416,11.148016395177732,11.86274520093963,-0.49535756110071705,0.776,elasticnet_tuned,pooled,西红柿,fold2_test2025,target_mean_price_next_90d,沈阳
112,0.8051490083989213,0.8965587740306782,15.565974973279783,16.465425737598498,0.7714519701197896,0.7678571428571429,elasticnet_tuned,pooled,西红柿,fold3_test2026,target_mean_price_next_90d,沈阳
248,1.0888622170027749,1.3232506228924377,17.51811453606958,17.1883945319892,-0.09912029397139652,0.7540322580645161,elasticnet_tuned,pooled,青椒,fold1_test2024,target_mean_price_next_90d,沈阳
250,1.0216664498080397,1.380202854191671,16.111745851573776,18.148632337361175,-0.27527852368050104,0.7,elasticnet_tuned,pooled,青椒,fold2_test2025,target_mean_price_next_90d,沈阳
112,1.2796935472307354,1.4002286788500666,22.73865117659854,23.718915723805072,1.067394166972614,0.6785714285714286,elasticnet_tuned,pooled,青椒,fold3_test2026,target_mean_price_next_90d,沈阳
248,0.9861217022797043,1.231052190002881,20.320657025146748,18.301690682597453,-0.10262650357865132,0.625,elasticnet_tuned,pooled,韭菜,fold1_test2024,target_mean_price_next_90d,沈阳
250,0.9928359743795939,1.376940971846111,17.21096533855204,16.98908951116248,-0.4036424282696325,0.896,elasticnet_tuned,pooled,韭菜,fold2_test2025,target_mean_price_next_90d,沈阳
112,1.2040035674432912,1.356053917956834,23.82483575342129,24.813418624105104,0.6134230745760286,0.9821428571428571,elasticnet_tuned,pooled,韭菜,fold3_test2026,target_mean_price_next_90d,沈阳
248,0.976473248040023,1.194382242124845,22.079102530208093,20.816842056935943,-0.005170724492384097,0.7298387096774194,elasticnet_tuned,pooled,黄瓜,fold1_test2024,target_mean_price_next_90d,沈阳
250,1.004320174003181,1.3592393692413651,19.660435025323387,18.522104196762516,-0.5222136456308337,0.84,elasticnet_tuned,pooled,黄瓜,fold2_test2025,target_mean_price_next_90d,沈阳
112,1.1569356862703588,1.436505195150402,24.92665438993394,26.81262369402057,0.7634120339690113,0.8660714285714286,elasticnet_tuned,pooled,黄瓜,fold3_test2026,target_mean_price_next_90d,沈阳
248,0.167568575415942,0.1997976428241711,7.830317822523393,8.10189125622635,0.07322388501240888,0.7338709677419355,extra_trees,pooled,土豆,fold1_test2024,target_mean_price_next_90d,沈阳
250,0.2546310664644597,0.3303725045138147,12.932888019922162,12.983451990910243,0.23361168799493362,0.888,extra_trees,pooled,土豆,fold2_test2025,target_mean_price_next_90d,沈阳
112,0.15821994272432388,0.2325868918791107,7.836520189972475,7.2561856376451574,-0.1013857267083744,0.6428571428571429,extra_trees,pooled,土豆,fold3_test2026,target_mean_price_next_90d,沈阳
248,1.2491448015790543,1.5363551912743207,23.74785246973884,21.26642684420008,-0.5462874628634642,0.5887096774193549,extra_trees,pooled,尖椒,fold1_test2024,target_mean_price_next_90d,沈阳
250,1.1991667909223247,1.5578673751827696,20.000035138633827,21.83798856138673,-0.11645256715220637,0.784,extra_trees,pooled,尖椒,fold2_test2025,target_mean_price_next_90d,沈阳
112,0.48219468405593036,0.5284887670958538,9.440104878575449,8.82321490452503,0.175390449339154,0.8392857142857143,extra_trees,pooled,尖椒,fold3_test2026,target_mean_price_next_90d,沈阳
248,0.6985587158738091,0.9582266688211304,28.16144886748712,30.295193364515182,0.08510562359969755,0.6370967741935484,extra_trees,pooled,甘蓝,fold1_test2024,target_mean_price_next_90d,沈阳
250,0.701280138039401,0.865115067134983,35.82733290848096,35.17737346900315,0.5860993688718272,0.656,extra_trees,pooled,甘蓝,fold2_test2025,target_mean_price_next_90d,沈阳
112,0.45368139637185856,0.5456740357285873,23.53986470187659,28.486353115656836,0.4256789318601086,0.6160714285714286,extra_trees,pooled,甘蓝,fold3_test2026,target_mean_price_next_90d,沈阳
248,1.218365981598933,1.4500967566608762,14.07692995399302,13.704154297476679,-0.5132383769217322,0.8467741935483871,extra_trees,pooled,芸豆,fold1_test2024,target_mean_price_next_90d,沈阳
250,0.899326019865339,1.041478166083311,10.238073258552834,10.506198037111709,0.2252144935904347,0.676,extra_trees,pooled,芸豆,fold2_test2025,target_mean_price_next_90d,沈阳
112,0.3659137146892559,0.4881711064065773,4.4739698569019,4.4101947291545525,0.18424042864886658,0.9375,extra_trees,pooled,芸豆,fold3_test2026,target_mean_price_next_90d,沈阳
248,1.3024392658418118,1.6020105525572108,29.60395337593919,28.761187507376277,-0.3047861347198947,0.5806451612903226,extra_trees,pooled,芹菜,fold1_test2024,target_mean_price_next_90d,沈阳
250,0.9743517023746665,1.134456144526667,26.867999753402565,27.937156233489418,0.9584859620316484,0.716,extra_trees,pooled,芹菜,fold2_test2025,target_mean_price_next_90d,沈阳
112,0.42704217606176315,0.5263996663589606,12.543785306379013,12.232155758425591,-0.034080280889812874,0.7321428571428571,extra_trees,pooled,芹菜,fold3_test2026,target_mean_price_next_90d,沈阳
248,0.7039779846813724,0.8736402109853594,17.846065748835695,17.251741966849067,0.003199763154894435,0.6451612903225806,extra_trees,pooled,茄子,fold1_test2024,target_mean_price_next_90d,沈阳
250,1.0485745070269026,1.2028410184830307,27.28408869241757,26.388168166152106,0.25240098343536616,0.552,extra_trees,pooled,茄子,fold2_test2025,target_mean_price_next_90d,沈阳
112,0.4294987452821144,0.5549844781788464,10.368300257659557,11.319195606175207,0.4215669828537522,0.8035714285714286,extra_trees,pooled,茄子,fold3_test2026,target_mean_price_next_90d,沈阳
248,1.2607841025191913,1.478934129153215,24.096406460595723,23.562533418191855,-0.2161819268939576,0.4959677419354839,extra_trees,pooled,西红柿,fold1_test2024,target_mean_price_next_90d,沈阳
250,0.7981655350152389,1.0915537830859054,13.251192406513848,14.01231187181293,-0.3504188066416065,0.796,extra_trees,pooled,西红柿,fold2_test2025,target_mean_price_next_90d,沈阳
112,0.2840115621985205,0.3629602530605462,5.697283744807491,5.808081780164234,0.23716309742382016,0.9464285714285714,extra_trees,pooled,西红柿,fold3_test2026,target_mean_price_next_90d,沈阳
248,1.2000643861370361,1.4399969522221432,20.305520233767364,18.943792713729763,-0.56328009565283,0.6209677419354839,extra_trees,pooled,青椒,fold1_test2024,target_mean_price_next_90d,沈阳
250,1.1437395632997793,1.4610598078690964,18.525364575025208,20.317109197352814,-0.003066840491683024,0.808,extra_trees,pooled,青椒,fold2_test2025,target_mean_price_next_90d,沈阳
112,0.41222843042334734,0.45158203884710446,8.501400662413399,7.640588187169209,0.18555942326759078,0.8035714285714286,extra_trees,pooled,青椒,fold3_test2026,target_mean_price_next_90d,沈阳
248,0.8056564914221751,0.9861116287203469,15.54300831644459,14.95238961717235,-0.2170530137892763,0.7217741935483871,extra_trees,pooled,韭菜,fold1_test2024,target_mean_price_next_90d,沈阳
250,1.1039048866187078,1.4433638048110844,17.575696129373302,18.889664974412472,-0.44113582932280115,0.96,extra_trees,pooled,韭菜,fold2_test2025,target_mean_price_next_90d,沈阳
112,0.5638231831305941,0.6716756952267366,12.461605209322505,11.619883072857967,-0.04394768965570336,0.9107142857142857,extra_trees,pooled,韭菜,fold3_test2026,target_mean_price_next_90d,沈阳
248,1.021704376055083,1.267065299752274,22.20725084080227,21.781097093964835,0.07447445743479258,0.7661290322580645,extra_trees,pooled,黄瓜,fold1_test2024,target_mean_price_next_90d,沈阳
250,1.1482020797347376,1.445415344483946,20.270674270947715,21.175636127089163,-0.39302027211656726,0.84,extra_trees,pooled,黄瓜,fold2_test2025,target_mean_price_next_90d,沈阳
112,0.5590799046099144,0.7339499025665673,13.11384419883386,12.956985660559454,0.3557536883440126,0.9375,extra_trees,pooled,黄瓜,fold3_test2026,target_mean_price_next_90d,沈阳
248,0.1633940446291849,0.19425357972841797,7.6644985607919605,7.900053922489267,0.06006112896468855,0.6975806451612904,extra_trees_tuned,pooled,土豆,fold1_test2024,target_mean_price_next_90d,沈阳
250,0.2630939503075162,0.33699193483533485,13.32188426546975,13.414968253268242,0.24423082724819803,0.888,extra_trees_tuned,pooled,土豆,fold2_test2025,target_mean_price_next_90d,沈阳
112,0.15147406198562674,0.21648260316003673,7.452308284266608,6.946810206921556,-0.10044172792930207,0.6339285714285714,extra_trees_tuned,pooled,土豆,fold3_test2026,target_mean_price_next_90d,沈阳
248,1.2120466779419772,1.5050291312706532,22.764583748206103,20.63483911202709,-0.5070121748457443,0.5887096774193549,extra_trees_tuned,pooled,尖椒,fold1_test2024,target_mean_price_next_90d,沈阳
250,1.1841549356693515,1.5667203543294321,19.674490066916228,21.564608139429353,-0.17533828470757012,0.784,extra_trees_tuned,pooled,尖椒,fold2_test2025,target_mean_price_next_90d,沈阳
112,0.49448715800065773,0.5374420806954778,9.532490909429006,9.048143015325238,0.20659320131116463,0.8392857142857143,extra_trees_tuned,pooled,尖椒,fold3_test2026,target_mean_price_next_90d,沈阳
248,0.7055230830785427,0.9807993468358712,28.16661595647332,30.59722502818854,0.13531159433247977,0.6209677419354839,extra_trees_tuned,pooled,甘蓝,fold1_test2024,target_mean_price_next_90d,沈阳
250,0.678473019993065,0.8106849950567176,34.93010988670579,34.033330645388304,0.5886879026855965,0.62,extra_trees_tuned,pooled,甘蓝,fold2_test2025,target_mean_price_next_90d,沈阳
112,0.4579953240745501,0.5623481640844306,23.499921623955935,28.757221766734524,0.4352872541304448,0.5892857142857143,extra_trees_tuned,pooled,甘蓝,fold3_test2026,target_mean_price_next_90d,沈阳
248,1.1873971368462073,1.4823924476213002,13.852282513739805,13.355817399273903,-0.6665674646821792,0.8508064516129032,extra_trees_tuned,pooled,芸豆,fold1_test2024,target_mean_price_next_90d,沈阳
250,0.8352310175946924,0.9908041867416763,9.52665707155138,9.757420872690993,0.151803198444828,0.724,extra_trees_tuned,pooled,芸豆,fold2_test2025,target_mean_price_next_90d,沈阳
112,0.36032504599447684,0.4727609785773187,4.4083370494447625,4.342836999090686,0.17006327735513987,0.9107142857142857,extra_trees_tuned,pooled,芸豆,fold3_test2026,target_mean_price_next_90d,沈阳
248,1.3163670441024662,1.623942147187179,29.44999749451776,29.068748445242303,-0.21686940383332734,0.5887096774193549,extra_trees_tuned,pooled,芹菜,fold1_test2024,target_mean_price_next_90d,沈阳
250,0.886841854709601,1.0176041042750743,24.680781301214193,25.428025002713667,0.8689538554059165,0.708,extra_trees_tuned,pooled,芹菜,fold2_test2025,target_mean_price_next_90d,沈阳
112,0.4242703178432121,0.5101718882724028,12.324835134135213,12.15275891340604,-0.002447917241525805,0.6517857142857143,extra_trees_tuned,pooled,芹菜,fold3_test2026,target_mean_price_next_90d,沈阳
248,0.7054676427517165,0.87986864592891,17.520120171802002,17.288247649139745,0.04909934338245239,0.6895161290322581,extra_trees_tuned,pooled,茄子,fold1_test2024,target_mean_price_next_90d,沈阳
250,1.0553679714058994,1.1916168955048199,27.480542211235615,26.55913081998585,0.1975498038273547,0.544,extra_trees_tuned,pooled,茄子,fold2_test2025,target_mean_price_next_90d,沈阳
112,0.4683155863651451,0.604180297448393,11.222310686433518,12.342191416661311,0.46035267047649153,0.7767857142857143,extra_trees_tuned,pooled,茄子,fold3_test2026,target_mean_price_next_90d,沈阳
248,1.2358217267837248,1.4424084616040829,23.67735454071786,23.096016739175084,-0.22264534224841787,0.5120967741935484,extra_trees_tuned,pooled,西红柿,fold1_test2024,target_mean_price_next_90d,沈阳
250,0.7970100811073753,1.0990816292320966,13.201800149424752,13.992027131617801,-0.36475871382781255,0.8,extra_trees_tuned,pooled,西红柿,fold2_test2025,target_mean_price_next_90d,沈阳
112,0.33595362838923887,0.4648670411226233,6.383577751559335,6.870305324625157,0.28748355935893904,0.9464285714285714,extra_trees_tuned,pooled,西红柿,fold3_test2026,target_mean_price_next_90d,沈阳
248,1.1902284425748428,1.4421165162362102,19.86997383340312,18.78852598126225,-0.5277598077020116,0.625,extra_trees_tuned,pooled,青椒,fold1_test2024,target_mean_price_next_90d,沈阳
250,1.131917349924533,1.4598430398660425,18.41240662787384,20.107102297349893,-0.08732387048107361,0.804,extra_trees_tuned,pooled,青椒,fold2_test2025,target_mean_price_next_90d,沈阳
112,0.42441421558455755,0.4755943297229167,8.662191878127388,7.866449770899635,0.22555992634331506,0.8035714285714286,extra_trees_tuned,pooled,青椒,fold3_test2026,target_mean_price_next_90d,沈阳
248,0.7740008801668183,0.9727713697553222,15.028479652531635,14.364884845474545,-0.19035634716822825,0.7338709677419355,extra_trees_tuned,pooled,韭菜,fold1_test2024,target_mean_price_next_90d,沈阳
250,1.102778273909693,1.4483436969178471,17.53882988046361,18.870386740492886,-0.44676251179147064,0.96,extra_trees_tuned,pooled,韭菜,fold2_test2025,target_mean_price_next_90d,沈阳
112,0.5678887777997408,0.6838983789860393,12.528137138038137,11.703671281804631,0.005695417812275826,0.9017857142857143,extra_trees_tuned,pooled,韭菜,fold3_test2026,target_mean_price_next_90d,沈阳
248,1.0483811851486808,1.2746584843042121,22.662600665012615,22.349803837953072,0.12257525619490585,0.7661290322580645,extra_trees_tuned,pooled,黄瓜,fold1_test2024,target_mean_price_next_90d,沈阳
250,1.1164446465365407,1.4086404934771177,19.70097742054432,20.589951898150368,-0.3772940069586668,0.84,extra_trees_tuned,pooled,黄瓜,fold2_test2025,target_mean_price_next_90d,沈阳
112,0.5848844021357019,0.7616405160621499,13.569578605037616,13.555019146761852,0.37672616416893157,0.9553571428571429,extra_trees_tuned,pooled,黄瓜,fold3_test2026,target_mean_price_next_90d,沈阳
248,0.18432655867852804,0.22680941872682117,8.701924049805992,8.91213481012731,0.006493135791436729,0.0,baseline_last_value,baseline,土豆,fold1_test2024,target_mean_price_next_90d,沈阳
250,0.2321310141312576,0.26860759801030837,12.271167183044206,11.836190765808038,-0.030796965512158863,0.0,baseline_last_value,baseline,土豆,fold2_test2025,target_mean_price_next_90d,沈阳
112,0.09577018906870476,0.11033932155537321,4.3620968348520455,4.392153469842349,0.019159189477611877,0.0,baseline_last_value,baseline,土豆,fold3_test2026,target_mean_price_next_90d,沈阳
248,1.3254858966302352,1.6110873182972831,22.202852065205793,22.566117889673578,0.17072825328608163,0.0,baseline_last_value,baseline,尖椒,fold1_test2024,target_mean_price_next_90d,沈阳
250,1.2580656770921317,1.6008558664299177,22.57870077783653,22.910594317476235,-0.5138361674101027,0.0,baseline_last_value,baseline,尖椒,fold2_test2025,target_mean_price_next_90d,沈阳
112,1.864246175269368,2.3369413470780893,27.10827599886983,34.11204059942015,1.8606464020267377,0.0,baseline_last_value,baseline,尖椒,fold3_test2026,target_mean_price_next_90d,沈阳
248,0.6821707576755592,0.8404743668129296,29.683044561994333,29.584478071464194,0.045853452010513385,0.0,baseline_last_value,baseline,甘蓝,fold1_test2024,target_mean_price_next_90d,沈阳
250,0.5177959461783311,0.6036777866791084,28.360163132595297,25.973502444222408,-0.14435457466811782,0.0,baseline_last_value,baseline,甘蓝,fold2_test2025,target_mean_price_next_90d,沈阳
112,0.5221205732744237,0.6696744474009508,27.09390372527465,32.7836035116008,0.35290855513383423,0.008928571428571428,baseline_last_value,baseline,甘蓝,fold3_test2026,target_mean_price_next_90d,沈阳
248,1.9253397079978127,2.329357594397822,22.04674786367399,21.656179532223923,-0.13637355184328392,0.0,baseline_last_value,baseline,芸豆,fold1_test2024,target_mean_price_next_90d,沈阳
250,1.089130268684858,1.5221577539401592,12.740902315843613,12.72354856665792,-0.09867686249766655,0.0,baseline_last_value,baseline,芸豆,fold2_test2025,target_mean_price_next_90d,沈阳
112,1.0174703397375948,1.26492633647204,11.700821008082782,12.263116000427924,0.8383603624133318,0.0,baseline_last_value,baseline,芸豆,fold3_test2026,target_mean_price_next_90d,沈阳
248,1.2785395202465446,1.5398398183226503,27.71903748914405,28.23342004637318,0.09710314606988651,0.0,baseline_last_value,baseline,芹菜,fold1_test2024,target_mean_price_next_90d,沈阳
250,0.6095974427587066,0.7451498674741631,17.833953993484148,17.478718368715814,-0.11101527253869577,0.0,baseline_last_value,baseline,芹菜,fold2_test2025,target_mean_price_next_90d,沈阳
112,0.43412426398846055,0.6518966139803639,10.912160121058724,12.435014416118689,0.35457025112648516,0.0,baseline_last_value,baseline,芹菜,fold3_test2026,target_mean_price_next_90d,沈阳
248,0.7559239736281227,0.9727139803884196,19.47396516841858,18.524734612958223,0.18284802229131197,0.0,baseline_last_value,baseline,茄子,fold1_test2024,target_mean_price_next_90d,沈阳
250,1.0881656973300515,1.3711234091520303,28.480999823588355,27.384510324593318,-0.3203740271556286,0.0,baseline_last_value,baseline,茄子,fold2_test2025,target_mean_price_next_90d,沈阳
112,1.0892169672262746,1.3176793461315264,23.495218792481193,28.70569482455843,1.0823575567954355,0.0,baseline_last_value,baseline,茄子,fold3_test2026,target_mean_price_next_90d,沈阳
248,1.041873912251091,1.1886781255119248,18.90330532631288,19.47136613311234,0.19129650096918643,0.0,baseline_last_value,baseline,西红柿,fold1_test2024,target_mean_price_next_90d,沈阳
250,0.942726235690895,1.1697935630299459,16.647036444940714,16.550168410853317,-0.43761306777779596,0.0,baseline_last_value,baseline,西红柿,fold2_test2025,target_mean_price_next_90d,沈阳
112,1.341590394862872,1.63109536862571,22.203990439701013,27.435737716198442,1.3338126170850946,0.0,baseline_last_value,baseline,西红柿,fold3_test2026,target_mean_price_next_90d,沈阳
248,1.622183926852864,2.0932723900376637,23.91568462441656,25.607222753076275,0.4445668317912103,0.0,baseline_last_value,baseline,青椒,fold1_test2024,target_mean_price_next_90d,沈阳
250,1.2321007555101287,1.5478938171871468,21.219510347214957,21.886735752690754,-0.4281604493765329,0.0,baseline_last_value,baseline,青椒,fold2_test2025,target_mean_price_next_90d,沈阳
112,1.836822633009724,2.359002025699906,27.112261428955232,34.0452144392035,1.8331481413551385,0.008928571428571428,baseline_last_value,baseline,青椒,fold3_test2026,target_mean_price_next_90d,沈阳
248,1.1193396994836033,1.395689195207988,22.274825783901875,20.774118348010848,0.050644935458684384,0.0,baseline_last_value,baseline,韭菜,fold1_test2024,target_mean_price_next_90d,沈阳
250,1.4846661493020172,1.8955759310675917,25.55085433376535,25.405129100450235,-0.24164223074381375,0.0,baseline_last_value,baseline,韭菜,fold2_test2025,target_mean_price_next_90d,沈阳
112,1.6517221242395297,1.8384036618685298,31.4701233997491,34.04049093183603,0.8565223175408939,0.0,baseline_last_value,baseline,韭菜,fold3_test2026,target_mean_price_next_90d,沈阳
248,1.3082759727296984,1.6445684083234406,28.111119778149597,27.89034348443524,0.06276365918616969,0.0,baseline_last_value,baseline,黄瓜,fold1_test2024,target_mean_price_next_90d,沈阳
250,1.2973565119684836,1.7295949809087374,25.824582866946567,23.926406256728765,-0.2906790420255076,0.0,baseline_last_value,baseline,黄瓜,fold2_test2025,target_mean_price_next_90d,沈阳
112,1.593886553655244,1.9739279064345245,32.5829949102174,36.93920144505815,0.9768939697364305,0.0,baseline_last_value,baseline,黄瓜,fold3_test2026,target_mean_price_next_90d,沈阳
248,0.6646029698820964,0.7536807361594844,27.206294097591343,32.13335780401671,0.6644325951071431,0.6451612903225806,baseline_previous_year_same_period,baseline,土豆,fold1_test2024,target_mean_price_next_90d,沈阳
250,0.33579909416807785,0.42037671084172257,16.84589633680838,17.122150404734345,0.1370971333035176,0.496,baseline_previous_year_same_period,baseline,土豆,fold2_test2025,target_mean_price_next_90d,沈阳
112,0.1434112945698558,0.1827855769303629,6.813586064116019,6.577040529884528,-0.07768063889885,0.8392857142857143,baseline_previous_year_same_period,baseline,土豆,fold3_test2026,target_mean_price_next_90d,沈阳
248,2.6650737421895108,2.936644741027358,55.59799849490295,45.37231848623668,-1.936877335843886,0.40725806451612906,baseline_previous_year_same_period,baseline,尖椒,fold1_test2024,target_mean_price_next_90d,沈阳
250,1.9057618255585302,2.2856471514163585,32.682768845697424,34.70576842381091,0.43563151895511476,0.628,baseline_previous_year_same_period,baseline,尖椒,fold2_test2025,target_mean_price_next_90d,沈阳
112,1.4257771760434153,1.6400814512711943,25.688658068934945,26.08891977900508,0.10691694135627534,0.7589285714285714,baseline_previous_year_same_period,baseline,尖椒,fold3_test2026,target_mean_price_next_90d,沈阳
248,0.7711699925461475,0.9009517049600216,37.71621915563952,33.44420949908758,-0.6355075560689897,0.7983870967741935,baseline_previous_year_same_period,baseline,甘蓝,fold1_test2024,target_mean_price_next_90d,沈阳
250,0.5552363960584479,0.7433482265199626,30.237182407620388,27.851577434286305,0.2877383983300152,0.68,baseline_previous_year_same_period,baseline,甘蓝,fold2_test2025,target_mean_price_next_90d,沈阳
112,0.2965043538118558,0.3322671621437796,18.38669962266442,18.61731115836006,0.13212118988887997,0.6785714285714286,baseline_previous_year_same_period,baseline,甘蓝,fold3_test2026,target_mean_price_next_90d,沈阳
248,2.070883523251567,2.29785438359443,23.50739394964523,23.293253228801795,-0.1256146587077507,0.5846774193548387,baseline_previous_year_same_period,baseline,芸豆,fold1_test2024,target_mean_price_next_90d,沈阳
250,1.2281330012619955,1.5317902601501359,14.224369852428145,14.347420448374137,0.21229034919139297,0.628,baseline_previous_year_same_period,baseline,芸豆,fold2_test2025,target_mean_price_next_90d,沈阳
112,1.2695525866460784,1.3997783497346326,14.957668429430626,15.30135084104696,0.47565701348166073,0.6785714285714286,baseline_previous_year_same_period,baseline,芸豆,fold3_test2026,target_mean_price_next_90d,沈阳
248,1.7233520079492635,1.8716537558434492,45.43586792087601,38.05601653894101,-1.7233520079492635,0.7580645161290323,baseline_previous_year_same_period,baseline,芹菜,fold1_test2024,target_mean_price_next_90d,沈阳
250,1.1140852605407727,1.3780683850385518,28.9051685999809,31.94367486124338,0.939009124667421,0.688,baseline_previous_year_same_period,baseline,芹菜,fold2_test2025,target_mean_price_next_90d,沈阳
112,0.3532548089650223,0.42072491150987723,11.081826745600523,10.118597384273524,-0.09639326624227702,0.6785714285714286,baseline_previous_year_same_period,baseline,芹菜,fold3_test2026,target_mean_price_next_90d,沈阳
248,1.8455584562023357,2.010325480263754,53.72594154209585,45.22740620297908,-0.705534411948299,0.5040322580645161,baseline_previous_year_same_period,baseline,茄子,fold1_test2024,target_mean_price_next_90d,沈阳
250,1.776375396443482,1.9967733559315763,42.74010689591203,44.70382635991651,0.23338744539660378,0.48,baseline_previous_year_same_period,baseline,茄子,fold2_test2025,target_mean_price_next_90d,沈阳
112,0.6810607687918563,0.7787307510567085,17.762963541070295,17.94896992442533,0.10207066876193652,0.8571428571428571,baseline_previous_year_same_period,baseline,茄子,fold3_test2026,target_mean_price_next_90d,沈阳
248,1.629378643806151,1.848433564533877,33.65681064984799,30.45112059143065,-0.8889989708382217,0.5645161290322581,baseline_previous_year_same_period,baseline,西红柿,fold1_test2024,target_mean_price_next_90d,沈阳
250,1.4426299737980057,1.608158949853648,25.22420428866377,25.326301652572642,-0.2566743757000696,0.344,baseline_previous_year_same_period,baseline,西红柿,fold2_test2025,target_mean_price_next_90d,沈阳
112,1.034354350571401,1.1292956100269624,20.943739890254307,21.1527115702005,0.3769578623209097,0.5625,baseline_previous_year_same_period,baseline,西红柿,fold3_test2026,target_mean_price_next_90d,沈阳
248,2.9115204578917484,3.1274502551564685,54.14611620084393,45.9602340284654,-1.466738454245365,0.4475806451612903,baseline_previous_year_same_period,baseline,青椒,fold1_test2024,target_mean_price_next_90d,沈阳
250,2.3009978099589734,3.075458393999704,34.4640512427266,40.87436097159197,1.1064546260142238,0.632,baseline_previous_year_same_period,baseline,青椒,fold2_test2025,target_mean_price_next_90d,沈阳
112,1.7003307771588925,1.8627550954068202,30.863847316681387,31.515359668178466,0.47988404096232984,0.5892857142857143,baseline_previous_year_same_period,baseline,青椒,fold3_test2026,target_mean_price_next_90d,沈阳
248,2.0149701599250895,2.2273220713430018,39.33952277331096,37.39635839710279,-0.41423210526816007,0.5080645161290323,baseline_previous_year_same_period,baseline,韭菜,fold1_test2024,target_mean_price_next_90d,沈阳
250,1.8920084751107018,2.0923826495000966,32.70205714133386,32.37543981987524,-0.3506430854675832,0.568,baseline_previous_year_same_period,baseline,韭菜,fold2_test2025,target_mean_price_next_90d,沈阳
112,1.2605344386268438,1.4811326576313895,24.633103564181745,25.978468470960248,0.9158795646559338,0.75,baseline_previous_year_same_period,baseline,韭菜,fold3_test2026,target_mean_price_next_90d,沈阳
248,1.8186344167890238,2.0276111254499978,42.332035890189644,38.7703662026522,-0.4663724577113492,0.4717741935483871,baseline_previous_year_same_period,baseline,黄瓜,fold1_test2024,target_mean_price_next_90d,沈阳
250,2.152271959335808,2.378990056087161,41.007183339501566,39.693124286938584,-0.5436263045268147,0.596,baseline_previous_year_same_period,baseline,黄瓜,fold2_test2025,target_mean_price_next_90d,沈阳
112,1.2475225351219426,1.4493325273967657,28.02695776750559,28.91202396208097,0.3505463374927872,0.8035714285714286,baseline_previous_year_same_period,baseline,黄瓜,fold3_test2026,target_mean_price_next_90d,沈阳
248,0.1927671416891671,0.23228570116584393,9.097044287732448,9.320234512124555,0.015716254071006647,0.592741935483871,baseline_rolling_mean_30,baseline,土豆,fold1_test2024,target_mean_price_next_90d,沈阳
250,0.3113735888439013,0.3466850384933131,16.33771781286331,15.876711738771599,-0.03961563217882552,0.256,baseline_rolling_mean_30,baseline,土豆,fold2_test2025,target_mean_price_next_90d,沈阳
112,0.09744013801521863,0.11154203154339937,4.460174046403068,4.468739640666638,0.0005996656680880762,0.5982142857142857,baseline_rolling_mean_30,baseline,土豆,fold3_test2026,target_mean_price_next_90d,沈阳
248,1.5582811391661597,1.8150504740704323,26.37176188558415,26.52940780514999,0.1945938446839311,0.41935483870967744,baseline_rolling_mean_30,baseline,尖椒,fold1_test2024,target_mean_price_next_90d,沈阳
250,1.6773531077788433,2.0458126148919304,30.47754576674358,30.546224477169957,-0.6882121674101029,0.332,baseline_rolling_mean_30,baseline,尖椒,fold2_test2025,target_mean_price_next_90d,沈阳
112,2.6113642982016008,3.007586761758837,39.658090398168206,47.78283369537188,2.467271402026738,0.33035714285714285,baseline_rolling_mean_30,baseline,尖椒,fold3_test2026,target_mean_price_next_90d,沈阳
248,0.8422465435081845,0.979345650393722,36.2939224555046,36.52666743160975,0.025950226204061757,0.4717741935483871,baseline_rolling_mean_30,baseline,甘蓝,fold1_test2024,target_mean_price_next_90d,沈阳
250,0.6188422533328332,0.7268512027201806,33.84065420491309,31.04215260501993,-0.24265857466811788,0.456,baseline_rolling_mean_30,baseline,甘蓝,fold2_test2025,target_mean_price_next_90d,沈阳
112,0.777281287560138,0.9147954968387808,37.63280831550795,48.80497504350377,0.6524502218005008,0.33035714285714285,baseline_rolling_mean_30,baseline,甘蓝,fold3_test2026,target_mean_price_next_90d,沈阳
248,2.138086522139697,2.481443651492385,24.395862972096875,24.049151111642757,-0.09581172388629462,0.5967741935483871,baseline_rolling_mean_30,baseline,芸豆,fold1_test2024,target_mean_price_next_90d,沈阳
250,1.2071585899968884,1.486475409263347,14.35297679870805,14.102391044581243,-0.2647328624976665,0.6,baseline_rolling_mean_30,baseline,芸豆,fold2_test2025,target_mean_price_next_90d,沈阳
112,1.254193695746665,1.4814149179089373,14.169132196353113,15.11623698231178,1.230550838603808,0.42857142857142855,baseline_rolling_mean_30,baseline,芸豆,fold3_test2026,target_mean_price_next_90d,沈阳
248,1.5583711683518102,1.8032816036067132,34.20913579124309,34.41281797511406,0.020218737467735958,0.5,baseline_rolling_mean_30,baseline,芹菜,fold1_test2024,target_mean_price_next_90d,沈阳
250,0.7800362016015154,0.8666604861938944,23.08000965527205,22.365633660626102,-0.15006593920536243,0.316,baseline_rolling_mean_30,baseline,芹菜,fold2_test2025,target_mean_price_next_90d,沈阳
112,0.525427324283617,0.6885879071514236,13.257254192128375,15.05029065194826,0.5045523939836281,0.5625,baseline_rolling_mean_30,baseline,芹菜,fold3_test2026,target_mean_price_next_90d,沈阳
248,0.8973985090822779,1.125393647746308,22.446779379835196,21.991721129077195,0.19666522659238728,0.5524193548387096,baseline_rolling_mean_30,baseline,茄子,fold1_test2024,target_mean_price_next_90d,沈阳
250,1.3349946545015479,1.6826543626694468,35.671168344964435,33.59614715771183,-0.5291873604889619,0.356,baseline_rolling_mean_30,baseline,茄子,fold2_test2025,target_mean_price_next_90d,沈阳
112,1.7121016044144832,1.8251924929576004,36.28251828315925,45.12146582706434,1.7121016044144832,0.25,baseline_rolling_mean_30,baseline,茄子,fold3_test2026,target_mean_price_next_90d,沈阳
248,1.225899688163058,1.371753827337946,22.58122609961595,22.910585810827467,0.2166432751627347,0.3911290322580645,baseline_rolling_mean_30,baseline,西红柿,fold1_test2024,target_mean_price_next_90d,沈阳
250,1.1391528809918952,1.4481748528292573,20.209856622303093,19.99856513201598,-0.6621330677777962,0.432,baseline_rolling_mean_30,baseline,西红柿,fold2_test2025,target_mean_price_next_90d,沈阳
112,2.0026221408946183,2.2169881659179693,33.306641899501294,40.95394243475668,2.0026221408946183,0.20535714285714285,baseline_rolling_mean_30,baseline,西红柿,fold3_test2026,target_mean_price_next_90d,沈阳
248,2.0317504570328584,2.5811330381440016,29.775171728636625,32.072495399976894,0.49412597157615656,0.41935483870967744,baseline_rolling_mean_30,baseline,青椒,fold1_test2024,target_mean_price_next_90d,沈阳
250,1.5674591011039367,1.9111925215869459,27.20466639396867,27.843959185633356,-0.5554804493765332,0.396,baseline_rolling_mean_30,baseline,青椒,fold2_test2025,target_mean_price_next_90d,沈阳
112,2.615598863447254,3.0217071507136715,40.133727982946525,48.479707617217336,2.3758207604027572,0.29464285714285715,baseline_rolling_mean_30,baseline,青椒,fold3_test2026,target_mean_price_next_90d,沈阳
248,1.370954523238458,1.6813823355173652,27.261315544161196,25.44390369486194,0.11695945158771666,0.5040322580645161,baseline_rolling_mean_30,baseline,韭菜,fold1_test2024,target_mean_price_next_90d,沈阳
250,1.8402409308990557,2.1943734492362035,32.196815790873444,31.489610271913616,-0.37462089741048044,0.368,baseline_rolling_mean_30,baseline,韭菜,fold2_test2025,target_mean_price_next_90d,沈阳
112,2.1609540068832973,2.372037927067998,37.98394968324932,44.53529694608492,1.608944936588513,0.3482142857142857,baseline_rolling_mean_30,baseline,韭菜,fold3_test2026,target_mean_price_next_90d,沈阳
248,1.381069936705813,1.6872884903821956,30.119876435963533,29.442193935874283,0.13613193875606217,0.5120967741935484,baseline_rolling_mean_30,baseline,黄瓜,fold1_test2024,target_mean_price_next_90d,沈阳
250,1.5359173410421567,1.8252369377439497,31.242052590129283,28.326047574054957,-0.5160150420255074,0.516,baseline_rolling_mean_30,baseline,黄瓜,fold2_test2025,target_mean_price_next_90d,沈阳
112,2.201513867695614,2.520240649086619,42.30042328870791,51.02130013983873,1.7225784935459545,0.375,baseline_rolling_mean_30,baseline,黄瓜,fold3_test2026,target_mean_price_next_90d,沈阳
248,0.18677159300313628,0.22814898023207053,8.797750906287876,9.03035149942329,0.008463181874386048,0.46774193548387094,baseline_rolling_mean_7,baseline,土豆,fold1_test2024,target_mean_price_next_90d,沈阳
250,0.2516921307158224,0.28749074422893883,13.291398268221199,12.833597804904517,-0.033928394083587436,0.296,baseline_rolling_mean_7,baseline,土豆,fold2_test2025,target_mean_price_next_90d,沈阳
112,0.09486478592384026,0.10907772767339631,4.324268647682834,4.350630428037868,0.013419393559244526,0.49107142857142855,baseline_rolling_mean_7,baseline,土豆,fold3_test2026,target_mean_price_next_90d,沈阳
248,1.3880728693490634,1.6668071120328298,23.28558975949652,23.631647902721202,0.18608539614322453,0.43951612903225806,baseline_rolling_mean_7,baseline,尖椒,fold1_test2024,target_mean_price_next_90d,沈阳
250,1.3619129133742705,1.7055314940202182,24.46122178320886,24.80175305805202,-0.5584075959815314,0.364,baseline_rolling_mean_7,baseline,尖椒,fold2_test2025,target_mean_price_next_90d,沈阳
112,2.0166157897818398,2.499212891252475,29.593595052602588,36.900105043546695,2.0164117081491866,0.39285714285714285,baseline_rolling_mean_7,baseline,尖椒,fold3_test2026,target_mean_price_next_90d,沈阳
248,0.7245515865837758,0.8821990169842342,31.352697917612925,31.422455864235438,0.04601474233309402,0.45161290322580644,baseline_rolling_mean_7,baseline,甘蓝,fold1_test2024,target_mean_price_next_90d,沈阳
250,0.5490055133007908,0.6381641497219028,30.03237536141281,27.539026033043918,-0.1630517175252607,0.4,baseline_rolling_mean_7,baseline,甘蓝,fold2_test2025,target_mean_price_next_90d,沈阳
112,0.5682430222540156,0.7176956642268654,29.151360787670644,35.67960140505336,0.4027044735011812,0.32142857142857145,baseline_rolling_mean_7,baseline,甘蓝,fold3_test2026,target_mean_price_next_90d,沈阳
248,2.010365640204497,2.4083699136690906,22.996227341091476,22.612549384834242,-0.13661548732715492,0.45564516129032256,baseline_rolling_mean_7,baseline,芸豆,fold1_test2024,target_mean_price_next_90d,沈阳
250,1.0983127597240145,1.5264313636913285,12.876281480991098,12.83082119882954,-0.12873400535480936,0.592,baseline_rolling_mean_7,baseline,芸豆,fold2_test2025,target_mean_price_next_90d,沈阳
112,1.0647634236378216,1.2955504487545015,12.18416140930685,12.833118438077381,0.9181817909847603,0.4107142857142857,baseline_rolling_mean_7,baseline,芸豆,fold3_test2026,target_mean_price_next_90d,沈阳
248,1.3492916155314123,1.6177428432900771,29.290740303849528,29.795807124524266,0.08425752395007083,0.47580645161290325,baseline_rolling_mean_7,baseline,芹菜,fold1_test2024,target_mean_price_next_90d,沈阳
250,0.6561755009580102,0.7718409047779591,19.21113936964541,18.81423046952614,-0.1163067011101243,0.376,baseline_rolling_mean_7,baseline,芹菜,fold2_test2025,target_mean_price_next_90d,沈阳
112,0.44475133175545806,0.6596335014044002,11.204459178158539,12.739415141545999,0.38107535316730157,0.49107142857142855,baseline_rolling_mean_7,baseline,芹菜,fold3_test2026,target_mean_price_next_90d,沈阳
248,0.7903850469362523,0.9972372317594318,20.34004165132833,19.369240488921953,0.19935723888117374,0.5241935483870968,baseline_rolling_mean_7,baseline,茄子,fold1_test2024,target_mean_price_next_90d,沈阳
250,1.1397950598926454,1.4334390904155936,29.9728201870858,28.683802165547846,-0.3749797414413428,0.388,baseline_rolling_mean_7,baseline,茄子,fold2_test2025,target_mean_price_next_90d,沈阳
112,1.2254329536208322,1.4399506414243208,25.961689212774985,32.295589816394404,1.2234034751627825,0.49107142857142855,baseline_rolling_mean_7,baseline,茄子,fold3_test2026,target_mean_price_next_90d,沈阳
248,1.0885562759659644,1.2336989948206458,19.82284017981272,20.34380317675372,0.21287484198301138,0.42338709677419356,baseline_rolling_mean_7,baseline,西红柿,fold1_test2024,target_mean_price_next_90d,沈阳
250,0.9959126832320067,1.2316367204940515,17.605374378815252,17.483890875186038,-0.49507592492065317,0.444,baseline_rolling_mean_7,baseline,西红柿,fold2_test2025,target_mean_price_next_90d,沈阳
112,1.4951759957699018,1.7690831110975664,24.702326891799604,30.57658776969088,1.4924095558606045,0.2767857142857143,baseline_rolling_mean_7,baseline,西红柿,fold3_test2026,target_mean_price_next_90d,沈阳
248,1.721919550521411,2.2135577184535173,25.39133598542354,27.181614096388557,0.46400231566217803,0.4435483870967742,baseline_rolling_mean_7,baseline,青椒,fold1_test2024,target_mean_price_next_90d,沈阳
250,1.318563976428154,1.6400365390150875,22.650583187522443,23.422647211308302,-0.46612616366224724,0.432,baseline_rolling_mean_7,baseline,青椒,fold2_test2025,target_mean_price_next_90d,沈阳
112,1.9876191182704948,2.5110896141501273,29.647464838782184,36.84020323404919,1.9834287536000368,0.4107142857142857,baseline_rolling_mean_7,baseline,青椒,fold3_test2026,target_mean_price_next_90d,沈阳
248,1.20177593028339,1.4684939634164855,23.843087427395584,22.30407392413199,0.07246521195638032,0.40725806451612906,baseline_rolling_mean_7,baseline,韭菜,fold1_test2024,target_mean_price_next_90d,沈阳
250,1.5767935437267357,1.9841795294835625,27.194641770767024,26.9815834098237,-0.27206508788667083,0.412,baseline_rolling_mean_7,baseline,韭菜,fold2_test2025,target_mean_price_next_90d,沈阳
112,1.7876643289902823,1.9676878980230506,33.65727256250327,36.842136148159796,0.992823337949057,0.375,baseline_rolling_mean_7,baseline,韭菜,fold3_test2026,target_mean_price_next_90d,沈阳
248,1.3338391653363262,1.6753178939374955,28.75881168177988,28.435309712676844,0.07454937347188398,0.4596774193548387,baseline_rolling_mean_7,baseline,黄瓜,fold1_test2024,target_mean_price_next_90d,沈阳
250,1.3609989182863333,1.7792897940068484,27.17614700822915,25.100126860640653,-0.3249647563112219,0.5,baseline_rolling_mean_7,baseline,黄瓜,fold2_test2025,target_mean_price_next_90d,沈阳
112,1.7077728868770572,2.0822137793892526,34.587326356886095,39.578580135512624,1.108858255450716,0.44642857142857145,baseline_rolling_mean_7,baseline,黄瓜,fold3_test2026,target_mean_price_next_90d,沈阳
248,0.28709806719670183,0.34315297775291376,13.066110829572807,13.881106970842886,0.2838318454688561,0.7620967741935484,baseline_seasonal_median,baseline,土豆,fold1_test2024,target_mean_price_next_90d,沈阳
250,0.32658519619942755,0.42548981208069253,16.038423603121988,16.652340480964448,0.31608303448784114,0.688,baseline_seasonal_median,baseline,土豆,fold2_test2025,target_mean_price_next_90d,沈阳
112,0.18132253842374754,0.2226274801405773,7.874407588668286,8.315702663248967,0.1664806180490405,0.6517857142857143,baseline_seasonal_median,baseline,土豆,fold3_test2026,target_mean_price_next_90d,沈阳
248,1.791808390679285,2.1314192406246972,35.71433527658028,30.50516001910714,-1.0605620692945634,0.5725806451612904,baseline_seasonal_median,baseline,尖椒,fold1_test2024,target_mean_price_next_90d,沈阳
250,2.0859562313466204,2.589009291143913,34.97039796366702,37.987283057317036,-0.42867616741010306,0.276,baseline_seasonal_median,baseline,尖椒,fold2_test2025,target_mean_price_next_90d,沈阳
112,0.8826112047024618,1.0406619414588487,15.228694629390338,16.15005016382195,0.3297535448838804,0.8839285714285714,baseline_seasonal_median,baseline,尖椒,fold3_test2026,target_mean_price_next_90d,沈阳
248,0.6197171503674979,0.8208758589964205,28.84315236215737,26.875981181059633,-0.4354368705701318,0.8306451612903226,baseline_seasonal_median,baseline,甘蓝,fold1_test2024,target_mean_price_next_90d,沈阳
250,0.8730637463999037,0.9874809138135989,43.08895895838427,43.79432384213757,-0.07563457466811781,0.5,baseline_seasonal_median,baseline,甘蓝,fold2_test2025,target_mean_price_next_90d,沈阳
112,0.5413561964854569,0.6311263245609404,30.24663215739961,33.991395498601484,0.39719426941954855,0.5625,baseline_seasonal_median,baseline,甘蓝,fold3_test2026,target_mean_price_next_90d,沈阳
248,1.604195983272273,1.8640063744078426,18.48779050321084,18.043961839204066,-0.27633322926263854,0.6814516129032258,baseline_seasonal_median,baseline,芸豆,fold1_test2024,target_mean_price_next_90d,沈阳
250,1.6160830938684339,1.9875787589504992,17.651716718380754,18.8795705378927,0.07252313750233373,0.64,baseline_seasonal_median,baseline,芸豆,fold2_test2025,target_mean_price_next_90d,沈阳
112,1.5386056135192387,1.9610220156327962,16.49974514562909,18.54412692006538,1.425503219556189,0.44642857142857145,baseline_seasonal_median,baseline,芸豆,fold3_test2026,target_mean_price_next_90d,沈阳
248,1.4778565313494683,1.658721551063759,37.86203411920496,32.63484902666104,-1.4778565313494683,0.7943548387096774,baseline_seasonal_median,baseline,芹菜,fold1_test2024,target_mean_price_next_90d,沈阳
250,0.8379593546466737,0.9421971251046852,23.95782879610985,24.026438657646217,-0.05865527253869573,0.572,baseline_seasonal_median,baseline,芹菜,fold2_test2025,target_mean_price_next_90d,沈阳
112,0.3235480547457295,0.40004530930884374,10.191902753979502,9.267679922118448,-0.25775117744494336,0.7857142857142857,baseline_seasonal_median,baseline,芹菜,fold3_test2026,target_mean_price_next_90d,沈阳
248,0.9613623866377184,1.0387323520713734,25.305325127183004,23.559225134596687,-0.14469230028933322,0.5282258064516129,baseline_seasonal_median,baseline,茄子,fold1_test2024,target_mean_price_next_90d,沈阳
250,1.68235421113324,1.8881231730511943,40.00049528205275,42.33771233318674,0.06646597284437178,0.38,baseline_seasonal_median,baseline,茄子,fold2_test2025,target_mean_price_next_90d,沈阳
112,0.6473340834068211,0.7872025118736494,16.642551158273626,17.060122277686837,0.5897682710811498,0.7142857142857143,baseline_seasonal_median,baseline,茄子,fold3_test2026,target_mean_price_next_90d,沈阳
248,1.3014048386479777,1.5665575832347947,26.877352552552182,24.321685957150454,-0.7347518861275876,0.47580645161290325,baseline_seasonal_median,baseline,西红柿,fold1_test2024,target_mean_price_next_90d,沈阳
250,1.618326740228837,1.8901005831802833,29.103160521932857,28.410771951144078,-0.805293067777796,0.32,baseline_seasonal_median,baseline,西红柿,fold2_test2025,target_mean_price_next_90d,沈阳
112,0.8893124963504989,0.9963784893667889,17.522789867598725,18.186582500170527,0.3485447599422372,0.5178571428571429,baseline_seasonal_median,baseline,西红柿,fold3_test2026,target_mean_price_next_90d,沈阳
248,1.6933723097351323,2.0096724506776193,32.10511649883806,26.730977432013415,-0.8975299424023383,0.6129032258064516,baseline_seasonal_median,baseline,青椒,fold1_test2024,target_mean_price_next_90d,沈阳
250,2.2471738507702765,2.775116341647241,34.32287388935418,39.918245356324064,0.2256795506234671,0.384,baseline_seasonal_median,baseline,青椒,fold2_test2025,target_mean_price_next_90d,沈阳
112,1.3746659984979959,1.6463417590722484,23.094556818551435,25.479214955262535,1.3746659984979959,0.5982142857142857,baseline_seasonal_median,baseline,青椒,fold3_test2026,target_mean_price_next_90d,沈阳
248,1.418270031617139,1.5772498313425596,27.82153821970967,26.322044594544575,-0.38967764518647674,0.49193548387096775,baseline_seasonal_median,baseline,韭菜,fold1_test2024,target_mean_price_next_90d,沈阳
250,1.4283744952312996,1.7775481790910235,24.303975241199105,24.44188444129451,-0.691442230743814,0.672,baseline_seasonal_median,baseline,韭菜,fold2_test2025,target_mean_price_next_90d,沈阳
112,0.8749012811481947,1.0424973057208602,19.378103065775427,18.030919783731072,0.04937946039803685,0.8839285714285714,baseline_seasonal_median,baseline,韭菜,fold3_test2026,target_mean_price_next_90d,沈阳
248,1.243793291085784,1.4631121761948631,29.700414937290326,26.515676229716927,-0.45671214726544324,0.7580645161290323,baseline_seasonal_median,baseline,黄瓜,fold1_test2024,target_mean_price_next_90d,沈阳
250,2.0224889389910095,2.4266817799289417,39.37920529192269,37.2996100590851,-1.113759042025508,0.536,baseline_seasonal_median,baseline,黄瓜,fold2_test2025,target_mean_price_next_90d,沈阳
112,1.074814539603722,1.1720183995174924,26.183360343056762,24.909420751087527,0.04457254116500198,0.75,baseline_seasonal_median,baseline,黄瓜,fold3_test2026,target_mean_price_next_90d,沈阳
246,0.14292257118107643,0.17523100212496365,4.988223807140687,4.923604060190118,0.08386579038291052,0.3821138211382114,catboost,per_crop,土豆,fold1_test2024,target_mean_price_next_7d,朝阳
243,0.08612499135541712,0.10723708785913233,3.022041671801208,2.967434082918751,0.011924552024259044,0.45267489711934156,catboost,per_crop,土豆,fold2_test2025,target_mean_price_next_7d,朝阳
172,0.09140701259555532,0.11418419040454553,2.9903718566272297,2.9345840625021298,-0.006997773217993738,0.37209302325581395,catboost,per_crop,土豆,fold3_test2026,target_mean_price_next_7d,朝阳
246,0.8196470360894267,1.1188405661974732,7.502033390620287,7.323110098357801,0.005175945271848029,0.7073170731707317,catboost,per_crop,芸豆,fold1_test2024,target_mean_price_next_7d,朝阳
243,0.7443478418253072,1.039932900711435,7.13964653839691,7.120118575012698,0.06350414028249993,0.5185185185185185,catboost,per_crop,芸豆,fold2_test2025,target_mean_price_next_7d,朝阳
172,0.7747727808829431,1.0260284148169352,8.715885933481843,7.828788936131997,0.3940500255120701,0.48255813953488375,catboost,per_crop,芸豆,fold3_test2026,target_mean_price_next_7d,朝阳
246,1.0969058225598702,1.6144508187689224,18.78195515533292,19.774545391346876,-1.0436260337043923,0.5203252032520326,catboost,per_crop,芹菜,fold1_test2024,target_mean_price_next_7d,朝阳
243,0.3348573999075171,0.43070244713415473,8.09147584630816,7.779928681802064,0.11172770385247979,0.4609053497942387,catboost,per_crop,芹菜,fold2_test2025,target_mean_price_next_7d,朝阳
172,0.3669644013944034,0.4133231810933382,8.472067197066982,8.406067307094998,0.22048059673109305,0.3313953488372093,catboost,per_crop,芹菜,fold3_test2026,target_mean_price_next_7d,朝阳
246,0.41060689826138114,0.5497030110878417,7.257621149608938,7.095293926416415,-0.15731218809035152,0.532520325203252,catboost,per_crop,茄子,fold1_test2024,target_mean_price_next_7d,朝阳
243,0.49634691992905533,0.6548628214498682,10.743421549921262,9.835493175436179,0.10656791420638907,0.48148148148148145,catboost,per_crop,茄子,fold2_test2025,target_mean_price_next_7d,朝阳
172,0.33374307173127366,0.46566721004843853,6.030362625814029,6.1774216489216895,-0.01985171561646369,0.5232558139534884,catboost,per_crop,茄子,fold3_test2026,target_mean_price_next_7d,朝阳
246,0.7037337625861461,0.9480432456980074,10.075118341307048,9.862842489383352,-0.09348649636831015,0.556910569105691,catboost,per_crop,西红柿,fold1_test2024,target_mean_price_next_7d,朝阳
243,0.5625809711221867,0.8365762701268691,7.024642111751598,7.401800052664881,-0.4257008623166261,0.5020576131687243,catboost,per_crop,西红柿,fold2_test2025,target_mean_price_next_7d,朝阳
172,0.48085303487781555,0.6842130816051335,5.959283819635645,6.536363349583545,-0.38174092299213647,0.6395348837209303,catboost,per_crop,西红柿,fold3_test2026,target_mean_price_next_7d,朝阳
246,0.9619675976413145,1.731850111118338,10.942473734986194,13.524917306855247,-0.8365742505798127,0.5772357723577236,catboost,per_crop,青椒,fold1_test2024,target_mean_price_next_7d,朝阳
243,0.376504053280758,0.48742691071461125,5.653020041953476,5.77418466326964,-0.05338777770953603,0.6337448559670782,catboost,per_crop,青椒,fold2_test2025,target_mean_price_next_7d,朝阳
172,0.405546857448796,0.6312807505485594,5.71977477640407,6.106411282019749,-0.290937586036387,0.4883720930232558,catboost,per_crop,青椒,fold3_test2026,target_mean_price_next_7d,朝阳
246,0.4964446484681585,0.6518869620054091,8.844775573688997,8.687651857446928,0.11901929846596675,0.4796747967479675,catboost,per_crop,韭菜,fold1_test2024,target_mean_price_next_7d,朝阳
243,0.8401702638301328,1.2550808207647708,11.696017419947667,13.035796865323176,-0.4780149049431614,0.5679012345679012,catboost,per_crop,韭菜,fold2_test2025,target_mean_price_next_7d,朝阳
172,0.3389584287700941,0.4840976687689944,5.960100364480173,6.215082712837107,0.08201780441842349,0.5988372093023255,catboost,per_crop,韭菜,fold3_test2026,target_mean_price_next_7d,朝阳
246,0.7018984616197016,0.9893199748217273,10.900921848637683,11.517394383002378,-0.14758652092458238,0.6260162601626016,catboost,per_crop,黄瓜,fold1_test2024,target_mean_price_next_7d,朝阳
243,0.5781677505010865,0.8165871731851028,8.560452702347966,8.966330957337892,-0.06916372889301874,0.6090534979423868,catboost,per_crop,黄瓜,fold2_test2025,target_mean_price_next_7d,朝阳
172,0.43528577035145,0.5440295244499215,7.842346895136261,7.631753206312066,0.08981939586668733,0.6918604651162791,catboost,per_crop,黄瓜,fold3_test2026,target_mean_price_next_7d,朝阳
246,0.1504382416436641,0.1845274744188071,5.123685154618024,5.182514778762099,0.12790874026690494,0.32926829268292684,elasticnet,per_crop,土豆,fold1_test2024,target_mean_price_next_7d,朝阳
243,0.07133965378550047,0.10164904128128968,2.4977341066421506,2.458005705139644,0.009815755125602729,0.45267489711934156,elasticnet,per_crop,土豆,fold2_test2025,target_mean_price_next_7d,朝阳
172,0.06461543761689428,0.08551588124544716,2.066714408019694,2.0744517082200193,-0.009852549021183111,0.4127906976744186,elasticnet,per_crop,土豆,fold3_test2026,target_mean_price_next_7d,朝阳
246,1.5089545723229707,2.030443757137532,13.80919665357036,13.481706124703043,-0.29214932484443185,0.6016260162601627,elasticnet,per_crop,芸豆,fold1_test2024,target_mean_price_next_7d,朝阳
243,0.9291313867534831,1.1338167403012753,9.225467532042916,8.887680293702518,0.7532015102677739,0.5473251028806584,elasticnet,per_crop,芸豆,fold2_test2025,target_mean_price_next_7d,朝阳
172,0.6551149837093172,0.8303646310503997,6.988737317910537,6.6196916862683075,0.39349199913461586,0.5232558139534884,elasticnet,per_crop,芸豆,fold3_test2026,target_mean_price_next_7d,朝阳
246,0.7925039598085111,1.1000466000661722,13.430979532236439,14.286919810018766,-0.48790610877761365,0.4715447154471545,elasticnet,per_crop,芹菜,fold1_test2024,target_mean_price_next_7d,朝阳
243,0.2978113067973783,0.39941681885018177,6.992418168758274,6.919216144417851,-0.05332147863909241,0.46502057613168724,elasticnet,per_crop,芹菜,fold2_test2025,target_mean_price_next_7d,朝阳
172,0.2043130775960626,0.2580839627847063,4.685830481227343,4.680207332008577,0.0727279579942398,0.47674418604651164,elasticnet,per_crop,芹菜,fold3_test2026,target_mean_price_next_7d,朝阳
246,0.6382454244809319,0.7964848015193874,11.051805034716597,11.028891387498998,-0.11072201960462873,0.5,elasticnet,per_crop,茄子,fold1_test2024,target_mean_price_next_7d,朝阳
243,0.34404764036192215,0.4795019405430165,6.384883402407236,6.817566671489119,0.023619179385768546,0.43209876543209874,elasticnet,per_crop,茄子,fold2_test2025,target_mean_price_next_7d,朝阳
172,0.2807553418337617,0.39550625004143714,5.368297031684873,5.196644585601359,0.08856014040464075,0.5523255813953488,elasticnet,per_crop,茄子,fold3_test2026,target_mean_price_next_7d,朝阳
246,0.6081941057604593,0.7931154594994267,9.114351098177215,8.523852324553598,-0.3939036656554271,0.4634146341463415,elasticnet,per_crop,西红柿,fold1_test2024,target_mean_price_next_7d,朝阳
243,0.3530069856680836,0.45808590408431826,4.780992371417858,4.644464102468905,-0.17909154687447632,0.5390946502057613,elasticnet,per_crop,西红柿,fold2_test2025,target_mean_price_next_7d,朝阳
172,0.30414471255869824,0.4409646920642851,4.124745797800092,4.1343200685911174,0.08504351854104547,0.5348837209302325,elasticnet,per_crop,西红柿,fold3_test2026,target_mean_price_next_7d,朝阳
246,0.7839253706746753,1.2060709070451696,9.642436934311021,11.02170784038628,-0.6741955283319254,0.5121951219512195,elasticnet,per_crop,青椒,fold1_test2024,target_mean_price_next_7d,朝阳
243,0.3986929648460508,0.5033267649523666,6.091305509956517,6.1144807948478554,-0.05749698571642229,0.5473251028806584,elasticnet,per_crop,青椒,fold2_test2025,target_mean_price_next_7d,朝阳
172,0.34212024899588894,0.522992970108208,5.058310907563835,5.1513824109453825,-0.08779796878113569,0.5581395348837209,elasticnet,per_crop,青椒,fold3_test2026,target_mean_price_next_7d,朝阳
246,0.45865634804422595,0.6236568232992834,8.059186645594602,8.026366456585574,-0.02803641326055752,0.483739837398374,elasticnet,per_crop,韭菜,fold1_test2024,target_mean_price_next_7d,朝阳
243,0.5297067340214314,0.7482940704685853,8.169797094698334,8.21875003218782,-0.009682290518511447,0.6172839506172839,elasticnet,per_crop,韭菜,fold2_test2025,target_mean_price_next_7d,朝阳
172,0.3968749526538906,0.4991778480552744,7.342647641145211,7.277030007329523,0.1960752266650413,0.4069767441860465,elasticnet,per_crop,韭菜,fold3_test2026,target_mean_price_next_7d,朝阳
246,0.7953651362766154,1.0888105563075166,12.418097888619398,13.051081394094172,-0.07889477448780313,0.6260162601626016,elasticnet,per_crop,黄瓜,fold1_test2024,target_mean_price_next_7d,朝阳
243,0.5411422875309991,0.7551280872880738,8.566719719714008,8.39213332256712,-0.10866153948584908,0.4732510288065844,elasticnet,per_crop,黄瓜,fold2_test2025,target_mean_price_next_7d,朝阳
172,0.5760273549776576,0.7482964238256643,9.622943741314097,10.099339130072602,0.308827893297627,0.5116279069767442,elasticnet,per_crop,黄瓜,fold3_test2026,target_mean_price_next_7d,朝阳
246,0.10908268546534816,0.14268938344105755,3.757946544484373,3.7578385878125142,0.007466383505873647,0.3943089430894309,elasticnet_tuned,per_crop,土豆,fold1_test2024,target_mean_price_next_7d,朝阳
243,0.08956312862088607,0.11397183456965197,3.1515328755921854,3.0858950028299366,0.01045923508659009,0.3991769547325103,elasticnet_tuned,per_crop,土豆,fold2_test2025,target_mean_price_next_7d,朝阳
172,0.07670627446389836,0.10172071919839325,2.431408293564642,2.4626229885847484,-0.022790161857074328,0.4127906976744186,elasticnet_tuned,per_crop,土豆,fold3_test2026,target_mean_price_next_7d,朝阳
246,0.9586332863681879,1.2623968494970723,8.795806093190082,8.564878284094561,-0.16544476897714203,0.5934959349593496,elasticnet_tuned,per_crop,芸豆,fold1_test2024,target_mean_price_next_7d,朝阳
243,0.6452277695589328,0.8409786299091601,6.296209906771056,6.171977627939129,0.19610970396440405,0.5679012345679012,elasticnet_tuned,per_crop,芸豆,fold2_test2025,target_mean_price_next_7d,朝阳
172,0.5802997189006522,0.7342227360229485,6.259655233285509,5.8637114403949635,0.27095699914973037,0.5232558139534884,elasticnet_tuned,per_crop,芸豆,fold3_test2026,target_mean_price_next_7d,朝阳
246,0.5582461264857114,0.8071630193152689,9.198853949320943,10.063820558426059,-0.4970298831543016,0.4959349593495935,elasticnet_tuned,per_crop,芹菜,fold1_test2024,target_mean_price_next_7d,朝阳
243,0.2616383298441032,0.3716337269166276,6.091180986613567,6.07878920153806,0.023922121670334407,0.48148148148148145,elasticnet_tuned,per_crop,芹菜,fold2_test2025,target_mean_price_next_7d,朝阳
172,0.20231414325261,0.2673279103873196,4.442691724541265,4.634417668025703,-0.012356474678988738,0.436046511627907,elasticnet_tuned,per_crop,芹菜,fold3_test2026,target_mean_price_next_7d,朝阳
246,0.3291647985642084,0.45964369152954776,5.909195053896292,5.687973109881806,-0.043075283056209154,0.6016260162601627,elasticnet_tuned,per_crop,茄子,fold1_test2024,target_mean_price_next_7d,朝阳
243,0.29369471700519906,0.39866854801613444,5.982454679336912,5.8197850511073534,0.006979807367742426,0.4732510288065844,elasticnet_tuned,per_crop,茄子,fold2_test2025,target_mean_price_next_7d,朝阳
172,0.29619980397964135,0.3951303419891321,5.587332671793685,5.4825140549539055,0.021018025610677636,0.5348837209302325,elasticnet_tuned,per_crop,茄子,fold3_test2026,target_mean_price_next_7d,朝阳
246,0.44987571291171696,0.6403049600410521,6.089962727741498,6.305016942688119,-0.017546892306792527,0.508130081300813,elasticnet_tuned,per_crop,西红柿,fold1_test2024,target_mean_price_next_7d,朝阳
243,0.36211349054574044,0.493285398709595,4.710963059796537,4.764277128047394,-0.22829879316205018,0.4897119341563786,elasticnet_tuned,per_crop,西红柿,fold2_test2025,target_mean_price_next_7d,朝阳
172,0.3260912420376137,0.4601931027217932,4.261921290049217,4.4326450879455,-0.012554800182686541,0.5116279069767442,elasticnet_tuned,per_crop,西红柿,fold3_test2026,target_mean_price_next_7d,朝阳
246,0.6101473469302052,0.9467600398888772,7.521425499961125,8.57845153252772,-0.35968855499342467,0.5040650406504065,elasticnet_tuned,per_crop,青椒,fold1_test2024,target_mean_price_next_7d,朝阳
243,0.3798110390486645,0.5094643838708678,5.601383203606206,5.824901637858112,-0.03987683828426447,0.5020576131687243,elasticnet_tuned,per_crop,青椒,fold2_test2025,target_mean_price_next_7d,朝阳
172,0.35598251969049094,0.545071873648937,4.798610343090994,5.3601097740334245,-0.20519609633762384,0.5813953488372093,elasticnet_tuned,per_crop,青椒,fold3_test2026,target_mean_price_next_7d,朝阳
246,0.35410464026524163,0.5301972779388366,6.291387296040124,6.196738841325664,-0.0281955872139232,0.516260162601626,elasticnet_tuned,per_crop,韭菜,fold1_test2024,target_mean_price_next_7d,朝阳
243,0.483743352939551,0.7615308714172448,7.381302779014598,7.505597800049343,-0.19378418545155496,0.6213991769547325,elasticnet_tuned,per_crop,韭菜,fold2_test2025,target_mean_price_next_7d,朝阳
172,0.33332167029178483,0.44513014222134517,6.06353369167307,6.111728091144724,0.013747993238724363,0.36046511627906974,elasticnet_tuned,per_crop,韭菜,fold3_test2026,target_mean_price_next_7d,朝阳
246,0.6606931946906306,0.9448151952248154,10.184513938059013,10.841260531983723,-0.17409526009396412,0.6585365853658537,elasticnet_tuned,per_crop,黄瓜,fold1_test2024,target_mean_price_next_7d,朝阳
243,0.546802777330208,0.7837395042414382,8.23035011025216,8.479917231089091,-0.11659118304743557,0.5308641975308642,elasticnet_tuned,per_crop,黄瓜,fold2_test2025,target_mean_price_next_7d,朝阳
172,0.4819312734217019,0.6214626811272856,8.355535054987948,8.449576787654983,-0.043641114160370344,0.5988372093023255,elasticnet_tuned,per_crop,黄瓜,fold3_test2026,target_mean_price_next_7d,朝阳
246,0.11857589209091529,0.15470130111000077,4.0461302631903555,4.0848743408052846,0.024922037077364068,0.3333333333333333,extra_trees,per_crop,土豆,fold1_test2024,target_mean_price_next_7d,朝阳
243,0.0870258567264349,0.1154386005242707,2.989235073248698,2.998473373187559,0.011079350422953405,0.38271604938271603,extra_trees,per_crop,土豆,fold2_test2025,target_mean_price_next_7d,朝阳
172,0.09054668322028557,0.11358021828839462,2.952831626752521,2.9069635462914096,0.0035636615794551554,0.4011627906976744,extra_trees,per_crop,土豆,fold3_test2026,target_mean_price_next_7d,朝阳
246,0.9370318089834184,1.2712093013797134,8.402350812855339,8.37188057872789,0.19029390691540812,0.6869918699186992,extra_trees,per_crop,芸豆,fold1_test2024,target_mean_price_next_7d,朝阳
243,0.694925447361731,1.00285590503909,6.5256672589648055,6.64736472383098,0.13711283812393318,0.5967078189300411,extra_trees,per_crop,芸豆,fold2_test2025,target_mean_price_next_7d,朝阳
172,0.8535467804655754,1.1524557290128807,8.880522440559817,8.624770715053776,0.6044757167658747,0.4476744186046512,extra_trees,per_crop,芸豆,fold3_test2026,target_mean_price_next_7d,朝阳
246,0.8109612298441713,1.2883124214695403,13.29023276125911,14.619659518947234,-0.6967187602513203,0.540650406504065,extra_trees,per_crop,芹菜,fold1_test2024,target_mean_price_next_7d,朝阳
243,0.29359795399181643,0.3829125323283624,6.853570526388572,6.821324969405457,0.04982723669666827,0.4897119341563786,extra_trees,per_crop,芹菜,fold2_test2025,target_mean_price_next_7d,朝阳
172,0.25613804131400636,0.34001640564077906,5.649438558130068,5.867363719781932,-0.0787897122851076,0.4186046511627907,extra_trees,per_crop,芹菜,fold3_test2026,target_mean_price_next_7d,朝阳
246,0.38309242490966594,0.5333265868321013,6.769884651441448,6.619843376297559,-0.14984247878758425,0.5934959349593496,extra_trees,per_crop,茄子,fold1_test2024,target_mean_price_next_7d,朝阳
243,0.34642686777385895,0.45637681960595816,7.628659007823028,6.86471287917841,0.10734729391207815,0.5349794238683128,extra_trees,per_crop,茄子,fold2_test2025,target_mean_price_next_7d,朝阳
172,0.3247428123269657,0.4775281666588644,5.909643332184463,6.010831232522423,0.020056942656423805,0.4941860465116279,extra_trees,per_crop,茄子,fold3_test2026,target_mean_price_next_7d,朝阳
246,0.529254179329592,0.6978597354598275,7.880577232582425,7.417507706881729,0.10685883436572532,0.516260162601626,extra_trees,per_crop,西红柿,fold1_test2024,target_mean_price_next_7d,朝阳
243,0.4360630678032534,0.6047364821995508,5.64500345070521,5.7372214915003195,-0.257149357485791,0.49794238683127573,extra_trees,per_crop,西红柿,fold2_test2025,target_mean_price_next_7d,朝阳
172,0.34066140728820604,0.43403244819803727,4.757503098200773,4.630701224090188,-0.017103046038667444,0.5348837209302325,extra_trees,per_crop,西红柿,fold3_test2026,target_mean_price_next_7d,朝阳
246,0.7781532264819885,1.346377078158646,8.881939354759092,10.940553575855176,-0.4793775610389813,0.5853658536585366,extra_trees,per_crop,青椒,fold1_test2024,target_mean_price_next_7d,朝阳
243,0.332728221920112,0.4482810574613587,4.916799659208657,5.102824735369925,0.030183131042197414,0.6255144032921811,extra_trees,per_crop,青椒,fold2_test2025,target_mean_price_next_7d,朝阳
172,0.3667716474598569,0.5690942900824362,5.188446049328271,5.522564125050871,-0.23712241077196508,0.5465116279069767,extra_trees,per_crop,青椒,fold3_test2026,target_mean_price_next_7d,朝阳
246,0.4900564284965348,0.6948686233511596,7.815715569558547,8.575859674222668,0.147437764406238,0.483739837398374,extra_trees,per_crop,韭菜,fold1_test2024,target_mean_price_next_7d,朝阳
243,0.6378188558317696,0.9352205745640063,9.150692790650373,9.89618104738926,-0.23635551864915952,0.5637860082304527,extra_trees,per_crop,韭菜,fold2_test2025,target_mean_price_next_7d,朝阳
172,0.39171249232881206,0.5606522797165482,6.774043882103105,7.182372033965286,0.16760382446244035,0.5930232558139535,extra_trees,per_crop,韭菜,fold3_test2026,target_mean_price_next_7d,朝阳
246,0.6241956791736565,0.8523551846792925,9.929720926880528,10.242375788400265,0.02551757727187595,0.6016260162601627,extra_trees,per_crop,黄瓜,fold1_test2024,target_mean_price_next_7d,朝阳
243,0.5355843585297636,0.774428787786236,8.382760070379083,8.305939945611602,-0.04686833660521596,0.5473251028806584,extra_trees,per_crop,黄瓜,fold2_test2025,target_mean_price_next_7d,朝阳
172,0.5483697091292907,0.7472796888069375,8.941759975203102,9.614424754829201,0.252771154773441,0.5872093023255814,extra_trees,per_crop,黄瓜,fold3_test2026,target_mean_price_next_7d,朝阳
246,0.11602062308378434,0.14959956108333117,3.941443443196325,3.996846727291053,0.029036492160301013,0.36585365853658536,extra_trees_tuned,per_crop,土豆,fold1_test2024,target_mean_price_next_7d,朝阳
243,0.08298024423655666,0.1095859156238471,2.865960389342432,2.8590819120122033,0.01712749030918012,0.43621399176954734,extra_trees_tuned,per_crop,土豆,fold2_test2025,target_mean_price_next_7d,朝阳
172,0.08371543398245122,0.10296955412886384,2.704662821341422,2.6876491351637966,0.004182081845621315,0.4011627906976744,extra_trees_tuned,per_crop,土豆,fold3_test2026,target_mean_price_next_7d,朝阳
246,0.8919241439060629,1.2221235758853743,8.003305033240327,7.96886759497169,0.07096801151359167,0.6707317073170732,extra_trees_tuned,per_crop,芸豆,fold1_test2024,target_mean_price_next_7d,朝阳
243,0.6421641527775771,0.9129367197450236,6.138538137155407,6.142672357572306,0.1296468174874533,0.6172839506172839,extra_trees_tuned,per_crop,芸豆,fold2_test2025,target_mean_price_next_7d,朝阳
172,0.7810396900704499,1.030546577247049,8.256074678831151,7.892113707628208,0.5211266768518611,0.46511627906976744,extra_trees_tuned,per_crop,芸豆,fold3_test2026,target_mean_price_next_7d,朝阳
246,0.7637915308512534,1.2159266795575898,12.41469094542768,13.769304516131381,-0.6780830135421305,0.508130081300813,extra_trees_tuned,per_crop,芹菜,fold1_test2024,target_mean_price_next_7d,朝阳
243,0.26513292564344,0.3667641757402327,6.1864129856776415,6.159981094260378,-0.01672041709336751,0.5102880658436214,extra_trees_tuned,per_crop,芹菜,fold2_test2025,target_mean_price_next_7d,朝阳
172,0.23031116094690707,0.30899657616105203,5.071909745327761,5.27574640248038,-0.07162465432039328,0.37790697674418605,extra_trees_tuned,per_crop,芹菜,fold3_test2026,target_mean_price_next_7d,朝阳
246,0.37337908915416596,0.5174290256118448,6.5516337632514965,6.451996775368388,-0.11331644623905675,0.5853658536585366,extra_trees_tuned,per_crop,茄子,fold1_test2024,target_mean_price_next_7d,朝阳
243,0.32189800798520385,0.42080964171992125,6.867940156674815,6.378654794871104,0.07913571839219774,0.5432098765432098,extra_trees_tuned,per_crop,茄子,fold2_test2025,target_mean_price_next_7d,朝阳
172,0.3190714049562277,0.46018912939528867,5.825748234532834,5.905856245356067,0.038091267626007064,0.48255813953488375,extra_trees_tuned,per_crop,茄子,fold3_test2026,target_mean_price_next_7d,朝阳
246,0.5387452034014205,0.7136560085565238,7.914269580221353,7.550524595455315,0.023951921735731366,0.524390243902439,extra_trees_tuned,per_crop,西红柿,fold1_test2024,target_mean_price_next_7d,朝阳
243,0.4065857641457234,0.5679615640162978,5.2478664151908845,5.349392682912094,-0.21692669247239163,0.4773662551440329,extra_trees_tuned,per_crop,西红柿,fold2_test2025,target_mean_price_next_7d,朝阳
172,0.30796420992690615,0.4259514780862274,4.193666528712018,4.1862395134121915,0.030768086429912585,0.5290697674418605,extra_trees_tuned,per_crop,西红柿,fold3_test2026,target_mean_price_next_7d,朝阳
246,0.7526036660059663,1.278943615162462,8.63714987534698,10.581335974854914,-0.4334856521690871,0.6178861788617886,extra_trees_tuned,per_crop,青椒,fold1_test2024,target_mean_price_next_7d,朝阳
243,0.3421752455823596,0.45485364572677567,5.062684565752948,5.247707263642254,0.0072536114199390255,0.588477366255144,extra_trees_tuned,per_crop,青椒,fold2_test2025,target_mean_price_next_7d,朝阳
172,0.35069402326312527,0.5487006338324479,4.933750916036131,5.280479680356607,-0.21549425646261078,0.5348837209302325,extra_trees_tuned,per_crop,青椒,fold3_test2026,target_mean_price_next_7d,朝阳
246,0.454903984316321,0.641564801311476,7.421809633651234,7.960701070099612,0.12268079150520136,0.4796747967479675,extra_trees_tuned,per_crop,韭菜,fold1_test2024,target_mean_price_next_7d,朝阳
243,0.6634171972736682,0.9892368130534783,9.433661575380095,10.293356231386541,-0.2899307561496237,0.5432098765432098,extra_trees_tuned,per_crop,韭菜,fold2_test2025,target_mean_price_next_7d,朝阳
172,0.30690758425639064,0.44734229500210443,5.527612728864483,5.62740401019579,0.05110791782898201,0.5813953488372093,extra_trees_tuned,per_crop,韭菜,fold3_test2026,target_mean_price_next_7d,朝阳
246,0.597307572677196,0.8345552964846527,9.352227293385587,9.801171050584937,-0.01838539733226803,0.6016260162601627,extra_trees_tuned,per_crop,黄瓜,fold1_test2024,target_mean_price_next_7d,朝阳
243,0.5424191736229445,0.7969231979927806,8.301804566205004,8.411935505039732,-0.07526342178256099,0.51440329218107,extra_trees_tuned,per_crop,黄瓜,fold2_test2025,target_mean_price_next_7d,朝阳
172,0.488378349008954,0.6343901523657445,8.348283829606922,8.56261170203921,0.13356897720539418,0.5988372093023255,extra_trees_tuned,per_crop,黄瓜,fold3_test2026,target_mean_price_next_7d,朝阳
246,0.12478002188568055,0.157586496347327,4.360816572071034,4.2986032038884385,-0.021587301443996572,0.4105691056910569,catboost,pooled,土豆,fold1_test2024,target_mean_price_next_7d,朝阳
243,0.09813608461205127,0.12044731532739897,3.415480987795547,3.3812759532275125,0.005706680413352361,0.3786008230452675,catboost,pooled,土豆,fold2_test2025,target_mean_price_next_7d,朝阳
172,0.08223182345794858,0.10474480841317367,2.6138240886276933,2.640018437293494,-0.023242629229590476,0.48255813953488375,catboost,pooled,土豆,fold3_test2026,target_mean_price_next_7d,朝阳
246,0.9056005581431105,1.2751710864911594,8.063716037735414,8.09105907837714,-0.3457528324308473,0.6422764227642277,catboost,pooled,芸豆,fold1_test2024,target_mean_price_next_7d,朝阳
243,0.6443355239436915,0.926801873905048,6.279442160440726,6.163442781431111,0.13113918112877443,0.5720164609053497,catboost,pooled,芸豆,fold2_test2025,target_mean_price_next_7d,朝阳
172,0.6165373224419951,0.8845254366629005,6.268265606699659,6.229878859638962,0.21349751418758117,0.5930232558139535,catboost,pooled,芸豆,fold3_test2026,target_mean_price_next_7d,朝阳
246,0.3767224820756663,0.48832995417805525,6.694909860654312,6.791390535571271,-0.022622052989318502,0.540650406504065,catboost,pooled,芹菜,fold1_test2024,target_mean_price_next_7d,朝阳
243,0.2968680571672066,0.4101154214036467,6.756893423005788,6.897301099823052,0.1168038647442149,0.4403292181069959,catboost,pooled,芹菜,fold2_test2025,target_mean_price_next_7d,朝阳
172,0.19873854791858248,0.27360514783139245,4.261924273120165,4.552511371593243,0.07290451241052856,0.45930232558139533,catboost,pooled,芹菜,fold3_test2026,target_mean_price_next_7d,朝阳
246,0.42346180360635705,0.542581583347353,7.4305409567098035,7.317426901300837,-0.03655053338908173,0.6016260162601627,catboost,pooled,茄子,fold1_test2024,target_mean_price_next_7d,朝阳
243,0.2934300490416175,0.4039938132385254,6.085900020422746,5.814540453337038,0.06961087845061002,0.51440329218107,catboost,pooled,茄子,fold2_test2025,target_mean_price_next_7d,朝阳
172,0.31035011197177165,0.42281110955845325,5.979623219804719,5.74442936146813,0.12710377866020373,0.5465116279069767,catboost,pooled,茄子,fold3_test2026,target_mean_price_next_7d,朝阳
246,0.49997504647942254,0.6988243055115952,6.7987578620545035,7.0071600855515666,-0.14514638667781668,0.5284552845528455,catboost,pooled,西红柿,fold1_test2024,target_mean_price_next_7d,朝阳
243,0.3579113314544679,0.480837455574012,4.702411007071658,4.708989901888563,-0.08732391221770908,0.43621399176954734,catboost,pooled,西红柿,fold2_test2025,target_mean_price_next_7d,朝阳
172,0.2989754660059822,0.417561282456247,3.8466500226642037,4.064053123679935,0.030229795535682533,0.5813953488372093,catboost,pooled,西红柿,fold3_test2026,target_mean_price_next_7d,朝阳
246,0.6095312184419175,0.9610068612391427,7.54949715555303,8.56978898830594,-0.20795394144134985,0.524390243902439,catboost,pooled,青椒,fold1_test2024,target_mean_price_next_7d,朝阳
243,0.31669782602890484,0.44239794241829744,4.674015724998255,4.856977538521488,0.08850213840823834,0.6666666666666666,catboost,pooled,青椒,fold2_test2025,target_mean_price_next_7d,朝阳
172,0.3167299417023802,0.4778168136404024,4.328721092994874,4.76907477851451,0.03439328366249128,0.5988372093023255,catboost,pooled,青椒,fold3_test2026,target_mean_price_next_7d,朝阳
246,0.436211519618141,0.588118572864549,7.286522046726025,7.633587813553307,0.10381683744745336,0.491869918699187,catboost,pooled,韭菜,fold1_test2024,target_mean_price_next_7d,朝阳
243,0.5244862875662544,0.7471597637230162,8.034099285178657,8.137751355531794,-0.07431213446912768,0.5925925925925926,catboost,pooled,韭菜,fold2_test2025,target_mean_price_next_7d,朝阳
172,0.34216956157067996,0.49596998367748907,5.830676380240584,6.273961484579002,0.098766342804011,0.5406976744186046,catboost,pooled,韭菜,fold3_test2026,target_mean_price_next_7d,朝阳
246,0.6486860967276876,0.9173873069243609,10.044820080180102,10.644237044689794,-0.043204009274481446,0.5609756097560976,catboost,pooled,黄瓜,fold1_test2024,target_mean_price_next_7d,朝阳
243,0.5057915839871263,0.7064227818428289,7.759396143284192,7.843908162525951,-0.06630417438428146,0.6131687242798354,catboost,pooled,黄瓜,fold2_test2025,target_mean_price_next_7d,朝阳
172,0.48142830385942914,0.6031776465940699,8.435155948196064,8.440758351972024,0.09299880124112772,0.563953488372093,catboost,pooled,黄瓜,fold3_test2026,target_mean_price_next_7d,朝阳
246,0.2013208326718111,0.2554267375324515,7.265116852328372,6.935392086446222,-0.13450210127950368,0.43089430894308944,elasticnet,pooled,土豆,fold1_test2024,target_mean_price_next_7d,朝阳
243,0.13466990164744017,0.16971782371256983,4.670818377495063,4.6400475611402685,0.03282650807942691,0.40329218106995884,elasticnet,pooled,土豆,fold2_test2025,target_mean_price_next_7d,朝阳
172,0.1364861991828809,0.16607288563015407,4.394560722084042,4.381832569518298,0.013773287538076391,0.37790697674418605,elasticnet,pooled,土豆,fold3_test2026,target_mean_price_next_7d,朝阳
246,0.8968499820932752,1.3079160665626235,8.315007088217206,8.012877337926115,-0.23037668756170082,0.5,elasticnet,pooled,芸豆,fold1_test2024,target_mean_price_next_7d,朝阳
243,0.6005346425491801,0.8194838160524651,5.960512495195264,5.744461961315854,-0.08519322387019918,0.5432098765432098,elasticnet,pooled,芸豆,fold2_test2025,target_mean_price_next_7d,朝阳
172,0.5393617726152221,0.708682534060665,5.953888335950501,5.4500488171648325,0.19802970190068866,0.5406976744186046,elasticnet,pooled,芸豆,fold3_test2026,target_mean_price_next_7d,朝阳
246,0.4013656641696332,0.51297879205154,7.217072974043987,7.235647200894768,-0.22827093210424726,0.532520325203252,elasticnet,pooled,芹菜,fold1_test2024,target_mean_price_next_7d,朝阳
243,0.27619898615128907,0.3727751832487038,6.502669190243155,6.4170850482519874,0.006723289485355982,0.4773662551440329,elasticnet,pooled,芹菜,fold2_test2025,target_mean_price_next_7d,朝阳
172,0.19804506230890603,0.2626406016893499,4.511500030147563,4.53662567072065,0.03793804376760415,0.563953488372093,elasticnet,pooled,芹菜,fold3_test2026,target_mean_price_next_7d,朝阳
246,0.39919600676309874,0.52684106147445,7.306701997959743,6.898113534451299,-0.1572022784756287,0.540650406504065,elasticnet,pooled,茄子,fold1_test2024,target_mean_price_next_7d,朝阳
243,0.2993869912517324,0.4163362323044108,5.755170919318388,5.932581811309859,-0.05048950019054667,0.43209876543209874,elasticnet,pooled,茄子,fold2_test2025,target_mean_price_next_7d,朝阳
172,0.3149819110962561,0.45650320047256193,5.928200814849574,5.830161706522128,0.14383332535239932,0.5,elasticnet,pooled,茄子,fold3_test2026,target_mean_price_next_7d,朝阳
246,0.4970891276141625,0.6861666324085666,6.969959080115856,6.966713876035343,-0.16481510998925278,0.4715447154471545,elasticnet,pooled,西红柿,fold1_test2024,target_mean_price_next_7d,朝阳
243,0.34442054749233814,0.4436173231739848,4.6817687921825355,4.531493522581244,-0.07415064318370805,0.48148148148148145,elasticnet,pooled,西红柿,fold2_test2025,target_mean_price_next_7d,朝阳
172,0.3225532673380419,0.4692610618006826,4.240012746470704,4.384552455725946,0.18532333140246918,0.4069767441860465,elasticnet,pooled,西红柿,fold3_test2026,target_mean_price_next_7d,朝阳
246,0.5345195665492146,0.7927677475585829,6.982406403425004,7.515152229867324,-0.2749624013217791,0.508130081300813,elasticnet,pooled,青椒,fold1_test2024,target_mean_price_next_7d,朝阳
243,0.3329767220318595,0.4655948384610572,4.967548490551992,5.106635811297449,-0.022156649198064246,0.5349794238683128,elasticnet,pooled,青椒,fold2_test2025,target_mean_price_next_7d,朝阳
172,0.3037177784570129,0.46845539925794066,4.277703576920902,4.573147676662842,0.057671908335484426,0.6569767441860465,elasticnet,pooled,青椒,fold3_test2026,target_mean_price_next_7d,朝阳
246,0.42777728268856774,0.597062587527883,7.776551064053017,7.485990867240259,-0.10825818431389395,0.43902439024390244,elasticnet,pooled,韭菜,fold1_test2024,target_mean_price_next_7d,朝阳
243,0.4955559089551302,0.7422506558064198,7.636033443733052,7.688877412895145,-0.08944966237420807,0.6008230452674898,elasticnet,pooled,韭菜,fold2_test2025,target_mean_price_next_7d,朝阳
172,0.3050581061072822,0.4762168991232623,5.313484680181469,5.593492300981176,0.09984096970682489,0.5116279069767442,elasticnet,pooled,韭菜,fold3_test2026,target_mean_price_next_7d,朝阳
246,0.5812845652631603,0.8692723792924032,9.071957504326287,9.538250833943673,-0.15726866913455917,0.5853658536585366,elasticnet,pooled,黄瓜,fold1_test2024,target_mean_price_next_7d,朝阳
243,0.5134151868126642,0.724104751182349,7.909502897474035,7.96213638601615,-0.06592979344642243,0.5267489711934157,elasticnet,pooled,黄瓜,fold2_test2025,target_mean_price_next_7d,朝阳
172,0.49023771303820296,0.6362241553263425,8.450199949434696,8.59521145226873,0.07233968932283605,0.627906976744186,elasticnet,pooled,黄瓜,fold3_test2026,target_mean_price_next_7d,朝阳
246,0.2352529684418476,0.27556565201685196,7.914138580347954,8.104335522515575,0.22183063332864505,0.32926829268292684,elasticnet_tuned,pooled,土豆,fold1_test2024,target_mean_price_next_7d,朝阳
243,0.23460465335540656,0.264345402868721,7.765554495436937,8.083296537067044,0.2316034470888538,0.3292181069958848,elasticnet_tuned,pooled,土豆,fold2_test2025,target_mean_price_next_7d,朝阳
172,0.18519356578543647,0.20651490272990305,5.7517246385458005,5.945562284553949,0.17750332280266062,0.29069767441860467,elasticnet_tuned,pooled,土豆,fold3_test2026,target_mean_price_next_7d,朝阳
246,0.889552125325074,1.3345803629692363,8.18930392665645,7.94767487120268,-0.33841584504537103,0.4634146341463415,elasticnet_tuned,pooled,芸豆,fold1_test2024,target_mean_price_next_7d,朝阳
243,0.6493372852946141,0.8977569059848596,6.389487210358641,6.211287528068857,-0.2903639317662919,0.4897119341563786,elasticnet_tuned,pooled,芸豆,fold2_test2025,target_mean_price_next_7d,朝阳
172,0.5124004990875686,0.6897593970337761,5.703535914275023,5.1776152403724485,-0.04059749963642662,0.5755813953488372,elasticnet_tuned,pooled,芸豆,fold3_test2026,target_mean_price_next_7d,朝阳
246,0.31964737877520494,0.4245702164201284,5.731909879383788,5.762465173230801,0.04191137145108474,0.5528455284552846,elasticnet_tuned,pooled,芹菜,fold1_test2024,target_mean_price_next_7d,朝阳
243,0.285220801823035,0.3878370292813558,6.576091449910271,6.62669392213661,0.11923504164430676,0.4444444444444444,elasticnet_tuned,pooled,芹菜,fold2_test2025,target_mean_price_next_7d,朝阳
172,0.2152150452020967,0.2724861778835314,4.835097192804836,4.929939112878507,0.12182973459318294,0.37209302325581395,elasticnet_tuned,pooled,芹菜,fold3_test2026,target_mean_price_next_7d,朝阳
246,0.34410803620016756,0.4650832428612984,6.196852125688427,5.946192500954785,0.04626608815132972,0.516260162601626,elasticnet_tuned,pooled,茄子,fold1_test2024,target_mean_price_next_7d,朝阳
243,0.27644503166298906,0.37948281781477144,5.628762705529591,5.477969366049859,0.042653127810624566,0.448559670781893,elasticnet_tuned,pooled,茄子,fold2_test2025,target_mean_price_next_7d,朝阳
172,0.31246874852919304,0.44541142911985415,5.861008968203818,5.783644291887868,0.15209828610424259,0.5,elasticnet_tuned,pooled,茄子,fold3_test2026,target_mean_price_next_7d,朝阳
246,0.4454373352761437,0.6412803963460346,6.042131567327309,6.242812993047857,-0.023911809558585812,0.5203252032520326,elasticnet_tuned,pooled,西红柿,fold1_test2024,target_mean_price_next_7d,朝阳
243,0.3342413850593567,0.4451570788712937,4.455138544071905,4.397567689856692,-0.15322773905806092,0.46502057613168724,elasticnet_tuned,pooled,西红柿,fold2_test2025,target_mean_price_next_7d,朝阳
172,0.2834109170410594,0.431933665857181,3.7214754036341753,3.852480064911634,0.060495007492136106,0.627906976744186,elasticnet_tuned,pooled,西红柿,fold3_test2026,target_mean_price_next_7d,朝阳
246,0.5190141944492023,0.760414155651681,6.7280951675444705,7.29715229309307,-0.03931795783572094,0.4349593495934959,elasticnet_tuned,pooled,青椒,fold1_test2024,target_mean_price_next_7d,朝阳
243,0.3431779513142174,0.4897483303557133,4.9989482633044116,5.263085074341009,-0.017633269721910337,0.5596707818930041,elasticnet_tuned,pooled,青椒,fold2_test2025,target_mean_price_next_7d,朝阳
172,0.30737893934477234,0.49629476798134875,4.173329974672466,4.62827460895112,0.02641505990247246,0.5523255813953488,elasticnet_tuned,pooled,青椒,fold3_test2026,target_mean_price_next_7d,朝阳
246,0.378172897916157,0.5630248224094317,6.588749361645742,6.61792707234332,0.05161871673884949,0.4796747967479675,elasticnet_tuned,pooled,韭菜,fold1_test2024,target_mean_price_next_7d,朝阳
243,0.5015606942916134,0.7614378559051097,7.698940723337596,7.782045625620765,-0.04909335999667984,0.5843621399176955,elasticnet_tuned,pooled,韭菜,fold2_test2025,target_mean_price_next_7d,朝阳
172,0.2981374377910826,0.4491954346167504,5.326658610239936,5.46659613212247,0.08193479481423735,0.4127906976744186,elasticnet_tuned,pooled,韭菜,fold3_test2026,target_mean_price_next_7d,朝阳
246,0.5840681723379237,0.8712789645629743,9.043372854727084,9.58392681450272,-0.018788243033304793,0.5487804878048781,elasticnet_tuned,pooled,黄瓜,fold1_test2024,target_mean_price_next_7d,朝阳
243,0.5220319882102217,0.7630642946559545,7.855337342328851,8.095767314163199,-0.026316375702611767,0.5761316872427984,elasticnet_tuned,pooled,黄瓜,fold2_test2025,target_mean_price_next_7d,朝阳
172,0.5189709052742922,0.6520000491013735,8.878190732495428,9.09898310508041,0.07831606352021571,0.48255813953488375,elasticnet_tuned,pooled,黄瓜,fold3_test2026,target_mean_price_next_7d,朝阳
246,0.11481967770034793,0.15786895873562898,3.956227386262866,3.955474818591883,0.01747102059943175,0.3902439024390244,extra_trees,pooled,土豆,fold1_test2024,target_mean_price_next_7d,朝阳
243,0.08194583038572031,0.10507447472335495,2.859960880336909,2.8234412127388913,0.02692039248971073,0.4444444444444444,extra_trees,pooled,土豆,fold2_test2025,target_mean_price_next_7d,朝阳
172,0.08497711499861645,0.1038229160622035,2.704242962305603,2.7281548786167886,0.016634060596620853,0.3313953488372093,extra_trees,pooled,土豆,fold3_test2026,target_mean_price_next_7d,朝阳
246,0.7993370183134235,1.2346537285936106,7.314349560173242,7.141650897354787,-0.13070841631639127,0.6666666666666666,extra_trees,pooled,芸豆,fold1_test2024,target_mean_price_next_7d,朝阳
243,0.684913286179699,0.9842259496404793,6.628265644532375,6.551592598485128,0.10274542258638807,0.5349794238683128,extra_trees,pooled,芸豆,fold2_test2025,target_mean_price_next_7d,朝阳
172,0.777735290582317,1.1112537026625584,7.499476597109936,7.858723987710876,0.3799540983757835,0.4941860465116279,extra_trees,pooled,芸豆,fold3_test2026,target_mean_price_next_7d,朝阳
246,0.35564311261937104,0.46728446196094636,6.165027797743375,6.411380748439586,0.10412738341237684,0.5203252032520326,extra_trees,pooled,芹菜,fold1_test2024,target_mean_price_next_7d,朝阳
243,0.3009068495072925,0.41838281316336196,6.753041622449926,6.991136614209638,0.14322146604005076,0.48148148148148145,extra_trees,pooled,芹菜,fold2_test2025,target_mean_price_next_7d,朝阳
172,0.24313277846991455,0.30997664866314983,5.446689703377871,5.569451676001968,0.11764057805001768,0.4011627906976744,extra_trees,pooled,芹菜,fold3_test2026,target_mean_price_next_7d,朝阳
246,0.36960519100045136,0.4685016143587212,6.57110656552614,6.386783753467524,0.026956809031811378,0.6016260162601627,extra_trees,pooled,茄子,fold1_test2024,target_mean_price_next_7d,朝阳
243,0.2931595878331283,0.3852073342171416,6.155106633667328,5.809181057995779,0.1325755326795481,0.522633744855967,extra_trees,pooled,茄子,fold2_test2025,target_mean_price_next_7d,朝阳
172,0.31928646346668527,0.438482285088481,6.051158003691155,5.909836873602202,0.09941452755860043,0.47093023255813954,extra_trees,pooled,茄子,fold3_test2026,target_mean_price_next_7d,朝阳
246,0.4261259985159378,0.6019707582476442,5.846916591583248,5.972164229479356,-0.08471699646728631,0.6016260162601627,extra_trees,pooled,西红柿,fold1_test2024,target_mean_price_next_7d,朝阳
243,0.36974412743320956,0.4828797619041499,4.862251101106986,4.864672362537592,0.07489948710725784,0.522633744855967,extra_trees,pooled,西红柿,fold2_test2025,target_mean_price_next_7d,朝阳
172,0.32645256281146207,0.4601942825887623,4.212709418729638,4.43755661744063,0.10533079255490972,0.45930232558139533,extra_trees,pooled,西红柿,fold3_test2026,target_mean_price_next_7d,朝阳
246,0.5272409554884957,0.8285795122444256,6.535064299865491,7.412817584764558,-0.09211602026643914,0.573170731707317,extra_trees,pooled,青椒,fold1_test2024,target_mean_price_next_7d,朝阳
243,0.3389824975422951,0.45446352464093026,5.032715789835675,5.198742274803534,0.0996262004458161,0.6172839506172839,extra_trees,pooled,青椒,fold2_test2025,target_mean_price_next_7d,朝阳
172,0.3422224058693235,0.4742139939316481,5.141167899642882,5.152920610226228,0.049279222153007,0.5813953488372093,extra_trees,pooled,青椒,fold3_test2026,target_mean_price_next_7d,朝阳
246,0.42071622048812823,0.5956345992644261,7.00502901368293,7.362424120513346,0.1571312380710421,0.5365853658536586,extra_trees,pooled,韭菜,fold1_test2024,target_mean_price_next_7d,朝阳
243,0.4747358960170483,0.6910026829087113,7.329285365577844,7.365841153367268,-0.030042503813116125,0.6131687242798354,extra_trees,pooled,韭菜,fold2_test2025,target_mean_price_next_7d,朝阳
172,0.3340573037642382,0.49845214330057036,5.746007569332182,6.125216538368824,0.16461431329266274,0.48255813953488375,extra_trees,pooled,韭菜,fold3_test2026,target_mean_price_next_7d,朝阳
246,0.5523496767728092,0.8030612323539955,8.67693178266289,9.06346061798772,0.019261572630340076,0.6382113821138211,extra_trees,pooled,黄瓜,fold1_test2024,target_mean_price_next_7d,朝阳
243,0.55048046549532,0.7590618224081548,8.36705705729608,8.536951490121528,-0.009762481512975544,0.51440329218107,extra_trees,pooled,黄瓜,fold2_test2025,target_mean_price_next_7d,朝阳
172,0.5018951045407508,0.6483510395200867,8.55121888820842,8.799597492512989,0.11868108123879374,0.5813953488372093,extra_trees,pooled,黄瓜,fold3_test2026,target_mean_price_next_7d,朝阳
246,0.11311820582077775,0.14895706859426863,3.9063542068987593,3.896860047073833,0.03739329064248612,0.34146341463414637,extra_trees_tuned,pooled,土豆,fold1_test2024,target_mean_price_next_7d,朝阳
243,0.07818503470542042,0.10428441088082611,2.737939310242487,2.6938631064890894,0.024124316526338598,0.4444444444444444,extra_trees_tuned,pooled,土豆,fold2_test2025,target_mean_price_next_7d,朝阳
172,0.08149768062581371,0.09890802733014727,2.585672902734996,2.616449087485338,0.016599244048895796,0.3372093023255814,extra_trees_tuned,pooled,土豆,fold3_test2026,target_mean_price_next_7d,朝阳
246,0.8248069352404419,1.286584311497034,7.46583373212864,7.3692110514699944,-0.28312122400777695,0.6463414634146342,extra_trees_tuned,pooled,芸豆,fold1_test2024,target_mean_price_next_7d,朝阳
243,0.6283519552414241,0.8906665098485704,6.192160002034732,6.010550681773871,0.004142141651736807,0.5637860082304527,extra_trees_tuned,pooled,芸豆,fold2_test2025,target_mean_price_next_7d,朝阳
172,0.686344155810017,0.9348378619298459,6.905416357102623,6.935250780571929,0.2711090422710622,0.5116279069767442,extra_trees_tuned,pooled,芸豆,fold3_test2026,target_mean_price_next_7d,朝阳
246,0.3389317727170691,0.44460148025198204,5.919943165955607,6.110115915441346,0.0967125279861506,0.516260162601626,extra_trees_tuned,pooled,芹菜,fold1_test2024,target_mean_price_next_7d,朝阳
243,0.28849235168778165,0.4130898824277684,6.49582963273846,6.70270366429467,0.11717584164171649,0.48559670781893005,extra_trees_tuned,pooled,芹菜,fold2_test2025,target_mean_price_next_7d,朝阳
172,0.21908010342070516,0.291226584024819,4.864017832970243,5.018476146465435,0.09505333195769783,0.4127906976744186,extra_trees_tuned,pooled,芹菜,fold3_test2026,target_mean_price_next_7d,朝阳
246,0.36076769077752985,0.4722827272529578,6.407450567047025,6.234071604884763,0.03722237098902887,0.6178861788617886,extra_trees_tuned,pooled,茄子,fold1_test2024,target_mean_price_next_7d,朝阳
243,0.27748286096862806,0.3746013275967576,5.8154955449442145,5.498534746115759,0.09573292858217734,0.522633744855967,extra_trees_tuned,pooled,茄子,fold2_test2025,target_mean_price_next_7d,朝阳
172,0.30960420787279647,0.42505848218847686,5.890750237708785,5.730623040021137,0.09888638387467354,0.5290697674418605,extra_trees_tuned,pooled,茄子,fold3_test2026,target_mean_price_next_7d,朝阳
246,0.4188619244727306,0.5903303695056165,5.753632511077562,5.870358089248019,-0.07138425870836124,0.6260162601626016,extra_trees_tuned,pooled,西红柿,fold1_test2024,target_mean_price_next_7d,朝阳
243,0.34693155734576914,0.44944709969927726,4.602875235440875,4.5645305320419345,0.0255077340027145,0.5267489711934157,extra_trees_tuned,pooled,西红柿,fold2_test2025,target_mean_price_next_7d,朝阳
172,0.3193331963154655,0.45217113559986855,4.077348696902281,4.3407811728424495,0.0995806332019301,0.4186046511627907,extra_trees_tuned,pooled,西红柿,fold3_test2026,target_mean_price_next_7d,朝阳
246,0.5165402499223187,0.8063722083339159,6.4257617894282495,7.262369525742186,-0.1066133376530513,0.5813008130081301,extra_trees_tuned,pooled,青椒,fold1_test2024,target_mean_price_next_7d,朝阳
243,0.3169260007822412,0.43869488445927474,4.70706514277652,4.860476898355145,0.06833326884891297,0.6460905349794238,extra_trees_tuned,pooled,青椒,fold2_test2025,target_mean_price_next_7d,朝阳
172,0.3377732138658358,0.4734473938631409,4.945808976830908,5.085928114175633,0.042983278255710744,0.5988372093023255,extra_trees_tuned,pooled,青椒,fold3_test2026,target_mean_price_next_7d,朝阳
246,0.4108220791849761,0.5935204739267136,6.8605345010236976,7.189279228458608,0.13159465542389245,0.516260162601626,extra_trees_tuned,pooled,韭菜,fold1_test2024,target_mean_price_next_7d,朝阳
243,0.4756797705072152,0.7019283642988313,7.378527265071093,7.380485989836587,-0.04869821033790696,0.6255144032921811,extra_trees_tuned,pooled,韭菜,fold2_test2025,target_mean_price_next_7d,朝阳
172,0.3096453995741228,0.4690108752954682,5.3820231866119785,5.677604115010764,0.11632506058620222,0.48255813953488375,extra_trees_tuned,pooled,韭菜,fold3_test2026,target_mean_price_next_7d,朝阳
246,0.5627206202105125,0.8217959091500538,8.74917343129908,9.233636579650616,0.02681640764007917,0.6178861788617886,extra_trees_tuned,pooled,黄瓜,fold1_test2024,target_mean_price_next_7d,朝阳
243,0.5343007644815009,0.756793355140777,8.103801685732108,8.286033734928598,-0.03433580497403948,0.5102880658436214,extra_trees_tuned,pooled,黄瓜,fold2_test2025,target_mean_price_next_7d,朝阳
172,0.5025484370549432,0.6470074078038208,8.562923118920414,8.81105220307233,0.09354669246661361,0.563953488372093,extra_trees_tuned,pooled,黄瓜,fold3_test2026,target_mean_price_next_7d,朝阳
246,0.08897115756871855,0.13550680409788995,3.0541422831061356,3.065007500390941,-0.0015843979868370175,0.2804878048780488,baseline_last_value,baseline,土豆,fold1_test2024,target_mean_price_next_7d,朝阳
243,0.06842935528120712,0.10601012150691691,2.394434120463439,2.3577314544582317,0.006714677640603564,0.3868312757201646,baseline_last_value,baseline,土豆,fold2_test2025,target_mean_price_next_7d,朝阳
172,0.06392857142857147,0.09377596495717448,2.036076675660316,2.0524001553676974,0.005528792912513883,0.27325581395348836,baseline_last_value,baseline,土豆,fold3_test2026,target_mean_price_next_7d,朝阳
246,0.8380962059620595,1.2418815600684545,7.684227421654271,7.487943613580632,-0.05236449864498646,0.036585365853658534,baseline_last_value,baseline,芸豆,fold1_test2024,target_mean_price_next_7d,朝阳
243,0.6017254556143445,0.835597204459962,5.968154311022473,5.755852778549707,-0.06320301783264749,0.012345679012345678,baseline_last_value,baseline,芸豆,fold2_test2025,target_mean_price_next_7d,朝阳
172,0.5387915282392027,0.7335953371343739,5.898269350968074,5.444286711200315,0.13319352159468442,0.03488372093023256,baseline_last_value,baseline,芸豆,fold3_test2026,target_mean_price_next_7d,朝阳
246,0.2944850948509485,0.41295872456084354,5.288348045789775,5.308850363849107,-0.021856368563685624,0.07317073170731707,baseline_last_value,baseline,芹菜,fold1_test2024,target_mean_price_next_7d,朝阳
243,0.24298255927885554,0.37177138706655366,5.632363604742476,5.645349281913246,-0.012761120909269062,0.09465020576131687,baseline_last_value,baseline,芹菜,fold2_test2025,target_mean_price_next_7d,朝阳
172,0.17796234772978967,0.24875933779894904,3.901271850345738,4.076590174580547,0.025227021040974535,0.12209302325581395,baseline_last_value,baseline,芹菜,fold3_test2026,target_mean_price_next_7d,朝阳
246,0.33605594270228417,0.4724113394459868,6.05637029110914,5.8070521934431945,0.0007733255903987263,0.06097560975609756,baseline_last_value,baseline,茄子,fold1_test2024,target_mean_price_next_7d,朝阳
243,0.26418871252204584,0.3831259332947195,5.197333096255503,5.235101044667014,-0.05636390358612578,0.13168724279835392,baseline_last_value,baseline,茄子,fold2_test2025,target_mean_price_next_7d,朝阳
172,0.295811184939092,0.4439457574093998,5.328094283802198,5.475320905859245,0.13400055370985609,0.06976744186046512,baseline_last_value,baseline,茄子,fold3_test2026,target_mean_price_next_7d,朝阳
246,0.4314605110336817,0.6202810672221271,5.869882960473994,6.046927527074746,0.018862756484707716,0.044715447154471545,baseline_last_value,baseline,西红柿,fold1_test2024,target_mean_price_next_7d,朝阳
243,0.3165853419557123,0.4224327322509119,4.294193762294353,4.1652695719275945,-0.08495884773662549,0.03292181069958848,baseline_last_value,baseline,西红柿,fold2_test2025,target_mean_price_next_7d,朝阳
172,0.29196843853820603,0.4430350943095298,3.7874655884409907,3.9688047334071457,0.13120708748615728,0.05232558139534884,baseline_last_value,baseline,西红柿,fold3_test2026,target_mean_price_next_7d,朝阳
246,0.5030458768873404,0.7590234503786136,6.402834289974018,7.072643510174256,-0.01906213704994201,0.06504065040650407,baseline_last_value,baseline,青椒,fold1_test2024,target_mean_price_next_7d,朝阳
243,0.3419253380364491,0.49090010604210194,5.012308327635974,5.243874602861426,-0.025409563002155577,0.03292181069958848,baseline_last_value,baseline,青椒,fold2_test2025,target_mean_price_next_7d,朝阳
172,0.31816445182724246,0.5187549014844722,4.37035714493303,4.7906745237714095,0.07204318936877077,0.11046511627906977,baseline_last_value,baseline,青椒,fold3_test2026,target_mean_price_next_7d,朝阳
246,0.36735191637630665,0.5684528508996685,6.296587500295965,6.428562717899869,0.005547812620983343,0.04065040650406504,baseline_last_value,baseline,韭菜,fold1_test2024,target_mean_price_next_7d,朝阳
243,0.517907113462669,0.7698502814675258,7.923612202788188,8.035671121502858,-0.037281990985694735,0.06172839506172839,baseline_last_value,baseline,韭菜,fold2_test2025,target_mean_price_next_7d,朝阳
172,0.2818549280177187,0.4418205338926333,4.99229593877504,5.168042868876509,0.046777408637873705,0.0872093023255814,baseline_last_value,baseline,韭菜,fold3_test2026,target_mean_price_next_7d,朝阳
246,0.5764963221060782,0.8418244300529952,8.944608636869205,9.459680944055943,-0.039775454897406144,0.02032520325203252,baseline_last_value,baseline,黄瓜,fold1_test2024,target_mean_price_next_7d,朝阳
243,0.5262061532431903,0.7775812493911136,7.903615804676173,8.160501027041004,-0.06014305310601604,0.00823045267489712,baseline_last_value,baseline,黄瓜,fold2_test2025,target_mean_price_next_7d,朝阳
172,0.5245528792912515,0.6761366489170322,9.016647525131523,9.196850416633195,0.04929263565891479,0.040697674418604654,baseline_last_value,baseline,黄瓜,fold3_test2026,target_mean_price_next_7d,朝阳
215,0.780548172757475,0.958683172287537,23.97304203179751,26.92993368718507,0.7681915836101882,0.34418604651162793,baseline_previous_year_same_period,baseline,土豆,fold1_test2024,target_mean_price_next_7d,朝阳
238,0.21911564625850338,0.2599504617310085,7.60685701647202,7.570318054421208,-0.05367146858743495,0.3319327731092437,baseline_previous_year_same_period,baseline,土豆,fold2_test2025,target_mean_price_next_7d,朝阳
162,0.2059714873603762,0.26606555520138836,7.132713674590967,6.660833294518119,-0.03895502645502644,0.47530864197530864,baseline_previous_year_same_period,baseline,土豆,fold3_test2026,target_mean_price_next_7d,朝阳
215,2.6144318936877076,3.3900377285949586,25.45417859418843,24.37226624832719,0.21294573643410877,0.5720930232558139,baseline_previous_year_same_period,baseline,芸豆,fold1_test2024,target_mean_price_next_7d,朝阳
238,3.083266306522609,3.696790487695556,27.364209415294237,29.68134689852025,0.530921368547419,0.4369747899159664,baseline_previous_year_same_period,baseline,芸豆,fold2_test2025,target_mean_price_next_7d,朝阳
162,1.4117607289829512,1.7510947387096507,15.52067997900938,14.488121186178516,0.4821869488536156,0.48148148148148145,baseline_previous_year_same_period,baseline,芸豆,fold3_test2026,target_mean_price_next_7d,朝阳
215,2.159630121816169,2.60399615278495,44.95927350006107,39.94801820428051,-1.7894440753045406,0.4744186046511628,baseline_previous_year_same_period,baseline,芹菜,fold1_test2024,target_mean_price_next_7d,朝阳
238,1.875280112044818,2.32704084080464,35.464760102492804,43.64694990821364,1.3402300920368146,0.4831932773109244,baseline_previous_year_same_period,baseline,芹菜,fold2_test2025,target_mean_price_next_7d,朝阳
162,0.8376704879482657,1.0330925833420148,20.396778946871695,19.025662149964482,-0.6807157554379777,0.5246913580246914,baseline_previous_year_same_period,baseline,芹菜,fold3_test2026,target_mean_price_next_7d,朝阳
215,1.3707286821705424,1.8303340873679619,29.690518234471654,24.36589552591379,-0.8050232558139534,0.5023255813953489,baseline_previous_year_same_period,baseline,茄子,fold1_test2024,target_mean_price_next_7d,朝阳
238,2.1334613845538217,2.5575782220821,38.384082364680665,42.66792153021326,0.7971028411364548,0.35714285714285715,baseline_previous_year_same_period,baseline,茄子,fold2_test2025,target_mean_price_next_7d,朝阳
162,0.9451763668430336,1.3745707125888234,16.584501164953636,17.505829396709842,-0.9280570252792474,0.6111111111111112,baseline_previous_year_same_period,baseline,茄子,fold3_test2026,target_mean_price_next_7d,朝阳
215,2.2541439645625694,2.819870825470712,32.23488511575931,31.799653428501973,-0.943813953488372,0.5906976744186047,baseline_previous_year_same_period,baseline,西红柿,fold1_test2024,target_mean_price_next_7d,朝阳
238,1.8822659063625453,2.546226103760701,24.59702754067308,24.748527627334344,-0.25321828731492607,0.5126050420168067,baseline_previous_year_same_period,baseline,西红柿,fold2_test2025,target_mean_price_next_7d,朝阳
162,1.7317592592592594,2.5203846490882063,21.74551683741267,23.3983972256069,-0.795024985302763,0.5061728395061729,baseline_previous_year_same_period,baseline,西红柿,fold3_test2026,target_mean_price_next_7d,朝阳
215,1.8068792912513842,2.539533622202863,28.26549735597253,26.678792706847414,-1.2704296788482832,0.4883720930232558,baseline_previous_year_same_period,baseline,青椒,fold1_test2024,target_mean_price_next_7d,朝阳
238,1.6806882753101242,2.7076831795298455,21.128411588380004,25.869208682301277,0.681966786714686,0.5,baseline_previous_year_same_period,baseline,青椒,fold2_test2025,target_mean_price_next_7d,朝阳
162,1.4390961199294532,1.8470077254285902,22.267344393528848,21.799418659015192,-0.7133348030570253,0.5555555555555556,baseline_previous_year_same_period,baseline,青椒,fold3_test2026,target_mean_price_next_7d,朝阳
215,1.167189368770764,1.4801301572469991,20.3875849918705,20.47132297399898,-0.17337984496124026,0.4558139534883721,baseline_previous_year_same_period,baseline,韭菜,fold1_test2024,target_mean_price_next_7d,朝阳
238,1.558891556622649,1.972478808990837,24.043614202130737,24.29420933766168,-0.5108983593437376,0.5840336134453782,baseline_previous_year_same_period,baseline,韭菜,fold2_test2025,target_mean_price_next_7d,朝阳
162,0.8921325690770134,1.141601364776208,16.377691486744233,16.163009661480718,0.23265873015873015,0.49382716049382713,baseline_previous_year_same_period,baseline,韭菜,fold3_test2026,target_mean_price_next_7d,朝阳
215,1.8134994462901441,2.622725382136056,29.30967265626184,30.036164305571788,-0.4437585825027686,0.5953488372093023,baseline_previous_year_same_period,baseline,黄瓜,fold1_test2024,target_mean_price_next_7d,朝阳
238,2.1605582232893155,2.8815933510243417,31.22709847318247,33.43832804489049,-0.4074509803921567,0.5168067226890757,baseline_previous_year_same_period,baseline,黄瓜,fold2_test2025,target_mean_price_next_7d,朝阳
162,1.3872839506172836,1.7720171315745388,23.489643179696838,24.016285850153785,-0.4373251028806584,0.5802469135802469,baseline_previous_year_same_period,baseline,黄瓜,fold3_test2026,target_mean_price_next_7d,朝阳
246,0.23651858304297332,0.32580136687609795,7.846612002526415,8.147935250236984,-0.007167053813395314,0.4065040650406504,baseline_rolling_mean_30,baseline,土豆,fold1_test2024,target_mean_price_next_7d,朝阳
243,0.2144787379972565,0.27666371244724836,7.407627208005198,7.389858706260736,0.004231824417009547,0.3374485596707819,baseline_rolling_mean_30,baseline,土豆,fold2_test2025,target_mean_price_next_7d,朝阳
172,0.16168050941306755,0.2317533205642909,5.122702134599486,5.190685404413759,0.026924141749723157,0.3023255813953488,baseline_rolling_mean_30,baseline,土豆,fold3_test2026,target_mean_price_next_7d,朝阳
246,2.2660094850948513,3.053869317600208,20.469068899698463,20.245588909153533,0.09273035230352292,0.43902439024390244,baseline_rolling_mean_30,baseline,芸豆,fold1_test2024,target_mean_price_next_7d,朝阳
243,1.5047668038408781,2.047259993687196,14.34531941479234,14.393966730415327,-0.286358024691358,0.48148148148148145,baseline_rolling_mean_30,baseline,芸豆,fold2_test2025,target_mean_price_next_7d,朝阳
172,1.3523989479512737,1.8404321919538023,15.620756660916449,13.665485136031286,0.7183873200442968,0.5174418604651163,baseline_rolling_mean_30,baseline,芸豆,fold3_test2026,target_mean_price_next_7d,朝阳
246,1.123875338753387,1.4468065636497083,20.21313565520372,20.260740205142984,-0.09624661246612462,0.34959349593495936,baseline_rolling_mean_30,baseline,芹菜,fold1_test2024,target_mean_price_next_7d,朝阳
243,0.4806819517930629,0.6538635374030253,11.49519129028686,11.1679518045959,-0.0848324514991182,0.551440329218107,baseline_rolling_mean_30,baseline,芹菜,fold2_test2025,target_mean_price_next_7d,朝阳
172,0.5083388704318937,0.6513172735254271,10.875434106292674,11.644537572107701,0.20076965669988922,0.4186046511627907,baseline_rolling_mean_30,baseline,芹菜,fold3_test2026,target_mean_price_next_7d,朝阳
246,1.0596602787456446,1.3140345129711883,17.97366683496029,18.31094697065358,-0.018196864111498255,0.35772357723577236,baseline_rolling_mean_30,baseline,茄子,fold1_test2024,target_mean_price_next_7d,朝阳
243,0.9009318048206937,1.1357293442739924,17.792731754944437,17.85265156700052,-0.29032823829120125,0.3374485596707819,baseline_rolling_mean_30,baseline,茄子,fold2_test2025,target_mean_price_next_7d,朝阳
172,0.7182834994462902,0.9900211920258238,12.953419668545536,13.295077607230393,0.6932447397563677,0.5232558139534884,baseline_rolling_mean_30,baseline,茄子,fold3_test2026,target_mean_price_next_7d,朝阳
246,1.499484126984127,1.8591333828002523,20.681317607592973,21.01529945845758,0.012494192799070927,0.34959349593495936,baseline_rolling_mean_30,baseline,西红柿,fold1_test2024,target_mean_price_next_7d,朝阳
243,0.8178120713305899,1.0402488581303708,10.73148194144636,10.759840348972673,-0.42645404663923175,0.48148148148148145,baseline_rolling_mean_30,baseline,西红柿,fold2_test2025,target_mean_price_next_7d,朝阳
172,0.8242607973421925,1.304251308365491,10.714122384577287,11.204396510911113,0.7121179401993356,0.43023255813953487,baseline_rolling_mean_30,baseline,西红柿,fold3_test2026,target_mean_price_next_7d,朝阳
246,2.007517421602788,2.5737739300148252,25.96208895865948,28.22497055599668,-0.08750387146728619,0.32926829268292684,baseline_rolling_mean_30,baseline,青椒,fold1_test2024,target_mean_price_next_7d,朝阳
243,1.1035165588869291,1.3664140475754938,16.475971918120884,16.923877271614607,-0.12167842445620224,0.3374485596707819,baseline_rolling_mean_30,baseline,青椒,fold2_test2025,target_mean_price_next_7d,朝阳
172,1.1357447397563678,1.3001131022339683,16.683069860313317,17.101166893442187,0.3298726467331117,0.23837209302325582,baseline_rolling_mean_30,baseline,青椒,fold3_test2026,target_mean_price_next_7d,朝阳
246,0.9617286101432444,1.319615835395361,16.932036667208436,16.829999823850862,0.041469221835075586,0.47560975609756095,baseline_rolling_mean_30,baseline,韭菜,fold1_test2024,target_mean_price_next_7d,朝阳
243,1.2292200666274737,1.8191240025494806,17.79156955008223,19.07216165719298,-0.1298745835782873,0.5102880658436214,baseline_rolling_mean_30,baseline,韭菜,fold2_test2025,target_mean_price_next_7d,朝阳
172,0.8567580287929124,1.024770051494539,15.769456923316593,15.709365992627086,0.43567275747508294,0.4069767441860465,baseline_rolling_mean_30,baseline,韭菜,fold3_test2026,target_mean_price_next_7d,朝阳
246,1.543176538908246,1.9086352207473425,24.020207050634994,25.32185746666124,0.07134920634920619,0.4268292682926829,baseline_rolling_mean_30,baseline,黄瓜,fold1_test2024,target_mean_price_next_7d,朝阳
243,1.0441779345483049,1.50408839407906,15.619000398671382,16.19330191176412,-0.2726670585929845,0.5267489711934157,baseline_rolling_mean_30,baseline,黄瓜,fold2_test2025,target_mean_price_next_7d,朝阳
172,1.134486434108527,1.3923421011343644,20.03312857808824,19.890658208364407,0.34438953488372087,0.5,baseline_rolling_mean_30,baseline,黄瓜,fold3_test2026,target_mean_price_next_7d,朝阳
246,0.1279084397986837,0.1682037172766624,4.308507774531226,4.406375482340655,-0.005126790553619866,0.4065040650406504,baseline_rolling_mean_7,baseline,土豆,fold1_test2024,target_mean_price_next_7d,朝阳
243,0.10593278463648831,0.14641453628872797,3.6698308763122127,3.6499110267723145,0.00971291397217321,0.42386831275720166,baseline_rolling_mean_7,baseline,土豆,fold2_test2025,target_mean_price_next_7d,朝阳
172,0.09041251384274644,0.12192423211935269,2.856766929308789,2.9026560943156596,0.01026301218161688,0.4069767441860465,baseline_rolling_mean_7,baseline,土豆,fold3_test2026,target_mean_price_next_7d,朝阳
246,1.3418941153697252,1.9046158033519618,12.245257592935939,11.989109841810977,-0.0291937669376694,0.34146341463414637,baseline_rolling_mean_7,baseline,芸豆,fold1_test2024,target_mean_price_next_7d,朝阳
243,0.9171849892220264,1.2604120445015372,8.95438650577572,8.773406076476837,-0.10135704487556334,0.4691358024691358,baseline_rolling_mean_7,baseline,芸豆,fold2_test2025,target_mean_price_next_7d,朝阳
172,0.8445085825027686,1.0860527975285872,9.441767359821023,8.533443107838204,0.2453197674418606,0.4127906976744186,baseline_rolling_mean_7,baseline,芸豆,fold3_test2026,target_mean_price_next_7d,朝阳
246,0.506488579171506,0.6896963506362557,9.079971437240433,9.130757803484146,-0.03439992257065427,0.3048780487804878,baseline_rolling_mean_7,baseline,芹菜,fold1_test2024,target_mean_price_next_7d,朝阳
243,0.33059376837154614,0.47866912280863705,7.679172403173531,7.680869353011666,-0.02199098569468938,0.4567901234567901,baseline_rolling_mean_7,baseline,芹菜,fold2_test2025,target_mean_price_next_7d,朝阳
172,0.27526024363233664,0.36662724687786885,5.958589248084672,6.305396725536654,0.0499778516057586,0.43023255813953487,baseline_rolling_mean_7,baseline,芹菜,fold3_test2026,target_mean_price_next_7d,朝阳
246,0.5418379790940766,0.7488463740088694,9.371470838281995,9.362969152361007,-0.0014914827719705965,0.4268292682926829,baseline_rolling_mean_7,baseline,茄子,fold1_test2024,target_mean_price_next_7d,朝阳
243,0.4420840681951792,0.5855419360505829,8.856571301775574,8.76023333906099,-0.1110376249265138,0.29218106995884774,baseline_rolling_mean_7,baseline,茄子,fold2_test2025,target_mean_price_next_7d,朝阳
172,0.4592940199335549,0.6594614842358338,7.987348344058217,8.501308528263134,0.263983942414175,0.46511627906976744,baseline_rolling_mean_7,baseline,茄子,fold3_test2026,target_mean_price_next_7d,朝阳
246,0.7086633759194736,0.9841529032981722,9.617769208252602,9.931931116965323,0.0388395276809911,0.36585365853658536,baseline_rolling_mean_7,baseline,西红柿,fold1_test2024,target_mean_price_next_7d,朝阳
243,0.44463942778757587,0.5916003714153402,5.932208425310651,5.850059474016873,-0.16902704291593182,0.448559670781893,baseline_rolling_mean_7,baseline,西红柿,fold2_test2025,target_mean_price_next_7d,朝阳
172,0.4347785160575859,0.6919615496081846,5.466282023193548,5.9100601460636355,0.2522203765227022,0.4186046511627907,baseline_rolling_mean_7,baseline,西红柿,fold3_test2026,target_mean_price_next_7d,朝阳
246,0.8912475803329464,1.265813871851451,11.197551109565577,12.530619382080765,-0.018887921022067426,0.3170731707317073,baseline_rolling_mean_7,baseline,青椒,fold1_test2024,target_mean_price_next_7d,朝阳
243,0.5756466784244563,0.8182618914660947,8.294374515599284,8.82829864129508,-0.04733784048598858,0.30864197530864196,baseline_rolling_mean_7,baseline,青椒,fold2_test2025,target_mean_price_next_7d,朝阳
172,0.5472619047619047,0.8054830463505294,7.735745733507373,8.24024698521957,0.13126245847176088,0.21511627906976744,baseline_rolling_mean_7,baseline,青椒,fold3_test2026,target_mean_price_next_7d,朝阳
246,0.5861285327138984,0.9054550440061937,9.985409165288736,10.257096438941964,0.029705768486256254,0.43089430894308944,baseline_rolling_mean_7,baseline,韭菜,fold1_test2024,target_mean_price_next_7d,朝阳
243,0.8295590828924163,1.1481922751783287,12.442224068972132,12.87115738073267,-0.0507446600039193,0.3786008230452675,baseline_rolling_mean_7,baseline,韭菜,fold2_test2025,target_mean_price_next_7d,朝阳
172,0.4582945736434109,0.6570081754869971,8.449182981257776,8.403209480210814,0.12260797342192688,0.38372093023255816,baseline_rolling_mean_7,baseline,韭菜,fold3_test2026,target_mean_price_next_7d,朝阳
246,0.9305303910181958,1.322406054990305,14.083467488769497,15.268996991380712,-0.007545489740611681,0.4186991869918699,baseline_rolling_mean_7,baseline,黄瓜,fold1_test2024,target_mean_price_next_7d,朝阳
243,0.7890045071526554,1.1820332838920815,11.351886696228144,12.236025845147317,-0.09482853223593968,0.4897119341563786,baseline_rolling_mean_7,baseline,黄瓜,fold2_test2025,target_mean_price_next_7d,朝阳
172,0.7780357142857143,0.9551632985224995,13.545750843106113,13.641099621361693,0.08940891472868226,0.37790697674418605,baseline_rolling_mean_7,baseline,黄瓜,fold3_test2026,target_mean_price_next_7d,朝阳
226,0.27475769068689426,0.3437709558559317,9.65936601132756,9.56196800553773,0.18407922461019804,0.39823008849557523,baseline_seasonal_median,baseline,土豆,fold1_test2024,target_mean_price_next_7d,朝阳
243,0.19199588477366253,0.2652498584838403,6.476475504215571,6.615212649558913,0.02317558299039784,0.3786008230452675,baseline_seasonal_median,baseline,土豆,fold2_test2025,target_mean_price_next_7d,朝阳
172,0.20919988925802874,0.26092182660563207,6.983634401719084,6.716275299469456,0.00959856035437433,0.4418604651162791,baseline_seasonal_median,baseline,土豆,fold3_test2026,target_mean_price_next_7d,朝阳
226,2.198591445427729,2.898861043706892,21.686993488622736,21.124109965061102,-0.39226401179941006,0.5619469026548672,baseline_seasonal_median,baseline,芸豆,fold1_test2024,target_mean_price_next_7d,朝阳
243,1.9363168724279833,2.595052645303958,16.80239691258131,18.521993288348426,0.022187928669410207,0.4609053497942387,baseline_seasonal_median,baseline,芸豆,fold2_test2025,target_mean_price_next_7d,朝阳
172,1.5633291805094138,2.0520010607790335,14.871308470651295,15.796856180152167,1.3186586378737548,0.47093023255813954,baseline_seasonal_median,baseline,芸豆,fold3_test2026,target_mean_price_next_7d,朝阳
226,1.8580235988200593,2.3605174755321467,37.38227168183837,34.22797274238951,-1.8580235988200593,0.5,baseline_seasonal_median,baseline,芹菜,fold1_test2024,target_mean_price_next_7d,朝阳
243,0.8719243582206545,1.1843731807915812,19.21325829046383,20.257904782024337,-0.08662943366647065,0.45267489711934156,baseline_seasonal_median,baseline,芹菜,fold2_test2025,target_mean_price_next_7d,朝阳
172,0.6308970099667773,0.8134374520019094,14.205707520790032,14.451981471428352,-0.4741915836101883,0.563953488372093,baseline_seasonal_median,baseline,芹菜,fold3_test2026,target_mean_price_next_7d,朝阳
226,1.0012010113780023,1.443527448054792,20.255245958669597,18.205928488176507,-0.690906026127265,0.5973451327433629,baseline_seasonal_median,baseline,茄子,fold1_test2024,target_mean_price_next_7d,朝阳
243,1.5321683323535176,1.892839695831604,28.031566180715934,30.361085304279534,0.26791593180482076,0.37448559670781895,baseline_seasonal_median,baseline,茄子,fold2_test2025,target_mean_price_next_7d,朝阳
172,0.6585686600221482,0.8607449421607775,11.48223854595001,12.189785024205333,-0.08285991140642306,0.5232558139534884,baseline_seasonal_median,baseline,茄子,fold3_test2026,target_mean_price_next_7d,朝阳
226,1.6434376316898442,2.237752666251199,23.464237578015606,24.10103036686165,-0.4047924568057313,0.5486725663716814,baseline_seasonal_median,baseline,西红柿,fold1_test2024,target_mean_price_next_7d,朝阳
243,1.8983470507544582,2.3611553624218193,25.66135106745073,24.97628967475119,-1.0368106995884774,0.41975308641975306,baseline_seasonal_median,baseline,西红柿,fold2_test2025,target_mean_price_next_7d,朝阳
172,1.1765448504983387,1.6861114074698749,14.65085703388868,15.993087455281838,-0.8112347729789592,0.5930232558139535,baseline_seasonal_median,baseline,西红柿,fold3_test2026,target_mean_price_next_7d,朝阳
226,1.3861546565528866,2.2360617813353074,20.52687243845718,21.181970360586995,-1.2174820901812051,0.5530973451327433,baseline_seasonal_median,baseline,青椒,fold1_test2024,target_mean_price_next_7d,朝阳
243,1.6806907701352147,2.3843119606119503,23.313163600382765,25.775602637076766,-0.38219968645894586,0.4403292181069959,baseline_seasonal_median,baseline,青椒,fold2_test2025,target_mean_price_next_7d,朝阳
172,0.8612873754152826,1.0259022461123106,14.594946357428014,12.968599927965426,-0.25760797342192704,0.5581395348837209,baseline_seasonal_median,baseline,青椒,fold3_test2026,target_mean_price_next_7d,朝阳
226,0.6729582806573956,0.9353940888303383,12.639797655891632,12.159252839408975,-0.32170459334176144,0.47345132743362833,baseline_seasonal_median,baseline,韭菜,fold1_test2024,target_mean_price_next_7d,朝阳
243,1.3460239075053888,1.790754405015268,21.06683652139408,20.884450437603657,-0.7858416617675877,0.5967078189300411,baseline_seasonal_median,baseline,韭菜,fold2_test2025,target_mean_price_next_7d,朝阳
172,0.7496954595791805,0.9744012909800168,15.387835487627052,13.746285370833448,-0.24740863787375406,0.5116279069767442,baseline_seasonal_median,baseline,韭菜,fold3_test2026,target_mean_price_next_7d,朝阳
226,1.6585903919089762,2.3060484852053382,27.26948748435713,28.375980196542177,-0.4218204804045513,0.6194690265486725,baseline_seasonal_median,baseline,黄瓜,fold1_test2024,target_mean_price_next_7d,朝阳
243,1.449731530472271,1.946688861117564,21.30425160438376,22.482701067703253,-0.6152870860278267,0.5308641975308642,baseline_seasonal_median,baseline,黄瓜,fold2_test2025,target_mean_price_next_7d,朝阳
172,0.745281007751938,0.9783333419239889,13.516275242461074,13.066819795009623,-0.2791957364341088,0.6627906976744186,baseline_seasonal_median,baseline,黄瓜,fold3_test2026,target_mean_price_next_7d,朝阳
247,0.21995233981237688,0.25761773107702557,7.671654106976172,7.572120860242504,0.16152276492880682,0.4939271255060729,catboost,per_crop,土豆,fold1_test2024,target_mean_price_next_14d,朝阳
243,0.10026711145948536,0.13345411500293836,3.4992373057249817,3.4617554967852078,0.02323003936833043,0.6172839506172839,catboost,per_crop,土豆,fold2_test2025,target_mean_price_next_14d,朝阳
167,0.09858784637655543,0.12195374921067127,3.263792847517378,3.1604662928896508,-0.022607198129295212,0.5988023952095808,catboost,per_crop,土豆,fold3_test2026,target_mean_price_next_14d,朝阳
247,1.187055097902373,1.589271837655837,10.89524159159536,10.597681366604126,-0.08925145756567009,0.728744939271255,catboost,per_crop,芸豆,fold1_test2024,target_mean_price_next_14d,朝阳
243,0.8771432562116409,1.2299808341025709,8.090565524512664,8.370869372281211,0.2769320312182275,0.5843621399176955,catboost,per_crop,芸豆,fold2_test2025,target_mean_price_next_14d,朝阳
167,1.0831324719754283,1.3385750306526554,11.993198852745554,10.994254307435577,0.6631165342225769,0.5508982035928144,catboost,per_crop,芸豆,fold3_test2026,target_mean_price_next_14d,朝阳
247,1.2003426852800696,1.738025470917257,20.96869983340869,21.638049900794055,-1.1546461655144173,0.611336032388664,catboost,per_crop,芹菜,fold1_test2024,target_mean_price_next_14d,朝阳
243,0.47556194725918643,0.5800856677658305,11.425238030831181,11.057772332192837,0.22841345723896356,0.48148148148148145,catboost,per_crop,芹菜,fold2_test2025,target_mean_price_next_14d,朝阳
167,0.43038407352913227,0.5055038395572692,9.688921606141667,9.863889476398398,0.1334871688017865,0.4311377245508982,catboost,per_crop,芹菜,fold3_test2026,target_mean_price_next_14d,朝阳
247,0.5382422509483744,0.7542103443761078,9.465114219097764,9.329536860902023,-0.2614309805446568,0.5789473684210527,catboost,per_crop,茄子,fold1_test2024,target_mean_price_next_14d,朝阳
243,0.814183092097308,1.0298032134754438,17.147420955911798,16.052971838603092,0.2567693579586221,0.5390946502057613,catboost,per_crop,茄子,fold2_test2025,target_mean_price_next_14d,朝阳
167,0.49362531023415807,0.6606872501847276,9.134517872216314,9.17173485434224,-0.03994809181815781,0.562874251497006,catboost,per_crop,茄子,fold3_test2026,target_mean_price_next_14d,朝阳
247,0.9301231198187963,1.20605763866819,13.210773666813717,13.086628387845096,-0.17722905166840613,0.5708502024291497,catboost,per_crop,西红柿,fold1_test2024,target_mean_price_next_14d,朝阳
243,0.6917901903202504,0.9408132811251836,8.882020771148584,9.026289154241358,-0.5985195635156834,0.5185185185185185,catboost,per_crop,西红柿,fold2_test2025,target_mean_price_next_14d,朝阳
167,0.7042928352762811,0.90288265838281,9.31507609261316,9.645349153623737,-0.4020616222258957,0.5868263473053892,catboost,per_crop,西红柿,fold3_test2026,target_mean_price_next_14d,朝阳
247,1.0994619301235322,1.863069965253143,13.170185226871059,15.510454113117678,-0.9102735645736173,0.631578947368421,catboost,per_crop,青椒,fold1_test2024,target_mean_price_next_14d,朝阳
243,0.5308564871080361,0.7128777948096529,7.837428985699519,8.129259880505517,0.07796355368051365,0.6460905349794238,catboost,per_crop,青椒,fold2_test2025,target_mean_price_next_14d,朝阳
167,0.5510596204910465,0.8111189098022011,7.9922860104123625,8.336755396267483,-0.34747488467093784,0.5748502994011976,catboost,per_crop,青椒,fold3_test2026,target_mean_price_next_14d,朝阳
247,0.5823995460535998,0.8074071923463031,10.083861451047934,10.206009928979125,0.11347841795547495,0.5951417004048583,catboost,per_crop,韭菜,fold1_test2024,target_mean_price_next_14d,朝阳
243,0.9843667889497009,1.3583644650783946,14.26961148137427,15.284832705053466,-0.4945270680150772,0.6378600823045267,catboost,per_crop,韭菜,fold2_test2025,target_mean_price_next_14d,朝阳
167,0.40844342460090693,0.5134742529737661,7.600780519029747,7.503577276309627,0.05395407146908308,0.5269461077844312,catboost,per_crop,韭菜,fold3_test2026,target_mean_price_next_14d,朝阳
247,0.8683701241990721,1.2362916191410849,13.56589138362127,14.30427565585137,-0.1581904779911666,0.659919028340081,catboost,per_crop,黄瓜,fold1_test2024,target_mean_price_next_14d,朝阳
243,0.8018559157276436,1.1066165874729688,11.49369189911084,12.398328419248088,-0.1341691552480021,0.6213991769547325,catboost,per_crop,黄瓜,fold2_test2025,target_mean_price_next_14d,朝阳
167,0.556276332014124,0.6834814137463328,10.077584738094307,9.846868394597749,0.2051353885780121,0.6706586826347305,catboost,per_crop,黄瓜,fold3_test2026,target_mean_price_next_14d,朝阳
247,0.24792485915950954,0.29828975498382065,8.109051345538,8.535108103036277,0.23498458335005032,0.46153846153846156,elasticnet,per_crop,土豆,fold1_test2024,target_mean_price_next_14d,朝阳
243,0.09435271713394719,0.1298788335168126,3.2933049256591325,3.257559058206642,0.03377056396201853,0.6049382716049383,elasticnet,per_crop,土豆,fold2_test2025,target_mean_price_next_14d,朝阳
167,0.08259277306648369,0.09868558461041246,2.628432086555491,2.6477064354960924,0.002986791911580449,0.6347305389221557,elasticnet,per_crop,土豆,fold3_test2026,target_mean_price_next_14d,朝阳
247,2.341329637038489,3.013765698527082,22.34207276862866,20.90270747446086,-0.1885763360034407,0.6680161943319838,elasticnet,per_crop,芸豆,fold1_test2024,target_mean_price_next_14d,朝阳
243,1.663479491363221,1.9581254070320173,15.988015333894138,15.875137187750873,1.5956550290796205,0.5185185185185185,elasticnet,per_crop,芸豆,fold2_test2025,target_mean_price_next_14d,朝阳
167,0.9432612549763055,1.2265408913800813,10.129986057760144,9.57450208897033,0.6368166831698279,0.5449101796407185,elasticnet,per_crop,芸豆,fold3_test2026,target_mean_price_next_14d,朝阳
247,1.2465103680026133,1.7809732298264553,22.20777795356363,22.47029442130058,-0.8821663129158499,0.5425101214574899,elasticnet,per_crop,芹菜,fold1_test2024,target_mean_price_next_14d,朝阳
243,0.4171669006903336,0.5372834399114553,9.811364138080645,9.699969980663964,-0.015825307816249353,0.5020576131687243,elasticnet,per_crop,芹菜,fold2_test2025,target_mean_price_next_14d,朝阳
167,0.3278145232909838,0.40042561159999907,7.519516136984277,7.513117760110652,0.17230417096182699,0.49700598802395207,elasticnet,per_crop,芹菜,fold3_test2026,target_mean_price_next_14d,朝阳
247,1.1825671192221328,1.4246418635550684,20.34572086621465,20.497839977879806,-0.12594837776348156,0.5141700404858299,elasticnet,per_crop,茄子,fold1_test2024,target_mean_price_next_14d,朝阳
243,0.6956426931028813,0.830889938208076,14.177210002949833,13.715751003062977,0.33087457890024774,0.49382716049382713,elasticnet,per_crop,茄子,fold2_test2025,target_mean_price_next_14d,朝阳
167,0.39588570015308305,0.5307416030338171,7.477797755650312,7.35569793353448,0.1754434664798203,0.6467065868263473,elasticnet,per_crop,茄子,fold3_test2026,target_mean_price_next_14d,朝阳
247,1.0442629829301873,1.2961291712936558,17.049260235198528,14.692551239294355,-0.9153402505033843,0.5587044534412956,elasticnet,per_crop,西红柿,fold1_test2024,target_mean_price_next_14d,朝阳
243,0.5048690264237679,0.6510112402465192,6.770762219383617,6.587392942666091,-0.31270061197390797,0.5761316872427984,elasticnet,per_crop,西红柿,fold2_test2025,target_mean_price_next_14d,朝阳
167,0.44383069325879804,0.6185565977870418,5.900029019469127,6.078298382655938,0.10591159740361836,0.5209580838323353,elasticnet,per_crop,西红柿,fold3_test2026,target_mean_price_next_14d,朝阳
247,1.408258176419215,2.0684842557341905,18.975688398151718,19.866739562613898,-1.1235888357245611,0.5141700404858299,elasticnet,per_crop,青椒,fold1_test2024,target_mean_price_next_14d,朝阳
243,0.729851321131635,0.8669330335831194,11.63433443461564,11.176563172339787,0.39164007148921026,0.6255144032921811,elasticnet,per_crop,青椒,fold2_test2025,target_mean_price_next_14d,朝阳
167,0.5016227330734143,0.7212835389772898,7.642776002565302,7.588844965838276,-0.0671198655178079,0.6706586826347305,elasticnet,per_crop,青椒,fold3_test2026,target_mean_price_next_14d,朝阳
247,0.8125477741959769,1.0082296257677634,13.737533323640067,14.239143398045872,0.327796114105207,0.5344129554655871,elasticnet,per_crop,韭菜,fold1_test2024,target_mean_price_next_14d,朝阳
243,0.8028878572500214,1.00074691676313,12.598362562811054,12.466904325449061,0.18435349178889895,0.7037037037037037,elasticnet,per_crop,韭菜,fold2_test2025,target_mean_price_next_14d,朝阳
167,0.5393038892351086,0.6557709617086986,10.215455147411765,9.907635095959822,0.29821773226810316,0.46706586826347307,elasticnet,per_crop,韭菜,fold3_test2026,target_mean_price_next_14d,朝阳
247,1.3062724550882385,1.7583104073103766,20.48412519105261,21.51764640275018,0.03456925408846769,0.5789473684210527,elasticnet,per_crop,黄瓜,fold1_test2024,target_mean_price_next_14d,朝阳
243,0.7310670162953484,0.9596925439528172,11.412376706459975,11.303787609129746,-0.004261635846792245,0.6131687242798354,elasticnet,per_crop,黄瓜,fold2_test2025,target_mean_price_next_14d,朝阳
167,0.8443463270017868,1.0513229482849529,13.966839662840847,14.946109843187596,0.5088274427947839,0.49700598802395207,elasticnet,per_crop,黄瓜,fold3_test2026,target_mean_price_next_14d,朝阳
247,0.15176839290973676,0.18565595380631844,5.298829022308453,5.224807405356965,0.0700336987585863,0.5020242914979757,elasticnet_tuned,per_crop,土豆,fold1_test2024,target_mean_price_next_14d,朝阳
243,0.10326869290420085,0.13418407515058453,3.636761048304992,3.565386098226149,0.011983492385339457,0.5679012345679012,elasticnet_tuned,per_crop,土豆,fold2_test2025,target_mean_price_next_14d,朝阳
167,0.09830994302385021,0.12458572448450836,3.1019823636412496,3.151557444474896,-0.026725801444961356,0.437125748502994,elasticnet_tuned,per_crop,土豆,fold3_test2026,target_mean_price_next_14d,朝阳
247,1.4005050766928175,1.801276098392596,13.150440066611708,12.50330046290961,-0.3400926963699798,0.6639676113360324,elasticnet_tuned,per_crop,芸豆,fold1_test2024,target_mean_price_next_14d,朝阳
243,0.847956050804445,1.1124153646119264,8.287596646315352,8.092326178708934,0.30128288878164117,0.6584362139917695,elasticnet_tuned,per_crop,芸豆,fold2_test2025,target_mean_price_next_14d,朝阳
167,0.8518438702133296,1.0360822248803379,9.31023243769399,8.646576833094848,0.40462353532294776,0.5389221556886228,elasticnet_tuned,per_crop,芸豆,fold3_test2026,target_mean_price_next_14d,朝阳
247,0.7300889562527763,1.051276519067512,12.318192149425704,13.160992657467835,-0.5952591197249695,0.6234817813765182,elasticnet_tuned,per_crop,芹菜,fold1_test2024,target_mean_price_next_14d,朝阳
243,0.35755806214586583,0.4544985992667721,8.39346104763041,8.313944522971223,0.11354641671483548,0.4897119341563786,elasticnet_tuned,per_crop,芹菜,fold2_test2025,target_mean_price_next_14d,朝阳
167,0.2944277717306899,0.36603371488204245,6.445455633632167,6.747933247899794,0.02352498184384445,0.4431137724550898,elasticnet_tuned,per_crop,芹菜,fold3_test2026,target_mean_price_next_14d,朝阳
247,0.49447626724427257,0.6846161258102528,8.876625118636902,8.57092610988497,-0.11934927333183148,0.611336032388664,elasticnet_tuned,per_crop,茄子,fold1_test2024,target_mean_price_next_14d,朝阳
243,0.44780794137282887,0.5780326290109836,8.932339442632607,8.82927727403812,0.026737776953753515,0.48148148148148145,elasticnet_tuned,per_crop,茄子,fold2_test2025,target_mean_price_next_14d,朝阳
167,0.39740086645309525,0.5128549938478703,7.518326258109143,7.383850265426364,0.05132338902838808,0.592814371257485,elasticnet_tuned,per_crop,茄子,fold3_test2026,target_mean_price_next_14d,朝阳
247,0.6209651116059561,0.8731529852074317,8.554684047165646,8.736842988041252,-0.039066935532221576,0.5991902834008097,elasticnet_tuned,per_crop,西红柿,fold1_test2024,target_mean_price_next_14d,朝阳
243,0.4937619168485149,0.6672610334927805,6.352272954831127,6.442470415436173,-0.35894307124654296,0.5432098765432098,elasticnet_tuned,per_crop,西红柿,fold2_test2025,target_mean_price_next_14d,朝阳
167,0.4409461462251853,0.6174301348013094,5.656723651553126,6.0387942703099275,0.013797801349974369,0.5449101796407185,elasticnet_tuned,per_crop,西红柿,fold3_test2026,target_mean_price_next_14d,朝阳
247,0.8939807940377454,1.3181257734924963,11.541138313084971,12.611667311093719,-0.542271237125273,0.5141700404858299,elasticnet_tuned,per_crop,青椒,fold1_test2024,target_mean_price_next_14d,朝阳
243,0.5510566077482327,0.709357899881879,8.245344786906134,8.438594011837893,0.004094008908759697,0.5308641975308642,elasticnet_tuned,per_crop,青椒,fold2_test2025,target_mean_price_next_14d,朝阳
167,0.4715677997344935,0.6974278682672852,6.627657357142194,7.13415618375253,-0.23481189445614684,0.592814371257485,elasticnet_tuned,per_crop,青椒,fold3_test2026,target_mean_price_next_14d,朝阳
247,0.5348970347103944,0.7588613921589658,9.451365781780156,9.373572634504345,0.06597343538831416,0.5303643724696356,elasticnet_tuned,per_crop,韭菜,fold1_test2024,target_mean_price_next_14d,朝阳
243,0.6509088676591829,0.9545206429248532,9.996073275012026,10.107038616186768,-0.19688774883610755,0.7119341563786008,elasticnet_tuned,per_crop,韭菜,fold2_test2025,target_mean_price_next_14d,朝阳
167,0.4518936587908232,0.5667743148901024,8.523027478360474,8.301808243637247,0.08566154966174461,0.39520958083832336,elasticnet_tuned,per_crop,韭菜,fold3_test2026,target_mean_price_next_14d,朝阳
247,0.9753667517542454,1.3160947619445513,15.265415769216375,16.06678361431816,-0.2261075963962912,0.631578947368421,elasticnet_tuned,per_crop,黄瓜,fold1_test2024,target_mean_price_next_14d,朝阳
243,0.7523015992244219,1.0441603477329127,11.187653221549814,11.632117584424002,-0.10694654745376177,0.6090534979423868,elasticnet_tuned,per_crop,黄瓜,fold2_test2025,target_mean_price_next_14d,朝阳
167,0.6148803587935391,0.7561149696454169,11.192288837295546,10.884241559479642,0.009046416597252664,0.6347305389221557,elasticnet_tuned,per_crop,黄瓜,fold3_test2026,target_mean_price_next_14d,朝阳
247,0.15036029273479917,0.18892629905703937,5.023524780734647,5.176331882354793,0.05838942499734367,0.4898785425101215,extra_trees,per_crop,土豆,fold1_test2024,target_mean_price_next_14d,朝阳
243,0.10350531440181852,0.13799521926783842,3.508331574468879,3.5735555344262386,0.035900598547162654,0.5802469135802469,extra_trees,per_crop,土豆,fold2_test2025,target_mean_price_next_14d,朝阳
167,0.1053133164961012,0.12621550279699603,3.4984753859952358,3.3760671240050324,-0.017148724140407967,0.6047904191616766,extra_trees,per_crop,土豆,fold3_test2026,target_mean_price_next_14d,朝阳
247,1.260588028191349,1.634082001259886,11.453745435003615,11.254161901106976,0.1603220285696266,0.708502024291498,extra_trees,per_crop,芸豆,fold1_test2024,target_mean_price_next_14d,朝阳
243,1.034015094638395,1.4038179533636983,9.407670227491645,9.867949419765631,0.33735101119792604,0.6172839506172839,extra_trees,per_crop,芸豆,fold2_test2025,target_mean_price_next_14d,朝阳
167,1.1189931262837813,1.4118161126599431,12.272322780406945,11.358255169101197,0.9592264976998727,0.562874251497006,extra_trees,per_crop,芸豆,fold3_test2026,target_mean_price_next_14d,朝阳
247,0.9765686697457032,1.4665881479696337,16.675424075570593,17.604174096815694,-0.8075500904996574,0.5182186234817814,extra_trees,per_crop,芹菜,fold1_test2024,target_mean_price_next_14d,朝阳
243,0.44589245934617067,0.5524200852106552,10.215886307455623,10.36789702899481,0.20583969637251867,0.5020576131687243,extra_trees,per_crop,芹菜,fold2_test2025,target_mean_price_next_14d,朝阳
167,0.37551463017997777,0.47451959251063447,8.240530286736647,8.606347299269187,-0.021676547711188193,0.39520958083832336,extra_trees,per_crop,芹菜,fold3_test2026,target_mean_price_next_14d,朝阳
247,0.5243099033933897,0.7132668255050043,9.396863756668594,9.088042719845461,-0.1471453496466991,0.5910931174089069,extra_trees,per_crop,茄子,fold1_test2024,target_mean_price_next_14d,朝阳
243,0.6585381185280865,0.8236829849862904,14.014289802649113,12.984172692835255,0.23039171824017946,0.5761316872427984,extra_trees,per_crop,茄子,fold2_test2025,target_mean_price_next_14d,朝阳
167,0.45198363723705665,0.6728028781732976,7.9691917491318085,8.398017673107216,0.006851875613228665,0.5568862275449101,extra_trees,per_crop,茄子,fold3_test2026,target_mean_price_next_14d,朝阳
247,0.7940292586336672,1.0207255298055078,11.585086004283115,11.171817596405214,0.048878485292729416,0.5344129554655871,extra_trees,per_crop,西红柿,fold1_test2024,target_mean_price_next_14d,朝阳
243,0.5750458805751852,0.7654141432805317,7.518803521988232,7.503041337756051,-0.3699954262396642,0.51440329218107,extra_trees,per_crop,西红柿,fold2_test2025,target_mean_price_next_14d,朝阳
167,0.4457748682158223,0.5720963704150072,6.324545631127118,6.104924020937314,-0.0766949772375658,0.6347305389221557,extra_trees,per_crop,西红柿,fold3_test2026,target_mean_price_next_14d,朝阳
247,0.9874465804279794,1.5290658639744819,11.921942417961375,13.930218459826351,-0.5415571286602061,0.6761133603238867,extra_trees,per_crop,青椒,fold1_test2024,target_mean_price_next_14d,朝阳
243,0.5017428751414048,0.6743944903688164,7.295217936708492,7.683429183349931,0.013469926963513887,0.6748971193415638,extra_trees,per_crop,青椒,fold2_test2025,target_mean_price_next_14d,朝阳
167,0.5410556846719758,0.8020430604033281,7.777515197317385,8.185409946841823,-0.30710125551857287,0.5149700598802395,extra_trees,per_crop,青椒,fold3_test2026,target_mean_price_next_14d,朝阳
247,0.62742765424512,0.8340683595817611,10.658998454871584,10.995085611472028,0.2369167615717599,0.5708502024291497,extra_trees,per_crop,韭菜,fold1_test2024,target_mean_price_next_14d,朝阳
243,0.8326797239993754,1.1637373360971988,12.44294729520534,12.92949987859748,-0.18817834783324536,0.6131687242798354,extra_trees,per_crop,韭菜,fold2_test2025,target_mean_price_next_14d,朝阳
167,0.45334887410382885,0.6203903239811562,7.8206939607462695,8.328542229048997,0.18975806435012813,0.6946107784431138,extra_trees,per_crop,韭菜,fold3_test2026,target_mean_price_next_14d,朝阳
247,0.8682386754446477,1.2037977939762985,13.683651532899566,14.302110358859332,0.05573968847578569,0.6680161943319838,extra_trees,per_crop,黄瓜,fold1_test2024,target_mean_price_next_14d,朝阳
243,0.7917148657806046,1.0735660390042254,12.095721309339812,12.241527097098718,-0.186779492199854,0.5843621399176955,extra_trees,per_crop,黄瓜,fold2_test2025,target_mean_price_next_14d,朝阳
167,0.743147258956321,0.9106461555039863,12.638595973660967,13.154744927316356,0.43076701507498116,0.562874251497006,extra_trees,per_crop,黄瓜,fold3_test2026,target_mean_price_next_14d,朝阳
247,0.15222157938992437,0.1918846860736456,5.070237879573851,5.2404088888562335,0.04807123423188977,0.46963562753036436,extra_trees_tuned,per_crop,土豆,fold1_test2024,target_mean_price_next_14d,朝阳
243,0.10128028778291719,0.1342668511680892,3.459942450839072,3.496735747595265,0.03184804447824818,0.5925925925925926,extra_trees_tuned,per_crop,土豆,fold2_test2025,target_mean_price_next_14d,朝阳
167,0.10787685398251479,0.1271002533191896,3.5481083607638233,3.458247373540292,-0.015946379833922608,0.5748502994011976,extra_trees_tuned,per_crop,土豆,fold3_test2026,target_mean_price_next_14d,朝阳
247,1.2231578632186957,1.5812780443740229,11.152071439955833,10.919996315549437,0.0892604448303515,0.708502024291498,extra_trees_tuned,per_crop,芸豆,fold1_test2024,target_mean_price_next_14d,朝阳
243,1.0068298738320163,1.383867020263819,9.107649659654541,9.608511830050057,0.32252863105730517,0.6296296296296297,extra_trees_tuned,per_crop,芸豆,fold2_test2025,target_mean_price_next_14d,朝阳
167,1.0264081604732904,1.2996976354573497,11.51416425245584,10.418478470033813,0.8428688248455792,0.6107784431137725,extra_trees_tuned,per_crop,芸豆,fold3_test2026,target_mean_price_next_14d,朝阳
247,0.9349354787737808,1.4176178920577176,15.879621287783833,16.853670865674207,-0.7740431645594297,0.5506072874493927,extra_trees_tuned,per_crop,芹菜,fold1_test2024,target_mean_price_next_14d,朝阳
243,0.3633113875994621,0.4683358057462243,8.441428555406358,8.447720918213806,0.06122915932830645,0.4732510288065844,extra_trees_tuned,per_crop,芹菜,fold2_test2025,target_mean_price_next_14d,朝阳
167,0.33189347513556006,0.41860019848229707,7.294957596072865,7.606602469813155,-0.03935978739532475,0.38323353293413176,extra_trees_tuned,per_crop,芹菜,fold3_test2026,target_mean_price_next_14d,朝阳
247,0.5154281050719097,0.7073228754442819,9.091667971138726,8.934091474499446,-0.09710316064878428,0.5789473684210527,extra_trees_tuned,per_crop,茄子,fold1_test2024,target_mean_price_next_14d,朝阳
243,0.5852831719774999,0.7373052253520914,12.229602984434582,11.53982976133847,0.15899934790482484,0.588477366255144,extra_trees_tuned,per_crop,茄子,fold2_test2025,target_mean_price_next_14d,朝阳
167,0.4536826052001151,0.6585881201005648,8.08454732421769,8.429585105651958,0.050776764313354227,0.5269461077844312,extra_trees_tuned,per_crop,茄子,fold3_test2026,target_mean_price_next_14d,朝阳
247,0.7791818311082697,1.018095287828891,11.371498752033371,10.962917546078335,-0.027163163915968538,0.5384615384615384,extra_trees_tuned,per_crop,西红柿,fold1_test2024,target_mean_price_next_14d,朝阳
243,0.5623588599788368,0.7552977225246804,7.2789422764326,7.33750456373004,-0.3238395215209934,0.5102880658436214,extra_trees_tuned,per_crop,西红柿,fold2_test2025,target_mean_price_next_14d,朝阳
167,0.40462869425738945,0.559147186762698,5.573243278963872,5.541423734853698,-0.01695771536441726,0.6167664670658682,extra_trees_tuned,per_crop,西红柿,fold3_test2026,target_mean_price_next_14d,朝阳
247,0.9505912493255395,1.4664376762322022,11.497102842076325,13.410288750369359,-0.5475541024871153,0.6882591093117408,extra_trees_tuned,per_crop,青椒,fold1_test2024,target_mean_price_next_14d,朝阳
243,0.493082340076703,0.6709376240850597,7.171085467312434,7.550806258030258,-6.667416252995291e-05,0.7037037037037037,extra_trees_tuned,per_crop,青椒,fold2_test2025,target_mean_price_next_14d,朝阳
167,0.5162116557164284,0.7543659646532749,7.423460471674738,7.809554803843641,-0.30317546366799547,0.5209580838323353,extra_trees_tuned,per_crop,青椒,fold3_test2026,target_mean_price_next_14d,朝阳
247,0.5926965019761546,0.8053535212538672,10.094081714301272,10.386454496795087,0.18488085467756762,0.5708502024291497,extra_trees_tuned,per_crop,韭菜,fold1_test2024,target_mean_price_next_14d,朝阳
243,0.8133698216457234,1.156712010500115,12.064473263079984,12.629663851681732,-0.25811733282575855,0.6131687242798354,extra_trees_tuned,per_crop,韭菜,fold2_test2025,target_mean_price_next_14d,朝阳
167,0.42086900900289215,0.5660351923079884,7.445531460914571,7.73184960767279,0.10060459527863415,0.7425149700598802,extra_trees_tuned,per_crop,韭菜,fold3_test2026,target_mean_price_next_14d,朝阳
247,0.8155306629313805,1.1507116831986643,12.720526889695357,13.433874661601516,0.01191447972084579,0.6680161943319838,extra_trees_tuned,per_crop,黄瓜,fold1_test2024,target_mean_price_next_14d,朝阳
243,0.7729046342243862,1.07040320857003,11.724459721282996,11.950682540237816,-0.1866105051633505,0.5761316872427984,extra_trees_tuned,per_crop,黄瓜,fold2_test2025,target_mean_price_next_14d,朝阳
167,0.665244454494706,0.7985920225350459,11.655957151573736,11.775756430131601,0.30659602009500814,0.6047904191616766,extra_trees_tuned,per_crop,黄瓜,fold3_test2026,target_mean_price_next_14d,朝阳
247,0.16498535167258116,0.1967010037439032,5.817887900352583,5.679816928067518,-0.046181809161422144,0.4939271255060729,catboost,pooled,土豆,fold1_test2024,target_mean_price_next_14d,朝阳
243,0.11813558550804619,0.14957781219990665,4.090187099158606,4.078670528607615,0.030718834375926807,0.5473251028806584,catboost,pooled,土豆,fold2_test2025,target_mean_price_next_14d,朝阳
167,0.09352712755409481,0.1243104139024291,2.9324554082813683,2.9982329969609705,0.0028642389008789945,0.5269461077844312,catboost,pooled,土豆,fold3_test2026,target_mean_price_next_14d,朝阳
247,1.1941676887349888,1.683400456572315,10.970387536647989,10.661180501116323,-0.31398493416685697,0.7368421052631579,catboost,pooled,芸豆,fold1_test2024,target_mean_price_next_14d,朝阳
243,0.9460179014197536,1.3156236786368214,9.054062520545859,9.028162983121234,0.3500107888960176,0.5720164609053497,catboost,pooled,芸豆,fold2_test2025,target_mean_price_next_14d,朝阳
167,0.8473045958979405,1.1839008985702264,8.648479572987771,8.600501272177004,0.5162774416194112,0.5988023952095808,catboost,pooled,芸豆,fold3_test2026,target_mean_price_next_14d,朝阳
247,0.5971637858878139,0.7659362509875565,10.511923423323067,10.764809046987043,-0.01615786949845253,0.562753036437247,catboost,pooled,芹菜,fold1_test2024,target_mean_price_next_14d,朝阳
243,0.3957750680041057,0.5327368514034777,8.847045820307505,9.202566820095804,0.21893179432752488,0.448559670781893,catboost,pooled,芹菜,fold2_test2025,target_mean_price_next_14d,朝阳
167,0.2707724567015499,0.36012731959361877,5.922093860960823,6.20578165045917,0.09937994367395947,0.562874251497006,catboost,pooled,芹菜,fold3_test2026,target_mean_price_next_14d,朝阳
247,0.5831713027788042,0.7597612968690393,10.147843241453563,10.108307469190033,-0.07609220440456667,0.6356275303643725,catboost,pooled,茄子,fold1_test2024,target_mean_price_next_14d,朝阳
243,0.4414512387392233,0.608348650999581,9.257254898690274,8.703944324540505,0.1920979292987961,0.6378600823045267,catboost,pooled,茄子,fold2_test2025,target_mean_price_next_14d,朝阳
167,0.4411552206130931,0.5818656500341154,8.571028311886584,8.196821818461444,0.19095785225889786,0.592814371257485,catboost,pooled,茄子,fold3_test2026,target_mean_price_next_14d,朝阳
247,0.7396154023566992,1.0239313988694625,10.264093260142527,10.406226567569139,-0.28205171874504553,0.611336032388664,catboost,pooled,西红柿,fold1_test2024,target_mean_price_next_14d,朝阳
243,0.5704081911482715,0.7926030499667409,7.214712805689552,7.442530034819662,-0.10333400792644094,0.46502057613168724,catboost,pooled,西红柿,fold2_test2025,target_mean_price_next_14d,朝阳
167,0.4886552882013574,0.6749831101405346,6.160872892860249,6.692174951088073,0.04452685182981768,0.562874251497006,catboost,pooled,西红柿,fold3_test2026,target_mean_price_next_14d,朝阳
247,0.839124535890758,1.3024259803609237,10.544295766764995,11.837792880797993,-0.3379864814441964,0.6437246963562753,catboost,pooled,青椒,fold1_test2024,target_mean_price_next_14d,朝阳
243,0.4964522135551328,0.711161401116325,7.2260959299339556,7.602410746128008,0.19809974286500068,0.6872427983539094,catboost,pooled,青椒,fold2_test2025,target_mean_price_next_14d,朝阳
167,0.4984726128680279,0.7071207714093591,7.150399386708406,7.541188086900669,-0.008720031822683374,0.6227544910179641,catboost,pooled,青椒,fold3_test2026,target_mean_price_next_14d,朝阳
247,0.6230814556052585,0.8497637348473689,10.17712856928848,10.918922525885318,0.15013561426514999,0.5587044534412956,catboost,pooled,韭菜,fold1_test2024,target_mean_price_next_14d,朝阳
243,0.7538351745144946,1.004532673899839,11.501906880033982,11.70523493781503,-0.061674167376212355,0.6378600823045267,catboost,pooled,韭菜,fold2_test2025,target_mean_price_next_14d,朝阳
167,0.45048024492558286,0.6406092115150419,7.701654422467029,8.275842199082602,0.16709866780869972,0.6167664670658682,catboost,pooled,韭菜,fold3_test2026,target_mean_price_next_14d,朝阳
247,0.9405285957884193,1.3017148323392596,14.534460189690085,15.492910132965552,-0.019676255950504425,0.5910931174089069,catboost,pooled,黄瓜,fold1_test2024,target_mean_price_next_14d,朝阳
243,0.6789534531125893,0.9187476542353722,10.250932640811143,10.498005599214958,-0.03401902024561897,0.6748971193415638,catboost,pooled,黄瓜,fold2_test2025,target_mean_price_next_14d,朝阳
167,0.6212759433711904,0.7645976132349133,11.26095139551554,10.99745234343414,0.15319464172216066,0.6167664670658682,catboost,pooled,黄瓜,fold3_test2026,target_mean_price_next_14d,朝阳
247,0.29261827368400795,0.36438802569793843,10.85563106480449,10.073732046410106,-0.21573853713019378,0.5789473684210527,elasticnet,pooled,土豆,fold1_test2024,target_mean_price_next_14d,朝阳
243,0.2096607501519648,0.26033171832172614,7.246128570978995,7.238607393132532,0.03561207079749834,0.6049382716049383,elasticnet,pooled,土豆,fold2_test2025,target_mean_price_next_14d,朝阳
167,0.20374154566398386,0.25206450218946264,6.526029369388792,6.531416510234113,-0.013815004038018063,0.49700598802395207,elasticnet,pooled,土豆,fold3_test2026,target_mean_price_next_14d,朝阳
247,1.3474340243390084,1.8956499073191555,12.582664619762562,12.029497600995368,-0.3835636216323083,0.5870445344129555,elasticnet,pooled,芸豆,fold1_test2024,target_mean_price_next_14d,朝阳
243,0.792808533978129,1.0947013102448182,7.898550539122695,7.566035112466743,-0.014493336274751465,0.5679012345679012,elasticnet,pooled,芸豆,fold2_test2025,target_mean_price_next_14d,朝阳
167,0.8174077120235719,1.0005529263332302,9.098024117731615,8.297035211635762,0.37984585986998654,0.49700598802395207,elasticnet,pooled,芸豆,fold3_test2026,target_mean_price_next_14d,朝阳
247,0.6415725866285095,0.8198189367659892,11.614820131315762,11.565346975234911,-0.38003581480628973,0.5789473684210527,elasticnet,pooled,芹菜,fold1_test2024,target_mean_price_next_14d,朝阳
243,0.3511951013523141,0.475054758323723,8.319637206596868,8.165992879196374,0.07661507634199367,0.5102880658436214,elasticnet,pooled,芹菜,fold2_test2025,target_mean_price_next_14d,朝阳
167,0.2772315107143599,0.3564277509303163,6.3564095919379655,6.353815462170681,0.056358769271256,0.5988023952095808,elasticnet,pooled,芹菜,fold3_test2026,target_mean_price_next_14d,朝阳
247,0.5878899424937231,0.7910171731974969,10.586943379177761,10.190097263796613,-0.24559378568712545,0.5708502024291497,elasticnet,pooled,茄子,fold1_test2024,target_mean_price_next_14d,朝阳
243,0.46175787936475415,0.6391236262234634,8.638440959034256,9.104323469308252,-0.07771609357245227,0.5637860082304527,elasticnet,pooled,茄子,fold2_test2025,target_mean_price_next_14d,朝阳
167,0.45169304724980286,0.6336610490400805,8.266540704902852,8.392618407187982,0.24890154085331861,0.5508982035928144,elasticnet,pooled,茄子,fold3_test2026,target_mean_price_next_14d,朝阳
247,0.7662625501734759,1.0110602381225258,11.030404928002818,10.781146095579656,-0.25797054337281927,0.4979757085020243,elasticnet,pooled,西红柿,fold1_test2024,target_mean_price_next_14d,朝阳
243,0.45681680909314865,0.5959251278573269,6.077521539185036,5.960420756304459,-0.0779766414451367,0.5473251028806584,elasticnet,pooled,西红柿,fold2_test2025,target_mean_price_next_14d,朝阳
167,0.4664460299549653,0.7134373510170406,6.105043352232942,6.388017306000831,0.33368144595055654,0.41916167664670656,elasticnet,pooled,西红柿,fold3_test2026,target_mean_price_next_14d,朝阳
247,0.8379546202842455,1.2141882026643223,11.178303785806145,11.821288514585884,-0.43976898728305786,0.5465587044534413,elasticnet,pooled,青椒,fold1_test2024,target_mean_price_next_14d,朝阳
243,0.5000896649685428,0.7115733921266877,7.424598243288659,7.658112783421382,-0.0030329626308483646,0.6296296296296297,elasticnet,pooled,青椒,fold2_test2025,target_mean_price_next_14d,朝阳
167,0.44618583539834145,0.6493559203691565,6.501915611211949,6.750162836610299,0.12857883432069828,0.6946107784431138,elasticnet,pooled,青椒,fold3_test2026,target_mean_price_next_14d,朝阳
247,0.6576429673408717,0.8983151250545912,12.082711090016046,11.524580848121946,-0.14745094559110086,0.48582995951417,elasticnet,pooled,韭菜,fold1_test2024,target_mean_price_next_14d,朝阳
243,0.7366985752134623,1.0107881213719507,11.247453050318743,11.439145044911097,-0.05832318324366873,0.6378600823045267,elasticnet,pooled,韭菜,fold2_test2025,target_mean_price_next_14d,朝阳
167,0.4561140616883486,0.6744077729669724,7.777375308311697,8.379341917510649,0.19259987466100179,0.6407185628742516,elasticnet,pooled,韭菜,fold3_test2026,target_mean_price_next_14d,朝阳
247,0.8803683798006038,1.280772188276632,13.867664213271539,14.501917595308889,-0.21012968687111755,0.5748987854251012,elasticnet,pooled,黄瓜,fold1_test2024,target_mean_price_next_14d,朝阳
243,0.7023699955889056,0.968089133812127,10.673137124484002,10.86007312078607,-0.06242066634854912,0.6255144032921811,elasticnet,pooled,黄瓜,fold2_test2025,target_mean_price_next_14d,朝阳
167,0.6304041680355419,0.8153633221940063,10.982995377096568,11.159034675403475,0.13430735640619373,0.7544910179640718,elasticnet,pooled,黄瓜,fold3_test2026,target_mean_price_next_14d,朝阳
247,0.3275530743676008,0.3857179994281426,10.725770564302914,11.276404103594388,0.31354506497622925,0.5748987854251012,elasticnet_tuned,pooled,土豆,fold1_test2024,target_mean_price_next_14d,朝阳
243,0.345335054131837,0.38134183735869687,11.10328896270384,11.922808032188623,0.34386313648698624,0.4609053497942387,elasticnet_tuned,pooled,土豆,fold2_test2025,target_mean_price_next_14d,朝阳
167,0.25192940634367905,0.2843063266583636,7.73409224609803,8.076192210303121,0.24639854258627752,0.4550898203592814,elasticnet_tuned,pooled,土豆,fold3_test2026,target_mean_price_next_14d,朝阳
247,1.2833186828537528,1.8354957442014985,12.100139755344337,11.457094549972345,-0.4566829360634932,0.46558704453441296,elasticnet_tuned,pooled,芸豆,fold1_test2024,target_mean_price_next_14d,朝阳
243,0.8190903845447141,1.1415085416293445,8.164433071470409,7.816851539996359,-0.2539733688204901,0.5679012345679012,elasticnet_tuned,pooled,芸豆,fold2_test2025,target_mean_price_next_14d,朝阳
167,0.7133203812643588,0.9068834833255274,8.246882053464116,7.240504626358554,0.11198780976977189,0.6347305389221557,elasticnet_tuned,pooled,芸豆,fold3_test2026,target_mean_price_next_14d,朝阳
247,0.5078412143061712,0.6749909199522123,9.033763303148113,9.154630316485703,0.025577037021503816,0.6396761133603239,elasticnet_tuned,pooled,芹菜,fold1_test2024,target_mean_price_next_14d,朝阳
243,0.3731738451086726,0.4860871994991266,8.6174954181711,8.677042903291257,0.2008036231799011,0.48148148148148145,elasticnet_tuned,pooled,芹菜,fold2_test2025,target_mean_price_next_14d,朝阳
167,0.28839300432628784,0.3724451994790227,6.405237613720949,6.609623579038955,0.17598620182952396,0.46107784431137727,elasticnet_tuned,pooled,芹菜,fold3_test2026,target_mean_price_next_14d,朝阳
247,0.5017314245173127,0.6647205558246054,8.906483585388502,8.696682230091447,0.043581323282884214,0.5020242914979757,elasticnet_tuned,pooled,茄子,fold1_test2024,target_mean_price_next_14d,朝阳
243,0.4161681280075923,0.5366306231366731,8.394288650438956,8.205445806815636,0.09330900793718777,0.5102880658436214,elasticnet_tuned,pooled,茄子,fold2_test2025,target_mean_price_next_14d,朝阳
167,0.44390849743157185,0.6227137324504712,8.159628541861489,8.247978686709784,0.2622912693968516,0.5449101796407185,elasticnet_tuned,pooled,茄子,fold3_test2026,target_mean_price_next_14d,朝阳
247,0.662840533080119,0.9165816070549797,9.239216519171391,9.326020987964014,-0.04241551415898573,0.4939271255060729,elasticnet_tuned,pooled,西红柿,fold1_test2024,target_mean_price_next_14d,朝阳
243,0.43274045367254504,0.5722751975988155,5.683590411699972,5.646279057206282,-0.18146628825876723,0.49794238683127573,elasticnet_tuned,pooled,西红柿,fold2_test2025,target_mean_price_next_14d,朝阳
167,0.40043797448324137,0.633316917390788,5.114691345762262,5.48403147782357,0.19164260935040403,0.562874251497006,elasticnet_tuned,pooled,西红柿,fold3_test2026,target_mean_price_next_14d,朝阳
247,0.8161302006416665,1.1470655986637583,10.625935888472018,11.513404585059,-0.077122839902706,0.44129554655870445,elasticnet_tuned,pooled,青椒,fold1_test2024,target_mean_price_next_14d,朝阳
243,0.5014584862672451,0.7113411753282834,7.283361281671802,7.6790742001834555,0.024180314175923336,0.6090534979423868,elasticnet_tuned,pooled,青椒,fold2_test2025,target_mean_price_next_14d,朝阳
167,0.451106338308336,0.6898161161726324,6.353929270379808,6.824603110696602,0.10311482736415668,0.5988023952095808,elasticnet_tuned,pooled,青椒,fold3_test2026,target_mean_price_next_14d,朝阳
247,0.5775307663522138,0.8431277216307584,10.03324464039934,10.120689096723902,0.056689558874205674,0.5020242914979757,elasticnet_tuned,pooled,韭菜,fold1_test2024,target_mean_price_next_14d,朝阳
243,0.7180232783835996,0.9949844126574301,10.909320362009742,11.149162905157853,-0.03319420538866487,0.6460905349794238,elasticnet_tuned,pooled,韭菜,fold2_test2025,target_mean_price_next_14d,朝阳
167,0.42200901470783403,0.6185301721048756,7.604828554652719,7.752792828660675,0.15272734773037883,0.4431137724550898,elasticnet_tuned,pooled,韭菜,fold3_test2026,target_mean_price_next_14d,朝阳
247,0.8426428344938204,1.239444685697229,12.97016037110937,13.880481430823998,-0.04008184508116378,0.5870445344129555,elasticnet_tuned,pooled,黄瓜,fold1_test2024,target_mean_price_next_14d,朝阳
243,0.721676691011154,1.0140630044438015,10.65508025049715,11.158594021911071,-0.02554015651783762,0.6625514403292181,elasticnet_tuned,pooled,黄瓜,fold2_test2025,target_mean_price_next_14d,朝阳
167,0.6430757067913524,0.8122391382142108,11.370328885484982,11.3833386180748,0.10964346305247698,0.6826347305389222,elasticnet_tuned,pooled,黄瓜,fold3_test2026,target_mean_price_next_14d,朝阳
247,0.14206932051885401,0.18977188549733678,4.757639105127847,4.890905304389759,0.05474448189548969,0.5222672064777328,extra_trees,pooled,土豆,fold1_test2024,target_mean_price_next_14d,朝阳
243,0.10228290433208362,0.12862042801858345,3.5005630339962774,3.5313514186734847,0.05631806633076929,0.5761316872427984,extra_trees,pooled,土豆,fold2_test2025,target_mean_price_next_14d,朝阳
167,0.09786319792157559,0.11830302423555554,3.1743649863346235,3.1372359749515666,-0.005865706305435284,0.5449101796407185,extra_trees,pooled,土豆,fold3_test2026,target_mean_price_next_14d,朝阳
247,1.1615858144515783,1.6839009485472494,10.826517385879827,10.370299039428067,-0.19753620819300227,0.7206477732793523,extra_trees,pooled,芸豆,fold1_test2024,target_mean_price_next_14d,朝阳
243,0.9700195106807907,1.3978343696623496,9.061115535014583,9.25721831065852,0.28018339075790516,0.6419753086419753,extra_trees,pooled,芸豆,fold2_test2025,target_mean_price_next_14d,朝阳
167,0.9657804312645232,1.330823570724553,9.784139368543956,9.803081286171478,0.6099693478989826,0.5508982035928144,extra_trees,pooled,芸豆,fold3_test2026,target_mean_price_next_14d,朝阳
247,0.5483869313057801,0.7289100003029106,9.36552874820547,9.885530132396445,0.0940578900607181,0.5870445344129555,extra_trees,pooled,芹菜,fold1_test2024,target_mean_price_next_14d,朝阳
243,0.4510076503029908,0.5699962696763041,9.957791814834193,10.486835512955093,0.3144197488487067,0.5432098765432098,extra_trees,pooled,芹菜,fold2_test2025,target_mean_price_next_14d,朝阳
167,0.36193491841275766,0.4562660263406662,8.144569483958666,8.2951165074445,0.1735514528951309,0.437125748502994,extra_trees,pooled,芹菜,fold3_test2026,target_mean_price_next_14d,朝阳
247,0.5313061037114691,0.6680072180925426,9.29470429506103,9.209310250662245,0.024717053850510273,0.6518218623481782,extra_trees,pooled,茄子,fold1_test2024,target_mean_price_next_14d,朝阳
243,0.4653458418322242,0.6122265293873884,9.957069080729985,9.175066108165922,0.23789021053411416,0.654320987654321,extra_trees,pooled,茄子,fold2_test2025,target_mean_price_next_14d,朝阳
167,0.43821019034705294,0.5838239443288216,8.313325111806819,8.142102102559276,0.18682265425753192,0.5449101796407185,extra_trees,pooled,茄子,fold3_test2026,target_mean_price_next_14d,朝阳
247,0.6263456471855904,0.8454395950397079,8.90066925589056,8.812545944088585,-0.14535673872823782,0.6153846153846154,extra_trees,pooled,西红柿,fold1_test2024,target_mean_price_next_14d,朝阳
243,0.6019763502869921,0.7525044975147361,7.713444507865183,7.854422739342244,0.13004877737236697,0.51440329218107,extra_trees,pooled,西红柿,fold2_test2025,target_mean_price_next_14d,朝阳
167,0.4018681197889076,0.5801291439267933,5.193342575319647,5.503617437132889,0.1459093374886534,0.562874251497006,extra_trees,pooled,西红柿,fold3_test2026,target_mean_price_next_14d,朝阳
247,0.8064458206526666,1.1961970256682295,10.222020923595514,11.376784000645948,-0.15521205094235752,0.5870445344129555,extra_trees,pooled,青椒,fold1_test2024,target_mean_price_next_14d,朝阳
243,0.49868945919735297,0.7070912329106624,7.188203898239928,7.636670761186343,0.19301999602877637,0.6707818930041153,extra_trees,pooled,青椒,fold2_test2025,target_mean_price_next_14d,朝阳
167,0.5653686194165254,0.6912901383338432,8.954571099493592,8.553230382950181,0.05581264664442668,0.6347305389221557,extra_trees,pooled,青椒,fold3_test2026,target_mean_price_next_14d,朝阳
247,0.6452272757425669,0.868545984339803,10.503286986978075,11.307007409773522,0.2472240492565777,0.5708502024291497,extra_trees,pooled,韭菜,fold1_test2024,target_mean_price_next_14d,朝阳
243,0.7060095395465772,0.9465647954010629,10.86039266656476,10.962618630861462,-0.07037431188291407,0.6502057613168725,extra_trees,pooled,韭菜,fold2_test2025,target_mean_price_next_14d,朝阳
167,0.5591906441050767,0.7683231608693744,9.211026484355521,10.2729777430783,0.33321190290809466,0.5029940119760479,extra_trees,pooled,韭菜,fold3_test2026,target_mean_price_next_14d,朝阳
247,0.8370673626686426,1.198205983972304,12.863139034792608,13.78863915795408,0.04467627967025672,0.631578947368421,extra_trees,pooled,黄瓜,fold1_test2024,target_mean_price_next_14d,朝阳
243,0.7345240120101949,1.0151272218056544,11.207470709995752,11.357239815911441,-0.041705814448402524,0.5843621399176955,extra_trees,pooled,黄瓜,fold2_test2025,target_mean_price_next_14d,朝阳
167,0.6414951969835244,0.7906363640149531,11.174542240828005,11.355361385936048,0.2081808673209333,0.6287425149700598,extra_trees,pooled,黄瓜,fold3_test2026,target_mean_price_next_14d,朝阳
247,0.14833188896169777,0.1888328002629259,5.036235530803944,5.106501670335238,0.07328077010799951,0.46963562753036436,extra_trees_tuned,pooled,土豆,fold1_test2024,target_mean_price_next_14d,朝阳
243,0.10290200740584374,0.13226643951645212,3.5201060095421113,3.5527261589793495,0.05158141620359438,0.5720164609053497,extra_trees_tuned,pooled,土豆,fold2_test2025,target_mean_price_next_14d,朝阳
167,0.09901125216260517,0.11574675500080597,3.176089252134979,3.174039565500897,0.002982757424116764,0.5149700598802395,extra_trees_tuned,pooled,土豆,fold3_test2026,target_mean_price_next_14d,朝阳
247,1.0901851237110605,1.6563107696669506,10.129637325373835,9.732854517130349,-0.31170048731558975,0.7246963562753036,extra_trees_tuned,pooled,芸豆,fold1_test2024,target_mean_price_next_14d,朝阳
243,0.8775838140051782,1.2637562924817731,8.388695287118205,8.375073761603621,0.196326624680804,0.6666666666666666,extra_trees_tuned,pooled,芸豆,fold2_test2025,target_mean_price_next_14d,朝阳
167,0.857304820706485,1.127422740625535,9.023541340229931,8.702007798406566,0.42502076466983824,0.5389221556886228,extra_trees_tuned,pooled,芸豆,fold3_test2026,target_mean_price_next_14d,朝阳
247,0.5384308611523537,0.7166327035451497,9.27316781343527,9.70605643256265,0.1004561379557364,0.5708502024291497,extra_trees_tuned,pooled,芹菜,fold1_test2024,target_mean_price_next_14d,朝阳
243,0.4004488555987895,0.5293980633042151,8.978522822161743,9.311241787571435,0.24281540618457437,0.5596707818930041,extra_trees_tuned,pooled,芹菜,fold2_test2025,target_mean_price_next_14d,朝阳
167,0.3283008837632922,0.4188336490527503,7.32885456577942,7.524264561861934,0.15484398889663295,0.48502994011976047,extra_trees_tuned,pooled,芹菜,fold3_test2026,target_mean_price_next_14d,朝阳
247,0.5090045964246495,0.6528114377147963,8.878628951412802,8.822750604110052,0.04034758718902873,0.6639676113360324,extra_trees_tuned,pooled,茄子,fold1_test2024,target_mean_price_next_14d,朝阳
243,0.43422174065394,0.5716447800321302,9.271914963848571,8.561402763193,0.18319939700356452,0.6954732510288066,extra_trees_tuned,pooled,茄子,fold2_test2025,target_mean_price_next_14d,朝阳
167,0.43154733332455775,0.5696896516261977,8.262890215822313,8.018303835501758,0.18108202538030588,0.5808383233532934,extra_trees_tuned,pooled,茄子,fold3_test2026,target_mean_price_next_14d,朝阳
247,0.6154015898072516,0.8392313187911581,8.661878329710818,8.658565456007098,-0.1174236044275262,0.5910931174089069,extra_trees_tuned,pooled,西红柿,fold1_test2024,target_mean_price_next_14d,朝阳
243,0.5047611143719654,0.6404295338191904,6.48582238616584,6.585984935735051,0.03781618527502063,0.5020576131687243,extra_trees_tuned,pooled,西红柿,fold2_test2025,target_mean_price_next_14d,朝阳
167,0.4033559584840838,0.5950871511946613,5.113624620391615,5.523993512226166,0.1688385659159155,0.5269461077844312,extra_trees_tuned,pooled,西红柿,fold3_test2026,target_mean_price_next_14d,朝阳
247,0.778421053320087,1.1620633487663077,9.854441688096706,10.981429822539996,-0.19646331535652053,0.6194331983805668,extra_trees_tuned,pooled,青椒,fold1_test2024,target_mean_price_next_14d,朝阳
243,0.4633972646859277,0.665099707294018,6.736517285548464,7.096224467500307,0.13447251248216036,0.6995884773662552,extra_trees_tuned,pooled,青椒,fold2_test2025,target_mean_price_next_14d,朝阳
167,0.536901899972139,0.6733795401628991,8.360475264240087,8.12256903866488,0.06208493684513609,0.6227544910179641,extra_trees_tuned,pooled,青椒,fold3_test2026,target_mean_price_next_14d,朝阳
247,0.6282730205118967,0.8570888252444895,10.327693227777061,11.009899868404077,0.21916310036137981,0.5506072874493927,extra_trees_tuned,pooled,韭菜,fold1_test2024,target_mean_price_next_14d,朝阳
243,0.6865235626912157,0.935282683934048,10.563313731797873,10.660048593277672,-0.06839625033965499,0.6625514403292181,extra_trees_tuned,pooled,韭菜,fold2_test2025,target_mean_price_next_14d,朝阳
167,0.4778827357179976,0.6760147432233435,8.075085274690636,8.77925759235318,0.2500502603702934,0.49101796407185627,extra_trees_tuned,pooled,韭菜,fold3_test2026,target_mean_price_next_14d,朝阳
247,0.8269042561617475,1.1908357724938081,12.634883513759595,13.621226815056527,0.041363924176678564,0.6275303643724697,extra_trees_tuned,pooled,黄瓜,fold1_test2024,target_mean_price_next_14d,朝阳
243,0.7375224101665502,1.0173965458126981,11.237908369823902,11.403601168799169,-0.07434687213566595,0.5679012345679012,extra_trees_tuned,pooled,黄瓜,fold2_test2025,target_mean_price_next_14d,朝阳
167,0.6450397078923576,0.7922205939530262,11.316179205606765,11.418104181977945,0.1592989457606528,0.6227544910179641,extra_trees_tuned,pooled,黄瓜,fold3_test2026,target_mean_price_next_14d,朝阳
247,0.12231936192462517,0.16890873031270925,4.1395322792826565,4.210989493592502,-0.003145874593242981,0.04048582995951417,baseline_last_value,baseline,土豆,fold1_test2024,target_mean_price_next_14d,朝阳
243,0.10139058472391807,0.13981388578646786,3.5487124924671014,3.5005437863053728,0.012629658864226753,0.13168724279835392,baseline_last_value,baseline,土豆,fold2_test2025,target_mean_price_next_14d,朝阳
167,0.09155054858647671,0.12184274625114584,2.893424360724924,2.934869089217904,0.010531866669591178,0.10179640718562874,baseline_last_value,baseline,土豆,fold3_test2026,target_mean_price_next_14d,朝阳
247,1.2724644799644798,1.7882602196537059,11.590360405582862,11.36019139534013,-0.0630264326316959,0.008097165991902834,baseline_last_value,baseline,芸豆,fold1_test2024,target_mean_price_next_14d,朝阳
243,0.8153972981750761,1.1523346811665043,8.110445663323363,7.781607190385431,-0.08757391442576622,0.00823045267489712,baseline_last_value,baseline,芸豆,fold2_test2025,target_mean_price_next_14d,朝阳
167,0.7907106134052242,1.0116796096074845,8.80207297189251,8.026048329536765,0.24460240026108293,0.0,baseline_last_value,baseline,芸豆,fold3_test2026,target_mean_price_next_14d,朝阳
247,0.46504464833412207,0.6365057869111723,8.341302303999253,8.383155435652185,-0.025912493938809695,0.004048582995951417,baseline_last_value,baseline,芹菜,fold1_test2024,target_mean_price_next_14d,朝阳
243,0.328028174386199,0.464755091076953,7.659782848530538,7.627315204280931,-0.009344982863501407,0.0205761316872428,baseline_last_value,baseline,芹菜,fold2_test2025,target_mean_price_next_14d,朝阳
167,0.2551214271423852,0.35111965726102234,5.5003918835568255,5.847078726121066,0.05054358316334363,0.029940119760479042,baseline_last_value,baseline,芹菜,fold3_test2026,target_mean_price_next_14d,朝阳
247,0.4948769505348453,0.6843244039559001,8.739855609365181,8.57787129027978,0.018626271389429246,0.0,baseline_last_value,baseline,茄子,fold1_test2024,target_mean_price_next_14d,朝阳
243,0.42294170849726404,0.5605372103364928,8.388871314992304,8.338998195587445,-0.08172928351940695,0.012345679012345678,baseline_last_value,baseline,茄子,fold2_test2025,target_mean_price_next_14d,朝阳
167,0.43153531265806716,0.6347089673743148,7.451138894834234,8.018080487218073,0.23354116442439796,0.03592814371257485,baseline_last_value,baseline,茄子,fold3_test2026,target_mean_price_next_14d,朝阳
247,0.6588442551600445,0.9089044236120777,8.990013543218158,9.269794233720173,0.04277114698167331,0.008097165991902834,baseline_last_value,baseline,西红柿,fold1_test2024,target_mean_price_next_14d,朝阳
243,0.4314852374420275,0.5746963062179999,5.730195150241581,5.629901339212763,-0.1485326367733776,0.0205761316872428,baseline_last_value,baseline,西红柿,fold2_test2025,target_mean_price_next_14d,朝阳
167,0.39932575076287663,0.6715940015439709,4.929796961977273,5.468799481156087,0.24721127840888324,0.011976047904191617,baseline_last_value,baseline,西红柿,fold3_test2026,target_mean_price_next_14d,朝阳
247,0.804269385585175,1.157281220653979,10.148851537090225,11.346080348869014,-0.0010724655461497353,0.008097165991902834,baseline_last_value,baseline,青椒,fold1_test2024,target_mean_price_next_14d,朝阳
243,0.5133387668572853,0.7412192884782873,7.406985262533975,7.861002632283613,-0.03513283926864174,0.012345679012345678,baseline_last_value,baseline,青椒,fold2_test2025,target_mean_price_next_14d,朝阳
167,0.49219211759630926,0.7658658933023418,6.811735005669737,7.446173045150601,0.15466959354683907,0.04790419161676647,baseline_last_value,baseline,青椒,fold3_test2026,target_mean_price_next_14d,朝阳
247,0.5540974814659027,0.871551972722248,9.371420829707116,9.71004259152165,0.02028345923082765,0.008097165991902834,baseline_last_value,baseline,韭菜,fold1_test2024,target_mean_price_next_14d,朝阳
243,0.7666967440424229,1.0586299032142152,11.617903337980412,11.904943969819811,-0.032335227643869514,0.012345679012345678,baseline_last_value,baseline,韭菜,fold2_test2025,target_mean_price_next_14d,朝阳
167,0.4053388029136534,0.6077644509238445,7.340755038244265,7.446541791488745,0.09860013904924088,0.011976047904191617,baseline_last_value,baseline,韭菜,fold3_test2026,target_mean_price_next_14d,朝阳
247,0.8801695818801083,1.266375000530486,13.322994139192668,14.498642885395071,-0.02050080036922138,0.0,baseline_last_value,baseline,黄瓜,fold1_test2024,target_mean_price_next_14d,朝阳
243,0.7683667201568436,1.084991167771845,11.29475334402744,11.880517130412706,-0.07938596611436119,0.0,baseline_last_value,baseline,黄瓜,fold2_test2025,target_mean_price_next_14d,朝阳
167,0.7036515829479901,0.8862813711508954,12.463503294989927,12.455616272315748,0.10342308888716074,0.005988023952095809,baseline_last_value,baseline,黄瓜,fold3_test2026,target_mean_price_next_14d,朝阳
230,0.7861186554990903,0.9832800940547872,24.171073678507344,27.09163922684773,0.7527760367651672,0.45217391304347826,baseline_previous_year_same_period,baseline,土豆,fold1_test2024,target_mean_price_next_14d,朝阳
239,0.24199087755573118,0.2958838804403271,8.278393677096014,8.377781677779451,-0.04339185686466027,0.4309623430962343,baseline_previous_year_same_period,baseline,土豆,fold2_test2025,target_mean_price_next_14d,朝阳
162,0.21916478754441707,0.2677811174183773,7.520571310551698,7.0512814782592095,-0.022546577222503313,0.5493827160493827,baseline_previous_year_same_period,baseline,土豆,fold3_test2026,target_mean_price_next_14d,朝阳
230,2.468165505991593,2.9662737110199124,24.80641907024631,22.471513569603633,0.1126907898864426,0.6260869565217392,baseline_previous_year_same_period,baseline,芸豆,fold1_test2024,target_mean_price_next_14d,朝阳
239,3.0823230233272074,3.5643214898707978,27.36053771031549,29.556143980671806,0.4671676440714099,0.5104602510460251,baseline_previous_year_same_period,baseline,芸豆,fold2_test2025,target_mean_price_next_14d,朝阳
162,1.275355710818674,1.5426850372309648,14.221602028202401,12.990665630860567,0.5138554004294744,0.5802469135802469,baseline_previous_year_same_period,baseline,芸豆,fold3_test2026,target_mean_price_next_14d,朝阳
230,2.1830494227994226,2.590864907430249,45.45892261020309,40.043872024211915,-1.851388622247318,0.5782608695652174,baseline_previous_year_same_period,baseline,芹菜,fold1_test2024,target_mean_price_next_14d,朝阳
239,1.8336097932750652,2.2670790564869576,35.002998976349005,42.65561232475986,1.3127922333361663,0.497907949790795,baseline_previous_year_same_period,baseline,芹菜,fold2_test2025,target_mean_price_next_14d,朝阳
162,0.7711287974713901,0.9134811070950554,18.7214744578821,17.579685344784803,-0.6624943043924525,0.6234567901234568,baseline_previous_year_same_period,baseline,芹菜,fold3_test2026,target_mean_price_next_14d,朝阳
230,1.372303391053391,1.8527155987716764,30.47958291854327,24.09951018229978,-0.8364227837380013,0.5043478260869565,baseline_previous_year_same_period,baseline,茄子,fold1_test2024,target_mean_price_next_14d,朝阳
239,2.1893920247581335,2.5662109143192215,39.124506827218255,43.35057829469307,0.7569244017256569,0.4435146443514644,baseline_previous_year_same_period,baseline,茄子,fold2_test2025,target_mean_price_next_14d,朝阳
162,0.8285533687848501,1.2364369144445246,14.3309515735658,15.408600237400455,-0.7794094160297863,0.6481481481481481,baseline_previous_year_same_period,baseline,茄子,fold3_test2026,target_mean_price_next_14d,朝阳
230,2.26906038647343,2.7700269682728997,32.66911786098779,32.021564368751875,-0.9003164564903694,0.6478260869565218,baseline_previous_year_same_period,baseline,西红柿,fold1_test2024,target_mean_price_next_14d,朝阳
239,1.8116765835280477,2.436401875423474,23.630572708886874,23.556683088787334,-0.3084162757279912,0.5188284518828452,baseline_previous_year_same_period,baseline,西红柿,fold2_test2025,target_mean_price_next_14d,朝阳
162,1.6261774610848685,2.498401924900241,20.432398046522653,22.225552870222586,-0.7176893408374887,0.5617283950617284,baseline_previous_year_same_period,baseline,西红柿,fold3_test2026,target_mean_price_next_14d,朝阳
230,1.7774320691385908,2.4282838439926215,28.60035748535317,25.7443766263948,-1.3121878881987574,0.5130434782608696,baseline_previous_year_same_period,baseline,青椒,fold1_test2024,target_mean_price_next_14d,朝阳
239,1.7589556352527063,2.7004810444414806,22.706922670245735,27.02821383339768,0.702130902570233,0.4435146443514644,baseline_previous_year_same_period,baseline,青椒,fold2_test2025,target_mean_price_next_14d,朝阳
162,1.258455753779828,1.5253045070806814,19.693583019856316,19.025691593474285,-0.7602544249303507,0.5740740740740741,baseline_previous_year_same_period,baseline,青椒,fold3_test2026,target_mean_price_next_14d,朝阳
230,1.253316691762344,1.5237351820204632,21.475082167548596,21.945605410756723,-0.10617810088462255,0.5043478260869565,baseline_previous_year_same_period,baseline,韭菜,fold1_test2024,target_mean_price_next_14d,朝阳
239,1.433612726185948,1.8618798442471414,22.06232956379844,22.32256485183116,-0.5056260452703966,0.6610878661087866,baseline_previous_year_same_period,baseline,韭菜,fold2_test2025,target_mean_price_next_14d,朝阳
162,0.9977692043895748,1.1604280856059725,18.308365098881865,18.20390386516205,0.2891883579383579,0.43209876543209874,baseline_previous_year_same_period,baseline,韭菜,fold3_test2026,target_mean_price_next_14d,朝阳
230,1.6358835246878727,2.396725660324702,27.43961967130013,26.988015078154397,-0.42326256352343333,0.691304347826087,baseline_previous_year_same_period,baseline,黄瓜,fold1_test2024,target_mean_price_next_14d,朝阳
239,2.114293048885099,2.7437406587057764,30.76471146924012,32.58954756226998,-0.4297147192649285,0.5606694560669456,baseline_previous_year_same_period,baseline,黄瓜,fold2_test2025,target_mean_price_next_14d,朝阳
162,1.115868094525502,1.453849757889434,20.03926392582962,19.580485207800017,-0.476219358487877,0.6172839506172839,baseline_previous_year_same_period,baseline,黄瓜,fold3_test2026,target_mean_price_next_14d,朝阳
247,0.26216069018700605,0.35841862480848147,8.673303397867528,9.025193515076655,-0.009974484579747736,0.4493927125506073,baseline_rolling_mean_30,baseline,土豆,fold1_test2024,target_mean_price_next_14d,朝阳
243,0.2266449142992354,0.29336224856463267,7.849827438358615,7.824991330390696,0.01014680564063275,0.4773662551440329,baseline_rolling_mean_30,baseline,土豆,fold2_test2025,target_mean_price_next_14d,朝阳
167,0.17917720004546345,0.2536002513646865,5.654309651613336,5.743948387259808,0.03216859321649734,0.3532934131736527,baseline_rolling_mean_30,baseline,土豆,fold3_test2026,target_mean_price_next_14d,朝阳
247,2.433944345128556,3.1989813101916305,22.164656664806383,21.72954455046009,0.0807522448311921,0.4817813765182186,baseline_rolling_mean_30,baseline,芸豆,fold1_test2024,target_mean_price_next_14d,朝阳
243,1.5803522609078164,2.115927169370184,15.116942193725919,15.081826422953965,-0.31072892128447666,0.5267489711934157,baseline_rolling_mean_30,baseline,芸豆,fold2_test2025,target_mean_price_next_14d,朝阳
167,1.401662555674532,1.9576288028566404,16.14823267634329,14.227469851578297,0.8786343363888277,0.5988023952095808,baseline_rolling_mean_30,baseline,芸豆,fold3_test2026,target_mean_price_next_14d,朝阳
247,1.2472150510308404,1.5741755644772737,22.44587668341858,22.48299743246232,-0.10008253442463964,0.4089068825910931,baseline_rolling_mean_30,baseline,芹菜,fold1_test2024,target_mean_price_next_14d,朝阳
243,0.5220579352060833,0.6664365560537353,12.527729597690978,12.138897624156023,-0.0814163134533505,0.5720164609053497,baseline_rolling_mean_30,baseline,芹菜,fold2_test2025,target_mean_price_next_14d,朝阳
167,0.5415384632001399,0.6942111518025705,11.608767347357437,12.411415469962197,0.23307851330306417,0.40119760479041916,baseline_rolling_mean_30,baseline,芹菜,fold3_test2026,target_mean_price_next_14d,朝阳
247,1.1296238410712096,1.3782343522747371,19.292316353465516,19.58015604620087,-0.002561312956049825,0.3765182186234818,baseline_rolling_mean_30,baseline,茄子,fold1_test2024,target_mean_price_next_14d,朝阳
243,0.9817405365553515,1.2319972543471764,19.505247637372662,19.356645131921496,-0.3156936182244826,0.38271604938271603,baseline_rolling_mean_30,baseline,茄子,fold2_test2025,target_mean_price_next_14d,朝阳
167,0.8026961877111578,1.0803044742101604,14.206160021514561,14.914382325302048,0.8020840785960547,0.5209580838323353,baseline_rolling_mean_30,baseline,茄子,fold3_test2026,target_mean_price_next_14d,朝阳
247,1.6559527022684914,1.999660575124512,22.94077423056654,23.29889149154521,0.043081538344696295,0.3481781376518219,baseline_rolling_mean_30,baseline,西红柿,fold1_test2024,target_mean_price_next_14d,朝阳
243,0.8796132251379165,1.1024736483127873,11.494008027870613,11.476952730876596,-0.4900278356759839,0.48148148148148145,baseline_rolling_mean_30,baseline,西红柿,fold2_test2025,target_mean_price_next_14d,朝阳
167,0.941054501054501,1.4547058829062671,12.142284838833952,12.88781992464708,0.8590076855945119,0.437125748502994,baseline_rolling_mean_30,baseline,西红柿,fold3_test2026,target_mean_price_next_14d,朝阳
247,2.1847902390007654,2.766115570999615,28.452159251069986,30.82152080063502,-0.06945303234776919,0.2834008097165992,baseline_rolling_mean_30,baseline,青椒,fold1_test2024,target_mean_price_next_14d,朝阳
243,1.170440590502319,1.4108478990745676,17.65795324780942,17.923517873389574,-0.13140170072268847,0.3292181069958848,baseline_rolling_mean_30,baseline,青椒,fold2_test2025,target_mean_price_next_14d,朝阳
167,1.2174770256357081,1.3671847840529472,17.7365690331302,18.418711489431452,0.44281330612168923,0.2634730538922156,baseline_rolling_mean_30,baseline,青椒,fold3_test2026,target_mean_price_next_14d,朝阳
247,1.0041180456969931,1.3830018230455243,17.792801665886667,17.596234086534594,0.055654579338789825,0.5425101214574899,baseline_rolling_mean_30,baseline,韭菜,fold1_test2024,target_mean_price_next_14d,朝阳
243,1.2814499492277271,1.874437652697091,18.58768769672031,19.89781483256229,-0.12492782023646208,0.6419753086419753,baseline_rolling_mean_30,baseline,韭菜,fold2_test2025,target_mean_price_next_14d,朝阳
167,0.9162700140843852,1.095648102315716,16.81306028892228,16.832938033867,0.47502728475782374,0.3712574850299401,baseline_rolling_mean_30,baseline,韭菜,fold3_test2026,target_mean_price_next_14d,朝阳
247,1.6167884016568226,1.9487321597249563,25.556430404748014,26.63263777736867,0.09345331569015779,0.43724696356275305,baseline_rolling_mean_30,baseline,黄瓜,fold1_test2024,target_mean_price_next_14d,朝阳
243,1.0612672421314395,1.454072937063323,16.174146484352576,16.40935678150495,-0.29190997160132964,0.5967078189300411,baseline_rolling_mean_30,baseline,黄瓜,fold2_test2025,target_mean_price_next_14d,朝阳
167,1.1527434524889617,1.4227576162261812,20.54162254221748,20.405169905925185,0.4136426497654042,0.5089820359281437,baseline_rolling_mean_30,baseline,黄瓜,fold3_test2026,target_mean_price_next_14d,朝阳
247,0.1477273749642171,0.20208373729290066,4.940329957228916,5.085690557097995,-0.007136620689252271,0.4331983805668016,baseline_rolling_mean_7,baseline,土豆,fold1_test2024,target_mean_price_next_14d,朝阳
243,0.12587023401838215,0.17061711181344805,4.364515546579427,4.345711850598587,0.015627895195796392,0.46502057613168724,baseline_rolling_mean_7,baseline,土豆,fold2_test2025,target_mean_price_next_14d,朝阳
167,0.10752224156415768,0.15116784944377928,3.380967942658307,3.4468794348292975,0.015407829030583485,0.40718562874251496,baseline_rolling_mean_7,baseline,土豆,fold3_test2026,target_mean_price_next_14d,朝阳
247,1.6697106840527893,2.2358412726943397,15.36294497099836,14.90668953385125,-0.040065183354657176,0.3522267206477733,baseline_rolling_mean_7,baseline,芸豆,fold1_test2024,target_mean_price_next_14d,朝阳
243,1.0320519398297177,1.442815848028538,10.136649436551922,9.84921438150976,-0.12572794146868208,0.49382716049382713,baseline_rolling_mean_7,baseline,芸豆,fold2_test2025,target_mean_price_next_14d,朝阳
167,1.0035673175792936,1.26482704712788,11.41261346518998,10.186634220258165,0.3586314849488503,0.46107784431137727,baseline_rolling_mean_7,baseline,芸豆,fold3_test2026,target_mean_price_next_14d,朝阳
247,0.6471833867886498,0.8885942252844853,11.580871613863126,11.66649040313873,-0.038752285725969914,0.3603238866396761,baseline_rolling_mean_7,baseline,芹菜,fold1_test2024,target_mean_price_next_14d,朝阳
243,0.3888271559259213,0.5377869805948934,9.033586668077072,9.041013881751086,-0.018574847648921727,0.48559670781893005,baseline_rolling_mean_7,baseline,芹菜,fold2_test2025,target_mean_price_next_14d,朝阳
167,0.33348314526458245,0.4478193395802592,7.185411348618419,7.643035812543593,0.07637762935667129,0.4491017964071856,baseline_rolling_mean_7,baseline,芹菜,fold3_test2026,target_mean_price_next_14d,朝阳
247,0.6241110497689445,0.84949530562694,10.798551343993728,10.817930093477754,0.015676589492378903,0.5101214574898786,baseline_rolling_mean_7,baseline,茄子,fold1_test2024,target_mean_price_next_14d,朝阳
243,0.5617479662541391,0.72758537404732,11.2860076043642,11.07579409373499,-0.13640300485979495,0.36213991769547327,baseline_rolling_mean_7,baseline,茄子,fold2_test2025,target_mean_price_next_14d,朝阳
167,0.5547473401515318,0.7935012110720447,9.592581248030447,10.307404036085373,0.3669030121575032,0.47305389221556887,baseline_rolling_mean_7,baseline,茄子,fold3_test2026,target_mean_price_next_14d,朝阳
247,0.9003945761840499,1.193907375337368,12.34915387951608,12.668354296200587,0.06405512616038933,0.3805668016194332,baseline_rolling_mean_7,baseline,西红柿,fold1_test2024,target_mean_price_next_14d,朝阳
243,0.5474957838229444,0.7217255918192028,7.215468752002836,7.143575212054078,-0.23260083195268386,0.4897119341563786,baseline_rolling_mean_7,baseline,西红柿,fold2_test2025,target_mean_price_next_14d,朝阳
167,0.5247647429084555,0.8826455907882853,6.506843905353843,7.186696946701298,0.3744995589905771,0.4550898203592814,baseline_rolling_mean_7,baseline,西红柿,fold3_test2026,target_mean_price_next_14d,朝阳
247,1.1507821710453288,1.566215658070982,14.505299006353564,16.234444839929143,-0.0003205858469015962,0.3319838056680162,baseline_rolling_mean_7,baseline,青椒,fold1_test2024,target_mean_price_next_14d,朝阳
243,0.7160618005679733,0.9908651735205222,10.350662878371583,10.965397633230973,-0.05706111675247474,0.3004115226337449,baseline_rolling_mean_7,baseline,青椒,fold2_test2025,target_mean_price_next_14d,朝阳
167,0.6814253195241219,0.971805399403656,9.668400598718875,10.30900468561608,0.2236174121952566,0.24550898203592814,baseline_rolling_mean_7,baseline,青椒,fold3_test2026,target_mean_price_next_14d,朝阳
247,0.7217409491093703,1.0735408130393196,12.363978742102699,12.647838314219992,0.045037652406073485,0.4817813765182186,baseline_rolling_mean_7,baseline,韭菜,fold1_test2024,target_mean_price_next_14d,朝阳
243,1.013452781786115,1.3704349598953973,15.229343314226295,15.736467745523825,-0.04579789666209407,0.411522633744856,baseline_rolling_mean_7,baseline,韭菜,fold2_test2025,target_mean_price_next_14d,朝阳
167,0.5216013427690075,0.7445352936007793,9.70130783653115,9.582418878987681,0.18371562236831704,0.4311377245508982,baseline_rolling_mean_7,baseline,韭菜,fold3_test2026,target_mean_price_next_14d,朝阳
247,1.110340229945493,1.5471671360728876,16.770118873339154,18.2901418166255,0.012871090897406772,0.4777327935222672,baseline_rolling_mean_7,baseline,黄瓜,fold1_test2024,target_mean_price_next_14d,朝阳
243,0.9514784072808765,1.3399367895186685,13.756375615117653,14.711797401390314,-0.1140714452442848,0.48559670781893005,baseline_rolling_mean_7,baseline,黄瓜,fold2_test2025,target_mean_price_next_14d,朝阳
167,0.8487363584519273,1.023551435909147,15.544888365451062,15.02381953430669,0.12763181429349096,0.41916167664670656,baseline_rolling_mean_7,baseline,黄瓜,fold3_test2026,target_mean_price_next_14d,朝阳
227,0.2948940474601269,0.3623385033441095,10.232027797895476,10.256602282864032,0.18166506156594264,0.40969162995594716,baseline_seasonal_median,baseline,土豆,fold1_test2024,target_mean_price_next_14d,朝阳
243,0.20243376193993493,0.2736639648832013,6.79055137140062,6.989093212420292,0.02909056421402102,0.36213991769547327,baseline_seasonal_median,baseline,土豆,fold2_test2025,target_mean_price_next_14d,朝阳
167,0.2122778385952037,0.27192287528274106,7.039366504780996,6.805067543976222,0.020711507388154023,0.5868263473053892,baseline_seasonal_median,baseline,土豆,fold3_test2026,target_mean_price_next_14d,朝阳
227,2.1954571835408836,2.845323716211681,22.09868154590417,20.891874059448224,-0.4798109795246359,0.6035242290748899,baseline_seasonal_median,baseline,芸豆,fold1_test2024,target_mean_price_next_14d,朝阳
243,1.9779417359046993,2.6427039856016163,17.34693275672043,18.876154812785124,-0.00218296792370885,0.551440329218107,baseline_seasonal_median,baseline,芸豆,fold2_test2025,target_mean_price_next_14d,朝阳
167,1.6302311427760536,2.0806538591746224,15.217902784116335,16.547538022650894,1.4595724601413231,0.5089820359281437,baseline_seasonal_median,baseline,芸豆,fold3_test2026,target_mean_price_next_14d,朝阳
227,1.8670641754232062,2.35021988915613,37.6462863267615,34.336504533348325,-1.8670641754232062,0.5374449339207048,baseline_seasonal_median,baseline,芹菜,fold1_test2024,target_mean_price_next_14d,朝阳
243,0.8919271240876178,1.187962586748351,19.77106856650032,20.739100619615165,-0.08321329562070298,0.411522633744856,baseline_seasonal_median,baseline,芹菜,fold2_test2025,target_mean_price_next_14d,朝阳
167,0.5998792076187287,0.7930060601542653,13.44763343908498,13.748515726012482,-0.4811929437827642,0.6287425149700598,baseline_seasonal_median,baseline,芹菜,fold3_test2026,target_mean_price_next_14d,朝阳
227,1.0200917291225662,1.4622978399048665,20.3641421422185,18.489986802039123,-0.7028985258500675,0.6387665198237885,baseline_seasonal_median,baseline,茄子,fold1_test2024,target_mean_price_next_14d,朝阳
243,1.5862000094098858,1.9387281550363216,28.747331071403355,31.274567512641973,0.24255055187153932,0.45267489711934156,baseline_seasonal_median,baseline,茄子,fold2_test2025,target_mean_price_next_14d,朝阳
167,0.6213624050600097,0.8256422510057976,10.580116298239057,11.545135773049047,-0.004782188869015265,0.5868263473053892,baseline_seasonal_median,baseline,茄子,fold3_test2026,target_mean_price_next_14d,朝阳
227,1.6902751873676987,2.247238852112507,24.40107175810387,24.687356615549145,-0.4282218662394876,0.5814977973568282,baseline_seasonal_median,baseline,西红柿,fold1_test2024,target_mean_price_next_14d,朝阳
243,1.9520730081532551,2.3957673671351114,26.306741290462426,25.470114593015857,-1.1003844886252294,0.3950617283950617,baseline_seasonal_median,baseline,西红柿,fold2_test2025,target_mean_price_next_14d,朝阳
167,1.1011237398662548,1.6093229671976463,13.642702875549425,15.07998150824248,-0.7581779431480032,0.6826347305389222,baseline_seasonal_median,baseline,西红柿,fold3_test2026,target_mean_price_next_14d,朝阳
227,1.428969445874732,2.2750890235752443,20.961279295294773,21.685478460720038,-1.2626500848637412,0.5726872246696035,baseline_seasonal_median,baseline,青椒,fold1_test2024,target_mean_price_next_14d,朝阳
243,1.7117578786097305,2.4230843416967662,23.961220587293326,26.21296901452269,-0.39192296272543187,0.4279835390946502,baseline_seasonal_median,baseline,青椒,fold2_test2025,target_mean_price_next_14d,朝阳
167,0.824392934078563,0.9466063762914665,13.944426643647281,12.471903195701325,-0.2327555561537599,0.5329341317365269,baseline_seasonal_median,baseline,青椒,fold3_test2026,target_mean_price_next_14d,朝阳
227,0.7186749178379134,0.9749417843477337,13.609441014751688,12.836617768350761,-0.37440236219971906,0.4977973568281938,baseline_seasonal_median,baseline,韭菜,fold1_test2024,target_mean_price_next_14d,朝阳
243,1.2753468250999114,1.7131133122154834,20.22522003868126,19.803048092847945,-0.7808948984257625,0.654320987654321,baseline_seasonal_median,baseline,韭菜,fold2_test2025,target_mean_price_next_14d,朝阳
167,0.7835445559098255,1.018002719467145,16.017529495548885,14.394618129661108,-0.23074117831602822,0.5868263473053892,baseline_seasonal_median,baseline,韭菜,fold3_test2026,target_mean_price_next_14d,朝阳
227,1.6551702519213536,2.277881635730075,27.096804799130524,28.047183068917963,-0.46943953378975406,0.6431718061674009,baseline_seasonal_median,baseline,黄瓜,fold1_test2024,target_mean_price_next_14d,朝阳
243,1.4221761252008165,1.8898807298753413,21.185276824736206,21.989744447108944,-0.6345299990361718,0.5432098765432098,baseline_seasonal_median,baseline,黄瓜,fold2_test2025,target_mean_price_next_14d,朝阳
167,0.6530231727686819,0.834124247661501,12.07388730317405,11.559422666058376,-0.23609786919667192,0.7005988023952096,baseline_seasonal_median,baseline,黄瓜,fold3_test2026,target_mean_price_next_14d,朝阳
247,0.28156457268117385,0.33134515799164216,9.63517943644517,9.680497232471986,0.18720194146024396,0.582995951417004,catboost,per_crop,土豆,fold1_test2024,target_mean_price_next_30d,朝阳
244,0.114665226984585,0.1589245703648547,3.911661165022141,3.9616539369689328,0.060505286187702345,0.7622950819672131,catboost,per_crop,土豆,fold2_test2025,target_mean_price_next_30d,朝阳
159,0.1274581572961008,0.15681764876062207,4.283132152194629,4.082138214573506,-0.016914089033831306,0.7044025157232704,catboost,per_crop,土豆,fold3_test2026,target_mean_price_next_30d,朝阳
247,1.3851895324017787,1.8533604631007248,12.742498805753307,12.371015579911875,-0.3147329169378803,0.8218623481781376,catboost,per_crop,芸豆,fold1_test2024,target_mean_price_next_30d,朝阳
244,1.1140647353009132,1.5062338886363993,9.831769793053823,10.549152788503463,0.4693934898032347,0.6434426229508197,catboost,per_crop,芸豆,fold2_test2025,target_mean_price_next_30d,朝阳
159,1.0858177043130763,1.3791322889564857,12.635474630420873,11.171138725761246,0.7409609173661164,0.610062893081761,catboost,per_crop,芸豆,fold3_test2026,target_mean_price_next_30d,朝阳
247,1.3441531372966082,1.8878497127956728,24.380944174749438,24.252814291053024,-1.2702217620492993,0.6396761133603239,catboost,per_crop,芹菜,fold1_test2024,target_mean_price_next_30d,朝阳
244,0.766161618085721,0.887657857626524,17.787686029544037,17.706624720274032,0.42715078677053614,0.5778688524590164,catboost,per_crop,芹菜,fold2_test2025,target_mean_price_next_30d,朝阳
159,0.5641731467175212,0.656561911900832,12.61005013564972,13.02751862560522,0.22628354042359988,0.44654088050314467,catboost,per_crop,芹菜,fold3_test2026,target_mean_price_next_30d,朝阳
247,0.6786501169308067,0.9674985931458941,12.650470767293765,11.851817820189975,-0.40188278006114775,0.6680161943319838,catboost,per_crop,茄子,fold1_test2024,target_mean_price_next_30d,朝阳
244,1.1358305483293691,1.3772813456251485,23.275472537781038,22.03812230373646,0.2942270414308378,0.5532786885245902,catboost,per_crop,茄子,fold2_test2025,target_mean_price_next_30d,朝阳
159,0.5900145538526357,0.744480451950262,10.980626428688229,11.136983061241805,-0.09625444081673029,0.6352201257861635,catboost,per_crop,茄子,fold3_test2026,target_mean_price_next_30d,朝阳
247,1.1013085593467369,1.4269790629979362,15.295383114152997,15.660245514527112,-0.30629822376115584,0.6720647773279352,catboost,per_crop,西红柿,fold1_test2024,target_mean_price_next_30d,朝阳
244,1.022330977727818,1.3931327150880937,12.913103320942357,13.102731050891414,-0.927193297216143,0.5204918032786885,catboost,per_crop,西红柿,fold2_test2025,target_mean_price_next_30d,朝阳
159,0.7246066690553733,0.8433894434319881,10.5890941340093,10.157951587856239,-0.34264497216955103,0.7358490566037735,catboost,per_crop,西红柿,fold3_test2026,target_mean_price_next_30d,朝阳
247,1.3842418703531358,2.09636873029447,17.927370178161325,19.59175568897724,-1.1718532366294148,0.6356275303643725,catboost,per_crop,青椒,fold1_test2024,target_mean_price_next_30d,朝阳
244,0.6949374522543621,0.9221926777502671,10.112482549748233,10.606201234533465,0.09612602398515638,0.8032786885245902,catboost,per_crop,青椒,fold2_test2025,target_mean_price_next_30d,朝阳
159,0.7277266237325027,1.0109652475885198,10.98631422657554,11.149222687264478,-0.44155730559828543,0.6415094339622641,catboost,per_crop,青椒,fold3_test2026,target_mean_price_next_30d,朝阳
247,0.5942832419953584,0.8079521386277211,10.77288557139738,10.49039608741897,0.213252328476166,0.7004048582995951,catboost,per_crop,韭菜,fold1_test2024,target_mean_price_next_30d,朝阳
244,1.0592875642433448,1.4412479711459067,15.738811577141048,16.307398121764827,-0.5949416212355804,0.7336065573770492,catboost,per_crop,韭菜,fold2_test2025,target_mean_price_next_30d,朝阳
159,0.43925399842197005,0.5303770655592887,8.327181449165188,8.161753446824031,0.06354375054388696,0.7044025157232704,catboost,per_crop,韭菜,fold3_test2026,target_mean_price_next_30d,朝阳
247,1.0124116870848618,1.445492978007264,16.43834384186436,16.768905694735704,-0.30277464572448337,0.7327935222672065,catboost,per_crop,黄瓜,fold1_test2024,target_mean_price_next_30d,朝阳
244,0.9833436411595994,1.3496352096310196,13.559047741471725,15.104882272859966,-0.4006502174599028,0.7868852459016393,catboost,per_crop,黄瓜,fold2_test2025,target_mean_price_next_30d,朝阳
159,0.6758052394687103,0.8807571017880632,12.434864387109481,12.15919741401294,0.2968317512896843,0.7484276729559748,catboost,per_crop,黄瓜,fold3_test2026,target_mean_price_next_30d,朝阳
247,0.4163607832327692,0.5128375074787576,12.862408789303279,14.314938031492572,0.40700265767856597,0.611336032388664,elasticnet,per_crop,土豆,fold1_test2024,target_mean_price_next_30d,朝阳
244,0.1753126416283155,0.2222611516872555,5.821053780922187,6.057006427943569,0.13129110447752157,0.6762295081967213,elasticnet,per_crop,土豆,fold2_test2025,target_mean_price_next_30d,朝阳
159,0.12165406484648743,0.1425012318304335,3.881062349471464,3.8962489149624795,0.05388734431076531,0.6981132075471698,elasticnet,per_crop,土豆,fold3_test2026,target_mean_price_next_30d,朝阳
247,2.5955011267482186,3.357249371050234,25.72475563719763,23.180210451783665,-0.4395694827440894,0.7327935222672065,elasticnet,per_crop,芸豆,fold1_test2024,target_mean_price_next_30d,朝阳
244,2.2122962919162834,2.5649405191034518,20.06861629014619,20.94838015904066,2.1508046216191214,0.5327868852459017,elasticnet,per_crop,芸豆,fold2_test2025,target_mean_price_next_30d,朝阳
159,1.2425807638168695,1.5627566752586657,13.34195852778163,12.783952624296377,1.045974692325452,0.5723270440251572,elasticnet,per_crop,芸豆,fold3_test2026,target_mean_price_next_30d,朝阳
247,1.8379303106223992,2.6351957064277745,37.06962415757267,33.162131059763524,-1.511066290176051,0.5910931174089069,elasticnet,per_crop,芹菜,fold1_test2024,target_mean_price_next_30d,朝阳
244,0.7151963383288849,0.9372380568850998,16.83908920968726,16.52877521552749,-0.08037956728117,0.5286885245901639,elasticnet,per_crop,芹菜,fold2_test2025,target_mean_price_next_30d,朝阳
159,0.5039810841398841,0.6180374339627128,11.656330992054112,11.637602744450417,0.38173830050048563,0.5345911949685535,elasticnet,per_crop,芹菜,fold3_test2026,target_mean_price_next_30d,朝阳
247,1.6273727379140603,1.9268696366228453,29.270902700649405,28.420130983735902,-0.08913869552297457,0.5344129554655871,elasticnet,per_crop,茄子,fold1_test2024,target_mean_price_next_30d,朝阳
244,0.9969187004372942,1.1213834472065132,20.793399554864575,19.34286437306506,0.6490960362876003,0.5614754098360656,elasticnet,per_crop,茄子,fold2_test2025,target_mean_price_next_30d,朝阳
159,0.4841376539670631,0.6311354121989259,9.462804819926378,9.138474324630327,0.33460643936710405,0.6666666666666666,elasticnet,per_crop,茄子,fold3_test2026,target_mean_price_next_30d,朝阳
247,1.4301289760664473,1.765695856812214,25.395903142251232,20.33596369751686,-1.1253051551969475,0.5465587044534413,elasticnet,per_crop,西红柿,fold1_test2024,target_mean_price_next_30d,朝阳
244,0.844658853754337,1.0642177496359446,11.292401217648298,10.825591742407157,-0.7404556143747376,0.4918032786885246,elasticnet,per_crop,西红柿,fold2_test2025,target_mean_price_next_30d,朝阳
159,0.5942678165503742,0.7738926051637081,8.349228492258067,8.330786851036324,0.24677776903616644,0.6352201257861635,elasticnet,per_crop,西红柿,fold3_test2026,target_mean_price_next_30d,朝阳
247,2.33965587855873,3.0449537968122757,35.544283397831,33.11413081104696,-1.7669303975257298,0.5668016194331984,elasticnet,per_crop,青椒,fold1_test2024,target_mean_price_next_30d,朝阳
244,1.4812981376540575,1.7684228153252113,22.32664382515007,22.6077125147488,1.3715315095110707,0.6557377049180327,elasticnet,per_crop,青椒,fold2_test2025,target_mean_price_next_30d,朝阳
159,0.6660725351871792,0.9046286554957966,10.180096832981771,10.204643857309774,0.04597382082492227,0.6289308176100629,elasticnet,per_crop,青椒,fold3_test2026,target_mean_price_next_30d,朝阳
247,0.9439776313694319,1.1824185422925075,16.04156651775063,16.66326517550744,0.5194068119188006,0.6275303643724697,elasticnet,per_crop,韭菜,fold1_test2024,target_mean_price_next_30d,朝阳
244,0.9429939447440266,1.1845192999815262,14.343784099440192,14.517094509967912,0.13292385240110619,0.7827868852459017,elasticnet,per_crop,韭菜,fold2_test2025,target_mean_price_next_30d,朝阳
159,0.599715519818691,0.7694474546955902,11.473610577407802,11.143279807533903,0.42029797156531506,0.5974842767295597,elasticnet,per_crop,韭菜,fold3_test2026,target_mean_price_next_30d,朝阳
247,1.8362545388132583,2.511422278917252,30.544399251881327,30.414484132983837,-0.1338663442643852,0.6558704453441295,elasticnet,per_crop,黄瓜,fold1_test2024,target_mean_price_next_30d,朝阳
244,0.7420628843903344,0.9854108494682826,11.360580394315953,11.398632216258653,-0.05580563834845975,0.7950819672131147,elasticnet,per_crop,黄瓜,fold2_test2025,target_mean_price_next_30d,朝阳
159,0.8794094572266162,1.0457590646923143,14.880572342041667,15.822477503392424,0.6364729883284361,0.6415094339622641,elasticnet,per_crop,黄瓜,fold3_test2026,target_mean_price_next_30d,朝阳
247,0.23801701190682015,0.29518465766792523,8.277787961776214,8.183284576977904,0.17720590452689036,0.6923076923076923,elasticnet_tuned,per_crop,土豆,fold1_test2024,target_mean_price_next_30d,朝阳
244,0.1422049613292377,0.17786177556157645,4.929089235286314,4.913144636099883,0.020039849192707373,0.5778688524590164,elasticnet_tuned,per_crop,土豆,fold2_test2025,target_mean_price_next_30d,朝阳
159,0.1275318022362966,0.1678999394958432,4.027510861587894,4.084496861764559,-0.03186463941663005,0.5723270440251572,elasticnet_tuned,per_crop,土豆,fold3_test2026,target_mean_price_next_30d,朝阳
247,1.596704395393635,2.2141207210454747,15.82679157908023,14.260037698724862,-0.5915989089607949,0.7732793522267206,elasticnet_tuned,per_crop,芸豆,fold1_test2024,target_mean_price_next_30d,朝阳
244,1.1178205760590296,1.4248351289862484,10.107238390475286,10.584717093477138,0.5706584834487438,0.6229508196721312,elasticnet_tuned,per_crop,芸豆,fold2_test2025,target_mean_price_next_30d,朝阳
159,0.9677514877212897,1.1926193783116288,10.35677615899608,9.956446720709604,0.4521568196593994,0.6037735849056604,elasticnet_tuned,per_crop,芸豆,fold3_test2026,target_mean_price_next_30d,朝阳
247,1.0172866032384476,1.4468145565482902,17.853003070401638,18.355098377212606,-0.8135835348889797,0.6234817813765182,elasticnet_tuned,per_crop,芹菜,fold1_test2024,target_mean_price_next_30d,朝阳
244,0.4506612028778166,0.5799280784428077,10.63743667229714,10.415150807583238,0.1931016617816978,0.6352459016393442,elasticnet_tuned,per_crop,芹菜,fold2_test2025,target_mean_price_next_30d,朝阳
159,0.4507309451189358,0.5401982375059152,9.915603331588082,10.407985237931957,0.13708095190176167,0.4591194968553459,elasticnet_tuned,per_crop,芹菜,fold3_test2026,target_mean_price_next_30d,朝阳
247,0.7250472197861676,0.990225435693193,13.384863809304745,12.662088085688831,-0.26801595228713887,0.7044534412955465,elasticnet_tuned,per_crop,茄子,fold1_test2024,target_mean_price_next_30d,朝阳
244,0.6139036794248013,0.7909571989839457,12.016234072885013,11.911358071656968,0.03453549732194145,0.5737704918032787,elasticnet_tuned,per_crop,茄子,fold2_test2025,target_mean_price_next_30d,朝阳
159,0.4236568536836668,0.544017158662828,8.301424890314514,7.996852234313605,0.03844614442371558,0.6666666666666666,elasticnet_tuned,per_crop,茄子,fold3_test2026,target_mean_price_next_30d,朝阳
247,1.0094919220811789,1.2511906714899048,14.917525722649799,14.354643129351954,-0.19805607884710247,0.5344129554655871,elasticnet_tuned,per_crop,西红柿,fold1_test2024,target_mean_price_next_30d,朝阳
244,0.7597635020476377,0.9602912235436804,9.623629163280986,9.737528301978115,-0.6016572504871369,0.5450819672131147,elasticnet_tuned,per_crop,西红柿,fold2_test2025,target_mean_price_next_30d,朝阳
159,0.5555146930011245,0.8186488416662675,7.204253038904293,7.787523354159226,0.1373978411917177,0.710691823899371,elasticnet_tuned,per_crop,西红柿,fold3_test2026,target_mean_price_next_30d,朝阳
247,1.3283044349552955,1.8781702308845536,18.503240886402743,18.800049707779852,-1.1434470727352388,0.562753036437247,elasticnet_tuned,per_crop,青椒,fold1_test2024,target_mean_price_next_30d,朝阳
244,0.7372000154119934,0.9751326590268177,11.188830007856785,11.251216477391539,0.06643337808858554,0.6475409836065574,elasticnet_tuned,per_crop,青椒,fold2_test2025,target_mean_price_next_30d,朝阳
159,0.6299758255261353,0.834823217184209,9.473661563090968,9.651619904133035,-0.24862076066698383,0.5471698113207547,elasticnet_tuned,per_crop,青椒,fold3_test2026,target_mean_price_next_30d,朝阳
247,0.6420356415350267,0.852147240912113,11.65075606722138,11.333330146292731,0.24601811015315694,0.5789473684210527,elasticnet_tuned,per_crop,韭菜,fold1_test2024,target_mean_price_next_30d,朝阳
244,0.8120906891177304,1.154413604183775,12.305741607952125,12.50188015553717,-0.18528238020987653,0.7540983606557377,elasticnet_tuned,per_crop,韭菜,fold2_test2025,target_mean_price_next_30d,朝阳
159,0.5453436354934237,0.6642429637820824,10.558602753593915,10.132998931557083,0.2103541808587174,0.5345911949685535,elasticnet_tuned,per_crop,韭菜,fold3_test2026,target_mean_price_next_30d,朝阳
247,1.2499128438902178,1.6554578213626596,20.793443659096464,20.702714985625313,-0.3726076815908097,0.680161943319838,elasticnet_tuned,per_crop,黄瓜,fold1_test2024,target_mean_price_next_30d,朝阳
244,0.8159776696327662,1.1030942413582174,11.918610015439869,12.534017734177972,-0.22454590342884007,0.7090163934426229,elasticnet_tuned,per_crop,黄瓜,fold2_test2025,target_mean_price_next_30d,朝阳
159,0.6828904442391549,0.7678750878966504,13.286463055347161,12.286675566727872,0.0831306211058205,0.6540880503144654,elasticnet_tuned,per_crop,黄瓜,fold3_test2026,target_mean_price_next_30d,朝阳
247,0.23065519344316143,0.28874138488332984,7.680378882689484,7.930177225492649,0.13730517663177083,0.562753036437247,extra_trees,per_crop,土豆,fold1_test2024,target_mean_price_next_30d,朝阳
244,0.11849565847000705,0.15940389515475253,3.9581798260439385,4.0939943541431125,0.06836310881448006,0.7377049180327869,extra_trees,per_crop,土豆,fold2_test2025,target_mean_price_next_30d,朝阳
159,0.15824241894757585,0.18675796647914752,5.330827298926074,5.068074411681546,-0.023080340125947778,0.7044025157232704,extra_trees,per_crop,土豆,fold3_test2026,target_mean_price_next_30d,朝阳
247,1.4975978196612476,1.942623980788812,13.775531228443457,13.37492489374197,-0.04793107270663083,0.8178137651821862,extra_trees,per_crop,芸豆,fold1_test2024,target_mean_price_next_30d,朝阳
244,1.575471470954397,2.0117344563850112,13.562561716694152,14.918243737907327,0.7474249993641092,0.5860655737704918,extra_trees,per_crop,芸豆,fold2_test2025,target_mean_price_next_30d,朝阳
159,0.9925569473600769,1.2857948477785432,11.910371894092792,10.211650913531702,0.7638480523828137,0.6477987421383647,extra_trees,per_crop,芸豆,fold3_test2026,target_mean_price_next_30d,朝阳
247,1.1881873618848002,1.710914560493859,21.2727127616554,21.43869372557167,-1.0700656325899838,0.5384615384615384,extra_trees,per_crop,芹菜,fold1_test2024,target_mean_price_next_30d,朝阳
244,0.7295608428178855,0.9094081996130793,16.233579067401365,16.860750720793494,0.5130911870981588,0.6434426229508197,extra_trees,per_crop,芹菜,fold2_test2025,target_mean_price_next_30d,朝阳
159,0.5490294968574096,0.6420961271699909,12.280113871590618,12.677831332333486,0.11935451891417087,0.5220125786163522,extra_trees,per_crop,芹菜,fold3_test2026,target_mean_price_next_30d,朝阳
247,0.7413926540006232,0.9871323995801967,14.199891233290673,12.947541670192345,-0.2729494907406588,0.6720647773279352,extra_trees,per_crop,茄子,fold1_test2024,target_mean_price_next_30d,朝阳
244,0.9363010803751798,1.1553876218506498,19.42283606114167,18.166721922366573,0.26705796847567986,0.6188524590163934,extra_trees,per_crop,茄子,fold2_test2025,target_mean_price_next_30d,朝阳
159,0.5448022823203872,0.7452081056650042,9.951555695162169,10.28356631257516,0.03703439020394303,0.660377358490566,extra_trees,per_crop,茄子,fold3_test2026,target_mean_price_next_30d,朝阳
247,1.107629236167387,1.3772088447375617,15.808216470273436,15.750123460166682,-0.09168242129286099,0.6072874493927125,extra_trees,per_crop,西红柿,fold1_test2024,target_mean_price_next_30d,朝阳
244,0.8783672355187347,1.1262194157016936,11.14878324858077,11.25761607703244,-0.6257325321833876,0.6065573770491803,extra_trees,per_crop,西红柿,fold2_test2025,target_mean_price_next_30d,朝阳
159,0.5298765248300505,0.7019734393339504,7.880528393588174,7.4281128184784055,0.05054575164854225,0.7987421383647799,extra_trees,per_crop,西红柿,fold3_test2026,target_mean_price_next_30d,朝阳
247,1.3343598994387826,1.8908942702780147,17.60196863131101,18.88575523604385,-0.9004963394889917,0.5910931174089069,extra_trees,per_crop,青椒,fold1_test2024,target_mean_price_next_30d,朝阳
244,0.7084292829492657,0.9612421525334978,10.245307803616729,10.812114832812272,-0.002258394097071227,0.7622950819672131,extra_trees,per_crop,青椒,fold2_test2025,target_mean_price_next_30d,朝阳
159,0.7655192276068418,1.0201231157270028,11.329698413082893,11.728228790360497,-0.4759051467456221,0.559748427672956,extra_trees,per_crop,青椒,fold3_test2026,target_mean_price_next_30d,朝阳
247,0.6087614894521006,0.8261649605980017,11.110621139972173,10.745968749981243,0.2107724945198243,0.631578947368421,extra_trees,per_crop,韭菜,fold1_test2024,target_mean_price_next_30d,朝阳
244,0.9671225956028966,1.3185978090954347,14.647922033537691,14.888547483625464,-0.3510163516262505,0.7213114754098361,extra_trees,per_crop,韭菜,fold2_test2025,target_mean_price_next_30d,朝阳
159,0.41737677073487284,0.5268592057500013,7.705425427048455,7.755253929179143,0.12722680592577404,0.6792452830188679,extra_trees,per_crop,韭菜,fold3_test2026,target_mean_price_next_30d,朝阳
247,1.1986332865670601,1.6626859245965564,19.468060434512953,19.85335491620945,-0.15073563551596175,0.7813765182186235,extra_trees,per_crop,黄瓜,fold1_test2024,target_mean_price_next_30d,朝阳
244,1.0319043096409635,1.374716853279719,14.624813849130325,15.850809891446497,-0.5879494213291939,0.7459016393442623,extra_trees,per_crop,黄瓜,fold2_test2025,target_mean_price_next_30d,朝阳
159,0.6106917239026869,0.8254612795149304,11.484673627601664,10.987664487292655,0.4522893678611028,0.7169811320754716,extra_trees,per_crop,黄瓜,fold3_test2026,target_mean_price_next_30d,朝阳
247,0.22165744750210098,0.28070726676420216,7.3212958842614455,7.620824902323956,0.10880218936779042,0.5303643724696356,extra_trees_tuned,per_crop,土豆,fold1_test2024,target_mean_price_next_30d,朝阳
244,0.12177880430009896,0.16630340256261011,4.063265632627149,4.207426193467648,0.06150064869193807,0.7049180327868853,extra_trees_tuned,per_crop,土豆,fold2_test2025,target_mean_price_next_30d,朝阳
159,0.16035414182013435,0.1860138582429221,5.371526680452873,5.135707153434073,-0.018915285104615667,0.7044025157232704,extra_trees_tuned,per_crop,土豆,fold3_test2026,target_mean_price_next_30d,朝阳
247,1.3986064127694113,1.8296564347569015,13.030937790990563,12.490840652350881,-0.050188793832826754,0.8097165991902834,extra_trees_tuned,per_crop,芸豆,fold1_test2024,target_mean_price_next_30d,朝阳
244,1.4766827295833356,1.919368606557776,12.610454988050016,13.982806600831271,0.6956529410706545,0.5983606557377049,extra_trees_tuned,per_crop,芸豆,fold2_test2025,target_mean_price_next_30d,朝阳
159,0.9866940268283969,1.2486513509717663,11.784799602881877,10.151331857821567,0.8185590808212766,0.6540880503144654,extra_trees_tuned,per_crop,芸豆,fold3_test2026,target_mean_price_next_30d,朝阳
247,1.13599359203266,1.6417126713150114,20.237315696580765,20.496951469983284,-0.9952352740278794,0.5668016194331984,extra_trees_tuned,per_crop,芹菜,fold1_test2024,target_mean_price_next_30d,朝阳
244,0.5915185771062197,0.7383016851331621,13.577693264206067,13.670480500001325,0.32397042464126674,0.6229508196721312,extra_trees_tuned,per_crop,芹菜,fold2_test2025,target_mean_price_next_30d,朝阳
159,0.5264854632366887,0.6105348589615128,11.788176329807888,12.157259200180476,0.12765735420738095,0.48427672955974843,extra_trees_tuned,per_crop,芹菜,fold3_test2026,target_mean_price_next_30d,朝阳
247,0.6773034445753925,0.9589128316982831,12.93313887479437,11.82829978781707,-0.2610162335604628,0.6356275303643725,extra_trees_tuned,per_crop,茄子,fold1_test2024,target_mean_price_next_30d,朝阳
244,0.9174044114661191,1.1272387733372677,19.102904176233064,17.800076474096475,0.25903556611866535,0.6270491803278688,extra_trees_tuned,per_crop,茄子,fold2_test2025,target_mean_price_next_30d,朝阳
159,0.5462259016132669,0.7600139790162697,9.93022123742932,10.310438232677692,0.0703817965686114,0.6352201257861635,extra_trees_tuned,per_crop,茄子,fold3_test2026,target_mean_price_next_30d,朝阳
247,1.0952880211482081,1.3624222416150384,15.615884437691921,15.574635441384235,-0.1344194090433869,0.5991902834008097,extra_trees_tuned,per_crop,西红柿,fold1_test2024,target_mean_price_next_30d,朝阳
244,0.8685256923896045,1.1175420352490657,11.0070881444032,11.131481688506582,-0.6256321160461118,0.610655737704918,extra_trees_tuned,per_crop,西红柿,fold2_test2025,target_mean_price_next_30d,朝阳
159,0.5549241122636506,0.7274840466563667,8.188176263587419,7.779244254895895,0.03324377587520995,0.7987421383647799,extra_trees_tuned,per_crop,西红柿,fold3_test2026,target_mean_price_next_30d,朝阳
247,1.2744111122822013,1.850336498140028,16.80791995692472,18.037274911198157,-0.9727684721695253,0.6194331983805668,extra_trees_tuned,per_crop,青椒,fold1_test2024,target_mean_price_next_30d,朝阳
244,0.7121712213137127,0.9714410591143321,10.306733157244453,10.869224650640913,0.024513063442166815,0.7622950819672131,extra_trees_tuned,per_crop,青椒,fold2_test2025,target_mean_price_next_30d,朝阳
159,0.7371649858968122,0.9898281421664188,10.932908116937352,11.29382424249302,-0.4554963525515874,0.559748427672956,extra_trees_tuned,per_crop,青椒,fold3_test2026,target_mean_price_next_30d,朝阳
247,0.6119309335070648,0.8380650187830666,11.147774396222731,10.80191635402583,0.22003264200784187,0.6275303643724697,extra_trees_tuned,per_crop,韭菜,fold1_test2024,target_mean_price_next_30d,朝阳
244,0.950743376064937,1.300845725439378,14.414350095389295,14.636394562222964,-0.3391008754938838,0.7213114754098361,extra_trees_tuned,per_crop,韭菜,fold2_test2025,target_mean_price_next_30d,朝阳
159,0.39628656012940183,0.494850436522679,7.387668332383244,7.363377930959798,0.08212045799349267,0.710691823899371,extra_trees_tuned,per_crop,韭菜,fold3_test2026,target_mean_price_next_30d,朝阳
247,1.1312693496782358,1.5741582433165033,18.293733852686216,18.73758401063304,-0.13050382090618845,0.7530364372469636,extra_trees_tuned,per_crop,黄瓜,fold1_test2024,target_mean_price_next_30d,朝阳
244,0.9852741505629573,1.296579261132305,14.135042591683094,15.134536318550426,-0.5470343366710666,0.7090163934426229,extra_trees_tuned,per_crop,黄瓜,fold2_test2025,target_mean_price_next_30d,朝阳
159,0.5960336049321813,0.8036107345764447,11.243285008114945,10.723933234749268,0.36788122221025954,0.7295597484276729,extra_trees_tuned,per_crop,黄瓜,fold3_test2026,target_mean_price_next_30d,朝阳
247,0.17689510312874762,0.2429823692100328,5.88815629941488,6.081846661208829,0.07574624237187862,0.6072874493927125,catboost,pooled,土豆,fold1_test2024,target_mean_price_next_30d,朝阳
244,0.15760621215915857,0.19448540416474552,5.3039318533128474,5.44525386911788,0.05508431064224155,0.7008196721311475,catboost,pooled,土豆,fold2_test2025,target_mean_price_next_30d,朝阳
159,0.1283673012986515,0.16494260964483567,4.163972530956939,4.111255624977775,-0.03570962548245188,0.7295597484276729,catboost,pooled,土豆,fold3_test2026,target_mean_price_next_30d,朝阳
247,1.516002833863276,2.077645246226125,14.051724089054407,13.539298585656173,-0.7327510612222088,0.7894736842105263,catboost,pooled,芸豆,fold1_test2024,target_mean_price_next_30d,朝阳
244,1.2851390743894053,1.6567331510814276,11.640936856568743,12.169067039491132,0.5551723415284362,0.6188524590163934,catboost,pooled,芸豆,fold2_test2025,target_mean_price_next_30d,朝阳
159,0.8423461947527311,1.047817111205278,9.378758468355251,8.66624863392968,0.5871433742933012,0.6352201257861635,catboost,pooled,芸豆,fold3_test2026,target_mean_price_next_30d,朝阳
247,0.9832993934106626,1.236863929142756,17.459679760823146,17.74186059548028,-0.1554197730584424,0.5748987854251012,catboost,pooled,芹菜,fold1_test2024,target_mean_price_next_30d,朝阳
244,0.4858469008686648,0.6464478454885537,10.973771558416221,11.228321208107198,0.25201403715181014,0.5450819672131147,catboost,pooled,芹菜,fold2_test2025,target_mean_price_next_30d,朝阳
159,0.36643193890854037,0.4733381729381086,8.319497234892586,8.461407525193348,0.168923665697089,0.6289308176100629,catboost,pooled,芹菜,fold3_test2026,target_mean_price_next_30d,朝阳
247,0.610595209893634,0.8407549333704356,10.698998236640849,10.663319741648024,-0.14691349507892773,0.805668016194332,catboost,pooled,茄子,fold1_test2024,target_mean_price_next_30d,朝阳
244,0.890310975871689,1.0807958090090932,18.620774617556762,17.27439203275381,0.38110402932179843,0.6598360655737705,catboost,pooled,茄子,fold2_test2025,target_mean_price_next_30d,朝阳
159,0.5102491630987417,0.6357658503599714,10.731862449052286,9.631349344414325,0.3408584323525863,0.6352201257861635,catboost,pooled,茄子,fold3_test2026,target_mean_price_next_30d,朝阳
247,1.037052853704354,1.3879747587645812,15.252315942647188,14.746550512768671,-0.5011770526517855,0.6558704453441295,catboost,pooled,西红柿,fold1_test2024,target_mean_price_next_30d,朝阳
244,0.7713269636958978,1.056237512198364,9.438174962565316,9.885731703122422,-0.30303843890358084,0.610655737704918,catboost,pooled,西红柿,fold2_test2025,target_mean_price_next_30d,朝阳
159,0.49499082503718855,0.7125366719447543,7.082073017192207,6.939065084393449,0.10784006428978123,0.7358490566037735,catboost,pooled,西红柿,fold3_test2026,target_mean_price_next_30d,朝阳
247,1.188464092664535,1.6690921303275637,15.947347515487081,16.820830699670672,-0.46227804590295263,0.6477732793522267,catboost,pooled,青椒,fold1_test2024,target_mean_price_next_30d,朝阳
244,0.6348614103926447,0.8709110344421856,9.068521295687319,9.689314992048422,0.25413980592771135,0.7868852459016393,catboost,pooled,青椒,fold2_test2025,target_mean_price_next_30d,朝阳
159,0.6729342682131139,0.8818517965683969,10.34978231997968,10.309769857969634,-0.12385798741160267,0.6289308176100629,catboost,pooled,青椒,fold3_test2026,target_mean_price_next_30d,朝阳
247,0.6335096903584039,0.8580441109467054,10.860178151041906,11.18282850238895,0.08514744279612053,0.6275303643724697,catboost,pooled,韭菜,fold1_test2024,target_mean_price_next_30d,朝阳
244,0.9625012666671007,1.312775918155313,14.813282015152229,14.8174035814864,-0.17056805937598962,0.7418032786885246,catboost,pooled,韭菜,fold2_test2025,target_mean_price_next_30d,朝阳
159,0.5355701840916862,0.6958964849273039,9.762859100174435,9.951398989491517,0.2733303837779508,0.6477987421383647,catboost,pooled,韭菜,fold3_test2026,target_mean_price_next_30d,朝阳
247,1.1092502499902703,1.5634594163060587,17.753579708647823,18.37287446523688,-0.11483693685188893,0.6842105263157895,catboost,pooled,黄瓜,fold1_test2024,target_mean_price_next_30d,朝阳
244,0.8385800617345514,1.127781837028676,12.22644350471628,12.881207116904728,-0.03834483762898103,0.7377049180327869,catboost,pooled,黄瓜,fold2_test2025,target_mean_price_next_30d,朝阳
159,0.6515069162882309,0.7728308299919463,12.451674009136475,11.7220180446828,0.12922935483587258,0.7421383647798742,catboost,pooled,黄瓜,fold3_test2026,target_mean_price_next_30d,朝阳
247,0.409679288983834,0.5208580617345319,15.213116888846958,14.085220968832013,-0.35539003162159405,0.6275303643724697,elasticnet,pooled,土豆,fold1_test2024,target_mean_price_next_30d,朝阳
244,0.26770457748071547,0.324073320134987,8.936606169069623,9.249123916735948,0.07096534224355659,0.7622950819672131,elasticnet,pooled,土豆,fold2_test2025,target_mean_price_next_30d,朝阳
159,0.2995378034180171,0.3786062399434361,9.557645667134615,9.593381388697518,-0.08362102428245034,0.5786163522012578,elasticnet,pooled,土豆,fold3_test2026,target_mean_price_next_30d,朝阳
247,1.9553718434303387,2.5692072085585265,18.581045755312818,17.46326764226612,-0.5781106710704457,0.5870445344129555,elasticnet,pooled,芸豆,fold1_test2024,target_mean_price_next_30d,朝阳
244,0.9957472582453514,1.3517534516300092,9.658636301696118,9.42879675939691,-0.048902272783630296,0.6147540983606558,elasticnet,pooled,芸豆,fold2_test2025,target_mean_price_next_30d,朝阳
159,1.093742234369394,1.3376483657215927,12.098336187807195,11.252668087682633,0.705207593363537,0.6415094339622641,elasticnet,pooled,芸豆,fold3_test2026,target_mean_price_next_30d,朝阳
247,1.080297678441626,1.3783028967496895,19.923855073195988,19.492019359486846,-0.5738696751014655,0.47368421052631576,elasticnet,pooled,芹菜,fold1_test2024,target_mean_price_next_30d,朝阳
244,0.42512675009157597,0.5764594324454699,10.171912361010893,9.825028616323936,0.1461962378242941,0.6229508196721312,elasticnet,pooled,芹菜,fold2_test2025,target_mean_price_next_30d,朝阳
159,0.3581694252733819,0.4564558070391832,8.458180695516338,8.27061494510935,0.0672497427360758,0.6477987421383647,elasticnet,pooled,芹菜,fold3_test2026,target_mean_price_next_30d,朝阳
247,0.7341264161394551,1.0134351990129105,13.47573469669491,12.820645460760893,-0.30981333881119577,0.6639676113360324,elasticnet,pooled,茄子,fold1_test2024,target_mean_price_next_30d,朝阳
244,0.729032134160116,0.9577662915588441,13.33542315620058,14.14515515505898,-0.0983168111493908,0.5491803278688525,elasticnet,pooled,茄子,fold2_test2025,target_mean_price_next_30d,朝阳
159,0.5600198135065217,0.7603191900804465,10.084148229857524,10.57080903556777,0.4648644432363073,0.6792452830188679,elasticnet,pooled,茄子,fold3_test2026,target_mean_price_next_30d,朝阳
247,1.1391583544113795,1.4711305274530675,16.937975786075295,16.19845715227052,-0.3506702615671426,0.5141700404858299,elasticnet,pooled,西红柿,fold1_test2024,target_mean_price_next_30d,朝阳
244,0.6393121447263058,0.8160211155349735,8.342301344605598,8.19376040872308,-0.24064254968807813,0.5655737704918032,elasticnet,pooled,西红柿,fold2_test2025,target_mean_price_next_30d,朝阳
159,0.7006168273916091,1.0132861985865025,9.305126630451605,9.82164823787668,0.5792788189426044,0.4968553459119497,elasticnet,pooled,西红柿,fold3_test2026,target_mean_price_next_30d,朝阳
247,1.3169558890981266,1.7516639286720268,18.737866931543685,18.639428979119128,-0.6431898969826543,0.5344129554655871,elasticnet,pooled,青椒,fold1_test2024,target_mean_price_next_30d,朝阳
244,0.7526011195097957,1.0162174858579898,11.209415005350248,11.486269587229545,-0.040367865558513516,0.6024590163934426,elasticnet,pooled,青椒,fold2_test2025,target_mean_price_next_30d,朝阳
159,0.5861509580296912,0.7815550397223683,9.265988405151852,8.980195785483064,0.251509743869261,0.6918238993710691,elasticnet,pooled,青椒,fold3_test2026,target_mean_price_next_30d,朝阳
247,0.8757741379849325,1.1670567891110464,17.746012259046182,15.459324681162077,-0.2140029061631463,0.46558704453441296,elasticnet,pooled,韭菜,fold1_test2024,target_mean_price_next_30d,朝阳
244,0.923097397445776,1.3259373876377083,13.9850105449278,14.21079343649797,-0.1177120274512179,0.7295081967213115,elasticnet,pooled,韭菜,fold2_test2025,target_mean_price_next_30d,朝阳
159,0.7157960340305413,0.9219629034007253,12.284531996795701,13.300165209559392,0.37035315053361856,0.5157232704402516,elasticnet,pooled,韭菜,fold3_test2026,target_mean_price_next_30d,朝阳
247,1.2203794781907618,1.6753019399698574,20.34585575927956,20.21354419613322,-0.2466269929086837,0.6356275303643725,elasticnet,pooled,黄瓜,fold1_test2024,target_mean_price_next_30d,朝阳
244,0.8462811713780335,1.142654957335872,12.759830544243384,12.999501830640824,-0.10103811260310244,0.7377049180327869,elasticnet,pooled,黄瓜,fold2_test2025,target_mean_price_next_30d,朝阳
159,0.6887143586411821,0.8579979596943769,12.576704321137019,12.391460378683803,0.22516343470173159,0.8930817610062893,elasticnet,pooled,黄瓜,fold3_test2026,target_mean_price_next_30d,朝阳
247,0.36310853263552617,0.43484438150972166,11.826083781765092,12.484067550804488,0.2517612991409643,0.7854251012145749,elasticnet_tuned,pooled,土豆,fold1_test2024,target_mean_price_next_30d,朝阳
244,0.4017175067075135,0.45465132189912694,12.762507617986921,13.87923596236471,0.39106299434992203,0.7172131147540983,elasticnet_tuned,pooled,土豆,fold2_test2025,target_mean_price_next_30d,朝阳
159,0.24659354304991457,0.2935842782066947,7.6063073265082215,7.89772068658275,0.18495945386144502,0.6540880503144654,elasticnet_tuned,pooled,土豆,fold3_test2026,target_mean_price_next_30d,朝阳
247,1.816136808277662,2.461036294079983,17.41080951467694,16.219770814682725,-0.7438885992558502,0.562753036437247,elasticnet_tuned,pooled,芸豆,fold1_test2024,target_mean_price_next_30d,朝阳
244,1.0098596446987056,1.3804926115827665,9.977213704377972,9.56242788170923,-0.39187257109313556,0.6188524590163934,elasticnet_tuned,pooled,芸豆,fold2_test2025,target_mean_price_next_30d,朝阳
159,0.9342412607325552,1.1690519111709952,10.974296062197595,9.611685907788685,0.2953230767553099,0.7169811320754716,elasticnet_tuned,pooled,芸豆,fold3_test2026,target_mean_price_next_30d,朝阳
247,0.8340496998671572,1.0823969112313525,15.033466058305422,15.048919590419437,-0.13988505487032066,0.5870445344129555,elasticnet_tuned,pooled,芹菜,fold1_test2024,target_mean_price_next_30d,朝阳
244,0.43177435508878254,0.5856102421492455,9.8760572234072,9.97866023163279,0.23064411913066804,0.5532786885245902,elasticnet_tuned,pooled,芹菜,fold2_test2025,target_mean_price_next_30d,朝阳
159,0.35639390838067014,0.48696487149008066,7.811319713373891,8.22961586614847,0.1620865119415386,0.6289308176100629,elasticnet_tuned,pooled,芹菜,fold3_test2026,target_mean_price_next_30d,朝阳
247,0.5702622537188605,0.8086431125036434,10.188034144804533,9.958952591613539,-0.054817084873489394,0.6761133603238867,elasticnet_tuned,pooled,茄子,fold1_test2024,target_mean_price_next_30d,朝阳
244,0.5875143840963932,0.7655691219434805,11.553205659007384,11.399335817270275,0.036289695195328174,0.5901639344262295,elasticnet_tuned,pooled,茄子,fold2_test2025,target_mean_price_next_30d,朝阳
159,0.548199126488531,0.7538064970915325,9.818267240861491,10.347684385112986,0.4098953516785127,0.6352201257861635,elasticnet_tuned,pooled,茄子,fold3_test2026,target_mean_price_next_30d,朝阳
247,0.9999732147217578,1.2772906283323369,14.636964880031206,14.219290241222318,-0.1660024003234578,0.5344129554655871,elasticnet_tuned,pooled,西红柿,fold1_test2024,target_mean_price_next_30d,朝阳
244,0.6558718582998178,0.8152144003434569,8.588609248564602,8.405998400098209,-0.40155508588695565,0.5409836065573771,elasticnet_tuned,pooled,西红柿,fold2_test2025,target_mean_price_next_30d,朝阳
159,0.5848386365721551,0.8898950276476761,7.447592446003461,8.198603201861806,0.33971993256785177,0.660377358490566,elasticnet_tuned,pooled,西红柿,fold3_test2026,target_mean_price_next_30d,朝阳
247,1.253006859393626,1.6185208595655203,16.942337810210343,17.734331543944666,-0.25054997662860645,0.4939271255060729,elasticnet_tuned,pooled,青椒,fold1_test2024,target_mean_price_next_30d,朝阳
244,0.7301312328791106,0.985008651109731,10.822234349883102,11.143332048679719,-0.047215476593631095,0.639344262295082,elasticnet_tuned,pooled,青椒,fold2_test2025,target_mean_price_next_30d,朝阳
159,0.6555009731603388,0.8619781353435199,9.68076087534873,10.042680978193237,0.16442579220186873,0.6163522012578616,elasticnet_tuned,pooled,青椒,fold3_test2026,target_mean_price_next_30d,朝阳
247,0.7428626075826986,1.0524715350607288,14.121989333387697,13.113146125254971,-0.020770320863162085,0.3643724696356275,elasticnet_tuned,pooled,韭菜,fold1_test2024,target_mean_price_next_30d,朝阳
244,0.9498762281203259,1.337688927476736,14.247531771655092,14.623045092975353,-0.12108075817480353,0.7254098360655737,elasticnet_tuned,pooled,韭菜,fold2_test2025,target_mean_price_next_30d,朝阳
159,0.6275367507735542,0.8491897154688717,11.439156253638544,11.660224510271947,0.25450547109545035,0.4779874213836478,elasticnet_tuned,pooled,韭菜,fold3_test2026,target_mean_price_next_30d,朝阳
247,1.106656903319708,1.5087489629655295,17.84618112860883,18.329920016659113,-0.09362441284640925,0.6356275303643725,elasticnet_tuned,pooled,黄瓜,fold1_test2024,target_mean_price_next_30d,朝阳
244,0.8972347180725179,1.2062566438396263,13.252754226377848,13.782185820235002,-0.11067073057644408,0.7213114754098361,elasticnet_tuned,pooled,黄瓜,fold2_test2025,target_mean_price_next_30d,朝阳
159,0.7661295364654959,0.894836935982859,14.724306409634671,13.784326806808513,0.11561507402446312,0.7924528301886793,elasticnet_tuned,pooled,黄瓜,fold3_test2026,target_mean_price_next_30d,朝阳
247,0.2700671308357325,0.3481198638533862,8.954173484726624,9.285202636616233,0.2206336156846867,0.5910931174089069,extra_trees,pooled,土豆,fold1_test2024,target_mean_price_next_30d,朝阳
244,0.12898101607525633,0.1642206092005512,4.244793523931342,4.456260747623913,0.09203826973301875,0.7581967213114754,extra_trees,pooled,土豆,fold2_test2025,target_mean_price_next_30d,朝阳
159,0.15997073189351046,0.1852799114953093,5.291176979449662,5.123427575990611,-0.01044054199626077,0.6855345911949685,extra_trees,pooled,土豆,fold3_test2026,target_mean_price_next_30d,朝阳
247,1.5329692113874362,2.0144685039171675,14.179409454286693,13.690823929860965,-0.33817778091118933,0.8137651821862348,extra_trees,pooled,芸豆,fold1_test2024,target_mean_price_next_30d,朝阳
244,1.2546506046357455,1.763063194011361,10.779839407289527,11.880369699446389,0.30361931531423175,0.6557377049180327,extra_trees,pooled,芸豆,fold2_test2025,target_mean_price_next_30d,朝阳
159,0.8353227088340216,1.0021191394997606,9.802600945612552,8.593989418386707,0.445264871622634,0.5849056603773585,extra_trees,pooled,芸豆,fold3_test2026,target_mean_price_next_30d,朝阳
247,1.0043521760373597,1.291497330886276,17.24424251020053,18.121720012675926,-0.0018903557655085826,0.5222672064777328,extra_trees,pooled,芹菜,fold1_test2024,target_mean_price_next_30d,朝阳
244,0.6524544252279282,0.7995291797464671,14.03102245321913,15.078758034705483,0.5553152100459448,0.6065573770491803,extra_trees,pooled,芹菜,fold2_test2025,target_mean_price_next_30d,朝阳
159,0.5606514715945806,0.6858974857746342,12.998302461887285,12.946198398784128,0.2480999294339661,0.4968553459119497,extra_trees,pooled,芹菜,fold3_test2026,target_mean_price_next_30d,朝阳
247,0.7571848027825776,0.9919020012250819,13.398297052626152,13.223332782112454,0.06414259738385894,0.728744939271255,extra_trees,pooled,茄子,fold1_test2024,target_mean_price_next_30d,朝阳
244,0.8091564157533285,1.022828470506252,16.55210238401528,15.699778527222586,0.4216471371793986,0.7172131147540983,extra_trees,pooled,茄子,fold2_test2025,target_mean_price_next_30d,朝阳
159,0.5152060163864257,0.6778875391955907,10.554129479191285,9.724913800988366,0.29363315732226597,0.6981132075471698,extra_trees,pooled,茄子,fold3_test2026,target_mean_price_next_30d,朝阳
247,0.9510275487963412,1.278493659065697,14.121793135234597,13.523298969059033,-0.3422137309927005,0.6639676113360324,extra_trees,pooled,西红柿,fold1_test2024,target_mean_price_next_30d,朝阳
244,0.834823099523151,1.0594485924711772,10.411520907125968,10.699531547439447,-0.059375795144729356,0.5409836065573771,extra_trees,pooled,西红柿,fold2_test2025,target_mean_price_next_30d,朝阳
159,0.45676007331290397,0.652628542350833,6.610890482261303,6.403124495150876,0.19006158664602407,0.6163522012578616,extra_trees,pooled,西红柿,fold3_test2026,target_mean_price_next_30d,朝阳
247,1.3034541576975198,1.7127044726898062,17.295292439225772,18.448333312498814,-0.255179596126038,0.6275303643724697,extra_trees,pooled,青椒,fold1_test2024,target_mean_price_next_30d,朝阳
244,0.6512103243936169,0.9349454736195169,9.447161865904539,9.938833666423918,0.2684876580189431,0.7336065573770492,extra_trees,pooled,青椒,fold2_test2025,target_mean_price_next_30d,朝阳
159,0.7890279441816875,0.8954142196070136,13.17912831260296,12.088396891453751,-0.028440514111832932,0.5660377358490566,extra_trees,pooled,青椒,fold3_test2026,target_mean_price_next_30d,朝阳
247,0.7074038775513185,0.9726997599382975,12.048287910932368,12.487222160888935,0.3011470973093765,0.5991902834008097,extra_trees,pooled,韭菜,fold1_test2024,target_mean_price_next_30d,朝阳
244,0.9641136888700046,1.295248423681162,15.159149741277789,14.842226313000207,-0.08475579261774133,0.7131147540983607,extra_trees,pooled,韭菜,fold2_test2025,target_mean_price_next_30d,朝阳
159,0.5859097527665815,0.7936268454465184,9.962423575384703,10.886755638765019,0.3901063060656968,0.6540880503144654,extra_trees,pooled,韭菜,fold3_test2026,target_mean_price_next_30d,朝阳
247,1.172081071819847,1.6211639664511326,18.41924199168456,19.413561904372102,0.06464255952205734,0.680161943319838,extra_trees,pooled,黄瓜,fold1_test2024,target_mean_price_next_30d,朝阳
244,0.8845519741115903,1.228493822294943,13.110634014322484,13.587369535867994,-0.1000044076802711,0.6352459016393442,extra_trees,pooled,黄瓜,fold2_test2025,target_mean_price_next_30d,朝阳
159,0.607615475046678,0.7517915755776338,11.68758342305201,10.932316119226954,0.19135813368622104,0.779874213836478,extra_trees,pooled,黄瓜,fold3_test2026,target_mean_price_next_30d,朝阳
247,0.2552582338387438,0.3343784537470054,8.447512110076772,8.77605659942056,0.19650062215250985,0.5951417004048583,extra_trees_tuned,pooled,土豆,fold1_test2024,target_mean_price_next_30d,朝阳
244,0.127710951756469,0.16068433129080842,4.26123073066116,4.4123803538807955,0.08738751598270975,0.7336065573770492,extra_trees_tuned,pooled,土豆,fold2_test2025,target_mean_price_next_30d,朝阳
159,0.15179229591812354,0.17643949926570188,4.998896817028641,4.861494509180215,-0.012797524849954299,0.6666666666666666,extra_trees_tuned,pooled,土豆,fold3_test2026,target_mean_price_next_30d,朝阳
247,1.4477521729054459,1.9725818232661771,13.430284755541837,12.929757457674492,-0.443129095519734,0.8178137651821862,extra_trees_tuned,pooled,芸豆,fold1_test2024,target_mean_price_next_30d,朝阳
244,1.1908528125504803,1.666822505184901,10.435293346361226,11.276264179406878,0.2624285420874095,0.6598360655737705,extra_trees_tuned,pooled,芸豆,fold2_test2025,target_mean_price_next_30d,朝阳
159,0.8286963269144628,0.997570392707621,9.673750348339633,8.525815698821047,0.4324654829069498,0.6037735849056604,extra_trees_tuned,pooled,芸豆,fold3_test2026,target_mean_price_next_30d,朝阳
247,1.0115017930912171,1.279842723231266,17.3614076231945,18.25072193206146,0.04930219443983702,0.46963562753036436,extra_trees_tuned,pooled,芹菜,fold1_test2024,target_mean_price_next_30d,朝阳
244,0.5919951761473149,0.7487496395376142,12.696756476783271,13.681495095569035,0.49064613740804913,0.6024590163934426,extra_trees_tuned,pooled,芹菜,fold2_test2025,target_mean_price_next_30d,朝阳
159,0.538821063465671,0.6755717720495198,12.405111890744443,12.442104841409748,0.30891154275969135,0.46540880503144655,extra_trees_tuned,pooled,芹菜,fold3_test2026,target_mean_price_next_30d,朝阳
247,0.7228909554102245,0.9335303882686751,12.717851042016814,12.624431490753848,0.09105054867730565,0.7165991902834008,extra_trees_tuned,pooled,茄子,fold1_test2024,target_mean_price_next_30d,朝阳
244,0.7193144992205592,0.9205172207986014,14.43678835224379,13.95660728793566,0.3002000818381533,0.7090163934426229,extra_trees_tuned,pooled,茄子,fold2_test2025,target_mean_price_next_30d,朝阳
159,0.5043413923952609,0.6599307592488544,10.419997125152216,9.519835582889725,0.28433848852515137,0.6981132075471698,extra_trees_tuned,pooled,茄子,fold3_test2026,target_mean_price_next_30d,朝阳
247,0.9335869638646094,1.2349949874262642,13.815398200321411,13.275299587205605,-0.3172837735237092,0.6558704453441295,extra_trees_tuned,pooled,西红柿,fold1_test2024,target_mean_price_next_30d,朝阳
244,0.7831608878018985,0.997190981367721,9.831363477731957,10.037401493254587,-0.06949741821890522,0.5573770491803278,extra_trees_tuned,pooled,西红柿,fold2_test2025,target_mean_price_next_30d,朝阳
159,0.5227146654467698,0.7289357734939483,7.37826812001304,7.3277137688957685,0.23466591357073674,0.6226415094339622,extra_trees_tuned,pooled,西红柿,fold3_test2026,target_mean_price_next_30d,朝阳
247,1.249013067488018,1.6564492989244854,16.552849394557477,17.677805732261678,-0.2740272714690626,0.6518218623481782,extra_trees_tuned,pooled,青椒,fold1_test2024,target_mean_price_next_30d,朝阳
244,0.6166389323317494,0.9035867641759666,9.042315420476765,9.411201805489316,0.17954736877725286,0.7418032786885246,extra_trees_tuned,pooled,青椒,fold2_test2025,target_mean_price_next_30d,朝阳
159,0.762152529148935,0.8676496338398267,12.667820081166061,11.676648884384885,-0.0035487036661711836,0.5786163522012578,extra_trees_tuned,pooled,青椒,fold3_test2026,target_mean_price_next_30d,朝阳
247,0.7002544009834953,0.9593857158343034,12.017543628492444,12.361018297622719,0.2937201672201857,0.6153846153846154,extra_trees_tuned,pooled,韭菜,fold1_test2024,target_mean_price_next_30d,朝阳
244,0.9445029192528148,1.2881738093846755,14.729690293045875,14.540324696841653,-0.10760467564746037,0.7090163934426229,extra_trees_tuned,pooled,韭菜,fold2_test2025,target_mean_price_next_30d,朝阳
159,0.5692351545080033,0.7662450178853499,9.897027630451545,10.57692588126645,0.3495502811321568,0.6352201257861635,extra_trees_tuned,pooled,韭菜,fold3_test2026,target_mean_price_next_30d,朝阳
247,1.1697518991619638,1.6027563218811967,18.292457512769374,19.37498305631547,0.11978138244873042,0.6639676113360324,extra_trees_tuned,pooled,黄瓜,fold1_test2024,target_mean_price_next_30d,朝阳
244,0.8706197125656456,1.201523190212312,12.915600406738411,13.373359741491306,-0.11315481696261252,0.6557377049180327,extra_trees_tuned,pooled,黄瓜,fold2_test2025,target_mean_price_next_30d,朝阳
159,0.6321515379758961,0.7681115175803127,12.00829794246417,11.37377294065312,0.15509784398486876,0.7610062893081762,extra_trees_tuned,pooled,黄瓜,fold3_test2026,target_mean_price_next_30d,朝阳
247,0.18528840134698393,0.2501927906798133,6.202511446907262,6.370417412135483,-0.006956086421640898,0.008097165991902834,baseline_last_value,baseline,土豆,fold1_test2024,target_mean_price_next_30d,朝阳
244,0.15615091726083913,0.20561906372275404,5.365492318537581,5.394973806757274,0.01668790199647715,0.012295081967213115,baseline_last_value,baseline,土豆,fold2_test2025,target_mean_price_next_30d,朝阳
159,0.12474392469906924,0.18559906648829355,3.9322543600043245,3.995208724593169,0.026089560026170626,0.018867924528301886,baseline_last_value,baseline,土豆,fold3_test2026,target_mean_price_next_30d,朝阳
247,1.9575145247875247,2.496602417729071,17.915901367630944,17.482403756012648,-0.05899924021905932,0.0,baseline_last_value,baseline,芸豆,fold1_test2024,target_mean_price_next_30d,朝阳
244,1.0464637003455792,1.4933031812457145,10.45145110774525,9.909034109751676,-0.15988370980326214,0.0,baseline_last_value,baseline,芸豆,fold2_test2025,target_mean_price_next_30d,朝阳
159,1.1130872931024782,1.4327197615215408,12.59938486742601,11.451694437968566,0.47071803505083587,0.0,baseline_last_value,baseline,芸豆,fold3_test2026,target_mean_price_next_30d,朝阳
247,0.7466086484383381,1.0268113503539535,13.339908606325663,13.471203835514642,-0.020798848564096504,0.0,baseline_last_value,baseline,芹菜,fold1_test2024,target_mean_price_next_30d,朝阳
244,0.43925353276486,0.5934507834707478,10.27913043827337,10.15151017503956,-0.03804279381891995,0.0,baseline_last_value,baseline,芹菜,fold2_test2025,target_mean_price_next_30d,朝阳
159,0.39050602812820245,0.5455904705658509,8.360994584760698,9.017310704081549,0.12157496646140835,0.006289308176100629,baseline_last_value,baseline,芹菜,fold3_test2026,target_mean_price_next_30d,朝阳
247,0.6580013054525193,0.8909931377267475,11.531604980827472,11.491210865680218,0.06172744728501524,0.004048582995951417,baseline_last_value,baseline,茄子,fold1_test2024,target_mean_price_next_30d,朝阳
244,0.6530151948731271,0.8701155578546732,13.10957890199645,12.670225107063324,-0.1621319462593572,0.0,baseline_last_value,baseline,茄子,fold2_test2025,target_mean_price_next_30d,朝阳
159,0.5899528598408299,0.8562035860755195,9.870979915193848,11.13581853884151,0.4531481979382398,0.0,baseline_last_value,baseline,茄子,fold3_test2026,target_mean_price_next_30d,朝阳
247,1.0460866190983407,1.314461378661731,14.690844735252362,14.875007685637998,0.11769097634328829,0.0,baseline_last_value,baseline,西红柿,fold1_test2024,target_mean_price_next_30d,朝阳
244,0.6398804748006931,0.8124756867930046,8.386573656046217,8.201044425616887,-0.28685286680276323,0.004098360655737705,baseline_last_value,baseline,西红柿,fold2_test2025,target_mean_price_next_30d,朝阳
159,0.6746930958111288,1.0767778373491317,8.213805079192742,9.458234510655,0.5282416142571041,0.0,baseline_last_value,baseline,西红柿,fold3_test2026,target_mean_price_next_30d,朝阳
247,1.3495622840945667,1.7373277347101157,17.203846991231394,19.100920961373337,0.022018951825922697,0.0,baseline_last_value,baseline,青椒,fold1_test2024,target_mean_price_next_30d,朝阳
244,0.7631021910078625,1.0530458721444091,11.158325903596975,11.646537935302334,-0.059147743045368045,0.0,baseline_last_value,baseline,青椒,fold2_test2025,target_mean_price_next_30d,朝阳
159,0.7695733306536662,1.0602185397740564,10.846567136757452,11.790340160471338,0.3458047630926457,0.018867924528301886,baseline_last_value,baseline,青椒,fold3_test2026,target_mean_price_next_30d,朝阳
247,0.7068400289702653,1.1022023318155272,12.449339782806572,12.477269002982755,0.06169868822995603,0.0,baseline_last_value,baseline,韭菜,fold1_test2024,target_mean_price_next_30d,朝阳
244,1.1191931705327711,1.5484078457524846,16.576299950142488,17.22962604595006,-0.088371422364969,0.004098360655737705,baseline_last_value,baseline,韭菜,fold2_test2025,target_mean_price_next_30d,朝阳
159,0.6051748395715333,0.8379511255041026,11.1726156629905,11.24471911592984,0.25587763337016767,0.006289308176100629,baseline_last_value,baseline,韭菜,fold3_test2026,target_mean_price_next_30d,朝阳
247,1.2343364471148548,1.6213436651987774,19.204636950821307,20.44471803446215,0.012767992371431123,0.004048582995951417,baseline_last_value,baseline,黄瓜,fold1_test2024,target_mean_price_next_30d,朝阳
244,1.0273228812711195,1.3819179794464909,15.05984867039809,15.780435778805234,-0.12649807896589002,0.0,baseline_last_value,baseline,黄瓜,fold2_test2025,target_mean_price_next_30d,朝阳
159,0.9134503005112266,1.0862181830651632,17.21382734875695,16.434945873662016,0.16340793231381698,0.0,baseline_last_value,baseline,黄瓜,fold3_test2026,target_mean_price_next_30d,朝阳
247,0.8062518967288234,1.0270207596647491,24.788683669943403,27.719819935572886,0.7416948646793308,0.5870445344129555,baseline_previous_year_same_period,baseline,土豆,fold1_test2024,target_mean_price_next_30d,朝阳
244,0.3435528338663156,0.41742886468671164,11.627701500388433,11.869661558567305,-0.0401696192204871,0.32786885245901637,baseline_previous_year_same_period,baseline,土豆,fold2_test2025,target_mean_price_next_30d,朝阳
159,0.26115603028763323,0.3005336124103722,8.628544718371579,8.364117556845278,0.032267666927409136,0.4779874213836478,baseline_previous_year_same_period,baseline,土豆,fold3_test2026,target_mean_price_next_30d,朝阳
247,2.6862225949843377,3.1768043150618683,26.78072392244487,23.990436540509243,0.08215001084509323,0.5748987854251012,baseline_previous_year_same_period,baseline,芸豆,fold1_test2024,target_mean_price_next_30d,朝阳
244,3.0118852161656675,3.5131782653007946,26.94525940883693,28.519740657785427,0.4128006272656053,0.47950819672131145,baseline_previous_year_same_period,baseline,芸豆,fold2_test2025,target_mean_price_next_30d,朝阳
159,1.425952877601904,1.7828388183345603,16.037078276699926,14.670526506258108,0.9187881277096289,0.6289308176100629,baseline_previous_year_same_period,baseline,芸豆,fold3_test2026,target_mean_price_next_30d,朝阳
247,2.197339710085786,2.5654284468521102,45.508353497374465,39.647024170362236,-1.9533549829940147,0.5951417004048583,baseline_previous_year_same_period,baseline,芹菜,fold1_test2024,target_mean_price_next_30d,朝阳
244,1.694016736440125,2.0266551605627576,33.485567842439075,39.150119131460684,1.211447181004357,0.5983606557377049,baseline_previous_year_same_period,baseline,芹菜,fold2_test2025,target_mean_price_next_30d,朝阳
159,0.6139165059511242,0.8014743316360402,14.917467705016971,14.176159858684686,-0.6123042229088512,0.6855345911949685,baseline_previous_year_same_period,baseline,芹菜,fold3_test2026,target_mean_price_next_30d,朝阳
247,1.7262378517136403,2.073143319740165,36.918778964186814,30.14669271015853,-0.8358655955899424,0.31983805668016196,baseline_previous_year_same_period,baseline,茄子,fold1_test2024,target_mean_price_next_30d,朝阳
244,2.219176027481171,2.5141890790308556,39.611882354794744,43.05789519315529,0.6563455752163372,0.4385245901639344,baseline_previous_year_same_period,baseline,茄子,fold2_test2025,target_mean_price_next_30d,朝阳
159,0.6631911412869724,1.131212442785054,10.663280085838743,12.518247996850898,-0.4486826540252389,0.7735849056603774,baseline_previous_year_same_period,baseline,茄子,fold3_test2026,target_mean_price_next_30d,朝阳
247,2.3230317542949033,2.7619706938221413,34.23044274382778,33.03274754522918,-0.832625917681094,0.6275303643724697,baseline_previous_year_same_period,baseline,西红柿,fold1_test2024,target_mean_price_next_30d,朝阳
244,1.5723614673278719,2.0982153769501273,20.647720156830683,20.15221084953484,-0.439451769348368,0.5573770491803278,baseline_previous_year_same_period,baseline,西红柿,fold2_test2025,target_mean_price_next_30d,朝阳
159,1.6101554142384318,2.4758815923051456,20.868359311135297,22.5720814412056,-0.5227116422115407,0.42138364779874216,baseline_previous_year_same_period,baseline,西红柿,fold3_test2026,target_mean_price_next_30d,朝阳
247,2.2616850686460976,2.8501916481722387,35.53110754098001,32.01057724039079,-1.414359341994218,0.39271255060728744,baseline_previous_year_same_period,baseline,青椒,fold1_test2024,target_mean_price_next_30d,朝阳
244,2.036070044608458,2.7317866109824642,27.705688140061202,31.074693917660102,0.644868148710235,0.319672131147541,baseline_previous_year_same_period,baseline,青椒,fold2_test2025,target_mean_price_next_30d,朝阳
159,0.9970673001433579,1.2923318496029463,15.213018530057953,15.27568870089061,-0.6747683748543071,0.5408805031446541,baseline_previous_year_same_period,baseline,青椒,fold3_test2026,target_mean_price_next_30d,朝阳
247,1.5887125701850167,2.0168455004535657,26.844152180819147,28.044243809305343,0.014363251285991642,0.41700404858299595,baseline_previous_year_same_period,baseline,韭菜,fold1_test2024,target_mean_price_next_30d,朝阳
244,1.441319490990416,1.8383881075192532,22.065558769373624,22.188659202309534,-0.5253109552769699,0.6762295081967213,baseline_previous_year_same_period,baseline,韭菜,fold2_test2025,target_mean_price_next_30d,朝阳
159,1.2665901636121266,1.4541707634704288,22.924603263254177,23.534439460341257,0.4855885237030943,0.3710691823899371,baseline_previous_year_same_period,baseline,韭菜,fold3_test2026,target_mean_price_next_30d,朝阳
247,1.7893325677230154,2.4045049528520472,30.116170333939223,29.637300188684463,-0.37106195786180857,0.6477732793522267,baseline_previous_year_same_period,baseline,黄瓜,fold1_test2024,target_mean_price_next_30d,朝阳
244,1.9559252609799238,2.47743843462955,28.881111633870137,30.044451974871293,-0.3816465870069998,0.5409836065573771,baseline_previous_year_same_period,baseline,黄瓜,fold2_test2025,target_mean_price_next_30d,朝阳
159,1.0073158571783285,1.3722863609267635,18.14043179525459,18.123790184470817,-0.39974070183482135,0.6415094339622641,baseline_previous_year_same_period,baseline,黄瓜,fold3_test2026,target_mean_price_next_30d,朝阳
247,0.32040496540234414,0.4268957918005549,10.574461928080055,11.015872314162985,-0.013784696408145653,0.47368421052631576,baseline_rolling_mean_30,baseline,土豆,fold1_test2024,target_mean_price_next_30d,朝阳
244,0.2657211730128483,0.33728985766621766,9.206577326792525,9.180597805330054,0.014146918389919723,0.4385245901639344,baseline_rolling_mean_30,baseline,土豆,fold2_test2025,target_mean_price_next_30d,朝阳
159,0.20778364539994698,0.29145541604564046,6.537410670227785,6.654745190455238,0.04686524136788965,0.3836477987421384,baseline_rolling_mean_30,baseline,土豆,fold3_test2026,target_mean_price_next_30d,朝阳
247,2.863570896241591,3.6014490981583145,26.017766379824884,25.574319862324597,0.08477943724382873,0.5141700404858299,baseline_rolling_mean_30,baseline,芸豆,fold1_test2024,target_mean_price_next_30d,朝阳
244,1.7171341099004285,2.2516848018908355,16.502984312746523,16.259656651637727,-0.381919228928945,0.5122950819672131,baseline_rolling_mean_30,baseline,芸豆,fold2_test2025,target_mean_price_next_30d,朝阳
159,1.605476129055323,2.272740859177135,18.00665903346595,16.517502419912596,1.2470702363086976,0.559748427672956,baseline_rolling_mean_30,baseline,芸豆,fold3_test2026,target_mean_price_next_30d,朝阳
247,1.4900567999232548,1.8097454146028091,26.921370021907045,26.885382214961883,-0.09496888904992645,0.41700404858299595,baseline_rolling_mean_30,baseline,芹菜,fold1_test2024,target_mean_price_next_30d,朝阳
244,0.5965922604954119,0.696847580595365,14.254632592088015,13.787737493305658,-0.10960017086810027,0.5573770491803278,baseline_rolling_mean_30,baseline,芹菜,fold2_test2025,target_mean_price_next_30d,朝阳
159,0.5936941515330136,0.7796886256501376,12.762650081105658,13.709198429612215,0.31656448428111483,0.44025157232704404,baseline_rolling_mean_30,baseline,芹菜,fold3_test2026,target_mean_price_next_30d,朝阳
247,1.2826044851200626,1.5119117482968434,22.125236720056314,22.399163153097078,0.0405398629395361,0.32388663967611336,baseline_rolling_mean_30,baseline,茄子,fold1_test2024,target_mean_price_next_30d,朝阳
244,1.1713399210993785,1.4578092420019477,23.50193274509473,22.727098226408607,-0.39567019762547767,0.3401639344262295,baseline_rolling_mean_30,baseline,茄子,fold2_test2025,target_mean_price_next_30d,朝阳
159,1.0396890784413846,1.2801410419265549,17.869916535736824,19.624939045913464,1.0369637115650743,0.49056603773584906,baseline_rolling_mean_30,baseline,茄子,fold3_test2026,target_mean_price_next_30d,朝阳
247,1.9229005695341923,2.2383780980075607,26.878371860271695,27.343013693448135,0.11800136770631126,0.3643724696356275,baseline_rolling_mean_30,baseline,西红柿,fold1_test2024,target_mean_price_next_30d,朝阳
244,1.0197135612682133,1.2298163975949055,13.150846445560779,13.06918486607894,-0.6265523203546759,0.45491803278688525,baseline_rolling_mean_30,baseline,西红柿,fold2_test2025,target_mean_price_next_30d,朝阳
159,1.2440013681300652,1.758907872385403,15.612263106191298,17.439124165342825,1.1910089098545884,0.3333333333333333,baseline_rolling_mean_30,baseline,西红柿,fold3_test2026,target_mean_price_next_30d,朝阳
247,2.53084363518242,3.1110501987579116,33.43732879079603,35.82009130734332,-0.04636161497569665,0.2631578947368421,baseline_rolling_mean_30,baseline,青椒,fold1_test2024,target_mean_price_next_30d,朝阳
244,1.2550756982199478,1.4528579398611312,19.415509157574782,19.155084211839302,-0.15551386326394734,0.36065573770491804,baseline_rolling_mean_30,baseline,青椒,fold2_test2025,target_mean_price_next_30d,朝阳
159,1.326530433648505,1.5245404195558414,18.9356280179148,20.32326800182745,0.6739808637215765,0.39622641509433965,baseline_rolling_mean_30,baseline,青椒,fold3_test2026,target_mean_price_next_30d,朝阳
247,1.1124285129571314,1.5026872969890586,20.127420196809652,19.636790835084565,0.09706980833791833,0.47368421052631576,baseline_rolling_mean_30,baseline,韭菜,fold1_test2024,target_mean_price_next_30d,朝阳
244,1.4011770582774452,1.9782333887930534,20.356499621209434,21.57067910519193,-0.18184136772016019,0.639344262295082,baseline_rolling_mean_30,baseline,韭菜,fold2_test2025,target_mean_price_next_30d,朝阳
159,1.1067241677689337,1.289204298643648,19.815477866877316,20.56397852591468,0.5749552015043397,0.3270440251572327,baseline_rolling_mean_30,baseline,韭菜,fold3_test2026,target_mean_price_next_30d,朝阳
247,1.7388259111297382,2.0150958360692264,28.25325848542714,28.800741926691508,0.1267221084308103,0.42105263157894735,baseline_rolling_mean_30,baseline,黄瓜,fold1_test2024,target_mean_price_next_30d,朝阳
244,1.1278343858843283,1.3744933410388795,17.558075987123857,17.32436648695544,-0.33858824290031625,0.5737704918032787,baseline_rolling_mean_30,baseline,黄瓜,fold2_test2025,target_mean_price_next_30d,朝阳
159,1.2804612903417403,1.5983816503579942,22.63612463119061,23.038267093796073,0.555944619944844,0.5345911949685535,baseline_rolling_mean_30,baseline,黄瓜,fold3_test2026,target_mean_price_next_30d,朝阳
247,0.2114998932208516,0.2847620350828879,6.9923249367121505,7.271597102917311,-0.010946832517650188,0.3967611336032389,baseline_rolling_mean_7,baseline,土豆,fold1_test2024,target_mean_price_next_30d,朝阳
244,0.17427538147564553,0.23227283681451946,5.9688543584313205,6.021169357930719,0.019498206446125835,0.4016393442622951,baseline_rolling_mean_7,baseline,土豆,fold2_test2025,target_mean_price_next_30d,朝阳
159,0.14555000431068651,0.21232373740012306,4.586247518266556,4.661570882024421,0.03121085382670971,0.3710691823899371,baseline_rolling_mean_7,baseline,土豆,fold3_test2026,target_mean_price_next_30d,朝阳
247,2.2264587476929667,2.7983095262987243,20.25907183126015,19.884322839187952,-0.03603799094202066,0.4008097165991903,baseline_rolling_mean_7,baseline,芸豆,fold1_test2024,target_mean_price_next_30d,朝阳
244,1.1686307985268953,1.673841012308167,11.503453228838243,11.065842456346282,-0.19799846390162262,0.5409836065573771,baseline_rolling_mean_7,baseline,芸豆,fold2_test2025,target_mean_price_next_30d,朝阳
159,1.2422061365232084,1.6454835508062318,14.157754330036939,12.780098373761206,0.6131259416096858,0.4779874213836478,baseline_rolling_mean_7,baseline,芸豆,fold3_test2026,target_mean_price_next_30d,朝阳
247,0.9186423434330284,1.233706114971229,16.425626528210994,16.57524097290608,-0.03363864035125671,0.3684210526315789,baseline_rolling_mean_7,baseline,芹菜,fold1_test2024,target_mean_price_next_30d,朝阳
244,0.4687189356735893,0.6147476947525795,11.050972845946097,10.83247985457024,-0.0472933792990136,0.5163934426229508,baseline_rolling_mean_7,baseline,芹菜,fold2_test2025,target_mean_price_next_30d,朝阳
159,0.44435324243747654,0.6178593624055885,9.439714602355552,10.260715484036911,0.15463875801576596,0.4716981132075472,baseline_rolling_mean_7,baseline,芹菜,fold3_test2026,target_mean_price_next_30d,朝阳
247,0.8000091303363421,1.0406032067747502,13.860431646293915,13.971208772666666,0.05877776538796493,0.4534412955465587,baseline_rolling_mean_7,baseline,茄子,fold1_test2024,target_mean_price_next_30d,朝阳
244,0.7713450358690593,1.00127098405455,15.474885535017174,14.966137566792167,-0.2163474029338304,0.3770491803278688,baseline_rolling_mean_7,baseline,茄子,fold2_test2025,target_mean_price_next_30d,朝阳
159,0.6695808131336293,0.9636540179693529,11.135749293683467,12.638858016821498,0.590794199735185,0.5220125786163522,baseline_rolling_mean_7,baseline,茄子,fold3_test2026,target_mean_price_next_30d,朝阳
247,1.249512385796135,1.5290308499906318,17.462355881661164,17.767655185225244,0.13897495552200434,0.3805668016194332,baseline_rolling_mean_7,baseline,西红柿,fold1_test2024,target_mean_price_next_30d,朝阳
244,0.7482445646103177,0.9220719567128884,9.869747944401663,9.589895546518923,-0.37034232816107704,0.4385245901639344,baseline_rolling_mean_7,baseline,西红柿,fold2_test2025,target_mean_price_next_30d,朝阳
159,0.7865990286621848,1.246092678514126,9.591415012374158,11.026996015123089,0.6719073824511743,0.4088050314465409,baseline_rolling_mean_7,baseline,西红柿,fold3_test2026,target_mean_price_next_30d,朝阳
247,1.6472141501797064,2.0727042956281583,20.99695833638016,23.313712645835636,0.022770831525170836,0.30364372469635625,baseline_rolling_mean_7,baseline,青椒,fold1_test2024,target_mean_price_next_30d,朝阳
244,0.9098438794316044,1.2055829732833863,13.4403665033221,13.886123486302038,-0.08063486248330712,0.3975409836065574,baseline_rolling_mean_7,baseline,青椒,fold2_test2025,target_mean_price_next_30d,朝阳
159,0.8925687838377986,1.1925608725523138,12.726457930464113,13.67470669640691,0.42954240909444263,0.32075471698113206,baseline_rolling_mean_7,baseline,青椒,fold3_test2026,target_mean_price_next_30d,朝阳
247,0.7887908270722773,1.1938849337242607,14.188514554769094,13.923879425453531,0.08645288140520192,0.5587044534412956,baseline_rolling_mean_7,baseline,韭菜,fold1_test2024,target_mean_price_next_30d,朝阳
244,1.2591198856065953,1.735379832335132,18.55679425740325,19.383753714020564,-0.10330116475372775,0.4262295081967213,baseline_rolling_mean_7,baseline,韭菜,fold2_test2025,target_mean_price_next_30d,朝阳
159,0.7045225989734353,0.9365357751172292,12.959683061028906,13.09069415689867,0.3156260610431237,0.44025157232704404,baseline_rolling_mean_7,baseline,韭菜,fold3_test2026,target_mean_price_next_30d,朝阳
247,1.4261258925290352,1.743844434795103,22.49186192111978,23.621389308039095,0.04613988363805927,0.4048582995951417,baseline_rolling_mean_7,baseline,黄瓜,fold1_test2024,target_mean_price_next_30d,朝阳
244,1.1390081055713137,1.482638321382108,16.873060551852028,17.49600304752019,-0.16092430847408679,0.45081967213114754,baseline_rolling_mean_7,baseline,黄瓜,fold2_test2025,target_mean_price_next_30d,朝阳
159,1.0194555929127456,1.2003589484725992,19.049252832865886,18.34221027761003,0.2256720832572132,0.4528301886792453,baseline_rolling_mean_7,baseline,黄瓜,fold3_test2026,target_mean_price_next_30d,朝阳
227,0.34274884606018474,0.4092172893010775,11.628851360142546,11.913374000456102,0.17981916140347692,0.44933920704845814,baseline_seasonal_median,baseline,土豆,fold1_test2024,target_mean_price_next_30d,朝阳
244,0.23916045466857414,0.3245073745525982,7.9110077510379435,8.262931855813706,0.03308134461942801,0.3319672131147541,baseline_seasonal_median,baseline,土豆,fold2_test2025,target_mean_price_next_30d,朝阳
159,0.2242061864979542,0.29628548114764125,7.3470809330251825,7.1807145283049865,0.048731069460132864,0.48427672955974843,baseline_seasonal_median,baseline,土豆,fold3_test2026,target_mean_price_next_30d,朝阳
227,2.2447107315645773,2.7802438814681865,23.646143979049793,21.206290533480693,-0.556262691504892,0.6607929515418502,baseline_seasonal_median,baseline,芸豆,fold1_test2024,target_mean_price_next_30d,朝阳
244,2.141769341172847,2.8116847196787145,19.203622792583843,20.280555789841134,-0.05926895570490155,0.5,baseline_seasonal_median,baseline,芸豆,fold2_test2025,target_mean_price_next_30d,朝阳
159,1.8436407936339725,2.401442961879455,16.45736822530225,18.967794487369403,1.7656865885099562,0.6163522012578616,baseline_seasonal_median,baseline,芸豆,fold3_test2026,target_mean_price_next_30d,朝阳
227,1.881939633974716,2.3151696824034156,38.306647036131714,34.55571675248128,-1.8756175713090413,0.4933920704845815,baseline_seasonal_median,baseline,芹菜,fold1_test2024,target_mean_price_next_30d,朝阳
244,0.9195368866615743,1.179059951950142,20.530895263710853,21.251253239814442,-0.10873951513039526,0.44672131147540983,baseline_seasonal_median,baseline,芹菜,fold2_test2025,target_mean_price_next_30d,朝阳
159,0.5152779290707324,0.7471394783794639,11.486774821100548,11.898462125304444,-0.4683621404568307,0.7044025157232704,baseline_seasonal_median,baseline,芹菜,fold3_test2026,target_mean_price_next_30d,朝阳
227,1.0827165673491916,1.4721329258066411,21.748558240385666,19.573994998942684,-0.7173061897484188,0.5991189427312775,baseline_seasonal_median,baseline,茄子,fold1_test2024,target_mean_price_next_30d,朝阳
244,1.7102459229016547,2.0283995339399215,30.732531252157223,33.18330262714835,0.1681959225931018,0.4344262295081967,baseline_seasonal_median,baseline,茄子,fold2_test2025,target_mean_price_next_30d,朝阳
159,0.5792167871510151,0.7725501601711818,9.503578900184726,10.933166826421903,0.17516077655459192,0.6289308176100629,baseline_seasonal_median,baseline,茄子,fold3_test2026,target_mean_price_next_30d,朝阳
227,1.7331496213303652,2.2453396482297054,25.797454487481865,25.242491928956895,-0.44749829448755957,0.6563876651982379,baseline_seasonal_median,baseline,西红柿,fold1_test2024,target_mean_price_next_30d,朝阳
244,2.062496381999603,2.483115503416411,27.508041764787418,26.434037484455715,-1.233574178278173,0.3770491803278688,baseline_seasonal_median,baseline,西红柿,fold2_test2025,target_mean_price_next_30d,朝阳
159,0.9512043511030501,1.4105318436286514,11.948551926804727,13.334527766987216,-0.5755319706485564,0.7295597484276729,baseline_seasonal_median,baseline,西红柿,fold3_test2026,target_mean_price_next_30d,朝阳
227,1.6378006681526411,2.310049237388064,24.235000638838407,24.440871591327433,-1.374200839150036,0.4889867841409692,baseline_seasonal_median,baseline,青椒,fold1_test2024,target_mean_price_next_30d,朝阳
244,1.8255666409323523,2.4902398059862336,26.133100280805927,27.861971027707394,-0.409557579110942,0.4344262295081967,baseline_seasonal_median,baseline,青椒,fold2_test2025,target_mean_price_next_30d,朝阳
159,0.7611261679184986,0.8876231842652741,12.739539906200243,11.660924394524917,-0.1365851740142727,0.5660377358490566,baseline_seasonal_median,baseline,青椒,fold3_test2026,target_mean_price_next_30d,朝阳
227,0.7990189861157961,1.028364324337233,15.93217383861919,14.155575888830924,-0.4203239435870458,0.4669603524229075,baseline_seasonal_median,baseline,韭菜,fold1_test2024,target_mean_price_next_30d,朝阳
244,1.227152767658597,1.6051404853077758,19.894921414911984,18.891630010523876,-0.8400107666272643,0.680327868852459,baseline_seasonal_median,baseline,韭菜,fold2_test2025,target_mean_price_next_30d,朝阳
159,0.9307574929343341,1.166384046120889,18.569962685017778,17.29435179510056,-0.15481419052920342,0.4779874213836478,baseline_seasonal_median,baseline,韭菜,fold3_test2026,target_mean_price_next_30d,朝阳
227,1.5617666069087424,2.15384202074867,26.460908438520896,26.262721036032428,-0.514766909791501,0.6475770925110133,baseline_seasonal_median,baseline,黄瓜,fold1_test2024,target_mean_price_next_30d,朝阳
244,1.4879619094113903,1.8431302296603431,22.584892501148836,22.85619037679946,-0.6773177510970375,0.4959016393442623,baseline_seasonal_median,baseline,黄瓜,fold2_test2025,target_mean_price_next_30d,朝阳
159,0.6319069611598475,0.7636875210077431,12.01040738905627,11.36937247493379,-0.16049143875536576,0.6792452830188679,baseline_seasonal_median,baseline,黄瓜,fold3_test2026,target_mean_price_next_30d,朝阳
247,0.31975167406158733,0.4188209288636041,10.65731002117448,10.976660600889678,0.22684795801103058,0.7165991902834008,catboost,per_crop,土豆,fold1_test2024,target_mean_price_next_60d,朝阳
244,0.1241433822652358,0.15435657938318534,4.36260554984398,4.280035141319924,0.06286884032447645,0.7991803278688525,catboost,per_crop,土豆,fold2_test2025,target_mean_price_next_60d,朝阳
150,0.15432490364577905,0.18488321898795956,5.1487828251540755,4.950221308316359,-0.011264339897496438,0.8133333333333334,catboost,per_crop,土豆,fold3_test2026,target_mean_price_next_60d,朝阳
247,1.3374693664823696,1.7309641747817863,12.686892156339244,12.119619791818593,-0.43824710238628195,0.8987854251012146,catboost,per_crop,芸豆,fold1_test2024,target_mean_price_next_60d,朝阳
244,1.2363817021461052,1.473225483529795,11.223839940523684,11.661138113912529,0.3739184544753469,0.7090163934426229,catboost,per_crop,芸豆,fold2_test2025,target_mean_price_next_60d,朝阳
150,1.0754071067015718,1.3265342001922922,13.153237343905442,11.46504981535806,0.6034558129416009,0.7066666666666667,catboost,per_crop,芸豆,fold3_test2026,target_mean_price_next_60d,朝阳
247,1.3655045885950783,1.8544664985941761,25.824870297448044,24.90696954308195,-1.3014449197465183,0.7773279352226721,catboost,per_crop,芹菜,fold1_test2024,target_mean_price_next_60d,朝阳
244,1.0883586008319912,1.2545025253830522,23.930252800078453,24.78035530517197,0.6493029335490418,0.6762295081967213,catboost,per_crop,芹菜,fold2_test2025,target_mean_price_next_60d,朝阳
150,0.6102251603842459,0.7213168451808039,13.89548118103929,14.47623388428366,0.3840415554070432,0.5933333333333334,catboost,per_crop,芹菜,fold3_test2026,target_mean_price_next_60d,朝阳
247,0.8458114411567693,1.1457827023136076,17.46015607355141,15.07771018568059,-0.4947100678766954,0.7449392712550608,catboost,per_crop,茄子,fold1_test2024,target_mean_price_next_60d,朝阳
244,1.4501379536431747,1.668634414543268,28.32786973191197,27.340263058787606,0.2440947658127246,0.5368852459016393,catboost,per_crop,茄子,fold2_test2025,target_mean_price_next_60d,朝阳
150,0.39853715826206243,0.4706887020115774,8.71260732781356,7.964760986361485,-0.1282689004376807,0.8533333333333334,catboost,per_crop,茄子,fold3_test2026,target_mean_price_next_60d,朝阳
247,1.1397372218996284,1.423149522175147,16.127244329470543,16.511506404606855,-0.10773107784809996,0.7165991902834008,catboost,per_crop,西红柿,fold1_test2024,target_mean_price_next_60d,朝阳
244,1.3926987075070287,1.8872215967891388,17.221505421940915,17.36838009921942,-1.343914291716686,0.5491803278688525,catboost,per_crop,西红柿,fold2_test2025,target_mean_price_next_60d,朝阳
150,0.45186339036188,0.6090196175665619,6.872775780651792,6.6686120964631055,-0.06077034151770505,0.9266666666666666,catboost,per_crop,西红柿,fold3_test2026,target_mean_price_next_60d,朝阳
247,1.4123380522804723,1.9879836240467863,21.19826137251237,20.444529572994796,-1.2465564140781829,0.659919028340081,catboost,per_crop,青椒,fold1_test2024,target_mean_price_next_60d,朝阳
244,0.685636928167304,0.8767916550975019,10.05033998721518,10.324137195481763,0.09075827228536335,0.819672131147541,catboost,per_crop,青椒,fold2_test2025,target_mean_price_next_60d,朝阳
150,0.9148158887453924,1.0281191437106745,14.64652349971205,14.538894086460344,-0.4563081012463869,0.7533333333333333,catboost,per_crop,青椒,fold3_test2026,target_mean_price_next_60d,朝阳
247,0.5817016553006926,0.6993609339764266,11.08062793669938,10.310210225154227,0.21516346622600988,0.854251012145749,catboost,per_crop,韭菜,fold1_test2024,target_mean_price_next_60d,朝阳
244,0.9549033124284435,1.3024255388147383,14.450415123794832,14.658032410528243,-0.7313269710800288,0.8237704918032787,catboost,per_crop,韭菜,fold2_test2025,target_mean_price_next_60d,朝阳
150,0.36407151055437575,0.4236026154439327,7.058137603296617,7.097158640813242,0.011706217722988245,0.9333333333333333,catboost,per_crop,韭菜,fold3_test2026,target_mean_price_next_60d,朝阳
247,1.0321407581500657,1.4737765588102714,17.51105335512944,17.379245695090358,-0.38924233493911836,0.7975708502024291,catboost,per_crop,黄瓜,fold1_test2024,target_mean_price_next_60d,朝阳
244,1.285369736625805,1.5408632814152614,19.191639760486794,19.56243277705787,-0.3082709174213485,0.7868852459016393,catboost,per_crop,黄瓜,fold2_test2025,target_mean_price_next_60d,朝阳
150,0.8915165957160628,0.9920897548232087,16.440757953631717,16.651898430604135,0.44433776566210204,0.8333333333333334,catboost,per_crop,黄瓜,fold3_test2026,target_mean_price_next_60d,朝阳
247,0.5962458935267109,0.7340129958631029,17.729254470501324,20.46834884328493,0.5853653966413443,0.6680161943319838,elasticnet,per_crop,土豆,fold1_test2024,target_mean_price_next_60d,朝阳
244,0.3241073727950645,0.38893258966756383,10.332095099736934,11.174103039660872,0.296089523209541,0.6475409836065574,elasticnet,per_crop,土豆,fold2_test2025,target_mean_price_next_60d,朝阳
150,0.1576695691075389,0.18287948019711944,4.962216888989768,5.057506871740368,0.10190626655174918,0.8533333333333334,elasticnet,per_crop,土豆,fold3_test2026,target_mean_price_next_60d,朝阳
247,2.4401860759997356,3.08389821295797,24.808410222893272,22.11200361185722,-0.8245607784393276,0.8218623481781376,elasticnet,per_crop,芸豆,fold1_test2024,target_mean_price_next_60d,朝阳
244,1.7602343484425,2.1236736412897956,16.12413872805063,16.60194082006496,1.6243152543562913,0.6065573770491803,elasticnet,per_crop,芸豆,fold2_test2025,target_mean_price_next_60d,朝阳
150,1.1759132231253573,1.4297444622826154,13.204914670387256,12.536558106837711,0.7953052300229342,0.68,elasticnet,per_crop,芸豆,fold3_test2026,target_mean_price_next_60d,朝阳
247,1.8218785974903102,2.6477471166166517,39.86487882018,33.23128689415198,-1.8121579584560081,0.7206477732793523,elasticnet,per_crop,芹菜,fold1_test2024,target_mean_price_next_60d,朝阳
244,0.9116428557560391,1.1765149373986146,20.077808378977945,20.756792714999282,0.284625852124825,0.47540983606557374,elasticnet,per_crop,芹菜,fold2_test2025,target_mean_price_next_60d,朝阳
150,0.6819771329597597,0.8161557612578063,15.567640896856211,16.178389750829375,0.5211330633508958,0.58,elasticnet,per_crop,芹菜,fold3_test2026,target_mean_price_next_60d,朝阳
247,1.8203440249629654,2.2339551356683813,39.14345325892643,32.45004537783231,-0.39282016883167403,0.6923076923076923,elasticnet,per_crop,茄子,fold1_test2024,target_mean_price_next_60d,朝阳
244,0.8557490400717472,0.9897165395317504,17.687422724323664,16.133915955435736,0.33929592970139155,0.5491803278688525,elasticnet,per_crop,茄子,fold2_test2025,target_mean_price_next_60d,朝阳
150,0.4566539084065056,0.5488863872465071,10.115401400043467,9.126223636978882,0.2055566998883278,0.7933333333333333,elasticnet,per_crop,茄子,fold3_test2026,target_mean_price_next_60d,朝阳
247,2.104136970161171,2.508978928973164,39.280715088968584,30.48287832618128,-1.2136230183707943,0.5506072874493927,elasticnet,per_crop,西红柿,fold1_test2024,target_mean_price_next_60d,朝阳
244,1.53057047353625,1.7940333344343022,20.674366390300893,19.08778231050788,-1.4666697796972925,0.35655737704918034,elasticnet,per_crop,西红柿,fold2_test2025,target_mean_price_next_60d,朝阳
150,0.7484318902018298,0.9380546527202293,10.699186394718907,11.045378012105756,0.6301999381214034,0.6866666666666666,elasticnet,per_crop,西红柿,fold3_test2026,target_mean_price_next_60d,朝阳
247,2.4033887799297347,3.117874280155953,40.88344806171505,34.79064584243004,-2.1235642964612946,0.680161943319838,elasticnet,per_crop,青椒,fold1_test2024,target_mean_price_next_60d,朝阳
244,1.6993106722548188,2.0680900560658744,24.759985628326888,25.587764890376725,1.6696873724452665,0.6762295081967213,elasticnet,per_crop,青椒,fold2_test2025,target_mean_price_next_60d,朝阳
150,0.9229225969099347,1.2268578442277518,14.628425208081328,14.667731563863324,0.14733529500843748,0.6666666666666666,elasticnet,per_crop,青椒,fold3_test2026,target_mean_price_next_60d,朝阳
247,0.7990123260219498,0.992272273527714,14.984126598411187,14.161873150450981,0.10613310528118153,0.7489878542510121,elasticnet,per_crop,韭菜,fold1_test2024,target_mean_price_next_60d,朝阳
244,0.7134981384497128,0.9037126704142182,10.625272451589648,10.95239560081762,-0.24412177310978214,0.860655737704918,elasticnet,per_crop,韭菜,fold2_test2025,target_mean_price_next_60d,朝阳
150,0.5064317495675403,0.6296973115156493,10.032847201949998,9.872309047067342,0.35014841655920254,0.72,elasticnet,per_crop,韭菜,fold3_test2026,target_mean_price_next_60d,朝阳
247,1.8768639189605092,2.3970584131772026,31.519832800082764,31.60274306222326,-0.20916233986813065,0.7165991902834008,elasticnet,per_crop,黄瓜,fold1_test2024,target_mean_price_next_60d,朝阳
244,0.6618132110596263,0.8541265588819503,10.45640304777664,10.07233645185142,0.061119318279801896,0.8237704918032787,elasticnet,per_crop,黄瓜,fold2_test2025,target_mean_price_next_60d,朝阳
150,0.6866961212692622,0.8494311836509184,12.756321403540808,12.826226812840416,0.3423163035117684,0.92,elasticnet,per_crop,黄瓜,fold3_test2026,target_mean_price_next_60d,朝阳
247,0.417125700645325,0.5167174314280056,13.89718455179014,14.319384745457656,0.39890650039759734,0.680161943319838,elasticnet_tuned,per_crop,土豆,fold1_test2024,target_mean_price_next_60d,朝阳
244,0.16098180727417896,0.2273585549871274,5.566071273697655,5.550096828960184,0.06808554465109501,0.6967213114754098,elasticnet_tuned,per_crop,土豆,fold2_test2025,target_mean_price_next_60d,朝阳
150,0.14829927459010586,0.1910465839885839,4.7453950899918835,4.7569394941519505,-0.039717973579908444,0.6466666666666666,elasticnet_tuned,per_crop,土豆,fold3_test2026,target_mean_price_next_60d,朝阳
247,1.710747478804961,2.1888149766685756,16.68082427862086,15.502118794286176,-0.7586900900629407,0.8461538461538461,elasticnet_tuned,per_crop,芸豆,fold1_test2024,target_mean_price_next_60d,朝阳
244,0.9529050071134975,1.301554009947562,8.481802074235418,8.987480871078256,0.6170207240645103,0.8155737704918032,elasticnet_tuned,per_crop,芸豆,fold2_test2025,target_mean_price_next_60d,朝阳
150,0.9061412098485934,1.0677336821562973,10.539615774873095,9.660484895368937,0.526825841225185,0.68,elasticnet_tuned,per_crop,芸豆,fold3_test2026,target_mean_price_next_60d,朝阳
247,1.1687692491851989,1.629711833339299,21.647891331206,21.318493057791418,-1.0583008286263063,0.7206477732793523,elasticnet_tuned,per_crop,芹菜,fold1_test2024,target_mean_price_next_60d,朝阳
244,0.6264914502752358,0.7477133305258605,14.570285670362798,14.264306563668484,0.46568565347676677,0.6598360655737705,elasticnet_tuned,per_crop,芹菜,fold2_test2025,target_mean_price_next_60d,朝阳
150,0.5663353425323002,0.6684666302253814,12.87442185739872,13.435045631797804,0.3608255224745295,0.5866666666666667,elasticnet_tuned,per_crop,芹菜,fold3_test2026,target_mean_price_next_60d,朝阳
247,0.9556172029344134,1.2672911757071368,19.55287970826479,17.03514345300185,-0.29400099281238523,0.7773279352226721,elasticnet_tuned,per_crop,茄子,fold1_test2024,target_mean_price_next_60d,朝阳
244,0.7228991492870401,0.8740885246390753,13.734019925215133,13.629222555569843,-0.07305215766234727,0.6721311475409836,elasticnet_tuned,per_crop,茄子,fold2_test2025,target_mean_price_next_60d,朝阳
150,0.39725569768994035,0.47268788201322876,8.715761928254885,7.939151010079959,0.024007234711786958,0.8666666666666667,elasticnet_tuned,per_crop,茄子,fold3_test2026,target_mean_price_next_60d,朝阳
247,1.4116185834351855,1.715974203852879,21.613193420506676,20.450283480611596,-0.4201532809914515,0.5668016194331984,elasticnet_tuned,per_crop,西红柿,fold1_test2024,target_mean_price_next_60d,朝阳
244,1.0792320600692753,1.3552382431017826,13.28333793248562,13.459129769783445,-0.9786817438173743,0.5327868852459017,elasticnet_tuned,per_crop,西红柿,fold2_test2025,target_mean_price_next_60d,朝阳
150,0.6213818595670672,0.8953460860291534,8.222510428630661,9.170370234935628,0.37312659394521025,0.9066666666666666,elasticnet_tuned,per_crop,西红柿,fold3_test2026,target_mean_price_next_60d,朝阳
247,1.6440804437955279,2.315739294701511,25.050964068360432,23.79915431669264,-1.5853601278321094,0.6356275303643725,elasticnet_tuned,per_crop,青椒,fold1_test2024,target_mean_price_next_60d,朝阳
244,0.8413045281239099,1.0354301117535727,13.015421759077872,12.668138215291492,0.24944788434188384,0.7377049180327869,elasticnet_tuned,per_crop,青椒,fold2_test2025,target_mean_price_next_60d,朝阳
150,0.8242248996179478,1.0044019425813902,12.998225556198213,13.099158712036644,-0.017205579999840383,0.6666666666666666,elasticnet_tuned,per_crop,青椒,fold3_test2026,target_mean_price_next_60d,朝阳
247,0.6145479070024304,0.7449318633484681,12.317851381940338,10.892384535760566,0.02877393056970912,0.8299595141700404,elasticnet_tuned,per_crop,韭菜,fold1_test2024,target_mean_price_next_60d,朝阳
244,0.6582289685226783,0.9395552514062869,9.931656605273501,10.103998413846742,-0.4476191471377394,0.889344262295082,elasticnet_tuned,per_crop,韭菜,fold2_test2025,target_mean_price_next_60d,朝阳
150,0.46980187804400353,0.562601470728115,9.386798738379278,9.158251501616196,0.17729545618691397,0.8666666666666667,elasticnet_tuned,per_crop,韭菜,fold3_test2026,target_mean_price_next_60d,朝阳
247,1.3411970768138435,1.7821152145209367,23.382491289759848,22.58315383772085,-0.4378573494828638,0.7206477732793523,elasticnet_tuned,per_crop,黄瓜,fold1_test2024,target_mean_price_next_60d,朝阳
244,0.7607578465860694,0.9798290900547402,11.103562782787003,11.578204939324626,-0.34642991885490315,0.7991803278688525,elasticnet_tuned,per_crop,黄瓜,fold2_test2025,target_mean_price_next_60d,朝阳
150,0.6775318644990566,0.8185117243711757,12.314893261195929,12.655055268011381,0.027215237690229217,0.8466666666666667,elasticnet_tuned,per_crop,黄瓜,fold3_test2026,target_mean_price_next_60d,朝阳
247,0.34819147190945293,0.45370205530329993,11.422815471237682,11.952962005566004,0.24058712192733775,0.6882591093117408,extra_trees,per_crop,土豆,fold1_test2024,target_mean_price_next_60d,朝阳
244,0.1386548468596575,0.16875807561773126,4.764506789122745,4.780340331035521,0.0731953044755889,0.7786885245901639,extra_trees,per_crop,土豆,fold2_test2025,target_mean_price_next_60d,朝阳
150,0.19105817643892678,0.22178659586928662,6.428648254444293,6.1285005452320584,-0.023801788144057538,0.8133333333333334,extra_trees,per_crop,土豆,fold3_test2026,target_mean_price_next_60d,朝阳
247,1.6757234150175224,2.170854430225765,15.54002302894495,15.184744544598077,0.052873200558906264,0.8866396761133604,extra_trees,per_crop,芸豆,fold1_test2024,target_mean_price_next_60d,朝阳
244,1.7191524650719803,2.032656053457065,15.113995422361807,16.21447025564968,0.8388046397735919,0.6557377049180327,extra_trees,per_crop,芸豆,fold2_test2025,target_mean_price_next_60d,朝阳
150,0.9770060079190706,1.1903854091312875,12.111162871394308,10.415983380519615,0.5677832600621465,0.6866666666666666,extra_trees,per_crop,芸豆,fold3_test2026,target_mean_price_next_60d,朝阳
247,1.3507803701001206,1.8623914290338779,25.59689468579702,24.638398009406682,-1.2812029421020183,0.7408906882591093,extra_trees,per_crop,芹菜,fold1_test2024,target_mean_price_next_60d,朝阳
244,1.4921492678364114,1.780854557456217,30.68031002492056,33.974086295704694,1.3647263498130364,0.6270491803278688,extra_trees,per_crop,芹菜,fold2_test2025,target_mean_price_next_60d,朝阳
150,0.4727471783790013,0.5981275175420021,10.787771023700437,11.214874716146284,0.2428442166271898,0.6866666666666666,extra_trees,per_crop,芹菜,fold3_test2026,target_mean_price_next_60d,朝阳
247,1.0556861565034914,1.369649062250531,22.081170226250766,18.819005206438728,-0.4214582601858207,0.6963562753036437,extra_trees,per_crop,茄子,fold1_test2024,target_mean_price_next_60d,朝阳
244,1.448670143801752,1.6560557418322999,27.916449358398886,27.312589617730527,0.2852422706315849,0.5081967213114754,extra_trees,per_crop,茄子,fold2_test2025,target_mean_price_next_60d,朝阳
150,0.3947095656144731,0.4961858823148441,8.198411818234955,7.8882665868827875,0.03612646148927702,0.8666666666666667,extra_trees,per_crop,茄子,fold3_test2026,target_mean_price_next_60d,朝阳
247,1.2265824129338145,1.5471340791985915,17.185800632016853,17.769642842039584,-0.029577509052933076,0.7125506072874493,extra_trees,per_crop,西红柿,fold1_test2024,target_mean_price_next_60d,朝阳
244,1.162942805723519,1.6018287457331217,14.103434683633742,14.503088553600044,-1.0311576001473404,0.6229508196721312,extra_trees,per_crop,西红柿,fold2_test2025,target_mean_price_next_60d,朝阳
150,0.6066514752835439,0.7614487906253962,8.859065405006305,8.952978826572178,0.3658114693554573,0.86,extra_trees,per_crop,西红柿,fold3_test2026,target_mean_price_next_60d,朝阳
247,1.5335992417316018,2.096697234206454,23.02719371397915,22.19986567668976,-1.1227592280806051,0.680161943319838,extra_trees,per_crop,青椒,fold1_test2024,target_mean_price_next_60d,朝阳
244,0.7854124222548935,1.0766979246946098,11.22190578981189,11.826529857529126,0.21322812553509643,0.8073770491803278,extra_trees,per_crop,青椒,fold2_test2025,target_mean_price_next_60d,朝阳
150,0.7675425484703388,0.8742029952875187,12.509408803766942,12.198323134031064,-0.3598227311117612,0.7733333333333333,extra_trees,per_crop,青椒,fold3_test2026,target_mean_price_next_60d,朝阳
247,0.6533984325906145,0.7897732737308994,11.978420162937121,11.580979939472897,0.22414997227447303,0.8178137651821862,extra_trees,per_crop,韭菜,fold1_test2024,target_mean_price_next_60d,朝阳
244,0.9602500215308063,1.2655838166617592,14.632862192414267,14.740105887802912,-0.6169120323786927,0.8442622950819673,extra_trees,per_crop,韭菜,fold2_test2025,target_mean_price_next_60d,朝阳
150,0.34275845625572343,0.3949782639189409,6.7902901884775675,6.681684968491358,0.1050531478000849,0.92,extra_trees,per_crop,韭菜,fold3_test2026,target_mean_price_next_60d,朝阳
247,1.2195916566690705,1.6222798568027976,20.163113788525138,20.535554750229505,-0.19907916100528125,0.805668016194332,extra_trees,per_crop,黄瓜,fold1_test2024,target_mean_price_next_60d,朝阳
244,1.0973798671136772,1.4159885494105333,15.88189081239378,16.70135780360105,-0.364712114221678,0.8524590163934426,extra_trees,per_crop,黄瓜,fold2_test2025,target_mean_price_next_60d,朝阳
150,0.7493800144869395,0.8506234977330556,14.08006077900007,13.99704721945014,0.3935463786573763,0.86,extra_trees,per_crop,黄瓜,fold3_test2026,target_mean_price_next_60d,朝阳
247,0.3424606414871278,0.4381058736991802,11.258814527837984,11.756230023812561,0.213125971652912,0.6639676113360324,extra_trees_tuned,per_crop,土豆,fold1_test2024,target_mean_price_next_60d,朝阳
244,0.13604700772908285,0.17253763181187085,4.695516245013816,4.690431042935721,0.06390817151279647,0.7704918032786885,extra_trees_tuned,per_crop,土豆,fold2_test2025,target_mean_price_next_60d,朝阳
150,0.1781527419079711,0.21092522548128498,6.004346497258943,5.714537824381425,-0.023367522637789122,0.8133333333333334,extra_trees_tuned,per_crop,土豆,fold3_test2026,target_mean_price_next_60d,朝阳
247,1.5429451055844952,1.9887082071142514,14.554005531455017,13.981559883134697,-0.03308714669342807,0.8947368421052632,extra_trees_tuned,per_crop,芸豆,fold1_test2024,target_mean_price_next_60d,朝阳
244,1.665381963424136,2.0027815183337623,14.679014120265421,15.707324893435501,0.8060421644161605,0.680327868852459,extra_trees_tuned,per_crop,芸豆,fold2_test2025,target_mean_price_next_60d,朝阳
150,0.9204492269990359,1.12058967060017,11.520300894687528,9.813024457704508,0.5847346517645976,0.6733333333333333,extra_trees_tuned,per_crop,芸豆,fold3_test2026,target_mean_price_next_60d,朝阳
247,1.337130489226179,1.836999509512758,25.297295254530557,24.389422524422226,-1.2467370916521892,0.7530364372469636,extra_trees_tuned,per_crop,芹菜,fold1_test2024,target_mean_price_next_60d,朝阳
244,1.3386723429037977,1.6149940617092657,28.199053075927527,30.47963811652182,1.2162504614330387,0.639344262295082,extra_trees_tuned,per_crop,芹菜,fold2_test2025,target_mean_price_next_60d,朝阳
150,0.4768705824455322,0.6045657261611106,10.874784435385394,11.31269330105832,0.22514647102413135,0.6733333333333333,extra_trees_tuned,per_crop,芹菜,fold3_test2026,target_mean_price_next_60d,朝阳
247,1.0166089205551703,1.3318810833850252,21.31699919840107,18.122401673054934,-0.42504493771054497,0.7125506072874493,extra_trees_tuned,per_crop,茄子,fold1_test2024,target_mean_price_next_60d,朝阳
244,1.4115455824854222,1.6162468045466485,27.224859430195973,26.612659469856958,0.2648261333771268,0.5122950819672131,extra_trees_tuned,per_crop,茄子,fold2_test2025,target_mean_price_next_60d,朝阳
150,0.39416435877266737,0.476805100658578,8.2724485935029,7.877370633787602,0.02274631316482712,0.86,extra_trees_tuned,per_crop,茄子,fold3_test2026,target_mean_price_next_60d,朝阳
247,1.211225352939936,1.525250884980273,17.05705209656988,17.547163318187383,-0.07384521625087687,0.7206477732793523,extra_trees_tuned,per_crop,西红柿,fold1_test2024,target_mean_price_next_60d,朝阳
244,1.150827773130077,1.547935361048533,14.12172545324328,14.352001681857345,-0.9812281316690751,0.6065573770491803,extra_trees_tuned,per_crop,西红柿,fold2_test2025,target_mean_price_next_60d,朝阳
150,0.5646551513028085,0.7078428318470424,8.323606580846935,8.333195945111857,0.2997696277752243,0.8733333333333333,extra_trees_tuned,per_crop,西红柿,fold3_test2026,target_mean_price_next_60d,朝阳
247,1.4833254920581052,2.049201714746972,22.264254809431097,21.472119822724036,-1.1449279843230622,0.6720647773279352,extra_trees_tuned,per_crop,青椒,fold1_test2024,target_mean_price_next_60d,朝阳
244,0.8303468757122372,1.0993768051913138,11.806814342330897,12.503140820619501,0.13088911759902117,0.7909836065573771,extra_trees_tuned,per_crop,青椒,fold2_test2025,target_mean_price_next_60d,朝阳
150,0.7828318872853403,0.8889866590740181,12.660255359074227,12.4413120025215,-0.38180024344833524,0.76,extra_trees_tuned,per_crop,青椒,fold3_test2026,target_mean_price_next_60d,朝阳
247,0.6409390682306053,0.7716685683409413,11.89659770772437,11.36014737925423,0.19794060293200313,0.8137651821862348,extra_trees_tuned,per_crop,韭菜,fold1_test2024,target_mean_price_next_60d,朝阳
244,0.9480701007399219,1.2622168907268976,14.393588315722877,14.553140703593408,-0.6049094108940593,0.8483606557377049,extra_trees_tuned,per_crop,韭菜,fold2_test2025,target_mean_price_next_60d,朝阳
150,0.3306237004841667,0.3757791995458835,6.591486046152996,6.4451317522094165,0.061096626973167624,0.94,extra_trees_tuned,per_crop,韭菜,fold3_test2026,target_mean_price_next_60d,朝阳
247,1.1841451899466007,1.6068444002850606,19.59536880103961,19.93870509641215,-0.21895916311287167,0.8097165991902834,extra_trees_tuned,per_crop,黄瓜,fold1_test2024,target_mean_price_next_60d,朝阳
244,1.0044392059009222,1.3434169592364624,14.42721890529807,15.286865626429833,-0.4157526260853639,0.8442622950819673,extra_trees_tuned,per_crop,黄瓜,fold2_test2025,target_mean_price_next_60d,朝阳
150,0.6896661950768522,0.7762225952795148,13.020607242256602,12.881702355991312,0.3341730893828271,0.86,extra_trees_tuned,per_crop,黄瓜,fold3_test2026,target_mean_price_next_60d,朝阳
247,0.33328958920489077,0.4658914795417852,10.73136457031047,11.441399683828976,0.19541498988588077,0.5425101214574899,catboost,pooled,土豆,fold1_test2024,target_mean_price_next_60d,朝阳
244,0.2087285153257392,0.24166298140751902,7.261967732698782,7.196238448546518,0.027866448980920083,0.5860655737704918,catboost,pooled,土豆,fold2_test2025,target_mean_price_next_60d,朝阳
150,0.17094371971470262,0.20225296862951522,5.8133663983458455,5.48329675809731,-0.08877714626295065,0.8066666666666666,catboost,pooled,土豆,fold3_test2026,target_mean_price_next_60d,朝阳
247,1.5130615485105452,2.0459773457589274,14.592578348946233,13.710766877448194,-0.6048507525982588,0.8785425101214575,catboost,pooled,芸豆,fold1_test2024,target_mean_price_next_60d,朝阳
244,1.4261077941625442,1.7047506912730377,12.778032860053143,13.450571068942727,0.5467758851271253,0.6926229508196722,catboost,pooled,芸豆,fold2_test2025,target_mean_price_next_60d,朝阳
150,0.7871634229606015,0.9606924217000494,9.961141375296762,8.392047812248174,0.4423222832021068,0.6866666666666666,catboost,pooled,芸豆,fold3_test2026,target_mean_price_next_60d,朝阳
247,1.3033010837839443,1.683835375318219,24.16681175752119,23.77237006041167,-0.3566600993346307,0.6356275303643725,catboost,pooled,芹菜,fold1_test2024,target_mean_price_next_60d,朝阳
244,0.6398777798500178,0.7613464517092354,14.09572890705416,14.569093977340458,0.4997601575228275,0.6229508196721312,catboost,pooled,芹菜,fold2_test2025,target_mean_price_next_60d,朝阳
150,0.5382403679108462,0.6724282561227147,12.176896569859698,12.768554883797368,0.18326804489260937,0.5933333333333334,catboost,pooled,芹菜,fold3_test2026,target_mean_price_next_60d,朝阳
247,0.9034367767375013,1.1596644354986627,17.046029295155755,16.104958183237322,-0.03342886955546989,0.805668016194332,catboost,pooled,茄子,fold1_test2024,target_mean_price_next_60d,朝阳
244,1.325051577301586,1.509230348249557,26.58019201728864,24.981939545043446,0.3481298506213453,0.4918032786885246,catboost,pooled,茄子,fold2_test2025,target_mean_price_next_60d,朝阳
150,0.40067228637100366,0.541339590125467,8.52111490136342,8.007431499538068,0.3134655167402341,0.84,catboost,pooled,茄子,fold3_test2026,target_mean_price_next_60d,朝阳
247,1.4606906213175748,1.8813638570866482,21.78572872651029,21.161195831470607,-0.5483383031742749,0.6923076923076923,catboost,pooled,西红柿,fold1_test2024,target_mean_price_next_60d,朝阳
244,0.991608807175846,1.438800056868066,11.563661107843945,12.36637801121586,-0.7013545510558165,0.6598360655737705,catboost,pooled,西红柿,fold2_test2025,target_mean_price_next_60d,朝阳
150,0.45907084777497836,0.6061769979030875,6.714649369478004,6.774979947266948,-0.061486331937801994,0.9266666666666666,catboost,pooled,西红柿,fold3_test2026,target_mean_price_next_60d,朝阳
247,1.4768706216903003,1.8894283934309049,22.057678844457165,21.378681295091543,-0.7112300557239333,0.6396761133603239,catboost,pooled,青椒,fold1_test2024,target_mean_price_next_60d,朝阳
244,0.546874778535335,0.6995543723989684,8.02816124798255,8.234693918017504,0.05300777211607012,0.8729508196721312,catboost,pooled,青椒,fold2_test2025,target_mean_price_next_60d,朝阳
150,0.8527063822543802,0.9997185483429423,13.63980022763917,13.551806359034057,-0.30682093120800186,0.7466666666666667,catboost,pooled,青椒,fold3_test2026,target_mean_price_next_60d,朝阳
247,0.8319104721325478,0.9588408076227983,14.539439742581939,14.744967249165164,0.1407991800696794,0.7975708502024291,catboost,pooled,韭菜,fold1_test2024,target_mean_price_next_60d,朝阳
244,1.1556409908406853,1.4124394223838703,17.238923664716765,17.73941181081316,-0.27428863243731777,0.8278688524590164,catboost,pooled,韭菜,fold2_test2025,target_mean_price_next_60d,朝阳
150,0.5063724550653662,0.6520679465765438,9.805697076482714,9.87115316841093,0.1768821011394876,0.84,catboost,pooled,韭菜,fold3_test2026,target_mean_price_next_60d,朝阳
247,1.348484290351762,1.7123976738975561,22.40859146490153,22.705856360131712,-0.07165355857912874,0.7449392712550608,catboost,pooled,黄瓜,fold1_test2024,target_mean_price_next_60d,朝阳
244,1.1386782475162285,1.3361012494665034,16.355022478167854,17.329890409749897,0.02918494990826618,0.8360655737704918,catboost,pooled,黄瓜,fold2_test2025,target_mean_price_next_60d,朝阳
150,0.6518413481990957,0.7865230111092995,11.808192969293353,12.175203440112288,0.13947313295340025,0.8533333333333334,catboost,pooled,黄瓜,fold3_test2026,target_mean_price_next_60d,朝阳
247,0.6493709036693884,0.7980353163931971,24.844465145063978,22.292061596209173,-0.47138265890699504,0.5668016194331984,elasticnet,pooled,土豆,fold1_test2024,target_mean_price_next_60d,朝阳
244,0.44490132928828197,0.536548796715296,14.405899916807808,15.338661546254889,0.18486736879901788,0.7745901639344263,elasticnet,pooled,土豆,fold2_test2025,target_mean_price_next_60d,朝阳
150,0.4424557145364587,0.5333577081056662,15.060398732375601,14.192483872285402,-0.35905786659859457,0.5066666666666667,elasticnet,pooled,土豆,fold3_test2026,target_mean_price_next_60d,朝阳
247,2.371210606113323,2.982382913436471,23.08663138772217,21.48697511331002,-0.6240115627856128,0.6194331983805668,elasticnet,pooled,芸豆,fold1_test2024,target_mean_price_next_60d,朝阳
244,1.2070085717399708,1.6213872596519132,11.664113135164376,11.384100585850323,-0.31362900268111665,0.7622950819672131,elasticnet,pooled,芸豆,fold2_test2025,target_mean_price_next_60d,朝阳
150,1.3486631968968348,1.7705445022753825,15.157880523890308,14.378267207093273,0.9506908271462298,0.6733333333333333,elasticnet,pooled,芸豆,fold3_test2026,target_mean_price_next_60d,朝阳
247,1.6055855510106078,1.9404685431387962,31.067152965251548,29.286075456530174,-0.775040135209111,0.562753036437247,elasticnet,pooled,芹菜,fold1_test2024,target_mean_price_next_60d,朝阳
244,0.5128673348857401,0.6288038753383275,12.285510675463168,11.677249367230514,0.15711567159456427,0.5491803278688525,elasticnet,pooled,芹菜,fold2_test2025,target_mean_price_next_60d,朝阳
150,0.4654316714601636,0.5183587483467854,11.420629012353965,11.041330595034486,-0.042376930295660184,0.6733333333333333,elasticnet,pooled,芹菜,fold3_test2026,target_mean_price_next_60d,朝阳
247,0.910249106901978,1.211357763366235,18.181110139814084,16.22639699916144,-0.39857853932115966,0.7125506072874493,elasticnet,pooled,茄子,fold1_test2024,target_mean_price_next_60d,朝阳
244,0.9846444303368838,1.2202223878243719,17.976644738048165,18.564052942100012,-0.2595274201535056,0.5368852459016393,elasticnet,pooled,茄子,fold2_test2025,target_mean_price_next_60d,朝阳
150,0.6329735219938383,0.7669324195792461,12.664294567497231,12.649969291097483,0.5765029624112833,0.7933333333333333,elasticnet,pooled,茄子,fold3_test2026,target_mean_price_next_60d,朝阳
247,1.4948129570828683,1.8946635287873295,22.536355711987998,21.655530099671253,-0.4742751201975991,0.5101214574898786,elasticnet,pooled,西红柿,fold1_test2024,target_mean_price_next_60d,朝阳
244,0.9608042850681544,1.1188969576828407,12.492580692654455,11.982214052523815,-0.7261829947317858,0.5491803278688525,elasticnet,pooled,西红柿,fold2_test2025,target_mean_price_next_60d,朝阳
150,0.872860918060567,1.1489982486971635,11.853132702852738,12.881704959649326,0.7537393044270869,0.7066666666666667,elasticnet,pooled,西红柿,fold3_test2026,target_mean_price_next_60d,朝阳
247,1.6717446701700651,2.1071822288823068,25.69158189925301,24.199612332615256,-0.7619921110856565,0.562753036437247,elasticnet,pooled,青椒,fold1_test2024,target_mean_price_next_60d,朝阳
244,1.0113048554515731,1.2234942289861057,15.954203779639151,15.227957604394366,-0.34226933112454794,0.5983606557377049,elasticnet,pooled,青椒,fold2_test2025,target_mean_price_next_60d,朝阳
150,0.6551215066433665,0.8078021918558098,10.50104296810012,10.411649290342744,0.2614470206954898,0.7466666666666667,elasticnet,pooled,青椒,fold3_test2026,target_mean_price_next_60d,朝阳
247,1.1002153379957855,1.394121381831793,24.02024031555974,19.500462693048412,-0.39160892689648047,0.6153846153846154,elasticnet,pooled,韭菜,fold1_test2024,target_mean_price_next_60d,朝阳
244,0.9969968648780217,1.3740547942932577,15.500113560092165,15.30418019119837,-0.28290398739166756,0.7540983606557377,elasticnet,pooled,韭菜,fold2_test2025,target_mean_price_next_60d,朝阳
150,0.8933469030660922,1.0769231628386884,16.200575605146472,17.414778439227323,0.4219353829926945,0.6066666666666667,elasticnet,pooled,韭菜,fold3_test2026,target_mean_price_next_60d,朝阳
247,1.5328425534911143,2.014575101542763,27.566269289946543,25.810091442138894,-0.32489682062161046,0.6437246963562753,elasticnet,pooled,黄瓜,fold1_test2024,target_mean_price_next_60d,朝阳
244,0.9021805291734264,1.1753551868010426,14.536269280091282,13.730559738441672,-0.32410922740619197,0.6967213114754098,elasticnet,pooled,黄瓜,fold2_test2025,target_mean_price_next_60d,朝阳
150,0.8110743462908966,1.055076165142299,14.803744419719028,15.149384429862177,0.3080372796457034,0.9,elasticnet,pooled,黄瓜,fold3_test2026,target_mean_price_next_60d,朝阳
247,0.5122502198587532,0.6243401278654667,16.5239313318775,17.584886217163778,0.17091551597628116,0.7408906882591093,elasticnet_tuned,pooled,土豆,fold1_test2024,target_mean_price_next_60d,朝阳
244,0.6001682752892068,0.6889363051880865,18.56209171100733,20.691729692485637,0.5352903620582554,0.7213114754098361,elasticnet_tuned,pooled,土豆,fold2_test2025,target_mean_price_next_60d,朝阳
150,0.280692219493913,0.3425733259704607,8.812883615991861,9.003657693554532,0.017426818059605508,0.64,elasticnet_tuned,pooled,土豆,fold3_test2026,target_mean_price_next_60d,朝阳
247,2.2113805741726997,2.8575664835628833,21.69907681166931,20.03865841389341,-0.8853969653859044,0.6396761133603239,elasticnet_tuned,pooled,芸豆,fold1_test2024,target_mean_price_next_60d,朝阳
244,1.3130717634414402,1.6858437387448835,12.684605831992062,12.384453086284738,-0.6671804918445243,0.6885245901639344,elasticnet_tuned,pooled,芸豆,fold2_test2025,target_mean_price_next_60d,朝阳
150,1.1970826506054122,1.5132378038366194,13.708004261855605,12.762248023808656,0.49152950268580337,0.7666666666666667,elasticnet_tuned,pooled,芸豆,fold3_test2026,target_mean_price_next_60d,朝阳
247,1.2753102815674409,1.5734666802641426,23.58165461971139,23.261814428364932,-0.3341171949543137,0.631578947368421,elasticnet_tuned,pooled,芹菜,fold1_test2024,target_mean_price_next_60d,朝阳
244,0.5208576987972535,0.6410033312728312,11.825457791219044,11.859178426819481,0.2867767366645402,0.5573770491803278,elasticnet_tuned,pooled,芹菜,fold2_test2025,target_mean_price_next_60d,朝阳
150,0.4351780907263179,0.5355837837411344,9.94730624795718,10.32363172095916,0.11415719521853222,0.6733333333333333,elasticnet_tuned,pooled,芹菜,fold3_test2026,target_mean_price_next_60d,朝阳
247,0.7123469711778452,0.9612584956566799,13.759772912605388,12.698529081585425,-0.119403871030828,0.7368421052631579,elasticnet_tuned,pooled,茄子,fold1_test2024,target_mean_price_next_60d,朝阳
244,0.9198428122789609,1.0754841416027572,17.63364239028851,17.342311741624794,-0.045517905765937464,0.5778688524590164,elasticnet_tuned,pooled,茄子,fold2_test2025,target_mean_price_next_60d,朝阳
150,0.6530172525971549,0.781484022208234,12.907797843963234,13.050543039920825,0.6200016460858849,0.8266666666666667,elasticnet_tuned,pooled,茄子,fold3_test2026,target_mean_price_next_60d,朝阳
247,1.3048916258941212,1.6025622296348154,19.346391961046066,18.904117566993065,-0.2708495907905927,0.6437246963562753,elasticnet_tuned,pooled,西红柿,fold1_test2024,target_mean_price_next_60d,朝阳
244,0.9808044238872966,1.163687983056374,12.521640935026948,12.231636279438792,-0.8027182161662719,0.5286885245901639,elasticnet_tuned,pooled,西红柿,fold2_test2025,target_mean_price_next_60d,朝阳
150,0.6785287284047818,0.9507109720802985,8.845884111819942,10.013745265829312,0.5261806439739183,0.8933333333333333,elasticnet_tuned,pooled,西红柿,fold3_test2026,target_mean_price_next_60d,朝阳
247,1.6220378935962172,1.9703726500588543,23.760467570862144,23.48007379012439,-0.3597922728591455,0.5141700404858299,elasticnet_tuned,pooled,青椒,fold1_test2024,target_mean_price_next_60d,朝阳
244,0.9653663464800813,1.1909232502865557,14.742522328750077,14.536227842338988,-0.23203929950999286,0.6434426229508197,elasticnet_tuned,pooled,青椒,fold2_test2025,target_mean_price_next_60d,朝阳
150,0.6695551714967335,0.8263101854734772,10.383933479495532,10.641039189626591,0.25152210165300914,0.7666666666666667,elasticnet_tuned,pooled,青椒,fold3_test2026,target_mean_price_next_60d,朝阳
247,0.955585057516829,1.216754516232801,19.57369761523849,16.937003258004776,-0.1463881700329471,0.5668016194331984,elasticnet_tuned,pooled,韭菜,fold1_test2024,target_mean_price_next_60d,朝阳
244,0.9326496464383954,1.3248290441989903,14.034835631972436,14.316432425388767,-0.21167014759261918,0.7950819672131147,elasticnet_tuned,pooled,韭菜,fold2_test2025,target_mean_price_next_60d,朝阳
150,0.866046415025334,1.06046582810637,16.017028842585635,16.88258657861771,0.35062330073201275,0.7333333333333333,elasticnet_tuned,pooled,韭菜,fold3_test2026,target_mean_price_next_60d,朝阳
247,1.4185818303611262,1.784161857472962,24.541813299770272,23.886162787161737,-0.09836495211383191,0.611336032388664,elasticnet_tuned,pooled,黄瓜,fold1_test2024,target_mean_price_next_60d,朝阳
244,0.8466294448058267,1.1476999440606903,13.412061687937893,12.88511089779404,-0.2850137409887864,0.7213114754098361,elasticnet_tuned,pooled,黄瓜,fold2_test2025,target_mean_price_next_60d,朝阳
150,0.8414889057232295,1.0630263539412033,15.534326946191252,15.717472737934552,0.2468289713676783,0.9333333333333333,elasticnet_tuned,pooled,黄瓜,fold3_test2026,target_mean_price_next_60d,朝阳
247,0.35640327590042664,0.49842926487298406,11.504198480035454,12.23486259481073,0.3286705085097878,0.680161943319838,extra_trees,pooled,土豆,fold1_test2024,target_mean_price_next_60d,朝阳
244,0.154156557064476,0.1843372889300762,5.152510050826489,5.314785769983097,0.11334973647294375,0.7704918032786885,extra_trees,pooled,土豆,fold2_test2025,target_mean_price_next_60d,朝阳
150,0.19798413483614583,0.2249563329414002,6.604858735688919,6.350661881662376,-0.018491205138737393,0.8133333333333334,extra_trees,pooled,土豆,fold3_test2026,target_mean_price_next_60d,朝阳
247,1.6663921255556104,2.0782569139044966,15.740012945537583,15.100188080517546,-0.3254822454122175,0.8704453441295547,extra_trees,pooled,芸豆,fold1_test2024,target_mean_price_next_60d,朝阳
244,1.5346760466044058,1.7889615573270563,13.990597213777736,14.474550463261732,0.5672881596329006,0.6762295081967213,extra_trees,pooled,芸豆,fold2_test2025,target_mean_price_next_60d,朝阳
150,0.8212578500555875,1.0094906450243504,10.238394157666676,8.755532768442146,0.2219660987064297,0.7066666666666667,extra_trees,pooled,芸豆,fold3_test2026,target_mean_price_next_60d,朝阳
247,1.33442412423567,1.67857151710299,23.90344971491593,24.340058098294282,-0.11653062595576305,0.6275303643724697,extra_trees,pooled,芹菜,fold1_test2024,target_mean_price_next_60d,朝阳
244,0.786439817736628,0.9748318372682029,16.82272995151248,17.906100153709087,0.7590248563052999,0.6598360655737705,extra_trees,pooled,芹菜,fold2_test2025,target_mean_price_next_60d,朝阳
150,0.629859829418105,0.7925364672863681,14.683481734614782,14.942022710486219,0.316795085048868,0.5866666666666667,extra_trees,pooled,芹菜,fold3_test2026,target_mean_price_next_60d,朝阳
247,0.9995836709073891,1.2368529365027667,18.35402788435048,17.818904028618928,0.16409851032081418,0.7692307692307693,extra_trees,pooled,茄子,fold1_test2024,target_mean_price_next_60d,朝阳
244,1.1186589967862581,1.3823216281283621,22.12822919462135,21.090704624603898,0.3927046954536207,0.5737704918032787,extra_trees,pooled,茄子,fold2_test2025,target_mean_price_next_60d,朝阳
150,0.44084094324001666,0.5876498936162078,9.702123580453282,8.810201691657719,0.3062466033691189,0.86,extra_trees,pooled,茄子,fold3_test2026,target_mean_price_next_60d,朝阳
247,1.3373818414841574,1.7393686036572225,20.032104379370196,19.374807119368835,-0.4413536791468655,0.7044534412955465,extra_trees,pooled,西红柿,fold1_test2024,target_mean_price_next_60d,朝阳
244,1.0479942645883566,1.4830139822221287,12.63954411696315,13.069562448115246,-0.6389128326111374,0.6434426229508197,extra_trees,pooled,西红柿,fold2_test2025,target_mean_price_next_60d,朝阳
150,0.6169277164784319,0.800849471752695,8.91221876543306,9.104635871157091,0.42715990385285113,0.84,extra_trees,pooled,西红柿,fold3_test2026,target_mean_price_next_60d,朝阳
247,1.5268500314222666,1.8345934115580582,22.226720622259034,22.102166383279968,-0.40173166706679064,0.6842105263157895,extra_trees,pooled,青椒,fold1_test2024,target_mean_price_next_60d,朝阳
244,0.6457245156940211,0.8542408105454846,9.388575564588422,9.723146780221805,0.1678830844433328,0.8360655737704918,extra_trees,pooled,青椒,fold2_test2025,target_mean_price_next_60d,朝阳
150,0.8468223784796997,1.0033959378032669,13.682097946438434,13.45829365474365,-0.17283422358953615,0.74,extra_trees,pooled,青椒,fold3_test2026,target_mean_price_next_60d,朝阳
247,0.7995101348322325,1.0023057894868759,13.715882391140466,14.170696425129984,0.3267650974836873,0.8299595141700404,extra_trees,pooled,韭菜,fold1_test2024,target_mean_price_next_60d,朝阳
244,1.0811859043463319,1.3746816014033167,16.080466652316737,16.596505448715167,-0.15336449528198817,0.8032786885245902,extra_trees,pooled,韭菜,fold2_test2025,target_mean_price_next_60d,朝阳
150,0.5941291997664443,0.7548630629242826,11.000128450693772,11.581870763414496,0.39366800826684967,0.8533333333333334,extra_trees,pooled,韭菜,fold3_test2026,target_mean_price_next_60d,朝阳
247,1.4580477213138143,1.809009248801931,23.482169321716306,24.55069173830184,0.1936272693024343,0.708502024291498,extra_trees,pooled,黄瓜,fold1_test2024,target_mean_price_next_60d,朝阳
244,0.902592327510815,1.1729014990353277,13.209739346538484,13.736827022526029,-0.17390735840643315,0.8278688524590164,extra_trees,pooled,黄瓜,fold2_test2025,target_mean_price_next_60d,朝阳
150,0.579409577086977,0.70042644590562,10.866266035634158,10.822310514166238,0.29497570294458747,0.8866666666666667,extra_trees,pooled,黄瓜,fold3_test2026,target_mean_price_next_60d,朝阳
247,0.33821427391218556,0.4825634787883503,10.945508196386001,11.610457727878353,0.2980316027751857,0.680161943319838,extra_trees_tuned,pooled,土豆,fold1_test2024,target_mean_price_next_60d,朝阳
244,0.16453918163982115,0.1974894866880747,5.51885806541793,5.672742813127501,0.11936521833204244,0.7581967213114754,extra_trees_tuned,pooled,土豆,fold2_test2025,target_mean_price_next_60d,朝阳
150,0.1828438208130634,0.2112013882834942,6.081720564825199,5.865011780343079,-0.010740801605788946,0.8133333333333334,extra_trees_tuned,pooled,土豆,fold3_test2026,target_mean_price_next_60d,朝阳
247,1.5716704779657835,1.9891606403895228,15.046768948165019,14.241857876019015,-0.4431322625019486,0.8744939271255061,extra_trees_tuned,pooled,芸豆,fold1_test2024,target_mean_price_next_60d,朝阳
244,1.4328524222200565,1.668706705433094,13.2008294468956,13.51418414180615,0.38558937395838094,0.6844262295081968,extra_trees_tuned,pooled,芸豆,fold2_test2025,target_mean_price_next_60d,朝阳
150,0.8210689293712335,0.9947514710212202,10.268790377336568,8.753518661371649,0.24609102581487002,0.7,extra_trees_tuned,pooled,芸豆,fold3_test2026,target_mean_price_next_60d,朝阳
247,1.3673495188793072,1.7172594428197958,24.171203789420453,24.940621295541952,0.013183115135213317,0.611336032388664,extra_trees_tuned,pooled,芹菜,fold1_test2024,target_mean_price_next_60d,朝阳
244,0.7141348815403993,0.8646516353238112,15.423825613479963,16.259821061605948,0.6873203015429082,0.6352459016393442,extra_trees_tuned,pooled,芹菜,fold2_test2025,target_mean_price_next_60d,朝阳
150,0.6430526739146284,0.7904519506162426,14.805873985705938,15.254993585712667,0.3734487295140581,0.56,extra_trees_tuned,pooled,芹菜,fold3_test2026,target_mean_price_next_60d,朝阳
247,0.9466593203019323,1.18458238784903,17.199551882422877,16.875457320091225,0.19869166536723532,0.7773279352226721,extra_trees_tuned,pooled,茄子,fold1_test2024,target_mean_price_next_60d,朝阳
244,1.0836002738121318,1.3050578223158606,21.386676793239886,20.429722884066933,0.28444546666130355,0.5532786885245902,extra_trees_tuned,pooled,茄子,fold2_test2025,target_mean_price_next_60d,朝阳
150,0.4903755969997263,0.6428186879855924,10.660255786960604,9.800151234778694,0.37429383049398646,0.84,extra_trees_tuned,pooled,茄子,fold3_test2026,target_mean_price_next_60d,朝阳
247,1.3117027535613153,1.6807816155911819,19.646345279215996,19.00279116994167,-0.4305541582893543,0.6882591093117408,extra_trees_tuned,pooled,西红柿,fold1_test2024,target_mean_price_next_60d,朝阳
244,1.0200506990436728,1.4830347201451488,12.343747060717629,12.721077549628998,-0.6904035960841456,0.6557377049180327,extra_trees_tuned,pooled,西红柿,fold2_test2025,target_mean_price_next_60d,朝阳
150,0.6909175019061015,0.9030552714354285,9.766246360438553,10.196579119142982,0.540692608562286,0.8066666666666666,extra_trees_tuned,pooled,西红柿,fold3_test2026,target_mean_price_next_60d,朝阳
247,1.5594638431481445,1.867180866529212,22.690870215531664,22.574272928339184,-0.38356640136046755,0.6680161943319838,extra_trees_tuned,pooled,青椒,fold1_test2024,target_mean_price_next_60d,朝阳
244,0.6292640829196493,0.8664476561353366,9.137365450116938,9.475289992936634,0.15368730079578818,0.819672131147541,extra_trees_tuned,pooled,青椒,fold2_test2025,target_mean_price_next_60d,朝阳
150,0.8340430665929163,0.9967572996741373,13.48134243836761,13.255195890149077,-0.15065163085530822,0.7066666666666667,extra_trees_tuned,pooled,青椒,fold3_test2026,target_mean_price_next_60d,朝阳
247,0.8033447081593533,0.9993411383479891,13.878727973301597,14.238661260309879,0.3259495786500486,0.8744939271255061,extra_trees_tuned,pooled,韭菜,fold1_test2024,target_mean_price_next_60d,朝阳
244,1.0554031205646486,1.3664312684485063,15.787986459568357,16.20073252030795,-0.151386848540898,0.8073770491803278,extra_trees_tuned,pooled,韭菜,fold2_test2025,target_mean_price_next_60d,朝阳
150,0.6085944109366114,0.7692655784714146,11.216883128946135,11.863853548310836,0.38854266695485373,0.88,extra_trees_tuned,pooled,韭菜,fold3_test2026,target_mean_price_next_60d,朝阳
247,1.4244684849422382,1.7858362673855488,23.04887051827795,23.985282616971233,0.17744450514797847,0.7206477732793523,extra_trees_tuned,pooled,黄瓜,fold1_test2024,target_mean_price_next_60d,朝阳
244,0.8573391956646631,1.1447712869725246,12.525188949692485,13.048105851903511,-0.20830820272931946,0.8360655737704918,extra_trees_tuned,pooled,黄瓜,fold2_test2025,target_mean_price_next_60d,朝阳
150,0.5543688917383508,0.6832201958887615,10.306399761730574,10.354596339173087,0.24303076216590885,0.92,extra_trees_tuned,pooled,黄瓜,fold3_test2026,target_mean_price_next_60d,朝阳
247,0.29873967268554535,0.3885240246909119,9.828085800067429,10.255345823329467,-0.01139469457442194,0.0,baseline_last_value,baseline,土豆,fold1_test2024,target_mean_price_next_60d,朝阳
244,0.22702606606087997,0.30605860255649536,7.833598741826707,7.827074814670057,0.010543074159632652,0.0,baseline_last_value,baseline,土豆,fold2_test2025,target_mean_price_next_60d,朝阳
150,0.18322817432418959,0.26747890707951144,5.712976627526366,5.877340541908808,0.05113122665485097,0.0,baseline_last_value,baseline,土豆,fold3_test2026,target_mean_price_next_60d,朝阳
247,2.7638552601782402,3.323105661634744,25.034166356515325,25.044966077299446,0.10248469476653767,0.0,baseline_last_value,baseline,芸豆,fold1_test2024,target_mean_price_next_60d,朝阳
244,1.4124408635694237,1.946680718459708,13.978446220070161,13.321669157046912,-0.2017620833410564,0.0,baseline_last_value,baseline,芸豆,fold2_test2025,target_mean_price_next_60d,朝阳
150,1.6351386974616062,2.173222827596612,17.760540265984393,17.43241838796899,1.01812704680092,0.0,baseline_last_value,baseline,芸豆,fold3_test2026,target_mean_price_next_60d,朝阳
247,1.1389112667569459,1.5000810825573503,20.562382149131395,20.773879831904342,0.03903785535357564,0.0,baseline_last_value,baseline,芹菜,fold1_test2024,target_mean_price_next_60d,朝阳
244,0.5411901700263418,0.6933435563713135,12.742389989323256,12.322119465649726,-0.10308734839305805,0.0,baseline_last_value,baseline,芹菜,fold2_test2025,target_mean_price_next_60d,朝阳
150,0.5354594129463398,0.7598450295509265,11.238735835552939,12.70258291623296,0.29464146640552724,0.0,baseline_last_value,baseline,芹菜,fold3_test2026,target_mean_price_next_60d,朝阳
247,0.9806203161543596,1.2129293381653006,17.819919871241126,17.48085709143942,0.17817326669370143,0.0,baseline_last_value,baseline,茄子,fold1_test2024,target_mean_price_next_60d,朝阳
244,1.0362549535295813,1.3205632385114037,20.71187238246896,19.53709504278088,-0.3122347641242225,0.0,baseline_last_value,baseline,茄子,fold2_test2025,target_mean_price_next_60d,朝阳
150,0.9318121165872837,1.2155046129951872,15.594110596863658,18.62225551358281,0.8989112627756983,0.0,baseline_last_value,baseline,茄子,fold3_test2026,target_mean_price_next_60d,朝阳
247,1.5609363114044024,1.8608126014473287,22.347575740939543,22.61346686561663,0.24751775598374653,0.0,baseline_last_value,baseline,西红柿,fold1_test2024,target_mean_price_next_60d,朝阳
244,0.9319961226549577,1.0996492996355203,11.969638347772678,11.622946745061393,-0.5030134526748532,0.0,baseline_last_value,baseline,西红柿,fold2_test2025,target_mean_price_next_60d,朝阳
150,1.0850084763886556,1.6355074710958384,12.885804392088868,16.012584344608573,1.066693138358746,0.0,baseline_last_value,baseline,西红柿,fold3_test2026,target_mean_price_next_60d,朝阳
247,1.9837197233544794,2.436226618886694,26.494080604408015,28.71565804176164,0.179302901799738,0.004048582995951417,baseline_last_value,baseline,青椒,fold1_test2024,target_mean_price_next_60d,朝阳
244,1.0595901910103358,1.3494479026789812,15.89096081003068,15.955025252531458,-0.1480735369184041,0.0,baseline_last_value,baseline,青椒,fold2_test2025,target_mean_price_next_60d,朝阳
150,1.017884208176101,1.3901013951570484,14.505133934088171,16.176927922894496,0.7544694520426583,0.0,baseline_last_value,baseline,青椒,fold3_test2026,target_mean_price_next_60d,朝阳
247,1.0264244687342718,1.4224958049471639,18.402650413973674,18.192576824321076,0.08472458176201522,0.0,baseline_last_value,baseline,韭菜,fold1_test2024,target_mean_price_next_60d,朝阳
244,1.339211283848519,1.888149936928269,19.628441904557707,20.557267052801997,-0.10716245847266956,0.0,baseline_last_value,baseline,韭菜,fold2_test2025,target_mean_price_next_60d,朝阳
150,0.9594178883173413,1.2210753824027665,17.230601681574793,18.702756900296478,0.5095126687545598,0.0,baseline_last_value,baseline,韭菜,fold3_test2026,target_mean_price_next_60d,朝阳
247,1.6152610382227406,1.9790330130902867,26.268359334905938,27.197858647975494,0.11127518076153227,0.0,baseline_last_value,baseline,黄瓜,fold1_test2024,target_mean_price_next_60d,朝阳
244,1.0852237498080466,1.4559371357468702,16.51549061316362,16.5163501588391,-0.18699614462042902,0.0,baseline_last_value,baseline,黄瓜,fold2_test2025,target_mean_price_next_60d,朝阳
150,1.225023860340817,1.549447649087589,22.032555025759752,22.881203777342463,0.41682308281700037,0.0,baseline_last_value,baseline,黄瓜,fold3_test2026,target_mean_price_next_60d,朝阳
247,0.826228906544426,1.0729094964892634,25.309241145137516,28.363367642714948,0.7573755855692975,0.6963562753036437,baseline_previous_year_same_period,baseline,土豆,fold1_test2024,target_mean_price_next_60d,朝阳
244,0.48186806848366964,0.5685073200361668,16.426584038232235,16.613147063962376,-0.03531753637596505,0.3237704918032787,baseline_previous_year_same_period,baseline,土豆,fold2_test2025,target_mean_price_next_60d,朝阳
150,0.2313338707746201,0.3142758823292505,7.435958649806398,7.420408692250289,0.10835950153902629,0.6333333333333333,baseline_previous_year_same_period,baseline,土豆,fold3_test2026,target_mean_price_next_60d,朝阳
247,4.046398357047567,4.574698518465354,38.11751743386857,36.66686568129512,0.3033911538494885,0.46963562753036436,baseline_previous_year_same_period,baseline,芸豆,fold1_test2024,target_mean_price_next_60d,朝阳
244,2.78710091512234,3.7034240805061502,25.057580584374055,26.287002349063343,0.5035573224102571,0.5245901639344263,baseline_previous_year_same_period,baseline,芸豆,fold2_test2025,target_mean_price_next_60d,朝阳
150,2.357985363664089,2.8770717839736415,24.92623432774469,25.138777203372243,1.5474834023561177,0.5133333333333333,baseline_previous_year_same_period,baseline,芸豆,fold3_test2026,target_mean_price_next_60d,朝阳
247,1.9009035731803994,2.209732645028025,39.697398654484175,34.67271204870303,-1.890958996387552,0.6963562753036437,baseline_previous_year_same_period,baseline,芹菜,fold1_test2024,target_mean_price_next_60d,朝阳
244,1.4476437890467175,1.7142865491985668,29.504843312246052,32.96076074602618,1.0774086949352455,0.6352459016393442,baseline_previous_year_same_period,baseline,芹菜,fold2_test2025,target_mean_price_next_60d,朝阳
150,0.554022057836902,0.6402360137661088,13.912491313383002,13.1429403554075,-0.40328405696493363,0.68,baseline_previous_year_same_period,baseline,芹菜,fold3_test2026,target_mean_price_next_60d,朝阳
247,2.109297134700334,2.2762221748261102,43.45637897209339,37.60101760860838,-0.6578944496636279,0.3522267206477733,baseline_previous_year_same_period,baseline,茄子,fold1_test2024,target_mean_price_next_60d,朝阳
244,2.1197996833133996,2.480868444210962,37.54728165652174,39.965770724171946,0.4644306862333863,0.4344262295081967,baseline_previous_year_same_period,baseline,茄子,fold2_test2025,target_mean_price_next_60d,朝阳
150,0.7406890388377559,0.9910818551365022,14.226707739388225,14.802662781274023,0.09863246600357921,0.7733333333333333,baseline_previous_year_same_period,baseline,茄子,fold3_test2026,target_mean_price_next_60d,朝阳
247,2.36818304315986,2.708251694114897,35.5551178770907,34.308144660961986,-0.6541578509873678,0.5587044534412956,baseline_previous_year_same_period,baseline,西红柿,fold1_test2024,target_mean_price_next_60d,朝阳
244,1.826293246113316,2.1266553183347052,23.99669235297141,22.77574833677604,-0.7996248896779543,0.45081967213114754,baseline_previous_year_same_period,baseline,西红柿,fold2_test2025,target_mean_price_next_60d,朝阳
150,1.4894288776069267,1.8804912819391189,20.746745025580967,21.98103152830443,-0.08566384276526993,0.4266666666666667,baseline_previous_year_same_period,baseline,西红柿,fold3_test2026,target_mean_price_next_60d,朝阳
247,2.8823133021798886,3.2854765494348404,45.11474900020417,41.723395790337854,-1.2002584898788993,0.3643724696356275,baseline_previous_year_same_period,baseline,青椒,fold1_test2024,target_mean_price_next_60d,朝阳
244,2.4196444837233995,2.92572605039886,34.75447608114125,36.43435845998568,0.3715684416046782,0.36475409836065575,baseline_previous_year_same_period,baseline,青椒,fold2_test2025,target_mean_price_next_60d,朝阳
150,0.786434344542574,1.300777087708295,10.98912746488237,12.498564773443253,-0.33461308802916323,0.7933333333333333,baseline_previous_year_same_period,baseline,青椒,fold3_test2026,target_mean_price_next_60d,朝阳
247,2.201738888713632,2.6772142621873507,37.27486552037939,39.02411244093973,0.060338687888670924,0.3805668016194332,baseline_previous_year_same_period,baseline,韭菜,fold1_test2024,target_mean_price_next_60d,朝阳
244,1.7272311962865892,2.066197711109176,26.79682164569868,26.51348102590387,-0.6256370979489769,0.5614754098360656,baseline_previous_year_same_period,baseline,韭菜,fold2_test2025,target_mean_price_next_60d,朝阳
150,1.4440217759609166,1.7389182256984133,25.77239741052203,28.149556687855288,0.94445098320341,0.4866666666666667,baseline_previous_year_same_period,baseline,韭菜,fold3_test2026,target_mean_price_next_60d,朝阳
247,1.994188173239211,2.5340385797463343,33.90184901589421,33.57825563161097,-0.18806027822297336,0.631578947368421,baseline_previous_year_same_period,baseline,黄瓜,fold1_test2024,target_mean_price_next_60d,朝阳
244,1.8483245555334011,2.232694153788127,28.77614446659333,28.130213305569463,-0.3712259067451855,0.5778688524590164,baseline_previous_year_same_period,baseline,黄瓜,fold2_test2025,target_mean_price_next_60d,朝阳
150,1.175265338237688,1.4119823363923527,21.63989773255484,21.95180564824452,-0.0778456501048038,0.6933333333333334,baseline_previous_year_same_period,baseline,黄瓜,fold3_test2026,target_mean_price_next_60d,朝阳
247,0.4008862956344109,0.5193185065649738,13.18112080003195,13.761907016253156,-0.018223304560926693,0.4979757085020243,baseline_rolling_mean_30,baseline,土豆,fold1_test2024,target_mean_price_next_60d,朝阳
244,0.31403350645406797,0.4019300554762797,10.924515770015615,10.826790914264565,0.008002090553075212,0.4918032786885246,baseline_rolling_mean_30,baseline,土豆,fold2_test2025,target_mean_price_next_60d,朝阳
150,0.23888737989816164,0.3241280912804873,7.516187117484876,7.66269973493088,0.07470900443262869,0.49333333333333335,baseline_rolling_mean_30,baseline,土豆,fold3_test2026,target_mean_price_next_60d,朝阳
247,3.465314383687114,4.218092705982475,31.644846528667454,31.401311941720362,0.24626337222942585,0.5141700404858299,baseline_rolling_mean_30,baseline,芸豆,fold1_test2024,target_mean_price_next_60d,朝阳
244,2.105530519377085,2.641159279719008,20.292874555180916,19.858658654439314,-0.42379760246673936,0.4713114754098361,baseline_rolling_mean_30,baseline,芸豆,fold2_test2025,target_mean_price_next_60d,朝阳
150,2.1586722869096464,2.9126782256392465,22.871301031518033,23.013875536271673,1.9193714912453643,0.46,baseline_rolling_mean_30,baseline,芸豆,fold3_test2026,target_mean_price_next_60d,朝阳
247,1.7152713937419004,2.0609314904989158,31.08987983187012,31.286758549822736,-0.035132185132254336,0.41295546558704455,baseline_rolling_mean_30,baseline,芹菜,fold1_test2024,target_mean_price_next_60d,朝阳
244,0.6708897639825893,0.7602043411835708,16.191588163050323,15.27519211901546,-0.1746447254422383,0.4713114754098361,baseline_rolling_mean_30,baseline,芹菜,fold2_test2025,target_mean_price_next_60d,朝阳
150,0.5946515335881151,0.867029796512273,12.820577957035969,14.106784247389994,0.4833081330721939,0.5666666666666667,baseline_rolling_mean_30,baseline,芹菜,fold3_test2026,target_mean_price_next_60d,朝阳
247,1.4385697241301647,1.6254575731027487,25.416780555919804,25.644412367683785,0.15698568234822233,0.3481781376518219,baseline_rolling_mean_30,baseline,茄子,fold1_test2024,target_mean_price_next_60d,朝阳
244,1.4694658183263734,1.8721549014335241,29.380533806304136,27.704662117150107,-0.5457730154903427,0.39344262295081966,baseline_rolling_mean_30,baseline,茄子,fold2_test2025,target_mean_price_next_60d,朝阳
150,1.5151334849979206,1.6861209898457303,25.866891724614515,30.27992702880197,1.5151334849979206,0.26,baseline_rolling_mean_30,baseline,茄子,fold3_test2026,target_mean_price_next_60d,朝阳
247,2.140668318449707,2.444822674021057,30.526675827316556,31.01211224049508,0.24782814734676945,0.3441295546558704,baseline_rolling_mean_30,baseline,西红柿,fold1_test2024,target_mean_price_next_60d,朝阳
244,1.3066260424523184,1.5235284095139916,16.551602052772296,16.294965760019664,-0.8427129062267659,0.4262295081967213,baseline_rolling_mean_30,baseline,西红柿,fold2_test2025,target_mean_price_next_60d,朝阳
150,1.7486931383587458,2.227333742975578,21.340579932784472,25.80726047782281,1.7484486939143016,0.26,baseline_rolling_mean_30,baseline,西红柿,fold3_test2026,target_mean_price_next_60d,朝阳
247,2.8049183031328595,3.3020390337703684,38.48285216808377,40.60305187248902,0.11092233499811836,0.3360323886639676,baseline_rolling_mean_30,baseline,青椒,fold1_test2024,target_mean_price_next_60d,朝阳
244,1.4111997605435465,1.5790236728874967,22.124224528571155,21.249467961164807,-0.24443965713698346,0.4180327868852459,baseline_rolling_mean_30,baseline,青椒,fold2_test2025,target_mean_price_next_60d,朝阳
150,1.5362480889653312,1.816629498684326,22.017929135846526,24.415129350918313,1.0816916742648803,0.46,baseline_rolling_mean_30,baseline,青椒,fold3_test2026,target_mean_price_next_60d,朝阳
247,1.4032970397622044,1.7783850504866183,25.563599736114696,24.87235055366313,0.12009570186997737,0.4089068825910931,baseline_rolling_mean_30,baseline,韭菜,fold1_test2024,target_mean_price_next_60d,朝阳
244,1.6145686024142463,2.078058557214434,24.112000705281417,24.784078759788336,-0.2006324038278608,0.5819672131147541,baseline_rolling_mean_30,baseline,韭菜,fold2_test2025,target_mean_price_next_60d,朝阳
150,1.4115778866040403,1.6667778503722899,24.463730192843347,27.517100087941365,0.8722460020878932,0.3466666666666667,baseline_rolling_mean_30,baseline,韭菜,fold3_test2026,target_mean_price_next_60d,朝阳
247,1.8436970968764952,2.2256846312359504,30.586182612995355,31.044278196484843,0.22522929682091147,0.47368421052631576,baseline_rolling_mean_30,baseline,黄瓜,fold1_test2024,target_mean_price_next_60d,朝阳
244,1.2647979978283979,1.4577911352555968,19.96144977183375,19.24934523044433,-0.39908630855485533,0.5942622950819673,baseline_rolling_mean_30,baseline,黄瓜,fold2_test2025,target_mean_price_next_60d,朝阳
150,1.5456919206149662,1.9791192047790518,27.679534432088893,28.870696284024433,0.8588675272614448,0.5866666666666667,baseline_rolling_mean_30,baseline,黄瓜,fold3_test2026,target_mean_price_next_60d,朝阳
247,0.3231916055403725,0.41764369470211316,10.585211141253914,11.094748990712054,-0.015385440670431185,0.3522267206477733,baseline_rolling_mean_7,baseline,土豆,fold1_test2024,target_mean_price_next_60d,朝阳
244,0.24257647487764333,0.32486776328684797,8.386708236749465,8.363199213596445,0.01335337860928134,0.36065573770491804,baseline_rolling_mean_7,baseline,土豆,fold2_test2025,target_mean_price_next_60d,朝阳
150,0.19804624200919269,0.28378548250340496,6.180568598826727,6.352654069858531,0.0545597980834224,0.35333333333333333,baseline_rolling_mean_7,baseline,土豆,fold3_test2026,target_mean_price_next_60d,朝阳
247,2.99511224699769,3.5623392998567542,27.093693245236917,27.14052566519845,0.12544594404357645,0.39271255060728744,baseline_rolling_mean_7,baseline,芸豆,fold1_test2024,target_mean_price_next_60d,朝阳
244,1.5310970218314999,2.0884103690178435,15.001055244613354,14.44079430032473,-0.23987683743941696,0.5163934426229508,baseline_rolling_mean_7,baseline,芸豆,fold2_test2025,target_mean_price_next_60d,朝阳
150,1.7698531943978424,2.352877100994161,19.1972583326578,18.868626507294213,1.1876508563247292,0.44666666666666666,baseline_rolling_mean_7,baseline,芸豆,fold3_test2026,target_mean_price_next_60d,朝阳
247,1.2727416847858573,1.6563105533381832,22.982992185910476,23.2149629111004,0.0261980635664154,0.38461538461538464,baseline_rolling_mean_7,baseline,芹菜,fold1_test2024,target_mean_price_next_60d,朝阳
244,0.571569083485074,0.6957656390053701,13.527928594016798,13.01380350133151,-0.11233793387315166,0.4344262295081967,baseline_rolling_mean_7,baseline,芹菜,fold2_test2025,target_mean_price_next_60d,朝阳
150,0.572839591707196,0.8024055647407343,12.025822741163033,13.589344468375048,0.3260700378340987,0.5066666666666667,baseline_rolling_mean_7,baseline,芹菜,fold3_test2026,target_mean_price_next_60d,朝阳
247,1.102440531257383,1.3160990283889167,19.884708664230082,19.652463916204777,0.17522358479665115,0.4048582995951417,baseline_rolling_mean_7,baseline,茄子,fold1_test2024,target_mean_price_next_60d,朝阳
244,1.1276557034894354,1.4396933122481772,22.53576630517787,21.26032457511252,-0.36645022079869566,0.4180327868852459,baseline_rolling_mean_7,baseline,茄子,fold2_test2025,target_mean_price_next_60d,朝阳
150,1.0490848409000828,1.3291743026593548,17.442059601758324,20.965949696188275,1.0392922151566506,0.4066666666666667,baseline_rolling_mean_7,baseline,茄子,fold3_test2026,target_mean_price_next_60d,朝阳
247,1.7113391704937924,2.01496898646837,24.46271662902821,24.792370672045394,0.26880173516246253,0.38461538461538464,baseline_rolling_mean_7,baseline,西红柿,fold1_test2024,target_mean_price_next_60d,朝阳
244,1.0254470674617027,1.1963253349027205,13.158989765200458,12.788375793918705,-0.586502914033167,0.4180327868852459,baseline_rolling_mean_7,baseline,西红柿,fold2_test2025,target_mean_price_next_60d,朝阳
150,1.226860857341037,1.7715610444488648,14.654130968645712,18.10604560681342,1.2139312335968413,0.2733333333333333,baseline_rolling_mean_7,baseline,西红柿,fold3_test2026,target_mean_price_next_60d,朝阳
247,2.190257603577859,2.658799145817876,29.370164353504485,31.705430775954024,0.18005478149898613,0.31983805668016196,baseline_rolling_mean_7,baseline,青椒,fold1_test2024,target_mean_price_next_60d,朝阳
244,1.156593993229773,1.4396491212678046,17.467415249334714,17.415682520910785,-0.16956065635634332,0.45491803278688525,baseline_rolling_mean_7,baseline,青椒,fold2_test2025,target_mean_price_next_60d,朝阳
150,1.1203930141348675,1.4873882823343823,15.961529448056005,17.80606957981079,0.8443742139474201,0.4266666666666667,baseline_rolling_mean_7,baseline,青椒,fold3_test2026,target_mean_price_next_60d,朝阳
247,1.119105680264292,1.502322926177196,20.150675366492894,19.835279343884213,0.10947877493726102,0.5263157894736842,baseline_rolling_mean_7,baseline,韭菜,fold1_test2024,target_mean_price_next_60d,朝阳
244,1.4327220141815247,1.9635773452995893,21.033050394179178,21.992682867275963,-0.12209220086142823,0.46311475409836067,baseline_rolling_mean_7,baseline,韭菜,fold2_test2025,target_mean_price_next_60d,朝阳
150,1.029759306499549,1.2987482295540314,18.37336836127203,20.073982578182502,0.5618936211355122,0.52,baseline_rolling_mean_7,baseline,韭菜,fold3_test2026,target_mean_price_next_60d,朝阳
247,1.6852890309814257,2.0371078177311377,27.54137539803198,28.376994034382015,0.1446470720281604,0.47368421052631576,baseline_rolling_mean_7,baseline,黄瓜,fold1_test2024,target_mean_price_next_60d,朝阳
244,1.1316536804410242,1.4699902781451646,17.38535753410876,17.22298138794785,-0.22142237412862575,0.5081967213114754,baseline_rolling_mean_7,baseline,黄瓜,fold2_test2025,target_mean_price_next_60d,朝阳
150,1.3068517830736661,1.6556136567196373,23.440857029089347,24.409599619531242,0.45453736853128607,0.5,baseline_rolling_mean_7,baseline,黄瓜,fold3_test2026,target_mean_price_next_60d,朝阳
227,0.41744320467822443,0.4925215192961151,13.796777317441455,14.57981679800878,0.19367010027386375,0.4889867841409692,baseline_seasonal_median,baseline,土豆,fold1_test2024,target_mean_price_next_60d,朝阳
244,0.2993970551875549,0.4103156086072292,9.92159509789013,10.322176615686404,0.0269365167825835,0.3524590163934426,baseline_seasonal_median,baseline,土豆,fold2_test2025,target_mean_price_next_60d,朝阳
150,0.25332056876610615,0.35299414949725677,8.06943675788016,8.125667651276034,0.0997978933215176,0.56,baseline_seasonal_median,baseline,土豆,fold3_test2026,target_mean_price_next_60d,朝阳
227,2.644152192570859,3.155935542066485,28.104100823954138,25.087296497939253,-0.5109506212524669,0.6431718061674009,baseline_seasonal_median,baseline,芸豆,fold1_test2024,target_mean_price_next_60d,朝阳
244,2.676350746402409,3.395260123828175,24.276873561046113,25.24244385119776,-0.10114732924269579,0.4426229508196721,baseline_seasonal_median,baseline,芸豆,fold2_test2025,target_mean_price_next_60d,朝阳
150,2.3964364490582932,3.1693185717281946,20.794709722660105,25.548709039187674,2.362793713467587,0.47333333333333333,baseline_seasonal_median,baseline,芸豆,fold3_test2026,target_mean_price_next_60d,朝阳
227,1.8688733796998274,2.2162060800196626,39.01315724301464,34.46082424363438,-1.852697889377221,0.5418502202643172,baseline_seasonal_median,baseline,芹菜,fold1_test2024,target_mean_price_next_60d,朝阳
244,0.9904652482961721,1.2109957181758129,22.17352328526461,22.55146488615232,-0.17378406970453333,0.46311475409836067,baseline_seasonal_median,baseline,芹菜,fold2_test2025,target_mean_price_next_60d,朝阳
150,0.41041731131370335,0.5993619787258598,9.489260025178812,9.736237334093072,-0.34535853359447294,0.7733333333333333,baseline_seasonal_median,baseline,芹菜,fold3_test2026,target_mean_price_next_60d,朝阳
227,1.2217127718498104,1.4869272199757315,25.50962362017356,22.290939256812166,-0.6666625877058707,0.6123348017621145,baseline_seasonal_median,baseline,茄子,fold1_test2024,target_mean_price_next_60d,朝阳
244,2.0156713308594485,2.2494167676717614,36.0344308972665,38.0025805733198,0.018093104728236643,0.35655737704918034,baseline_seasonal_median,baseline,茄子,fold2_test2025,target_mean_price_next_60d,朝阳
150,0.6738609786788234,0.8477925035003954,12.005932471254285,13.467104690105808,0.5975779294423649,0.5533333333333333,baseline_seasonal_median,baseline,茄子,fold3_test2026,target_mean_price_next_60d,朝阳
227,1.9468276712318837,2.335152169018016,29.14111788200655,28.443033739595748,-0.4261532903526086,0.5814977973568282,baseline_seasonal_median,baseline,西红柿,fold1_test2024,target_mean_price_next_60d,朝阳
244,2.3727065222782744,2.7625706352727257,31.157796177635948,29.590081846628063,-1.449734764150263,0.3155737704918033,baseline_seasonal_median,baseline,西红柿,fold2_test2025,target_mean_price_next_60d,朝阳
150,0.7876263109663764,0.9918735994173045,11.095400332150868,11.623810330366807,-0.11464019497458758,0.7333333333333333,baseline_seasonal_median,baseline,西红柿,fold3_test2026,target_mean_price_next_60d,朝阳
227,1.8661771455247422,2.2556289268910787,29.33315545323477,27.765257160856766,-1.3943950360563955,0.4845814977973568,baseline_seasonal_median,baseline,青椒,fold1_test2024,target_mean_price_next_60d,朝阳
244,2.20263305213889,2.7225237329582916,31.83162403972163,33.16665845634808,-0.4984833729839784,0.38934426229508196,baseline_seasonal_median,baseline,青椒,fold2_test2025,target_mean_price_next_60d,朝阳
150,0.6918391238768264,0.8576023925401718,10.686620524942091,10.99519135015172,0.18380278537599143,0.6933333333333334,baseline_seasonal_median,baseline,青椒,fold3_test2026,target_mean_price_next_60d,朝阳
227,1.1434254524919343,1.3509556803637568,22.341902098199053,20.097180510305773,-0.4652528497293056,0.3744493392070485,baseline_seasonal_median,baseline,韭菜,fold1_test2024,target_mean_price_next_60d,朝阳
244,1.4427954176866338,1.678264311328732,23.56510391020065,22.14731242310681,-0.8588018027349648,0.6311475409836066,baseline_seasonal_median,baseline,韭菜,fold2_test2025,target_mean_price_next_60d,朝阳
150,1.2007414079441452,1.4453486935725322,22.814186035115583,23.407083530916022,0.15684600208789354,0.43333333333333335,baseline_seasonal_median,baseline,韭菜,fold3_test2026,target_mean_price_next_60d,朝阳
227,1.6644420024703723,2.1006710802022384,29.002143886913007,28.14092548981415,-0.48272856395466995,0.6872246696035242,baseline_seasonal_median,baseline,黄瓜,fold1_test2024,target_mean_price_next_60d,朝阳
244,1.786837789585246,2.060379937689925,27.731395024600147,27.194427522486535,-0.7378158167515767,0.45081967213114754,baseline_seasonal_median,baseline,黄瓜,fold2_test2025,target_mean_price_next_60d,朝阳
150,0.8111253986447674,0.9272671102575084,15.874440638504106,15.150337994400834,0.07148974948366671,0.7133333333333334,baseline_seasonal_median,baseline,黄瓜,fold3_test2026,target_mean_price_next_60d,朝阳
247,0.37714770011032944,0.48922378381061526,12.4619205966311,12.932421113223938,0.2905760404569381,0.7246963562753036,catboost,per_crop,土豆,fold1_test2024,target_mean_price_next_90d,朝阳
244,0.11778333280173135,0.1505119100039224,4.131400200842031,4.053851251037449,0.07075720752361503,0.9016393442622951,catboost,per_crop,土豆,fold2_test2025,target_mean_price_next_90d,朝阳
125,0.148277198150028,0.17572982908765672,5.04978336486266,4.7118108646277665,-0.05943102908471366,0.936,catboost,per_crop,土豆,fold3_test2026,target_mean_price_next_90d,朝阳
247,1.2201268338891165,1.5161693636770002,11.815792908120438,11.24001593278895,-0.1456949858969807,0.9554655870445344,catboost,per_crop,芸豆,fold1_test2024,target_mean_price_next_90d,朝阳
244,1.1048849044851732,1.3507352041793788,10.004704092631272,10.35967187232653,0.4729315303428185,0.7909836065573771,catboost,per_crop,芸豆,fold2_test2025,target_mean_price_next_90d,朝阳
125,0.820759381159024,0.9768850804213076,10.37773500914423,8.823138319850747,0.35091185489869225,0.752,catboost,per_crop,芸豆,fold3_test2026,target_mean_price_next_90d,朝阳
247,1.400190190938377,1.7862373493141155,27.93050092602992,25.991215260438892,-1.3889652118878724,0.728744939271255,catboost,per_crop,芹菜,fold1_test2024,target_mean_price_next_90d,朝阳
244,1.1929858233606263,1.4357747762569648,25.680254115997975,26.728574187942737,0.8222382535073847,0.6885245901639344,catboost,per_crop,芹菜,fold2_test2025,target_mean_price_next_90d,朝阳
125,0.6427461796565381,0.7509027411418157,14.654390126500063,15.372350862934885,0.4720175193941706,0.64,catboost,per_crop,芹菜,fold3_test2026,target_mean_price_next_90d,朝阳
247,0.8233125151185645,1.1438538679472348,17.972559663778114,14.955079290197379,-0.5028483882917855,0.7611336032388664,catboost,per_crop,茄子,fold1_test2024,target_mean_price_next_90d,朝阳
244,1.508799064949398,1.710775344573292,28.953045456326233,27.84301070854574,0.18519044423878042,0.6188524590163934,catboost,per_crop,茄子,fold2_test2025,target_mean_price_next_90d,朝阳
125,0.31773604505659686,0.35655015985529875,6.852566873330808,6.332663940080065,-0.16391316339366488,0.984,catboost,per_crop,茄子,fold3_test2026,target_mean_price_next_90d,朝阳
247,1.0662615213203122,1.3895671351517618,15.240842261618761,15.548878726407999,-0.2542831222632995,0.8461538461538461,catboost,per_crop,西红柿,fold1_test2024,target_mean_price_next_90d,朝阳
244,1.4359791823807009,1.9585325653111898,17.294413556462903,17.638490363284728,-1.4188354577299997,0.639344262295082,catboost,per_crop,西红柿,fold2_test2025,target_mean_price_next_90d,朝阳
125,0.39986321239164163,0.45870492895119624,6.287551743966905,5.96720584419506,-0.21884806941863594,0.928,catboost,per_crop,西红柿,fold3_test2026,target_mean_price_next_90d,朝阳
247,1.3389789881689178,1.767864976374636,21.3869415320836,19.873606991414285,-1.1176299148624422,0.6680161943319838,catboost,per_crop,青椒,fold1_test2024,target_mean_price_next_90d,朝阳
244,0.7972741788825489,0.962084081988494,11.715747337463407,11.73378494462298,0.0010138618688477908,0.7213114754098361,catboost,per_crop,青椒,fold2_test2025,target_mean_price_next_90d,朝阳
125,0.5172166833637134,0.6541863286098266,7.852319833702392,8.255034373035326,-0.28765334540867815,0.808,catboost,per_crop,青椒,fold3_test2026,target_mean_price_next_90d,朝阳
247,0.5043474045983236,0.5920252616165883,9.745067916984823,8.888016380163716,0.070177404036147,0.8987854251012146,catboost,per_crop,韭菜,fold1_test2024,target_mean_price_next_90d,朝阳
244,0.8174251213720389,1.0483413086297195,12.466944222349948,12.497677311558219,-0.7646900895503985,0.8401639344262295,catboost,per_crop,韭菜,fold2_test2025,target_mean_price_next_90d,朝阳
125,0.19559587563407957,0.22282750732942064,4.003254073689928,3.931803220842927,0.0013673617304199154,0.992,catboost,per_crop,韭菜,fold3_test2026,target_mean_price_next_90d,朝阳
247,1.0926465569581811,1.412985350528099,18.915201170559385,18.545556448274326,-0.2569676753225494,0.7327935222672065,catboost,per_crop,黄瓜,fold1_test2024,target_mean_price_next_90d,朝阳
244,1.2480169836428736,1.4592775171141823,18.527841317905626,18.65970632042842,-0.45511497927378053,0.8155737704918032,catboost,per_crop,黄瓜,fold2_test2025,target_mean_price_next_90d,朝阳
125,0.8984060099447144,0.9801413947209131,17.558036203119308,17.629059344645732,0.5972290649019749,0.856,catboost,per_crop,黄瓜,fold3_test2026,target_mean_price_next_90d,朝阳
247,0.7109477848815495,0.8649575334356381,20.756050174808916,24.37844945338996,0.7086001611733356,0.6842105263157895,elasticnet,per_crop,土豆,fold1_test2024,target_mean_price_next_90d,朝阳
244,0.38221960370437474,0.4606300885535947,11.862530492281222,13.155184029783552,0.3611033436442536,0.8319672131147541,elasticnet,per_crop,土豆,fold2_test2025,target_mean_price_next_90d,朝阳
125,0.15847748639140183,0.17582418177090275,4.897196381530505,5.035945860147514,0.12292190743839984,0.888,elasticnet,per_crop,土豆,fold3_test2026,target_mean_price_next_90d,朝阳
247,1.9362390389740476,2.3145712381806267,19.05875746267116,17.836963374034017,-0.4128912795830749,0.8785425101214575,elasticnet,per_crop,芸豆,fold1_test2024,target_mean_price_next_90d,朝阳
244,1.3458086356457706,1.6173170186688455,12.402286548826252,12.618631869832672,0.8924336159255829,0.7418032786885246,elasticnet,per_crop,芸豆,fold2_test2025,target_mean_price_next_90d,朝阳
125,0.8731493787315082,1.115807685943214,10.543676734045523,9.38632919621444,0.5871723645395025,0.696,elasticnet,per_crop,芸豆,fold3_test2026,target_mean_price_next_90d,朝阳
247,1.927351971801693,2.419158670104439,45.390319618909146,35.776725409108245,-1.8452738562815745,0.6963562753036437,elasticnet,per_crop,芹菜,fold1_test2024,target_mean_price_next_90d,朝阳
244,0.9576634531329483,1.303219252553665,20.423465287480383,21.456230369979636,0.44746840085595957,0.5368852459016393,elasticnet,per_crop,芹菜,fold2_test2025,target_mean_price_next_90d,朝阳
125,0.5931700075593007,0.6946874463506787,13.611854344547128,14.186653715225322,0.48239982184970637,0.64,elasticnet,per_crop,芹菜,fold3_test2026,target_mean_price_next_90d,朝阳
247,1.6685666494846854,1.9940549448638394,35.88212031902023,30.308717632488445,-0.35433656723785406,0.6558704453441295,elasticnet,per_crop,茄子,fold1_test2024,target_mean_price_next_90d,朝阳
244,0.9114912276411534,0.9973741394365132,18.215770230645564,16.820437261345525,0.25219114057724384,0.5737704918032787,elasticnet,per_crop,茄子,fold2_test2025,target_mean_price_next_90d,朝阳
125,0.2988927688709881,0.40472056120218597,6.948632046751858,5.95710650028025,0.10022137494156837,0.936,elasticnet,per_crop,茄子,fold3_test2026,target_mean_price_next_90d,朝阳
247,2.3657720966261007,2.7441840927923233,42.052189816597284,34.49913805312003,-1.0555353581953637,0.562753036437247,elasticnet,per_crop,西红柿,fold1_test2024,target_mean_price_next_90d,朝阳
244,1.7780311502069517,2.081558610607397,23.53380815239483,21.839999975870732,-1.735885742469082,0.3524590163934426,elasticnet,per_crop,西红柿,fold2_test2025,target_mean_price_next_90d,朝阳
125,0.7193224602895437,0.8600404054892256,10.750027390750182,10.734533850281892,0.6049050430559334,0.712,elasticnet,per_crop,西红柿,fold3_test2026,target_mean_price_next_90d,朝阳
247,2.2950373486416042,2.8278776032654807,42.13483066618639,34.063768513570366,-2.057591492935541,0.6396761133603239,elasticnet,per_crop,青椒,fold1_test2024,target_mean_price_next_90d,朝阳
244,1.2347259954639016,1.5125240376530906,18.441361261471545,18.171928403118727,0.9910669745751267,0.7336065573770492,elasticnet,per_crop,青椒,fold2_test2025,target_mean_price_next_90d,朝阳
125,0.890963397436087,1.1132808997929928,14.353189811120517,14.220216995164384,0.1756839379217211,0.672,elasticnet,per_crop,青椒,fold3_test2026,target_mean_price_next_90d,朝阳
247,0.802709001197952,0.9358353976033996,15.164313929035083,14.145984863021868,-0.09629646278943843,0.7692307692307693,elasticnet,per_crop,韭菜,fold1_test2024,target_mean_price_next_90d,朝阳
244,0.639191556746928,0.7800426368278208,9.64528078387734,9.772650249709972,-0.4475668194548758,0.930327868852459,elasticnet,per_crop,韭菜,fold2_test2025,target_mean_price_next_90d,朝阳
125,0.42101486176964176,0.521333190610554,8.420668229943383,8.463100687385856,0.3729453758033274,0.8,elasticnet,per_crop,韭菜,fold3_test2026,target_mean_price_next_90d,朝阳
247,1.501337776048566,1.9060937580713921,26.31700683324419,25.482297359859764,-0.3659075113005877,0.680161943319838,elasticnet,per_crop,黄瓜,fold1_test2024,target_mean_price_next_90d,朝阳
244,0.7681993708798369,0.9204141308827403,12.358220790827765,11.485720822736404,-0.25352442180198786,0.8770491803278688,elasticnet,per_crop,黄瓜,fold2_test2025,target_mean_price_next_90d,朝阳
125,0.8335892656350095,0.9755998685023868,16.096879027115467,16.357186472788126,0.7200645823325208,0.856,elasticnet,per_crop,黄瓜,fold3_test2026,target_mean_price_next_90d,朝阳
247,0.5588282194133884,0.6761402479327708,17.944191239334646,19.162258874422093,0.55668900009587,0.6842105263157895,elasticnet_tuned,per_crop,土豆,fold1_test2024,target_mean_price_next_90d,朝阳
244,0.14931474983963125,0.2411460283320951,5.1905722957513545,5.139095413904227,0.11289485380877284,0.9098360655737705,elasticnet_tuned,per_crop,土豆,fold2_test2025,target_mean_price_next_90d,朝阳
125,0.13367244296429018,0.16127080007296088,4.285278283763996,4.247714934721127,-0.03233069324767629,0.792,elasticnet_tuned,per_crop,土豆,fold3_test2026,target_mean_price_next_90d,朝阳
247,1.7006815307703627,2.066984181833138,16.508978415970105,15.666967541012204,-0.5159324479560071,0.9149797570850202,elasticnet_tuned,per_crop,芸豆,fold1_test2024,target_mean_price_next_90d,朝阳
244,0.8066923902129104,1.0111410574928277,7.598206898210731,7.5637457173899625,0.12733204131908074,0.8729508196721312,elasticnet_tuned,per_crop,芸豆,fold2_test2025,target_mean_price_next_90d,朝阳
125,0.646564260495402,0.8076471245381297,8.466518538690464,6.950546084489577,0.4117644490427738,0.792,elasticnet_tuned,per_crop,芸豆,fold3_test2026,target_mean_price_next_90d,朝阳
247,1.1963698710697006,1.5965430795739948,23.235783471822767,22.20777366625948,-1.178874228288918,0.7651821862348178,elasticnet_tuned,per_crop,芹菜,fold1_test2024,target_mean_price_next_90d,朝阳
244,0.6864049104002232,0.8321385358813604,15.754295194117196,15.37874483614427,0.4258222898367729,0.6967213114754098,elasticnet_tuned,per_crop,芹菜,fold2_test2025,target_mean_price_next_90d,朝阳
125,0.5002593480745101,0.5710037474422929,11.55330268245891,11.964539758406346,0.4013773254055098,0.664,elasticnet_tuned,per_crop,芹菜,fold3_test2026,target_mean_price_next_90d,朝阳
247,1.112161324349739,1.377447624679295,23.51214569878063,20.201880189743076,-0.3429068361218387,0.6842105263157895,elasticnet_tuned,per_crop,茄子,fold1_test2024,target_mean_price_next_90d,朝阳
244,0.9597004375510952,1.054819447542997,18.05351955783403,17.71007828708281,-0.01611440402005354,0.6024590163934426,elasticnet_tuned,per_crop,茄子,fold2_test2025,target_mean_price_next_90d,朝阳
125,0.2799153929307642,0.3510026809169397,6.260543338360806,5.578876374476952,-0.049727707274059854,0.984,elasticnet_tuned,per_crop,茄子,fold3_test2026,target_mean_price_next_90d,朝阳
247,1.480864123343446,1.8302426580709412,22.767196250788825,21.594867866603472,-0.48008770251865873,0.659919028340081,elasticnet_tuned,per_crop,西红柿,fold1_test2024,target_mean_price_next_90d,朝阳
244,1.3351318311588647,1.6450411067151502,16.519522465130613,16.39975720161027,-1.2781166106601431,0.5163934426229508,elasticnet_tuned,per_crop,西红柿,fold2_test2025,target_mean_price_next_90d,朝阳
125,0.44648207460115225,0.6675932862745405,5.898289016656545,6.662904619189774,0.27518384714421856,0.984,elasticnet_tuned,per_crop,西红柿,fold3_test2026,target_mean_price_next_90d,朝阳
247,1.6381082453915896,2.106063560175008,27.474144823674624,24.313390849267545,-1.53341395935429,0.5991902834008097,elasticnet_tuned,per_crop,青椒,fold1_test2024,target_mean_price_next_90d,朝阳
244,0.9242624201888916,1.044583553379057,14.022298144191184,13.602718811354944,-0.046295633139842106,0.6967213114754098,elasticnet_tuned,per_crop,青椒,fold2_test2025,target_mean_price_next_90d,朝阳
125,0.698469234552775,0.8642803768819308,11.02799680562106,11.147914839564804,-0.07446018469435557,0.68,elasticnet_tuned,per_crop,青椒,fold3_test2026,target_mean_price_next_90d,朝阳
247,0.6498939718313496,0.7501893906182343,13.153372766201402,11.452955273175387,-0.03445576769675615,0.7894736842105263,elasticnet_tuned,per_crop,韭菜,fold1_test2024,target_mean_price_next_90d,朝阳
244,0.6312012800710682,0.8056064822938314,9.655591490395947,9.650486277849954,-0.5879985804303635,0.8565573770491803,elasticnet_tuned,per_crop,韭菜,fold2_test2025,target_mean_price_next_90d,朝阳
125,0.3636534619739404,0.44249928419195106,7.453486066079996,7.310040911776245,0.15348930979636577,0.976,elasticnet_tuned,per_crop,韭菜,fold3_test2026,target_mean_price_next_90d,朝阳
247,1.329624086092734,1.7649722613373449,23.85805594913663,22.567790459400786,-0.5253350494654732,0.7206477732793523,elasticnet_tuned,per_crop,黄瓜,fold1_test2024,target_mean_price_next_90d,朝阳
244,0.8015924282513239,1.0042095410499288,11.37939494183396,11.98499659530992,-0.57558167869061,0.8524590163934426,elasticnet_tuned,per_crop,黄瓜,fold2_test2025,target_mean_price_next_90d,朝阳
125,0.624209571990369,0.7376049593942161,12.010691535329867,12.24861306169501,0.21718328319313052,0.848,elasticnet_tuned,per_crop,黄瓜,fold3_test2026,target_mean_price_next_90d,朝阳
247,0.4418223692023823,0.5500407581766854,14.546724805491426,15.150120056667472,0.3703159467921864,0.7044534412955465,extra_trees,per_crop,土豆,fold1_test2024,target_mean_price_next_90d,朝阳
244,0.11966158002803287,0.15556464232347134,4.162830027953792,4.118496516942067,0.07113857747187798,0.930327868852459,extra_trees,per_crop,土豆,fold2_test2025,target_mean_price_next_90d,朝阳
125,0.12868593814039006,0.15813858836203928,4.431550853621341,4.089258557753453,-0.06713271529419287,0.936,extra_trees,per_crop,土豆,fold3_test2026,target_mean_price_next_90d,朝阳
247,1.500806738694231,1.967345907720222,13.83570339827066,13.825686958453714,0.0253110491047286,0.9352226720647774,extra_trees,per_crop,芸豆,fold1_test2024,target_mean_price_next_90d,朝阳
244,1.0551072346363717,1.313016228362737,9.785861029969189,9.89294423028053,0.30507998992803453,0.8237704918032787,extra_trees,per_crop,芸豆,fold2_test2025,target_mean_price_next_90d,朝阳
125,0.8125054176143397,0.9667563697577382,10.324109373292355,8.734408463435441,0.44301213604447903,0.76,extra_trees,per_crop,芸豆,fold3_test2026,target_mean_price_next_90d,朝阳
247,1.482919817141916,1.8645668351159281,29.92252539361997,27.52689486810047,-1.4673298792013478,0.7449392712550608,extra_trees,per_crop,芹菜,fold1_test2024,target_mean_price_next_90d,朝阳
244,1.5278378105913204,1.8344044720026065,30.82845608510731,34.23085628335213,1.3690007299217355,0.6967213114754098,extra_trees,per_crop,芹菜,fold2_test2025,target_mean_price_next_90d,朝阳
125,0.42553210431501914,0.4800983884568813,9.943685949498922,10.177312628243081,0.27335593080438897,0.656,extra_trees,per_crop,芹菜,fold3_test2026,target_mean_price_next_90d,朝阳
247,1.2798879482699663,1.5545698624978284,26.252680726248474,23.248554342926433,-0.26091005262621575,0.6680161943319838,extra_trees,per_crop,茄子,fold1_test2024,target_mean_price_next_90d,朝阳
244,1.6069541925860316,1.7940406560678135,30.505063294253286,29.65434154336245,0.14816567988177756,0.6024590163934426,extra_trees,per_crop,茄子,fold2_test2025,target_mean_price_next_90d,朝阳
125,0.30411217765537746,0.3843549264797278,6.620246275321175,6.061132349130833,-0.04377563981814501,0.992,extra_trees,per_crop,茄子,fold3_test2026,target_mean_price_next_90d,朝阳
247,1.237037419644802,1.543365887240173,17.2946634579645,18.039237498009197,-0.13263391632481517,0.7813765182186235,extra_trees,per_crop,西红柿,fold1_test2024,target_mean_price_next_90d,朝阳
244,1.4321100080878504,1.9391062223637685,17.362804130067985,17.59096433065439,-1.3339865837340852,0.6516393442622951,extra_trees,per_crop,西红柿,fold2_test2025,target_mean_price_next_90d,朝阳
125,0.4787986320825679,0.5662824749271582,7.325357524043041,7.14516841513631,0.3021558212816461,0.84,extra_trees,per_crop,西红柿,fold3_test2026,target_mean_price_next_90d,朝阳
247,1.6701678237616127,2.068315917136005,26.297055170249866,24.789230624548548,-1.062284386117467,0.659919028340081,extra_trees,per_crop,青椒,fold1_test2024,target_mean_price_next_90d,朝阳
244,0.8008615891405083,0.922850725869013,11.607769788626417,11.786582215110315,0.1055227510441786,0.7622950819672131,extra_trees,per_crop,青椒,fold2_test2025,target_mean_price_next_90d,朝阳
125,0.5005630985139439,0.6354343921105396,8.516180093213041,7.989234912594425,-0.27763203104796025,0.92,extra_trees,per_crop,青椒,fold3_test2026,target_mean_price_next_90d,朝阳
247,0.6519492314139336,0.7532090205772913,11.803418920780125,11.489174713721619,0.17950719076358113,0.8663967611336032,extra_trees,per_crop,韭菜,fold1_test2024,target_mean_price_next_90d,朝阳
244,0.8026281759638819,1.0310111146562968,12.361502382033718,12.271445643270987,-0.6588326813402873,0.819672131147541,extra_trees,per_crop,韭菜,fold2_test2025,target_mean_price_next_90d,朝阳
125,0.21744743225475763,0.25077533460726864,4.450202236896933,4.371055942420478,-0.002180896499572704,0.936,extra_trees,per_crop,韭菜,fold3_test2026,target_mean_price_next_90d,朝阳
247,1.232308018197186,1.5051232518493176,20.855792088440325,20.91603892182645,-0.11633335539704145,0.728744939271255,extra_trees,per_crop,黄瓜,fold1_test2024,target_mean_price_next_90d,朝阳
244,1.3088854869510445,1.5452872501522665,19.23359415688522,19.5697807911934,-0.44796894654330055,0.8442622950819673,extra_trees,per_crop,黄瓜,fold2_test2025,target_mean_price_next_90d,朝阳
125,0.62893949453821,0.7403490030996012,12.734636617400588,12.341426427109383,0.4573875634164747,0.912,extra_trees,per_crop,黄瓜,fold3_test2026,target_mean_price_next_90d,朝阳
247,0.415560960761365,0.5237107670816895,13.7281006773549,14.249614517627307,0.33100556151239063,0.7165991902834008,extra_trees_tuned,per_crop,土豆,fold1_test2024,target_mean_price_next_90d,朝阳
244,0.11734705050709474,0.15655831051471836,4.080783593096837,4.038835344424454,0.06914213979901175,0.9344262295081968,extra_trees_tuned,per_crop,土豆,fold2_test2025,target_mean_price_next_90d,朝阳
125,0.12204094822257511,0.14833836076244133,4.170111046127965,3.878100429054374,-0.06121647086745432,0.936,extra_trees_tuned,per_crop,土豆,fold3_test2026,target_mean_price_next_90d,朝阳
247,1.4700924919219962,1.9044113702553185,13.613475170778692,13.5427420928096,0.009660132419089144,0.9392712550607287,extra_trees_tuned,per_crop,芸豆,fold1_test2024,target_mean_price_next_90d,朝阳
244,1.0861126627123718,1.3305586764019903,9.941302556606828,10.18365872898033,0.38572752726457343,0.7827868852459017,extra_trees_tuned,per_crop,芸豆,fold2_test2025,target_mean_price_next_90d,朝阳
125,0.7908171756681268,0.9520251854102447,10.125215402725953,8.501260523858313,0.4369093318900331,0.76,extra_trees_tuned,per_crop,芸豆,fold3_test2026,target_mean_price_next_90d,朝阳
247,1.4711915658697778,1.855250015577216,29.6330212500551,27.30918765559788,-1.4595697411247779,0.7368421052631579,extra_trees_tuned,per_crop,芹菜,fold1_test2024,target_mean_price_next_90d,朝阳
244,1.4232333569384226,1.7045038863665622,29.23664579200163,31.887217452863265,1.231731525957594,0.6967213114754098,extra_trees_tuned,per_crop,芹菜,fold2_test2025,target_mean_price_next_90d,朝阳
125,0.4235571117105729,0.4787185230632302,9.86588727856708,10.13007737391069,0.24828446379640223,0.664,extra_trees_tuned,per_crop,芹菜,fold3_test2026,target_mean_price_next_90d,朝阳
247,1.1958694680245714,1.4768986181230213,24.77832472652347,21.722398708415263,-0.2910143827560848,0.6923076923076923,extra_trees_tuned,per_crop,茄子,fold1_test2024,target_mean_price_next_90d,朝阳
244,1.5315675502740436,1.6950129149661837,29.21546939157554,28.263174794962865,0.18204309902177224,0.5614754098360656,extra_trees_tuned,per_crop,茄子,fold2_test2025,target_mean_price_next_90d,朝阳
125,0.3065307770535358,0.3690847803921337,6.413633557858134,6.109336440018565,-0.04992642886066549,0.984,extra_trees_tuned,per_crop,茄子,fold3_test2026,target_mean_price_next_90d,朝阳
247,1.2074925741111056,1.5219632673833212,16.930482451702773,17.6083964604136,-0.16434640948445092,0.8016194331983806,extra_trees_tuned,per_crop,西红柿,fold1_test2024,target_mean_price_next_90d,朝阳
244,1.3944438011252065,1.9251130076530572,16.8173830284293,17.12830091834042,-1.3319481012116945,0.6721311475409836,extra_trees_tuned,per_crop,西红柿,fold2_test2025,target_mean_price_next_90d,朝阳
125,0.4844027491836346,0.5757224308773099,7.300928186330656,7.228799315105886,0.29686668803176214,0.84,extra_trees_tuned,per_crop,西红柿,fold3_test2026,target_mean_price_next_90d,朝阳
247,1.6281178274218928,2.0323296110352786,25.81876695287463,24.165109478040627,-1.0867908053626634,0.6558704453441295,extra_trees_tuned,per_crop,青椒,fold1_test2024,target_mean_price_next_90d,朝阳
244,0.780721813222094,0.9048133700088551,11.40830931389143,11.490177533108964,0.08848721366586572,0.7622950819672131,extra_trees_tuned,per_crop,青椒,fold2_test2025,target_mean_price_next_90d,朝阳
125,0.48954615362149356,0.6118752677327465,8.189092244613692,7.813399016927734,-0.24522859551362433,0.872,extra_trees_tuned,per_crop,青椒,fold3_test2026,target_mean_price_next_90d,朝阳
247,0.643976477879819,0.7480258503354386,11.743235916684156,11.348672426290094,0.16148306747478208,0.8704453441295547,extra_trees_tuned,per_crop,韭菜,fold1_test2024,target_mean_price_next_90d,朝阳
244,0.8064599148700997,1.0276170444749455,12.458412717003212,12.330029402370139,-0.6607905887833591,0.8237704918032787,extra_trees_tuned,per_crop,韭菜,fold2_test2025,target_mean_price_next_90d,朝阳
125,0.21356863715468793,0.25234822358012393,4.301819315717561,4.293085693722726,-0.03869196696104552,1.0,extra_trees_tuned,per_crop,韭菜,fold3_test2026,target_mean_price_next_90d,朝阳
247,1.2291097290107005,1.5112328736713228,20.841844175321402,20.86175416499621,-0.1310089236060063,0.7327935222672065,extra_trees_tuned,per_crop,黄瓜,fold1_test2024,target_mean_price_next_90d,朝阳
244,1.2451185951642971,1.4772890114499593,18.28932354590525,18.616371110634333,-0.4823846232187395,0.8360655737704918,extra_trees_tuned,per_crop,黄瓜,fold2_test2025,target_mean_price_next_90d,朝阳
125,0.6289506741553612,0.7279269447457581,12.757160606849,12.341645800234705,0.458522787528336,0.896,extra_trees_tuned,per_crop,黄瓜,fold3_test2026,target_mean_price_next_90d,朝阳
247,0.42643214902613324,0.5789150135315015,13.32116327657366,14.622388326403005,0.35949579914356716,0.6477732793522267,catboost,pooled,土豆,fold1_test2024,target_mean_price_next_90d,朝阳
244,0.14738182629305213,0.17309254286292317,5.1521748769960265,5.072568305602326,0.029130745783476877,0.8647540983606558,catboost,pooled,土豆,fold2_test2025,target_mean_price_next_90d,朝阳
125,0.1790173008785329,0.20705859892252762,6.092118998623284,5.6886404232048795,-0.17060445629680038,0.88,catboost,pooled,土豆,fold3_test2026,target_mean_price_next_90d,朝阳
247,1.346931580780309,1.6672991478086787,13.303482806583222,12.408162830162901,-0.3384233911214119,0.9433198380566802,catboost,pooled,芸豆,fold1_test2024,target_mean_price_next_90d,朝阳
244,1.2675419799581182,1.5573735113848641,11.577379966493194,11.884784508739218,0.380390904957351,0.7868852459016393,catboost,pooled,芸豆,fold2_test2025,target_mean_price_next_90d,朝阳
125,0.7897893976028706,0.9551561470469265,9.995355291623094,8.490211940997087,0.23868373070987858,0.768,catboost,pooled,芸豆,fold3_test2026,target_mean_price_next_90d,朝阳
247,1.3442834254018243,1.7787209175096808,25.90448891224938,24.953438544833144,-0.42587456390471407,0.611336032388664,catboost,pooled,芹菜,fold1_test2024,target_mean_price_next_90d,朝阳
244,0.7475332978100196,0.8492645993484812,16.41011373328457,16.748312358136648,0.6492753825553522,0.5737704918032787,catboost,pooled,芹菜,fold2_test2025,target_mean_price_next_90d,朝阳
125,0.41288985886700835,0.5868479899131763,9.19387110444212,9.874952164854543,0.1961377633862064,0.688,catboost,pooled,芹菜,fold3_test2026,target_mean_price_next_90d,朝阳
247,0.950831461975646,1.2744690471461189,18.235434075119276,17.27140016013519,-0.07820358725881656,0.7489878542510121,catboost,pooled,茄子,fold1_test2024,target_mean_price_next_90d,朝阳
244,1.404728138162426,1.6198280648907255,27.155983525901213,25.922511156092,0.3253755835506672,0.6352459016393442,catboost,pooled,茄子,fold2_test2025,target_mean_price_next_90d,朝阳
125,0.42245641361238834,0.5520444307873315,8.904277699063586,8.419801713910632,0.33523195849841747,0.904,catboost,pooled,茄子,fold3_test2026,target_mean_price_next_90d,朝阳
247,1.4165024704107319,1.8710546133388983,20.96257609545788,20.656306813736496,-0.498212394260256,0.7854251012145749,catboost,pooled,西红柿,fold1_test2024,target_mean_price_next_90d,朝阳
244,1.2234304460154548,1.7969997046292285,14.289878567715695,15.02770123478829,-1.1487208679785865,0.7336065573770492,catboost,pooled,西红柿,fold2_test2025,target_mean_price_next_90d,朝阳
125,0.34112690344173474,0.4146378274561556,5.009364739992614,5.090676983397919,-0.12210956137658936,0.936,catboost,pooled,西红柿,fold3_test2026,target_mean_price_next_90d,朝阳
247,1.3817408269289113,1.6979639056575146,21.567459836193766,20.50829355875803,-0.7126487183472644,0.7165991902834008,catboost,pooled,青椒,fold1_test2024,target_mean_price_next_90d,朝阳
244,0.5753993682587843,0.7242624191763783,8.031441959551355,8.468369631490495,-0.11111950836846508,0.8278688524590164,catboost,pooled,青椒,fold2_test2025,target_mean_price_next_90d,朝阳
125,0.5954446729869876,0.7717533046808861,8.989619335178,9.503591823026673,-0.328648767524458,0.832,catboost,pooled,青椒,fold3_test2026,target_mean_price_next_90d,朝阳
247,0.7788266776209251,0.8825000740140141,14.14955171426703,13.725111311946414,0.08882254135955837,0.8744939271255061,catboost,pooled,韭菜,fold1_test2024,target_mean_price_next_90d,朝阳
244,0.8896162162642304,1.1666877097682145,13.224581022285331,13.601412669258409,-0.41916027152986457,0.8565573770491803,catboost,pooled,韭菜,fold2_test2025,target_mean_price_next_90d,朝阳
125,0.29180504072618113,0.35154320455655985,5.815041752897766,5.865767850503171,0.09668716133194627,0.992,catboost,pooled,韭菜,fold3_test2026,target_mean_price_next_90d,朝阳
247,1.296366472038153,1.6078423786113292,22.145472504424017,22.003306953864275,-0.14304588019787157,0.7246963562753036,catboost,pooled,黄瓜,fold1_test2024,target_mean_price_next_90d,朝阳
244,1.026075632598332,1.223229748107262,14.684072658019733,15.34135369772459,-0.2638321634159837,0.8852459016393442,catboost,pooled,黄瓜,fold2_test2025,target_mean_price_next_90d,朝阳
125,0.5835807218466635,0.633274564530919,11.699791893065626,11.451369496581085,0.3645954135648727,0.888,catboost,pooled,黄瓜,fold3_test2026,target_mean_price_next_90d,朝阳
247,0.77561194578879,0.9291434388731957,30.296636144531853,26.59578807043858,-0.45619324206632655,0.6477732793522267,elasticnet,pooled,土豆,fold1_test2024,target_mean_price_next_90d,朝阳
244,0.6044619248754967,0.7297357556587495,19.118016124507502,20.80429099833569,0.29449760143293224,0.8360655737704918,elasticnet,pooled,土豆,fold2_test2025,target_mean_price_next_90d,朝阳
125,0.6042210267077149,0.7212225452081912,21.57521410912674,19.20035739680867,-0.5909439047520176,0.6,elasticnet,pooled,土豆,fold3_test2026,target_mean_price_next_90d,朝阳
247,2.414661061857278,2.927262111554705,24.173384506684535,22.2442684266277,-0.47991845217238754,0.7246963562753036,elasticnet,pooled,芸豆,fold1_test2024,target_mean_price_next_90d,朝阳
244,1.4780519708231494,1.8739369784342976,14.027235527964116,13.858577817305001,-0.5903228862908318,0.7950819672131147,elasticnet,pooled,芸豆,fold2_test2025,target_mean_price_next_90d,朝阳
125,1.8709264447368983,2.291245353589674,20.2301030705038,20.112402230321745,1.6082441559936782,0.736,elasticnet,pooled,芸豆,fold3_test2026,target_mean_price_next_90d,朝阳
247,1.8666817861345877,2.131386241017974,38.49536445923928,34.65052707850308,-0.9052941010808543,0.5425101214574899,elasticnet,pooled,芹菜,fold1_test2024,target_mean_price_next_90d,朝阳
244,0.46820354404262793,0.5857274825519808,11.253574041001322,10.489993189313976,0.1511362470454116,0.6639344262295082,elasticnet,pooled,芹菜,fold2_test2025,target_mean_price_next_90d,朝阳
125,0.4299058484149156,0.5348708850930108,11.445264777215664,10.281918040171359,-0.25632881272063573,0.712,elasticnet,pooled,芹菜,fold3_test2026,target_mean_price_next_90d,朝阳
247,0.9847696341067659,1.2833569988033429,20.8987585497439,17.887870875525895,-0.4401868496640548,0.7165991902834008,elasticnet,pooled,茄子,fold1_test2024,target_mean_price_next_90d,朝阳
244,1.0440589118944479,1.2838984445103616,19.130857066443316,19.26680904007895,-0.28151143100661974,0.6475409836065574,elasticnet,pooled,茄子,fold2_test2025,target_mean_price_next_90d,朝阳
125,0.6604708687084494,0.7717576655404973,13.562495294310553,13.163568058506975,0.6185698551157182,0.848,elasticnet,pooled,茄子,fold3_test2026,target_mean_price_next_90d,朝阳
247,1.509718019497195,1.9105048209541484,22.979045398676895,22.015633057045186,-0.5280278002371083,0.6842105263157895,elasticnet,pooled,西红柿,fold1_test2024,target_mean_price_next_90d,朝阳
244,1.2338578733510166,1.4387433381423784,16.034629762659076,15.155783924864084,-1.0088729114030355,0.5327868852459017,elasticnet,pooled,西红柿,fold2_test2025,target_mean_price_next_90d,朝阳
125,1.0355690631686625,1.2414344068269294,14.373110975466375,15.453919176128784,1.0214739359033822,0.744,elasticnet,pooled,西红柿,fold3_test2026,target_mean_price_next_90d,朝阳
247,1.6909003586740723,2.085286587959656,28.201305210368808,25.09695035310789,-0.7510828560807753,0.5991902834008097,elasticnet,pooled,青椒,fold1_test2024,target_mean_price_next_90d,朝阳
244,1.1875482453633515,1.3705201823192272,18.921095542716717,17.47759565221125,-0.5789481095482978,0.5778688524590164,elasticnet,pooled,青椒,fold2_test2025,target_mean_price_next_90d,朝阳
125,0.569606759368382,0.7684820620062736,8.524610101163212,9.09120592769561,0.32537954222619103,0.808,elasticnet,pooled,青椒,fold3_test2026,target_mean_price_next_90d,朝阳
247,1.354664682376569,1.6424458714388543,29.472590331497507,23.872992657078186,-0.5547489456126639,0.5222672064777328,elasticnet,pooled,韭菜,fold1_test2024,target_mean_price_next_90d,朝阳
244,1.0629874185865578,1.3102549219834105,17.04803376043764,16.252098689409678,-0.4413882938480562,0.7131147540983607,elasticnet,pooled,韭菜,fold2_test2025,target_mean_price_next_90d,朝阳
125,1.0040785694229741,1.19134531647729,18.15416082964934,20.18365336405262,0.5269954489432198,0.808,elasticnet,pooled,韭菜,fold3_test2026,target_mean_price_next_90d,朝阳
247,1.7006742174980787,2.1633675727291837,31.459948632116642,28.865646900988235,-0.33906650718021547,0.5870445344129555,elasticnet,pooled,黄瓜,fold1_test2024,target_mean_price_next_90d,朝阳
244,1.0537986712310847,1.3027927469729605,17.420850039125625,15.755854274220821,-0.5230188034229115,0.7295081967213115,elasticnet,pooled,黄瓜,fold2_test2025,target_mean_price_next_90d,朝阳
125,0.9528305329353477,1.2320347163857146,17.15798160302055,18.69700984251134,0.6565115941779566,0.888,elasticnet,pooled,黄瓜,fold3_test2026,target_mean_price_next_90d,朝阳
247,0.686115049457412,0.7946716735024246,22.31638745051224,23.526933212393995,0.10671260805227528,0.7489878542510121,elasticnet_tuned,pooled,土豆,fold1_test2024,target_mean_price_next_90d,朝阳
244,0.7291169519841169,0.8582574637156782,21.99607517079572,25.094651319885013,0.5966589551457555,0.8647540983606558,elasticnet_tuned,pooled,土豆,fold2_test2025,target_mean_price_next_90d,朝阳
125,0.32652443414983734,0.4138445618728854,10.787051055070457,10.375980903260322,-0.2532499013888702,0.536,elasticnet_tuned,pooled,土豆,fold3_test2026,target_mean_price_next_90d,朝阳
247,2.2757492662359455,2.7844136257022316,22.65764161341061,20.96458933698807,-0.6880955453732065,0.7449392712550608,elasticnet_tuned,pooled,芸豆,fold1_test2024,target_mean_price_next_90d,朝阳
244,1.6452227119161649,2.003030858073183,15.664116841840528,15.426011689690334,-0.8403193381444302,0.7622950819672131,elasticnet_tuned,pooled,芸豆,fold2_test2025,target_mean_price_next_90d,朝阳
125,1.63269005667645,1.9153713571584319,17.682352383144092,17.551368323270115,1.0313138912491273,0.744,elasticnet_tuned,pooled,芸豆,fold3_test2026,target_mean_price_next_90d,朝阳
247,1.6202245479749309,1.8651147734688884,31.55328234586135,30.07563205998569,-0.48999063777846447,0.5870445344129555,elasticnet_tuned,pooled,芹菜,fold1_test2024,target_mean_price_next_90d,朝阳
244,0.5197679396842286,0.6233977768573397,11.897854469447589,11.645281665819473,0.29762384297370625,0.6065573770491803,elasticnet_tuned,pooled,芹菜,fold2_test2025,target_mean_price_next_90d,朝阳
125,0.3825573146219592,0.4497905102171116,9.097051945994146,9.14949859164224,-0.014403993481176193,0.72,elasticnet_tuned,pooled,芹菜,fold3_test2026,target_mean_price_next_90d,朝阳
247,0.8383321325171086,1.041452884805146,16.50552798194232,15.227903479042979,-0.11803034219572811,0.7327935222672065,elasticnet_tuned,pooled,茄子,fold1_test2024,target_mean_price_next_90d,朝阳
244,1.0509097028329548,1.222929022325831,19.829340642796947,19.39323186860135,-0.10298242735142676,0.639344262295082,elasticnet_tuned,pooled,茄子,fold2_test2025,target_mean_price_next_90d,朝阳
125,0.7386687112602042,0.832164872950045,14.969423686271854,14.722096483040453,0.7097788671543552,0.864,elasticnet_tuned,pooled,茄子,fold3_test2026,target_mean_price_next_90d,朝阳
247,1.3552321467948816,1.6864092486741062,20.142169268760277,19.762825418805395,-0.3089444137236861,0.7611336032388664,elasticnet_tuned,pooled,西红柿,fold1_test2024,target_mean_price_next_90d,朝阳
244,1.2576619780836762,1.473716680777792,16.1322127330817,15.44817567892666,-1.0471972480719236,0.5245901639344263,elasticnet_tuned,pooled,西红柿,fold2_test2025,target_mean_price_next_90d,朝阳
125,0.8177689267650355,0.9997342772702794,11.511858427328002,12.203662071853664,0.7807322369445661,0.832,elasticnet_tuned,pooled,西红柿,fold3_test2026,target_mean_price_next_90d,朝阳
247,1.594883927641604,1.9309191884665513,24.893612045524915,23.671840002670645,-0.34650895860154113,0.5748987854251012,elasticnet_tuned,pooled,青椒,fold1_test2024,target_mean_price_next_90d,朝阳
244,1.1648145103271232,1.336619187773346,18.215040211988562,17.143014695034108,-0.4480805528853177,0.6188524590163934,elasticnet_tuned,pooled,青椒,fold2_test2025,target_mean_price_next_90d,朝阳
125,0.6476237543206859,0.8302089037965272,9.674238401614957,10.336395798261522,0.3290059410634791,0.84,elasticnet_tuned,pooled,青椒,fold3_test2026,target_mean_price_next_90d,朝阳
247,1.1727962402769396,1.4005640205544592,23.935781425533335,20.667960416050306,-0.2615739698054831,0.5546558704453441,elasticnet_tuned,pooled,韭菜,fold1_test2024,target_mean_price_next_90d,朝阳
244,1.0174017954251924,1.2592175031403083,15.844785409763784,15.555136492602244,-0.3424227837745552,0.7745901639344263,elasticnet_tuned,pooled,韭菜,fold2_test2025,target_mean_price_next_90d,朝阳
125,0.9926241450472751,1.1888978183861223,18.280402676595383,19.953400335928816,0.48686444851918487,0.84,elasticnet_tuned,pooled,韭菜,fold3_test2026,target_mean_price_next_90d,朝阳
247,1.6172583584137998,1.95676448489085,28.427579489668233,27.44982445275258,-0.08147945828066744,0.6072874493927125,elasticnet_tuned,pooled,黄瓜,fold1_test2024,target_mean_price_next_90d,朝阳
244,1.0084469904826716,1.2644147931202137,16.52246828149541,15.077779332137037,-0.492405530162951,0.7131147540983607,elasticnet_tuned,pooled,黄瓜,fold2_test2025,target_mean_price_next_90d,朝阳
125,0.9364454021391418,1.191327459205518,17.220445579639268,18.375491019196843,0.5813893393429875,0.912,elasticnet_tuned,pooled,黄瓜,fold3_test2026,target_mean_price_next_90d,朝阳
247,0.4007649609068562,0.5334484397360966,13.150589409740027,13.74225864391064,0.3577529579632328,0.6882591093117408,extra_trees,pooled,土豆,fold1_test2024,target_mean_price_next_90d,朝阳
244,0.14529798431323432,0.17267679829561194,4.927098377616997,5.000846906522298,0.1111139486032034,0.8975409836065574,extra_trees,pooled,土豆,fold2_test2025,target_mean_price_next_90d,朝阳
125,0.1223659628952539,0.15320126932998032,4.2078752788239315,3.8884284342028246,-0.06345235158599198,0.936,extra_trees,pooled,土豆,fold3_test2026,target_mean_price_next_90d,朝阳
247,1.6144712944492525,1.9842417637709202,15.119297690528901,14.872784179983983,-0.13322644984864118,0.9311740890688259,extra_trees,pooled,芸豆,fold1_test2024,target_mean_price_next_90d,朝阳
244,1.0683802985958215,1.2859821840778818,10.113433466913815,10.017395733601932,0.17835373683913153,0.7827868852459017,extra_trees,pooled,芸豆,fold2_test2025,target_mean_price_next_90d,朝阳
125,0.773203523824133,0.9373739962398945,9.87547642461247,8.311914303632607,0.272908279282592,0.76,extra_trees,pooled,芸豆,fold3_test2026,target_mean_price_next_90d,朝阳
247,1.4351252983530578,1.8095860088416065,26.68933051493813,26.639702803658295,-0.16481702729226738,0.6558704453441295,extra_trees,pooled,芹菜,fold1_test2024,target_mean_price_next_90d,朝阳
244,0.9855201898274365,1.1823877912014955,21.465864522000178,22.080354176644136,0.926512700996003,0.6967213114754098,extra_trees,pooled,芹菜,fold2_test2025,target_mean_price_next_90d,朝阳
125,0.4160022516947603,0.548790335932008,9.562388267691507,9.949390249569495,0.24758061372270684,0.768,extra_trees,pooled,芹菜,fold3_test2026,target_mean_price_next_90d,朝阳
247,1.1701000876532794,1.4480030175472045,21.30714443352392,21.25431020054601,0.23202549838028694,0.659919028340081,extra_trees,pooled,茄子,fold1_test2024,target_mean_price_next_90d,朝阳
244,1.3982065128892651,1.6091239093956538,26.625589155662226,25.80216267064021,0.320815675630748,0.610655737704918,extra_trees,pooled,茄子,fold2_test2025,target_mean_price_next_90d,朝阳
125,0.4111055574641286,0.5611579845898028,8.585880811141632,8.193572557548103,0.33517880354898316,0.944,extra_trees,pooled,茄子,fold3_test2026,target_mean_price_next_90d,朝阳
247,1.3135207820244235,1.7460913973037329,19.377626418937492,19.154564744139275,-0.5189924273128326,0.7935222672064778,extra_trees,pooled,西红柿,fold1_test2024,target_mean_price_next_90d,朝阳
244,1.2444343812194594,1.8177115905016672,14.968452657342048,15.285697808298973,-1.1936202664317448,0.6844262295081968,extra_trees,pooled,西红柿,fold2_test2025,target_mean_price_next_90d,朝阳
125,0.36678842370661363,0.44603123417645596,5.79050131341147,5.473626874636066,0.12942770142979526,0.872,extra_trees,pooled,西红柿,fold3_test2026,target_mean_price_next_90d,朝阳
247,1.4066195369258259,1.654738778919912,21.561708626587137,20.877552306879384,-0.3944527949903881,0.708502024291498,extra_trees,pooled,青椒,fold1_test2024,target_mean_price_next_90d,朝阳
244,0.573638852209947,0.7896746557873204,7.985731507292629,8.442459452463291,-0.15724815409831674,0.7909836065573771,extra_trees,pooled,青椒,fold2_test2025,target_mean_price_next_90d,朝阳
125,0.7680850979058641,0.943774748990758,11.879321642792355,12.25901848987795,-0.4025184246791754,0.768,extra_trees,pooled,青椒,fold3_test2026,target_mean_price_next_90d,朝阳
247,0.7653839489865084,0.9292363894904792,13.434380644259761,13.48821271544834,0.24247673256585556,0.8825910931174089,extra_trees,pooled,韭菜,fold1_test2024,target_mean_price_next_90d,朝阳
244,0.8910624872920199,1.1641352660868007,13.188343386578417,13.623524821353794,-0.2631101123269375,0.8811475409836066,extra_trees,pooled,韭菜,fold2_test2025,target_mean_price_next_90d,朝阳
125,0.4774946104178125,0.5738485208200942,8.993520676602373,9.598437804936943,0.32000720492462265,0.936,extra_trees,pooled,韭菜,fold3_test2026,target_mean_price_next_90d,朝阳
247,1.6375308523481578,1.9168192710460483,26.557040469167898,27.79391072494437,0.22744694063608986,0.6963562753036437,extra_trees,pooled,黄瓜,fold1_test2024,target_mean_price_next_90d,朝阳
244,0.991538106129662,1.2049545816508163,14.18026148360663,14.824966413427966,-0.2932181930367054,0.9098360655737705,extra_trees,pooled,黄瓜,fold2_test2025,target_mean_price_next_90d,朝阳
125,0.6088054300964735,0.6805152695215478,12.435861294648728,11.946343788565885,0.5065964491349338,0.92,extra_trees,pooled,黄瓜,fold3_test2026,target_mean_price_next_90d,朝阳
247,0.40002939590844017,0.5330436983594397,13.144109240728735,13.71703606847698,0.3499269735622214,0.6923076923076923,extra_trees_tuned,pooled,土豆,fold1_test2024,target_mean_price_next_90d,朝阳
244,0.15057004075970956,0.18189062915296486,5.147433293411159,5.18229985162668,0.11250760775167302,0.9057377049180327,extra_trees_tuned,pooled,土豆,fold2_test2025,target_mean_price_next_90d,朝阳
125,0.11299664695404688,0.1410146437948112,3.859044683077993,3.5906992809904636,-0.051011947525688724,0.936,extra_trees_tuned,pooled,土豆,fold3_test2026,target_mean_price_next_90d,朝阳
247,1.5983408199468458,1.9345566967629297,15.158736549934511,14.724187505134545,-0.23831029774879084,0.9352226720647774,extra_trees_tuned,pooled,芸豆,fold1_test2024,target_mean_price_next_90d,朝阳
244,1.1312613600328882,1.3886721178272856,10.509354362195932,10.606983989199605,0.1723451177075186,0.7950819672131147,extra_trees_tuned,pooled,芸豆,fold2_test2025,target_mean_price_next_90d,朝阳
125,0.744789058558553,0.9005535021959482,9.445360929673493,8.006459668476591,0.26719471239556675,0.76,extra_trees_tuned,pooled,芸豆,fold3_test2026,target_mean_price_next_90d,朝阳
247,1.4676658785262455,1.8492187302086278,26.98347089539302,27.243741618852447,-0.08097655179920488,0.6558704453441295,extra_trees_tuned,pooled,芹菜,fold1_test2024,target_mean_price_next_90d,朝阳
244,0.8467629688709339,0.9876677461969272,18.719889888042744,18.971530415435435,0.8002339885685541,0.6434426229508197,extra_trees_tuned,pooled,芹菜,fold2_test2025,target_mean_price_next_90d,朝阳
125,0.4402863603089743,0.5545334329780617,10.135741545049456,10.530185359407096,0.2566378529751999,0.768,extra_trees_tuned,pooled,芹菜,fold3_test2026,target_mean_price_next_90d,朝阳
247,1.1071003764964906,1.3898490016721314,20.086316301986994,20.10995048499665,0.23151913045969907,0.708502024291498,extra_trees_tuned,pooled,茄子,fold1_test2024,target_mean_price_next_90d,朝阳
244,1.3941092211121333,1.5959894656259257,26.644305241514655,25.726552245450463,0.24107305491615064,0.6188524590163934,extra_trees_tuned,pooled,茄子,fold2_test2025,target_mean_price_next_90d,朝阳
125,0.4816536519585009,0.6389155268875052,10.006656208074109,9.599637059818514,0.39094019320898693,0.896,extra_trees_tuned,pooled,茄子,fold3_test2026,target_mean_price_next_90d,朝阳
247,1.2923160453458533,1.7290568519755072,19.174717206628316,18.845344283259998,-0.534563857823421,0.805668016194332,extra_trees_tuned,pooled,西红柿,fold1_test2024,target_mean_price_next_90d,朝阳
244,1.1597988334013798,1.716118483188178,14.005734552820496,14.246098270299024,-1.0943525783340695,0.6844262295081968,extra_trees_tuned,pooled,西红柿,fold2_test2025,target_mean_price_next_90d,朝阳
125,0.37266374764854127,0.4860124290860256,5.808616331513485,5.561305026254755,0.16996261327114673,0.872,extra_trees_tuned,pooled,西红柿,fold3_test2026,target_mean_price_next_90d,朝阳
247,1.452976824776433,1.6855769593776413,22.159191313106476,21.56560382080994,-0.37797447915831245,0.708502024291498,extra_trees_tuned,pooled,青椒,fold1_test2024,target_mean_price_next_90d,朝阳
244,0.5706298013099249,0.803366039842283,7.970448681999802,8.398174114892505,-0.18998797458445876,0.7950819672131147,extra_trees_tuned,pooled,青椒,fold2_test2025,target_mean_price_next_90d,朝阳
125,0.7466903331830066,0.9331761938671749,11.418517604053825,11.917547451005845,-0.39296882561050644,0.776,extra_trees_tuned,pooled,青椒,fold3_test2026,target_mean_price_next_90d,朝阳
247,0.7910700507240052,0.9419738451234474,13.807435960875972,13.94087389879922,0.24692185814630685,0.8744939271255061,extra_trees_tuned,pooled,韭菜,fold1_test2024,target_mean_price_next_90d,朝阳
244,0.8580375914747647,1.1320224764748807,12.69606515557947,13.11860457804256,-0.23242919291150954,0.8852459016393442,extra_trees_tuned,pooled,韭菜,fold2_test2025,target_mean_price_next_90d,朝阳
125,0.5066985910066285,0.6011414851720068,9.541536327975281,10.185486507105665,0.3102842788325898,0.944,extra_trees_tuned,pooled,韭菜,fold3_test2026,target_mean_price_next_90d,朝阳
247,1.6053274730866252,1.8754121090315594,26.153023093751294,27.247320810651708,0.23068910817075533,0.6963562753036437,extra_trees_tuned,pooled,黄瓜,fold1_test2024,target_mean_price_next_90d,朝阳
244,0.9125903892175757,1.137607089034079,12.952813263331581,13.644580864548772,-0.29972671671502277,0.9180327868852459,extra_trees_tuned,pooled,黄瓜,fold2_test2025,target_mean_price_next_90d,朝阳
125,0.5411008737811236,0.5955915575289786,11.061637270133087,10.617804544644686,0.4400093311316018,0.912,extra_trees_tuned,pooled,黄瓜,fold3_test2026,target_mean_price_next_90d,朝阳
247,0.37211021694413654,0.47925772747843826,12.2687048577132,12.759685461814884,-0.01467672518050388,0.0,baseline_last_value,baseline,土豆,fold1_test2024,target_mean_price_next_90d,朝阳
244,0.2626795745813481,0.3646983469853997,9.145461645610178,9.040871035896938,0.0055980193902315034,0.0,baseline_last_value,baseline,土豆,fold2_test2025,target_mean_price_next_90d,朝阳
125,0.24898591434844192,0.3270324942837092,7.70064666627675,7.912036044673842,0.09947406408932914,0.0,baseline_last_value,baseline,土豆,fold3_test2026,target_mean_price_next_90d,朝阳
247,3.3089970254488335,3.9586597660036995,30.247937296819654,30.48304344642927,0.2828511254277309,0.0,baseline_last_value,baseline,芸豆,fold1_test2024,target_mean_price_next_90d,朝阳
244,1.8694365850473857,2.4600973408366404,18.33272959128452,17.52829595969329,-0.26443032904521974,0.0,baseline_last_value,baseline,芸豆,fold2_test2025,target_mean_price_next_90d,朝阳
125,2.2311221791184837,2.9386827806813205,21.388656373402874,23.984495391390578,2.143248031739031,0.0,baseline_last_value,baseline,芸豆,fold3_test2026,target_mean_price_next_90d,朝阳
247,1.3842421028953964,1.7568972744605078,24.920398403478753,25.69517677081075,0.13429041474143058,0.0,baseline_last_value,baseline,芹菜,fold1_test2024,target_mean_price_next_90d,朝阳
244,0.6288698180099616,0.7732106822015141,15.034819538097643,14.089684266228025,-0.17440063598560382,0.0,baseline_last_value,baseline,芹菜,fold2_test2025,target_mean_price_next_90d,朝阳
125,0.6359619607797232,0.9036178470524134,13.157210448125051,15.210094911509279,0.4620166183072329,0.0,baseline_last_value,baseline,芹菜,fold3_test2026,target_mean_price_next_90d,朝阳
247,1.1765404830675334,1.4382543506899517,21.248564258364336,21.371296912531704,0.2826175408449046,0.0,baseline_last_value,baseline,茄子,fold1_test2024,target_mean_price_next_90d,朝阳
244,1.3918794927059932,1.7803887725979555,27.411126975435803,25.685405380151078,-0.4271475694907947,0.0,baseline_last_value,baseline,茄子,fold2_test2025,target_mean_price_next_90d,朝阳
125,1.4171178594837022,1.6482924716489236,23.69604037762322,28.243982095255728,1.4153847690161856,0.0,baseline_last_value,baseline,茄子,fold3_test2026,target_mean_price_next_90d,朝阳
247,1.8760711198596993,2.2068462910022135,26.93648808716284,27.358018404991103,0.2927206770451377,0.0,baseline_last_value,baseline,西红柿,fold1_test2024,target_mean_price_next_90d,朝阳
244,1.3020955398818888,1.4937205270381309,16.37938544519677,15.993964198147967,-0.6255945086810716,0.0,baseline_last_value,baseline,西红柿,fold2_test2025,target_mean_price_next_90d,朝阳
125,1.701568583955796,2.1950631406834,20.092586729042612,25.392708515868417,1.6997874518803242,0.0,baseline_last_value,baseline,西红柿,fold3_test2026,target_mean_price_next_90d,朝阳
247,2.2154094517957397,2.7865442773801234,30.57766110255165,32.881902672918386,0.34997597509199374,0.0,baseline_last_value,baseline,青椒,fold1_test2024,target_mean_price_next_90d,朝阳
244,1.3196735769852854,1.5739412599955651,19.984449950047015,19.422134015615534,-0.3016560764716765,0.0,baseline_last_value,baseline,青椒,fold2_test2025,target_mean_price_next_90d,朝阳
125,1.3920019654648663,1.8361317627383567,19.122435736430194,22.217040636650477,1.3137302273582663,0.0,baseline_last_value,baseline,青椒,fold3_test2026,target_mean_price_next_90d,朝阳
247,1.2960987016205359,1.7402292376189186,23.460408097516385,22.84089575019603,0.052255356238413056,0.0,baseline_last_value,baseline,韭菜,fold1_test2024,target_mean_price_next_90d,朝阳
244,1.6632897938426812,2.105426411043397,24.67311123108922,25.430169168477285,-0.1332392669095436,0.0,baseline_last_value,baseline,韭菜,fold2_test2025,target_mean_price_next_90d,朝阳
125,1.3115614249030254,1.6139212763337254,23.022986362150522,26.364571431017236,0.7732882800135072,0.0,baseline_last_value,baseline,韭菜,fold3_test2026,target_mean_price_next_90d,朝阳
247,1.8002889936005584,2.259402576195487,29.389451716639016,30.556414552728935,0.15851317191075381,0.0,baseline_last_value,baseline,黄瓜,fold1_test2024,target_mean_price_next_90d,朝阳
244,1.293668719508336,1.6636399223957083,19.831677249224526,19.342267531879898,-0.3046926163165889,0.0,baseline_last_value,baseline,黄瓜,fold2_test2025,target_mean_price_next_90d,朝阳
125,1.570771387596864,1.9848104080830884,27.39181542538025,30.822614388477525,0.9606346721682758,0.0,baseline_last_value,baseline,黄瓜,fold3_test2026,target_mean_price_next_90d,朝阳
247,0.8621687674832498,1.0998174533808325,26.209724964296267,29.563827562784763,0.7675090588724691,0.728744939271255,baseline_previous_year_same_period,baseline,土豆,fold1_test2024,target_mean_price_next_90d,朝阳
244,0.5366138393302836,0.6115797018442718,18.409729962750912,18.46910451714695,-0.01840208001845924,0.4057377049180328,baseline_previous_year_same_period,baseline,土豆,fold2_test2025,target_mean_price_next_90d,朝阳
125,0.3324468077998174,0.3840377935654576,10.600914455404325,10.564176423923765,0.09901807929589322,0.536,baseline_previous_year_same_period,baseline,土豆,fold3_test2026,target_mean_price_next_90d,朝阳
247,4.621681272845139,5.30778265592414,41.93608920929313,42.575714016115654,0.4732888436495457,0.4939271255060729,baseline_previous_year_same_period,baseline,芸豆,fold1_test2024,target_mean_price_next_90d,朝阳
244,3.6297010998399473,4.311860867980904,32.43448661328628,34.03296781078357,0.4788872566835834,0.48360655737704916,baseline_previous_year_same_period,baseline,芸豆,fold2_test2025,target_mean_price_next_90d,朝阳
125,3.494264135576526,4.012281086284073,35.387519479137644,37.56323290602991,2.4924039941185496,0.552,baseline_previous_year_same_period,baseline,芸豆,fold3_test2026,target_mean_price_next_90d,朝阳
247,1.7734275421543406,1.9192889000495659,38.02781816910944,32.919482863991256,-1.7734275421543406,0.7651821862348178,baseline_previous_year_same_period,baseline,芹菜,fold1_test2024,target_mean_price_next_90d,朝阳
244,1.2163849143647383,1.5205068120435934,25.364509245068678,27.252825463680463,0.9309302389880151,0.6311475409836066,baseline_previous_year_same_period,baseline,芹菜,fold2_test2025,target_mean_price_next_90d,朝阳
125,0.3623624395537842,0.39977339125745764,9.100238075722213,8.666504347558188,-0.04103006379850763,0.696,baseline_previous_year_same_period,baseline,芹菜,fold3_test2026,target_mean_price_next_90d,朝阳
247,2.0885695461514464,2.2634215659990624,42.22557443739513,37.93786999738289,-0.49552502958652844,0.5587044534412956,baseline_previous_year_same_period,baseline,茄子,fold1_test2024,target_mean_price_next_90d,朝阳
244,2.253946773586856,2.550744316500572,39.984019583658394,41.593785157585366,0.2825854816610787,0.48770491803278687,baseline_previous_year_same_period,baseline,茄子,fold2_test2025,target_mean_price_next_90d,朝阳
125,1.11892575777344,1.2238124184016599,22.135289023365285,22.30084029848255,0.4618924820763434,0.576,baseline_previous_year_same_period,baseline,茄子,fold3_test2026,target_mean_price_next_90d,朝阳
247,2.256536486202239,2.5205275794811386,34.40130968663652,32.90619746103845,-0.5267989176949216,0.5748987854251012,baseline_previous_year_same_period,baseline,西红柿,fold1_test2024,target_mean_price_next_90d,朝阳
244,2.305969646318582,2.5391533793211982,30.378923438048382,28.32480016679944,-1.1077066145093974,0.21721311475409835,baseline_previous_year_same_period,baseline,西红柿,fold2_test2025,target_mean_price_next_90d,朝阳
125,1.3088396743826611,1.427647826673567,19.109098882475767,19.531968713443547,0.403961460114364,0.464,baseline_previous_year_same_period,baseline,西红柿,fold3_test2026,target_mean_price_next_90d,朝阳
247,2.8565072074230806,3.0961120788425,46.13812502545628,42.397305790512505,-1.006262425704779,0.43724696356275305,baseline_previous_year_same_period,baseline,青椒,fold1_test2024,target_mean_price_next_90d,朝阳
244,2.3035601061353543,2.8752310112212904,34.078193509365924,33.902363337903864,0.13649844864841543,0.5614754098360656,baseline_previous_year_same_period,baseline,青椒,fold2_test2025,target_mean_price_next_90d,朝阳
125,1.2345464312927854,1.467887639085437,18.79345965187887,19.7039723451137,0.13619645666443467,0.68,baseline_previous_year_same_period,baseline,青椒,fold3_test2026,target_mean_price_next_90d,朝阳
247,2.5602844070672455,2.9555029538609574,43.77424010210906,45.119394965489754,0.053510716714128645,0.4534412955465587,baseline_previous_year_same_period,baseline,韭菜,fold1_test2024,target_mean_price_next_90d,朝阳
244,2.023304371593741,2.334232869013577,32.675115251097466,30.934460512787243,-0.799532832188643,0.5532786885245902,baseline_previous_year_same_period,baseline,韭菜,fold2_test2025,target_mean_price_next_90d,朝阳
125,1.765995864832308,2.124455276026311,29.734418542955616,35.499461360488695,1.6996854929821004,0.592,baseline_previous_year_same_period,baseline,韭菜,fold3_test2026,target_mean_price_next_90d,朝阳
247,2.155614443481563,2.5648678366448245,37.05633513784057,36.58737501868393,-0.13554017102343957,0.659919028340081,baseline_previous_year_same_period,baseline,黄瓜,fold1_test2024,target_mean_price_next_90d,朝阳
244,2.006173312699413,2.1846357777767498,31.43736246825336,29.995268761153465,-0.4385269420163916,0.5819672131147541,baseline_previous_year_same_period,baseline,黄瓜,fold2_test2025,target_mean_price_next_90d,朝阳
125,1.2445924705377491,1.4731158282989874,23.27787256423394,24.422136851421346,0.47891552136652793,0.752,baseline_previous_year_same_period,baseline,黄瓜,fold3_test2026,target_mean_price_next_90d,朝阳
247,0.45738839559354505,0.5755560999168515,15.135777857544685,15.683880194383237,-0.021505335167008637,0.5020242914979757,baseline_rolling_mean_30,baseline,土豆,fold1_test2024,target_mean_price_next_90d,朝阳
244,0.3592382955209266,0.4454615569075869,12.449323626955339,12.36421638848941,0.0030570357836740784,0.4918032786885246,baseline_rolling_mean_30,baseline,土豆,fold2_test2025,target_mean_price_next_90d,朝阳
125,0.2935487373064048,0.36260489772136,9.231612256859014,9.328110774919029,0.12040739742266247,0.512,baseline_rolling_mean_30,baseline,土豆,fold3_test2026,target_mean_price_next_90d,朝阳
247,3.7380909610013364,4.516617186284727,34.26351440469381,34.43592976800947,0.42662980289061886,0.4979757085020243,baseline_rolling_mean_30,baseline,芸豆,fold1_test2024,target_mean_price_next_90d,朝阳
244,2.544115109446873,3.047045710112387,24.43196726240814,23.854247290651973,-0.4864658481709027,0.4385245901639344,baseline_rolling_mean_30,baseline,芸豆,fold2_test2025,target_mean_price_next_90d,朝阳
125,3.061648031739031,3.7551659651176017,30.04896397283245,32.91262298164139,3.061648031739031,0.44,baseline_rolling_mean_30,baseline,芸豆,fold3_test2026,target_mean_price_next_90d,朝阳
247,1.7549916370341416,2.072196944538474,32.03529310763271,32.577263941446894,0.06012037425560064,0.4939271255060729,baseline_rolling_mean_30,baseline,芹菜,fold1_test2024,target_mean_price_next_90d,朝阳
244,0.7805178193186159,0.8591626169435879,18.832939256214924,17.487323009338493,-0.24595801303478415,0.4385245901639344,baseline_rolling_mean_30,baseline,芹菜,fold2_test2025,target_mean_price_next_90d,朝阳
125,0.6856933133832057,0.986101639010178,14.254187001885473,16.39950346080253,0.6579099516405663,0.68,baseline_rolling_mean_30,baseline,芹菜,fold3_test2026,target_mean_price_next_90d,朝阳
247,1.4126878205773123,1.6602272799653464,25.067291020932377,25.660800705777408,0.2614299564994256,0.4817813765182186,baseline_rolling_mean_30,baseline,茄子,fold1_test2024,target_mean_price_next_90d,朝阳
244,1.7655738061186779,2.229053085532593,35.273284529771345,32.58146928407521,-0.6606858208569152,0.38114754098360654,baseline_rolling_mean_30,baseline,茄子,fold2_test2025,target_mean_price_next_90d,朝阳
125,2.046851435682852,2.1670390987169386,33.75833889955235,40.79493805980068,2.046851435682852,0.216,baseline_rolling_mean_30,baseline,茄子,fold3_test2026,target_mean_price_next_90d,朝阳
247,2.1988301709257323,2.530245811070146,31.54799597231871,32.06468861912582,0.29303106840816073,0.4008097165991903,baseline_rolling_mean_30,baseline,西红柿,fold1_test2024,target_mean_price_next_90d,朝阳
244,1.5723595022864811,1.8159686396667993,19.995936345802534,19.313683839565954,-0.9652939622329842,0.3770491803278688,baseline_rolling_mean_30,baseline,西红柿,fold2_test2025,target_mean_price_next_90d,朝阳
125,2.4623474518803237,2.8286264517623256,29.519580151722757,36.74590122311091,2.4623474518803237,0.224,baseline_rolling_mean_30,baseline,西红柿,fold3_test2026,target_mean_price_next_90d,朝阳
247,2.713442242561086,3.224593622303034,38.32808977911809,40.27388420508797,0.2815954082903742,0.4291497975708502,baseline_rolling_mean_30,baseline,青椒,fold1_test2024,target_mean_price_next_90d,朝阳
244,1.5217059724390996,1.73891280999051,23.918128427434617,22.39552101709186,-0.39802219669025585,0.5040983606557377,baseline_rolling_mean_30,baseline,青椒,fold2_test2025,target_mean_price_next_90d,朝阳
125,1.9045971132430553,2.2457536076896556,26.733148410908075,30.398313013327538,1.5925035606915994,0.384,baseline_rolling_mean_30,baseline,青椒,fold3_test2026,target_mean_price_next_90d,朝阳
247,1.666028657073866,2.0620270778404675,30.205694898405746,29.360099524429867,0.0876264763463752,0.42105263157894735,baseline_rolling_mean_30,baseline,韭菜,fold1_test2024,target_mean_price_next_90d,朝阳
244,1.8947807243446457,2.2552611569825447,28.57116456209276,28.96945230808751,-0.22670921226473473,0.5983606557377049,baseline_rolling_mean_30,baseline,韭菜,fold2_test2025,target_mean_price_next_90d,朝阳
125,1.7889675086252137,2.0737040239563345,30.05844144943835,35.961229701769945,1.3000082800135069,0.384,baseline_rolling_mean_30,baseline,韭菜,fold3_test2026,target_mean_price_next_90d,朝阳
247,1.939778984664661,2.312603214176139,32.38942453590192,32.92398665257641,0.2724672879701331,0.5344129554655871,baseline_rolling_mean_30,baseline,黄瓜,fold1_test2024,target_mean_price_next_90d,朝阳
244,1.4453941696195929,1.6656209094709566,23.023196287047192,21.610788215105643,-0.5167827802510152,0.569672131147541,baseline_rolling_mean_30,baseline,黄瓜,fold2_test2025,target_mean_price_next_90d,朝阳
125,2.002593708091787,2.3774774383177664,33.656052968713624,39.29608988850906,1.5665813388349425,0.52,baseline_rolling_mean_30,baseline,黄瓜,fold3_test2026,target_mean_price_next_90d,朝阳
247,0.3928264709005007,0.5006074701833838,12.923581864207451,13.470047264296564,-0.01866747127651317,0.3481781376518219,baseline_rolling_mean_7,baseline,土豆,fold1_test2024,target_mean_price_next_90d,朝阳
244,0.2743136306061733,0.3803104240383682,9.566130967251388,9.441290445409388,0.00840832383988019,0.4057377049180328,baseline_rolling_mean_7,baseline,土豆,fold2_test2025,target_mean_price_next_90d,朝阳
125,0.2575776762991238,0.33686640448131855,7.983709800275289,8.185056831487993,0.1094169212321863,0.36,baseline_rolling_mean_7,baseline,土豆,fold3_test2026,target_mean_price_next_90d,朝阳
247,3.4929840560388397,4.130803671139588,31.91163285452448,32.177963267728884,0.3058123747047697,0.39271255060728744,baseline_rolling_mean_7,baseline,芸豆,fold1_test2024,target_mean_price_next_90d,朝阳
244,2.000042361488605,2.5896625470368835,19.405608871925256,18.752887754792454,-0.30254508314358053,0.47540983606557374,baseline_rolling_mean_7,baseline,芸豆,fold2_test2025,target_mean_price_next_90d,朝阳
125,2.353878375923149,3.1220086615713702,22.570999950222287,25.30412076380717,2.334333746024746,0.48,baseline_rolling_mean_7,baseline,芸豆,fold3_test2026,target_mean_price_next_90d,朝阳
247,1.4882153252830572,1.859528011780261,26.82928430072713,27.625193437038142,0.12145062295427035,0.4574898785425101,baseline_rolling_mean_7,baseline,芹菜,fold1_test2024,target_mean_price_next_90d,朝阳
244,0.6515774190648194,0.7744838893802674,15.627775941239019,14.598442867998521,-0.1836512214656975,0.4180327868852459,baseline_rolling_mean_7,baseline,芹菜,fold2_test2025,target_mean_price_next_90d,朝阳
125,0.6424141345204516,0.9300202435047493,13.243218064337375,15.364409447651825,0.48555947545009,0.608,baseline_rolling_mean_7,baseline,芹菜,fold3_test2026,target_mean_price_next_90d,朝阳
247,1.2553655472767367,1.497756899914623,22.56544304202887,22.803116620912757,0.2796678589478543,0.4493927125506073,baseline_rolling_mean_7,baseline,茄子,fold1_test2024,target_mean_price_next_90d,朝阳
244,1.4741100674992487,1.8734140397460137,29.19998197307044,27.20286839277249,-0.48136302616526805,0.39344262295081966,baseline_rolling_mean_7,baseline,茄子,fold2_test2025,target_mean_price_next_90d,朝阳
125,1.5761847690161856,1.779934615878639,26.275652154857653,31.41427799881588,1.5761847690161856,0.36,baseline_rolling_mean_7,baseline,茄子,fold3_test2026,target_mean_price_next_90d,朝阳
247,1.9643276692733604,2.2952905132139003,28.177888420117547,28.645029477044982,0.3140046562238538,0.41700404858299595,baseline_rolling_mean_7,baseline,西红柿,fold1_test2024,target_mean_price_next_90d,朝阳
244,1.3887191826316851,1.5788274207315274,17.544473045937252,17.057984001932162,-0.7090839700393854,0.38524590163934425,baseline_rolling_mean_7,baseline,西红柿,fold2_test2025,target_mean_price_next_90d,朝阳
125,1.861158880451753,2.3394405781683236,22.007365726378346,27.774293318910438,1.861158880451753,0.304,baseline_rolling_mean_7,baseline,西红柿,fold3_test2026,target_mean_price_next_90d,朝阳
247,2.34050518018012,2.915214390003823,32.417428994496994,34.73861839749872,0.35072785479124174,0.3724696356275304,baseline_rolling_mean_7,baseline,青椒,fold1_test2024,target_mean_price_next_90d,朝阳
244,1.3941922639151385,1.6390082842225169,21.219106465991437,20.51885365103144,-0.3231431959096156,0.4426229508196721,baseline_rolling_mean_7,baseline,青椒,fold2_test2025,target_mean_price_next_90d,朝阳
125,1.465733687419896,1.9267982700770143,20.15072093939928,23.393835428271377,1.3804730845011242,0.416,baseline_rolling_mean_7,baseline,青椒,fold3_test2026,target_mean_price_next_90d,朝阳
247,1.3900185810914885,1.827380786570438,25.13014724020046,24.496027549328918,0.07700954941365887,0.4898785425101215,baseline_rolling_mean_7,baseline,韭菜,fold1_test2024,target_mean_price_next_90d,朝阳
244,1.7311460065472724,2.1631874244933686,25.634859145664734,26.467628169667513,-0.14816900929830223,0.45901639344262296,baseline_rolling_mean_7,baseline,韭菜,fold2_test2025,target_mean_price_next_90d,朝阳
125,1.4098148920733513,1.7060448880909143,24.56489757000134,28.33962994095221,0.862202565727793,0.512,baseline_rolling_mean_7,baseline,韭菜,fold3_test2026,target_mean_price_next_90d,朝阳
247,1.842888606052213,2.2899129730820476,30.286776426844032,31.279460365087637,0.191885063177382,0.5020242914979757,baseline_rolling_mean_7,baseline,黄瓜,fold1_test2024,target_mean_price_next_90d,朝阳
244,1.3533196923366573,1.6786470066624708,20.881528964989922,20.234138114806868,-0.33911884582478563,0.5040983606557377,baseline_rolling_mean_7,baseline,黄瓜,fold2_test2025,target_mean_price_next_90d,朝阳
125,1.5891913535077564,2.0542584114442923,27.608608362405736,31.184061961818514,1.060406100739704,0.536,baseline_rolling_mean_7,baseline,黄瓜,fold3_test2026,target_mean_price_next_90d,朝阳
227,0.43637532304202853,0.5496966552895741,14.30971521503743,15.268481324650256,0.19881426459183923,0.5462555066079295,baseline_seasonal_median,baseline,土豆,fold1_test2024,target_mean_price_next_90d,朝阳
244,0.349125879975785,0.47255587493439316,11.628599336163756,12.016168600796988,0.021991462013182368,0.319672131147541,baseline_seasonal_median,baseline,土豆,fold2_test2025,target_mean_price_next_90d,朝阳
125,0.2641560356638191,0.40730987782387007,7.976138853054325,8.394097638252058,0.2218740640893291,0.544,baseline_seasonal_median,baseline,土豆,fold3_test2026,target_mean_price_next_90d,朝阳
227,3.0058948617909977,3.5745297778985066,31.40331097066645,28.440698903307077,-0.5401362139869472,0.6651982378854625,baseline_seasonal_median,baseline,芸豆,fold1_test2024,target_mean_price_next_90d,朝阳
244,3.1938632250533865,4.009938377188142,29.11899697327024,29.94644499379861,-0.1638155749468594,0.39344262295081966,baseline_seasonal_median,baseline,芸豆,fold2_test2025,target_mean_price_next_90d,朝阳
125,3.5541567668892755,4.382716938493452,30.89719593995216,38.20707686632188,3.4368480317390318,0.352,baseline_seasonal_median,baseline,芸豆,fold3_test2026,target_mean_price_next_90d,朝阳
227,1.7770151157929954,2.073051989263339,38.088204191369925,33.230766084816906,-1.7770151157929954,0.6079295154185022,baseline_seasonal_median,baseline,芹菜,fold1_test2024,target_mean_price_next_90d,朝阳
244,1.059105144441551,1.2715540022943277,23.642948927458505,23.729008234392488,-0.24509735729707927,0.45491803278688525,baseline_seasonal_median,baseline,芹菜,fold2_test2025,target_mean_price_next_90d,朝阳
125,0.3515064193355404,0.4692395449811912,8.33098767631964,8.406864450734322,-0.21318338169276713,0.744,baseline_seasonal_median,baseline,芹菜,fold3_test2026,target_mean_price_next_90d,朝阳
227,1.33209844112202,1.544679302737811,28.062943391116608,24.57506882205279,-0.6064308989741156,0.6696035242290749,baseline_seasonal_median,baseline,茄子,fold1_test2024,target_mean_price_next_90d,朝阳
244,2.1066489652346445,2.3821455202892947,37.090199905113984,38.87558725398746,-0.09681970063833617,0.36885245901639346,baseline_seasonal_median,baseline,茄子,fold2_test2025,target_mean_price_next_90d,朝阳
125,1.0534526935444875,1.211396168859498,18.96554262326972,20.995924097315072,1.0521847690161856,0.512,baseline_seasonal_median,baseline,茄子,fold3_test2026,target_mean_price_next_90d,朝阳
227,2.09968782985041,2.4582063507085685,31.61778797129949,30.670957056528003,-0.4273481762041123,0.5418502202643172,baseline_seasonal_median,baseline,西红柿,fold1_test2024,target_mean_price_next_90d,朝阳
244,2.6404749319892415,2.9702687560040117,34.716350744429036,32.43361200067845,-1.5723158201564815,0.26639344262295084,baseline_seasonal_median,baseline,西红柿,fold2_test2025,target_mean_price_next_90d,朝阳
125,0.8071516726183833,0.9068170670981522,11.88973348598455,12.045219536932109,0.40458745188032375,0.768,baseline_seasonal_median,baseline,西红柿,fold3_test2026,target_mean_price_next_90d,朝阳
227,1.928649590402881,2.160301441204447,32.34304105435585,28.958811022224406,-1.3331028086428787,0.4713656387665198,baseline_seasonal_median,baseline,青椒,fold1_test2024,target_mean_price_next_90d,朝阳
244,2.4978783933358506,2.962023358223432,36.46567822199961,36.762218897272234,-0.6520659125372504,0.27049180327868855,baseline_seasonal_median,baseline,青椒,fold2_test2025,target_mean_price_next_90d,朝阳
125,0.8998427387204642,1.2209336681648482,13.269426995504613,14.361935678784068,0.5777302273582665,0.76,baseline_seasonal_median,baseline,青椒,fold3_test2026,target_mean_price_next_90d,朝阳
227,1.456268220379298,1.6715126304815358,27.723757183908276,25.201857532356126,-0.5541871331599814,0.2907488986784141,baseline_seasonal_median,baseline,韭菜,fold1_test2024,target_mean_price_next_90d,朝阳
244,1.61442419631286,1.8587249528317225,26.94929467199102,24.683059184214606,-0.8848786111718387,0.5491803278688525,baseline_seasonal_median,baseline,韭菜,fold2_test2025,target_mean_price_next_90d,朝阳
125,1.4643046776715734,1.7833315422148426,26.34784530624843,29.434965483297365,0.5932882800135072,0.48,baseline_seasonal_median,baseline,韭菜,fold3_test2026,target_mean_price_next_90d,朝阳
227,1.7883258211157862,2.0746973027333286,31.779139147854146,30.182050217396082,-0.49319203538182754,0.6387665198237885,baseline_seasonal_median,baseline,黄瓜,fold1_test2024,target_mean_price_next_90d,朝阳
244,2.006625734797054,2.242958303730344,31.637882599213917,30.002033143037288,-0.8555122884477363,0.4098360655737705,baseline_seasonal_median,baseline,黄瓜,fold2_test2025,target_mean_price_next_90d,朝阳
125,0.9968954800591151,1.186142001401632,19.35603031460726,19.56167855494724,0.5342346721682756,0.744,baseline_seasonal_median,baseline,黄瓜,fold3_test2026,target_mean_price_next_90d,朝阳
